{"text": "The compact pitch range of 5 octaves results in a focused and impactful musical performance, enhanced by the powerful and memorable sound of the major key. With a duration of about 40 seconds, the song captivates listeners with its energetic beat, while piano, drum, guitar and bass add depth and texture to the composition. Following a 4/4 meter, the music maintains a medium tempo and fills the air with suspense.", "pred_labels": {"R1": [0, 0, 1], "R3": [0, 0, 1, 0], "S2s1": [0, 0, 0, 0, 0, 0, 0, 0, 0, 0, 0, 0, 0, 0, 0, 0, 0, 1], "B1s1": [0, 0, 0, 0, 1], "TS1s1": [1, 0, 0, 0, 0, 0, 0, 0], "K1": [1, 0, 0], "T1s1": [0, 1, 0, 0], "P4": [0, 0, 0, 0, 0, 1, 0, 0, 0, 0, 0, 0, 0], "EM1": [0, 1, 0, 0, 0], "TM1": [0, 0, 1, 0, 0, 0], "I1s2": [[1, 0, 0], [0, 0, 1], [0, 0, 1], [0, 0, 1], [1, 0, 0], [1, 0, 0], [0, 0, 1], [0, 0, 1], [0, 0, 1], [0, 0, 1], [0, 0, 1], [0, 0, 1], [0, 0, 1], [0, 0, 1], [0, 0, 1], [0, 0, 1], [0, 0, 1], [0, 0, 1], [0, 0, 1], [0, 0, 1], [0, 0, 1], [0, 0, 1], [0, 0, 1], [0, 0, 1], [0, 0, 1], [0, 0, 1], [0, 0, 1], [1, 0, 0]], "S4": [[0, 0, 1], [0, 0, 1], [0, 0, 1], [0, 0, 1], [0, 0, 1], [0, 0, 1], [0, 0, 1], [0, 0, 1], [0, 0, 1], [0, 0, 1], [0, 0, 1], [0, 0, 1], [0, 0, 1], [0, 0, 1], [0, 0, 1], [0, 0, 1], [0, 0, 1], [0, 0, 1], [0, 0, 1], [0, 0, 1], [0, 0, 1], [0, 0, 1]]}, "pred_probs": {"R1": [4.427874955581501e-06, 3.977476353611564e-06, 0.9999915361404419], "R3": [5.730405518988846e-07, 1.4308434401755221e-06, 0.9999974966049194, 4.1776749526434287e-07], "S2s1": [2.4644152745167958e-06, 2.438874616927933e-06, 4.510098278842634e-06, 3.2368402571592014e-06, 4.062878360855393e-06, 4.006031758763129e-06, 3.363233645359287e-06, 3.0440262435149634e-06, 2.6483075998839922e-06, 3.067599436690216e-06, 4.980216999683762e-06, 5.061650426796405e-06, 3.6415617614693474e-06, 1.382183654641267e-06, 4.446651018952252e-06, 1.0258345355396159e-05, 1.868559365902911e-06, 0.9999352693557739], "B1s1": [6.120696070865961e-06, 5.367803623812506e-06, 9.273379873775411e-06, 2.1700343495467678e-06, 0.9999771118164062], "TS1s1": [0.9999973773956299, 3.8827587900414073e-07, 8.318747859448195e-07, 1.416906485474101e-07, 3.090198390509613e-07, 1.6178277917333617e-07, 3.4938582871291146e-07, 4.5494510914068087e-07], "K1": [0.9999996423721313, 1.1741799710307532e-07, 2.119994064742059e-07], "T1s1": [7.575155223094043e-07, 0.9999970197677612, 8.969009854808974e-07, 1.3004585071030306e-06], "P4": [1.0645231185435478e-07, 2.486389405476075e-07, 2.5346508891743724e-07, 3.2895675872168795e-07, 7.511014388228432e-08, 0.9999980926513672, 1.4922228785962943e-07, 1.1165153779302273e-07, 7.922657374592745e-08, 1.2237300950346253e-07, 2.472068558745377e-07, 1.0363845603933441e-07, 9.035628067977086e-08], "EM1": [1.6871572370291688e-05, 0.9999591112136841, 5.5926361710589845e-06, 8.957681529864203e-06, 9.47537409956567e-06], "TM1": [5.506037155100785e-07, 4.104738309251843e-07, 0.9999980926513672, 3.822102030426322e-07, 2.8040486199643055e-07, 3.0844327625345613e-07], "I1s2": [[0.9999938011169434, 2.7357043563824845e-06, 3.487825097181485e-06], [2.2407894562093134e-07, 2.708143256313633e-07, 0.9999995231628418], [3.7336639024942997e-07, 3.2562240903644124e-07, 0.9999992847442627], [5.205950515119184e-07, 2.5964993710658746e-06, 0.9999969005584717], [0.9999940395355225, 3.197207433913718e-06, 2.7195590064366115e-06], [0.9999935626983643, 3.1116076115722535e-06, 3.3898063520609867e-06], [3.9483651903537975e-07, 6.211508321030124e-07, 0.999998927116394], [2.3559920236948528e-07, 3.246376536480966e-07, 0.9999994039535522], [2.368814904230021e-07, 7.023709258646704e-07, 0.9999990463256836], [2.490106965069572e-07, 2.625931756483624e-07, 0.9999995231628418], [3.238867236632359e-07, 5.981188451187336e-07, 0.9999990463256836], [5.466345669447037e-07, 6.832867711636936e-07, 0.9999988079071045], [3.8790841472291504e-07, 1.163900037681742e-06, 0.9999984502792358], [1.2709026577795157e-06, 2.88427941086411e-06, 0.9999958276748657], [3.1060915262060007e-07, 3.694630379413866e-07, 0.9999992847442627], [2.2282314660060365e-07, 3.5500062267601606e-07, 0.9999994039535522], [5.224839583206631e-07, 8.723313840164337e-07, 0.9999985694885254], [3.063070437292481e-07, 2.590541328117979e-07, 0.9999994039535522], [5.076427669337136e-07, 9.362829018755292e-07, 0.9999985694885254], [1.3320345715328585e-07, 4.3545057337723847e-07, 0.9999994039535522], [2.1077160283766716e-07, 6.256855158426333e-07, 0.9999991655349731], [6.855791525595123e-07, 3.5297659906063927e-07, 0.999998927116394], [2.3662491344111913e-07, 1.0849912541743834e-06, 0.9999986886978149], [2.1603189281904633e-07, 2.049454934649475e-07, 0.9999995231628418], [1.441523863832117e-06, 1.9408359719363943e-07, 0.9999983310699463], [2.280302169310744e-07, 4.385666443340597e-07, 0.9999992847442627], [4.991184709979279e-07, 1.0243395536235766e-06, 0.9999984502792358], [0.9999936819076538, 2.700515551623539e-06, 3.5995628877572017e-06]], "S4": [[4.430529770615976e-06, 1.6306237284879899e-06, 0.9999939203262329], [5.274681029732164e-07, 5.773997600044822e-07, 0.999998927116394], [4.479100255139201e-07, 6.462847181865072e-07, 0.999998927116394], [4.5008999904894154e-07, 5.949097499069467e-07, 0.999998927116394], [7.805935524629604e-07, 8.825441000226419e-07, 0.9999983310699463], [6.142177539913973e-07, 1.1321535566821694e-06, 0.9999982118606567], [5.951213779553655e-07, 5.30807199083938e-07, 0.999998927116394], [5.430918577076227e-07, 5.022141635890875e-07, 0.999998927116394], [6.391492775037477e-07, 7.877896450736444e-07, 0.9999985694885254], [4.834649303120386e-07, 6.628733331126568e-07, 0.9999988079071045], [4.867058578383876e-07, 9.696708502815454e-07, 0.9999985694885254], [1.0686942459869897e-06, 8.140259524225257e-07, 0.9999980926513672], [6.881232366140466e-07, 1.4111818700257572e-06, 0.9999978542327881], [5.254185566627712e-07, 9.404271281709953e-07, 0.9999985694885254], [4.4829499756815494e-07, 7.747779022793111e-07, 0.9999988079071045], [1.031478745971981e-06, 7.138523869798519e-07, 0.9999982118606567], [7.305886811082019e-07, 9.186761076307448e-07, 0.9999983310699463], [2.095574274108003e-07, 5.47814238416322e-07, 0.9999992847442627], [8.004425353647093e-07, 1.0221348247796413e-06, 0.9999982118606567], [5.279596848595247e-07, 7.247112421282509e-07, 0.9999986886978149], [5.415813006948156e-07, 9.751626066645258e-07, 0.9999984502792358], [7.038253215796431e-07, 1.175877514469903e-06, 0.9999980926513672]]}, "infer_command_tokens": ["I1s2_0_0", "I1s2_1_2", "I1s2_2_2", "I1s2_3_2", "I1s2_4_0", "I1s2_5_0", "I1s2_6_2", "I1s2_7_2", "I1s2_8_2", "I1s2_9_2", "I1s2_10_2", "I1s2_11_2", "I1s2_12_2", "I1s2_13_2", "I1s2_14_2", "I1s2_15_2", "I1s2_16_2", "I1s2_17_2", "I1s2_18_2", "I1s2_19_2", "I1s2_20_2", "I1s2_21_2", "I1s2_22_2", "I1s2_23_2", "I1s2_24_2", "I1s2_25_2", "I1s2_26_2", "I1s2_27_0", "I4_28", "C1_4", "R1_2", "R3_2", "S2s1_17", "S4_0_2", "S4_1_2", "S4_2_2", "S4_3_2", "S4_4_2", "S4_5_2", "S4_6_2", "S4_7_2", "S4_8_2", "S4_9_2", "S4_10_2", "S4_11_2", "S4_12_2", "S4_13_2", "S4_14_2", "S4_15_2", "S4_16_2", "S4_17_2", "S4_18_2", "S4_19_2", "S4_20_2", "S4_21_2", "B1s1_4", "TS1s1_0", "K1_0", "T1s1_1", "P4_5", "ST1_14", "EM1_1", "TM1_2"]}