{"text": "The major key adds a unique flavor to this music, while the track is about 40 seconds in length. The rhythm in this song is very pronounced, and the 3/4 time signature is used in the music. Additionally, the grand piano, strings, drum and bass add to the musical composition, and the song's length is around about 14 bars.", "pred_labels": {"R1": [0, 0, 1], "R3": [0, 0, 1, 0], "S2s1": [0, 0, 0, 0, 0, 0, 0, 0, 0, 0, 0, 0, 0, 0, 0, 0, 0, 1], "B1s1": [0, 0, 0, 1, 0], "TS1s1": [0, 0, 1, 0, 0, 0, 0, 0], "K1": [1, 0, 0], "T1s1": [0, 0, 0, 1], "P4": [0, 0, 0, 0, 0, 0, 0, 0, 0, 0, 0, 0, 1], "EM1": [0, 0, 0, 0, 1], "TM1": [0, 0, 1, 0, 0, 0], "I1s2": [[1, 0, 0], [0, 0, 1], [0, 0, 1], [0, 0, 1], [0, 0, 1], [1, 0, 0], [0, 0, 1], [0, 0, 1], [0, 0, 1], [0, 0, 1], [1, 0, 0], [0, 0, 1], [0, 0, 1], [0, 0, 1], [0, 0, 1], [0, 0, 1], [0, 0, 1], [0, 0, 1], [0, 0, 1], [0, 0, 1], [0, 0, 1], [0, 0, 1], [0, 0, 1], [0, 0, 1], [0, 0, 1], [0, 0, 1], [0, 0, 1], [1, 0, 0]], "S4": [[0, 0, 1], [0, 0, 1], [0, 0, 1], [0, 0, 1], [0, 0, 1], [0, 0, 1], [0, 0, 1], [0, 0, 1], [0, 0, 1], [0, 0, 1], [0, 0, 1], [0, 0, 1], [0, 0, 1], [0, 0, 1], [0, 0, 1], [0, 0, 1], [0, 0, 1], [0, 0, 1], [0, 0, 1], [0, 0, 1], [0, 0, 1], [0, 0, 1]]}, "pred_probs": {"R1": [4.194991561234929e-06, 4.170889042143244e-06, 0.9999916553497314], "R3": [1.007358491733612e-06, 1.3116823538439348e-06, 0.9999970197677612, 7.166672730818391e-07], "S2s1": [2.3378584046440665e-06, 2.572051471361192e-06, 4.925082066620234e-06, 3.3267458547925344e-06, 3.6073929550184403e-06, 3.9998690226639155e-06, 3.2360430850530975e-06, 2.9783041100017726e-06, 2.81671350421675e-06, 2.6690345293900464e-06, 4.674894171330379e-06, 4.8605038500681985e-06, 3.828659373539267e-06, 1.3301406625032541e-06, 4.425429324328434e-06, 9.574985597282648e-06, 1.829039433687285e-06, 0.9999369382858276], "B1s1": [1.1352989304214134e-06, 9.536273068988521e-07, 8.393577104470751e-07, 0.999996542930603, 5.08639061536087e-07], "TS1s1": [2.83363192465913e-07, 3.470481146905513e-07, 0.9999978542327881, 2.485276979768969e-07, 4.837767164644902e-07, 3.5760356809078075e-07, 2.2163554547205422e-07, 2.4095876938190486e-07], "K1": [0.9999996423721313, 1.282287627191181e-07, 2.4814141852402827e-07], "T1s1": [2.5172962523356546e-06, 8.793314236754668e-07, 1.1582947081478778e-06, 0.9999954700469971], "P4": [4.3429486140666995e-07, 4.0735866946306487e-07, 3.9008727981126867e-07, 4.3059350218754844e-07, 7.525794103457883e-07, 2.5024201022461057e-07, 5.297057441566722e-07, 2.7062719709647354e-07, 4.534703919034655e-07, 4.815245233658061e-07, 2.953065632027574e-07, 4.066301357852353e-07, 0.9999949932098389], "EM1": [2.732865596044576e-06, 2.6102516130777076e-06, 5.407014668890042e-06, 1.0393984666734468e-05, 0.9999788999557495], "TM1": [6.261994371925539e-07, 4.2858735582740337e-07, 0.9999980926513672, 3.92334868593025e-07, 2.7676483682625985e-07, 2.9371381060627755e-07], "I1s2": [[0.9999945163726807, 2.7711155325960135e-06, 2.7701855742634507e-06], [1.915057481483018e-07, 2.766939530829404e-07, 0.9999995231628418], [4.000906130841031e-07, 3.306026314930932e-07, 0.9999992847442627], [5.186266207601875e-07, 2.771882691376959e-06, 0.9999966621398926], [6.168408503981482e-07, 1.4750719401490642e-06, 0.9999978542327881], [0.9999932050704956, 3.394479790586047e-06, 3.4731087907857727e-06], [5.884133997824392e-07, 7.283502441168821e-07, 0.9999986886978149], [2.4106438445414824e-07, 3.023714327810012e-07, 0.9999994039535522], [2.8107155003453954e-07, 5.688836495210126e-07, 0.9999991655349731], [2.3168506402271305e-07, 2.154044267399513e-07, 0.9999995231628418], [0.9999920129776001, 4.128006366954651e-06, 3.853200269077206e-06], [5.257580824036268e-07, 5.556174187404395e-07, 0.999998927116394], [4.294473967547674e-07, 1.5348186934716068e-06, 0.9999980926513672], [1.214561848428275e-06, 2.5856249976641266e-06, 0.9999961853027344], [2.927469040514552e-07, 3.8991302631075087e-07, 0.9999992847442627], [2.331401276478573e-07, 3.663376446638722e-07, 0.9999994039535522], [5.990711997583276e-07, 1.0995900083798915e-06, 0.9999983310699463], [2.8862831413789536e-07, 3.0545902518497314e-07, 0.9999994039535522], [5.070427846476377e-07, 9.207129210153653e-07, 0.9999985694885254], [1.3810883103815286e-07, 4.0836047787706775e-07, 0.9999994039535522], [2.0888340657165827e-07, 5.783936103398446e-07, 0.9999991655349731], [7.581652994304022e-07, 3.671415527151112e-07, 0.999998927116394], [2.0462296390633128e-07, 7.062310487526702e-07, 0.9999990463256836], [1.6590222173817892e-07, 1.4930166969406855e-07, 0.9999996423721313], [1.866163756858441e-06, 2.1282411921674793e-07, 0.9999979734420776], [2.2554344525360648e-07, 5.033234060647374e-07, 0.9999992847442627], [4.995527547180245e-07, 1.0640409300322062e-06, 0.9999984502792358], [0.9999939203262329, 2.5885797185765114e-06, 3.4478553061489947e-06]], "S4": [[5.027587576478254e-06, 1.8863289596993127e-06, 0.999993085861206], [5.290808076097164e-07, 5.82416419092624e-07, 0.999998927116394], [4.6967122102614667e-07, 6.332944053610845e-07, 0.999998927116394], [4.670849307331082e-07, 6.173823408062162e-07, 0.999998927116394], [8.945102081270306e-07, 9.604613069313928e-07, 0.9999980926513672], [5.595739480668271e-07, 9.817598538575112e-07, 0.9999984502792358], [6.153132403596828e-07, 5.428582880995236e-07, 0.9999988079071045], [5.613150051431148e-07, 5.224576966611494e-07, 0.999998927116394], [6.353498065436725e-07, 7.431236213051307e-07, 0.9999985694885254], [4.582228143590328e-07, 7.457377932951204e-07, 0.9999988079071045], [5.046480850978696e-07, 9.408038863512047e-07, 0.9999985694885254], [1.1464267117844429e-06, 8.195892746698519e-07, 0.9999980926513672], [6.502909855043981e-07, 1.3988735645398265e-06, 0.9999979734420776], [5.230143642620533e-07, 9.645528962209937e-07, 0.9999985694885254], [4.37598856706245e-07, 7.704336439928738e-07, 0.9999988079071045], [1.2712471288978122e-06, 9.302744956585229e-07, 0.9999978542327881], [9.095276709558675e-07, 1.1070369509980083e-06, 0.9999979734420776], [2.133602805542978e-07, 5.373389626583958e-07, 0.9999992847442627], [8.11123072708142e-07, 1.0151501328437007e-06, 0.9999982118606567], [5.055118776908785e-07, 7.069990601848986e-07, 0.9999988079071045], [5.326554060047783e-07, 9.319010132458061e-07, 0.9999985694885254], [7.415692948598007e-07, 1.1632182577159256e-06, 0.9999980926513672]]}, "infer_command_tokens": ["I1s2_0_0", "I1s2_1_2", "I1s2_2_2", "I1s2_3_2", "I1s2_4_2", "I1s2_5_0", "I1s2_6_2", "I1s2_7_2", "I1s2_8_2", "I1s2_9_2", "I1s2_10_0", "I1s2_11_2", "I1s2_12_2", "I1s2_13_2", "I1s2_14_2", "I1s2_15_2", "I1s2_16_2", "I1s2_17_2", "I1s2_18_2", "I1s2_19_2", "I1s2_20_2", "I1s2_21_2", "I1s2_22_2", "I1s2_23_2", "I1s2_24_2", "I1s2_25_2", "I1s2_26_2", "I1s2_27_0", "I4_28", "C1_4", "R1_2", "R3_2", "S2s1_17", "S4_0_2", "S4_1_2", "S4_2_2", "S4_3_2", "S4_4_2", "S4_5_2", "S4_6_2", "S4_7_2", "S4_8_2", "S4_9_2", "S4_10_2", "S4_11_2", "S4_12_2", "S4_13_2", "S4_14_2", "S4_15_2", "S4_16_2", "S4_17_2", "S4_18_2", "S4_19_2", "S4_20_2", "S4_21_2", "B1s1_3", "TS1s1_2", "K1_0", "T1s1_3", "P4_12", "ST1_14", "EM1_4", "TM1_2"]}