{"text": "This song has a defined style influenced by its rap and latin influences. It features an exceptionally energetic beat and has a meter of 4/4. The song's pitch range is within 2 octaves and it has a playtime of 31 ~ 45 seconds. This music is composed in the major key.", "pred_labels": {"R1": [0, 0, 1], "R3": [0, 0, 1, 0], "S2s1": [0, 0, 0, 0, 0, 0, 0, 0, 0, 0, 0, 0, 0, 0, 0, 0, 0, 1], "B1s1": [0, 0, 0, 0, 1], "TS1s1": [1, 0, 0, 0, 0, 0, 0, 0], "K1": [1, 0, 0], "T1s1": [0, 0, 0, 1], "P4": [0, 0, 1, 0, 0, 0, 0, 0, 0, 0, 0, 0, 0], "EM1": [0, 0, 0, 0, 1], "TM1": [0, 0, 1, 0, 0, 0], "I1s2": [[0, 0, 1], [0, 0, 1], [0, 0, 1], [0, 0, 1], [0, 0, 1], [0, 0, 1], [0, 0, 1], [0, 0, 1], [0, 0, 1], [0, 0, 1], [0, 0, 1], [0, 0, 1], [0, 0, 1], [0, 0, 1], [0, 0, 1], [0, 0, 1], [0, 0, 1], [0, 0, 1], [0, 0, 1], [0, 0, 1], [0, 0, 1], [0, 0, 1], [0, 0, 1], [0, 0, 1], [0, 0, 1], [0, 0, 1], [0, 0, 1], [0, 0, 1]], "S4": [[0, 0, 1], [0, 0, 1], [1, 0, 0], [0, 0, 1], [0, 0, 1], [0, 0, 1], [0, 0, 1], [0, 0, 1], [1, 0, 0], [0, 0, 1], [0, 0, 1], [0, 0, 1], [0, 0, 1], [0, 0, 1], [0, 0, 1], [0, 0, 1], [0, 0, 1], [0, 0, 1], [0, 0, 1], [0, 0, 1], [0, 0, 1], [0, 0, 1]]}, "pred_probs": {"R1": [4.372493549453793e-06, 4.755475856654812e-06, 0.9999908208847046], "R3": [8.202273988899833e-07, 1.4291410934674786e-06, 0.9999971389770508, 6.072186806704849e-07], "S2s1": [2.610815045045456e-06, 2.6783700377563946e-06, 4.034953235532157e-06, 3.276538336649537e-06, 3.904940967913717e-06, 4.006971721537411e-06, 3.304936853965046e-06, 2.591026031950605e-06, 2.502092911527143e-06, 3.219538484700024e-06, 4.6443929022643715e-06, 5.852676622453146e-06, 3.50837035512086e-06, 1.4024698202774744e-06, 3.989979632024188e-06, 8.396686098421924e-06, 2.0131280962232267e-06, 0.9999381303787231], "B1s1": [7.540725164290052e-06, 5.162114575796295e-06, 9.415502063347958e-06, 2.2192452888702974e-06, 0.9999756813049316], "TS1s1": [0.9999973773956299, 3.621425150868163e-07, 9.157283784588799e-07, 1.4267263281908527e-07, 3.6797840152758e-07, 1.569196825812469e-07, 3.2839074037838145e-07, 3.859264836592047e-07], "K1": [0.9999996423721313, 1.238123843450012e-07, 2.6762509719446825e-07], "T1s1": [2.200433300458826e-06, 1.1267560466876603e-06, 1.3342140618988196e-06, 0.9999953508377075], "P4": [7.150135417077763e-08, 1.4518010971187323e-07, 0.9999990463256836, 3.488701594278609e-08, 5.090923593797925e-08, 1.0285321394576386e-07, 1.7643429828240187e-08, 5.457244256490412e-08, 6.901525040348133e-08, 1.4113916790847725e-07, 8.352518676701948e-08, 6.5055310471962e-08, 1.1350793727160635e-07], "EM1": [9.644942110753618e-06, 7.624038062203908e-06, 1.2603475624928251e-05, 0.00011207364877918735, 0.999858021736145], "TM1": [7.111213449206844e-07, 4.348880224824825e-07, 0.9999979734420776, 2.768366016425716e-07, 2.954722333470272e-07, 3.07539778532373e-07], "I1s2": [[2.6340305225858174e-07, 2.528517200062197e-07, 0.9999995231628418], [2.3487618250328524e-07, 2.39676182900439e-07, 0.9999995231628418], [3.332286553359154e-07, 2.6548460141384567e-07, 0.9999994039535522], [3.227372928904515e-07, 5.373932481234078e-07, 0.9999991655349731], [2.2737789606708247e-07, 3.319706820548163e-07, 0.9999994039535522], [5.307870196702424e-07, 4.6741786263737595e-07, 0.9999990463256836], [2.8626828907363233e-07, 4.7352438059533597e-07, 0.9999992847442627], [2.2206707228633604e-07, 3.3181811431859387e-07, 0.9999994039535522], [1.5483516335734748e-07, 1.8904735554770014e-07, 0.9999996423721313], [2.2450998926615284e-07, 1.1913088115989012e-07, 0.9999996423721313], [3.2375712066823326e-07, 2.917079768849362e-07, 0.9999994039535522], [2.8113007033425674e-07, 2.4249399643849756e-07, 0.9999995231628418], [2.0391979660416837e-07, 3.2748044986874447e-07, 0.9999995231628418], [3.3393354215149884e-07, 4.587962223467912e-07, 0.9999991655349731], [1.891833392164699e-07, 2.2326051407617342e-07, 0.9999996423721313], [1.609220419140911e-07, 1.3974937473903992e-07, 0.9999996423721313], [2.9321913075364137e-07, 3.3491753015368886e-07, 0.9999994039535522], [2.6332847369303636e-07, 1.5424282651110843e-07, 0.9999995231628418], [3.9367625959130237e-07, 5.367897983887815e-07, 0.9999990463256836], [2.039384270347e-07, 4.5961124328641745e-07, 0.9999992847442627], [1.9733300860025338e-07, 2.624972808007442e-07, 0.9999995231628418], [6.552244826707465e-07, 3.2291458751387836e-07, 0.9999990463256836], [1.8625274833539152e-07, 5.253011750028236e-07, 0.9999992847442627], [1.1013730016884438e-07, 9.145553292455588e-08, 0.9999997615814209], [1.5035175238153897e-06, 1.6889040921341802e-07, 0.9999983310699463], [1.8454448991178651e-07, 2.296307854976476e-07, 0.9999996423721313], [3.5943912735092454e-07, 3.2358053658754216e-07, 0.9999992847442627], [1.2595405962656514e-07, 3.222404245661892e-07, 0.9999995231628418]], "S4": [[3.297525836387649e-06, 1.2982667385585955e-06, 0.9999953508377075], [6.432242685150413e-07, 6.591797045985004e-07, 0.9999986886978149], [0.9999887943267822, 5.215516011958243e-06, 5.9433295973576605e-06], [5.076980755802651e-07, 6.975744213377766e-07, 0.9999988079071045], [8.303260301545379e-07, 7.844532774470281e-07, 0.9999983310699463], [5.518487569133868e-07, 9.723654557092232e-07, 0.9999984502792358], [5.233857791608898e-07, 5.497300890056067e-07, 0.999998927116394], [6.473629809988779e-07, 4.092101733021991e-07, 0.999998927116394], [0.9999700784683228, 2.5351457225042395e-05, 4.56301631857059e-06], [4.832813829125371e-07, 7.765235068291076e-07, 0.9999986886978149], [5.585923759099387e-07, 1.0199510143138468e-06, 0.9999984502792358], [1.0371007874709903e-06, 9.54190909396857e-07, 0.9999979734420776], [7.085583888510882e-07, 1.3062982588962768e-06, 0.9999979734420776], [5.433376486507768e-07, 1.0095121751874103e-06, 0.9999984502792358], [4.769181032315828e-07, 9.308085395787202e-07, 0.9999985694885254], [7.160810469031276e-07, 4.334528398430848e-07, 0.9999988079071045], [5.158368026059179e-07, 6.56780230201548e-07, 0.9999988079071045], [2.502426070805086e-07, 5.06076048623072e-07, 0.9999992847442627], [8.840037821755686e-07, 9.511021517027984e-07, 0.9999982118606567], [5.238950393504638e-07, 7.92516004821664e-07, 0.9999986886978149], [4.979853542863566e-07, 1.2215563174322597e-06, 0.9999983310699463], [7.748039365651493e-07, 1.1896613614226226e-06, 0.9999980926513672]]}, "infer_command_tokens": ["I1s2_0_2", "I1s2_1_2", "I1s2_2_2", "I1s2_3_2", "I1s2_4_2", "I1s2_5_2", "I1s2_6_2", "I1s2_7_2", "I1s2_8_2", "I1s2_9_2", "I1s2_10_2", "I1s2_11_2", "I1s2_12_2", "I1s2_13_2", "I1s2_14_2", "I1s2_15_2", "I1s2_16_2", "I1s2_17_2", "I1s2_18_2", "I1s2_19_2", "I1s2_20_2", "I1s2_21_2", "I1s2_22_2", "I1s2_23_2", "I1s2_24_2", "I1s2_25_2", "I1s2_26_2", "I1s2_27_2", "I4_28", "C1_4", "R1_2", "R3_2", "S2s1_17", "S4_0_2", "S4_1_2", "S4_2_0", "S4_3_2", "S4_4_2", "S4_5_2", "S4_6_2", "S4_7_2", "S4_8_0", "S4_9_2", "S4_10_2", "S4_11_2", "S4_12_2", "S4_13_2", "S4_14_2", "S4_15_2", "S4_16_2", "S4_17_2", "S4_18_2", "S4_19_2", "S4_20_2", "S4_21_2", "B1s1_4", "TS1s1_0", "K1_0", "T1s1_3", "P4_2", "ST1_14", "EM1_4", "TM1_2"]}