{"text": "This music covers 13 ~ 16 bars and has a slow tempo that creates a distinct atmosphere due to its use of the major key. The song belongs to the country, pop, easy listening and latin genre. The music is in 4/4.", "pred_labels": {"R1": [0, 0, 1], "R3": [0, 0, 0, 1], "S2s1": [0, 0, 0, 0, 0, 0, 0, 0, 0, 0, 0, 0, 0, 0, 0, 0, 0, 1], "B1s1": [0, 0, 0, 1, 0], "TS1s1": [1, 0, 0, 0, 0, 0, 0, 0], "K1": [1, 0, 0], "T1s1": [1, 0, 0, 0], "P4": [0, 0, 0, 0, 0, 0, 0, 0, 0, 0, 0, 0, 1], "EM1": [0, 0, 0, 0, 1], "TM1": [0, 0, 0, 0, 0, 1], "I1s2": [[0, 0, 1], [0, 0, 1], [0, 0, 1], [0, 0, 1], [0, 0, 1], [0, 0, 1], [0, 0, 1], [0, 0, 1], [0, 0, 1], [0, 0, 1], [0, 0, 1], [0, 0, 1], [0, 0, 1], [0, 0, 1], [0, 0, 1], [0, 0, 1], [0, 0, 1], [0, 0, 1], [0, 0, 1], [0, 0, 1], [0, 0, 1], [0, 0, 1], [0, 0, 1], [0, 0, 1], [0, 0, 1], [0, 0, 1], [0, 0, 1], [0, 0, 1]], "S4": [[0, 0, 1], [0, 0, 1], [0, 0, 1], [0, 0, 1], [0, 0, 1], [1, 0, 0], [0, 0, 1], [0, 0, 1], [1, 0, 0], [0, 0, 1], [0, 0, 1], [0, 0, 1], [0, 0, 1], [1, 0, 0], [0, 0, 1], [0, 0, 1], [0, 0, 1], [0, 0, 1], [0, 0, 1], [0, 0, 1], [1, 0, 0], [0, 0, 1]]}, "pred_probs": {"R1": [4.147454092162661e-06, 4.480730694922386e-06, 0.9999914169311523], "R3": [2.8146685053798137e-06, 4.614922545442823e-06, 1.9127198811474955e-06, 0.999990701675415], "S2s1": [2.8011540962324943e-06, 2.7049957225244725e-06, 5.122225957165938e-06, 3.005314283655025e-06, 3.831799403997138e-06, 4.230269951221999e-06, 3.4619433790794574e-06, 2.659675374161452e-06, 2.598876790216309e-06, 3.4556135233287932e-06, 4.486129000724759e-06, 5.450818662211532e-06, 3.990639015682973e-06, 1.2581522241816856e-06, 4.339476618042681e-06, 7.771973287162837e-06, 2.055384811683325e-06, 0.999936580657959], "B1s1": [1.1909286286027054e-06, 7.691486416661064e-07, 9.059830290425452e-07, 0.999996542930603, 5.570214511863014e-07], "TS1s1": [0.9999970197677612, 4.107518236651231e-07, 1.1266944284216152e-06, 1.5250478213602037e-07, 3.7044054579382646e-07, 1.9256252414834307e-07, 3.7714136169597623e-07, 5.034946184423461e-07], "K1": [0.9999996423721313, 1.2277753569378547e-07, 2.413782453913882e-07], "T1s1": [0.9999970197677612, 6.013382289893343e-07, 1.111245865104138e-06, 1.2646606819544104e-06], "P4": [4.5707952267548535e-07, 4.162562277088e-07, 4.621402922566631e-07, 4.890395643997181e-07, 8.115116543194745e-07, 2.8268448204471497e-07, 6.168681920826202e-07, 2.7552241022021917e-07, 4.144092429214652e-07, 5.46215858321375e-07, 3.343070318351238e-07, 4.688515389261738e-07, 0.9999945163726807], "EM1": [2.235754664070555e-06, 2.419828433630755e-06, 5.910450454393867e-06, 1.203504143632017e-05, 0.9999773502349854], "TM1": [4.266833570909512e-07, 7.724351007709629e-07, 5.425656013358093e-07, 7.853118404455017e-07, 1.0136647432545942e-07, 0.9999973773956299], "I1s2": [[2.5109704893111484e-07, 2.7231487820245093e-07, 0.9999995231628418], [2.521577187053481e-07, 2.4324259584318497e-07, 0.9999995231628418], [3.462862707692693e-07, 2.856855019217619e-07, 0.9999994039535522], [3.6011977044836385e-07, 5.886864187232277e-07, 0.9999990463256836], [3.475971368516184e-07, 3.4793143299793883e-07, 0.9999992847442627], [5.438999437501479e-07, 5.087595695840719e-07, 0.999998927116394], [4.409301368468732e-07, 5.30394345332752e-07, 0.9999990463256836], [2.590622898424044e-07, 2.725081458265777e-07, 0.9999995231628418], [1.47199344269211e-07, 2.2409692235214607e-07, 0.9999996423721313], [2.44685594452676e-07, 1.1744263872515148e-07, 0.9999996423721313], [3.3700681001391786e-07, 3.3679282296361635e-07, 0.9999992847442627], [3.326533146719157e-07, 2.3697489837104513e-07, 0.9999994039535522], [2.851539022685756e-07, 3.451771135587478e-07, 0.9999994039535522], [4.0066828432827606e-07, 4.6558631083826185e-07, 0.9999991655349731], [2.2451617098795396e-07, 2.5722428631524963e-07, 0.9999995231628418], [1.8995457651271863e-07, 1.4858888164326345e-07, 0.9999996423721313], [3.274556945598306e-07, 3.5960300692750025e-07, 0.9999992847442627], [3.2749417755439936e-07, 1.5614898529747734e-07, 0.9999995231628418], [4.469636394333065e-07, 5.531732085728436e-07, 0.9999990463256836], [2.2552970335709688e-07, 3.7859922485949937e-07, 0.9999994039535522], [2.4219167471528635e-07, 3.008130988746416e-07, 0.9999994039535522], [8.125373369693989e-07, 3.380705493327696e-07, 0.9999988079071045], [2.3038570873268327e-07, 5.438554921965988e-07, 0.9999992847442627], [1.1493980167642803e-07, 1.0112012205354404e-07, 0.9999997615814209], [1.339582127002359e-06, 1.3917200192281598e-07, 0.9999985694885254], [2.3184176711765758e-07, 2.6132357788810623e-07, 0.9999995231628418], [3.867809255098109e-07, 3.845913170152926e-07, 0.9999992847442627], [1.3536372023281729e-07, 3.042333673874964e-07, 0.9999995231628418]], "S4": [[3.499261083561578e-06, 1.3159914260540972e-06, 0.999995231628418], [6.23333789917524e-07, 7.516453024436487e-07, 0.9999985694885254], [4.193331051283167e-07, 8.516706202499336e-07, 0.9999986886978149], [4.858030706600402e-07, 7.554326657555066e-07, 0.9999988079071045], [8.210545274778269e-07, 1.0520514024392469e-06, 0.9999980926513672], [0.9999839067459106, 7.404913503705757e-06, 8.728216926101595e-06], [5.437162826638087e-07, 6.642376320087351e-07, 0.9999988079071045], [6.213155074874521e-07, 3.934176220354857e-07, 0.999998927116394], [0.9999700784683228, 2.4639195544295944e-05, 5.242966381047154e-06], [5.588098588305002e-07, 7.788233915562159e-07, 0.9999986886978149], [5.89521846450225e-07, 1.2276923371246085e-06, 0.9999982118606567], [1.259029659195221e-06, 1.072581881089718e-06, 0.999997615814209], [6.631395876866009e-07, 1.3469896202877862e-06, 0.9999979734420776], [0.9999593496322632, 3.286577339167707e-05, 7.784493391227443e-06], [6.166352477521286e-07, 1.157373731075495e-06, 0.9999982118606567], [9.348010507892468e-07, 4.223363418986992e-07, 0.9999986886978149], [5.42979421425116e-07, 6.606921374441299e-07, 0.9999988079071045], [2.541821118029475e-07, 5.371109068619262e-07, 0.9999991655349731], [1.0025731853602338e-06, 1.0105800356541295e-06, 0.9999979734420776], [6.085616632844904e-07, 7.768567229504697e-07, 0.9999985694885254], [0.9999839067459106, 8.896682629710995e-06, 7.211957381514367e-06], [8.319935318468197e-07, 1.0864516752917552e-06, 0.9999980926513672]]}, "infer_command_tokens": ["I1s2_0_2", "I1s2_1_2", "I1s2_2_2", "I1s2_3_2", "I1s2_4_2", "I1s2_5_2", "I1s2_6_2", "I1s2_7_2", "I1s2_8_2", "I1s2_9_2", "I1s2_10_2", "I1s2_11_2", "I1s2_12_2", "I1s2_13_2", "I1s2_14_2", "I1s2_15_2", "I1s2_16_2", "I1s2_17_2", "I1s2_18_2", "I1s2_19_2", "I1s2_20_2", "I1s2_21_2", "I1s2_22_2", "I1s2_23_2", "I1s2_24_2", "I1s2_25_2", "I1s2_26_2", "I1s2_27_2", "I4_28", "C1_4", "R1_2", "R3_3", "S2s1_17", "S4_0_2", "S4_1_2", "S4_2_2", "S4_3_2", "S4_4_2", "S4_5_0", "S4_6_2", "S4_7_2", "S4_8_0", "S4_9_2", "S4_10_2", "S4_11_2", "S4_12_2", "S4_13_0", "S4_14_2", "S4_15_2", "S4_16_2", "S4_17_2", "S4_18_2", "S4_19_2", "S4_20_0", "S4_21_2", "B1s1_3", "TS1s1_0", "K1_0", "T1s1_0", "P4_12", "ST1_14", "EM1_4", "TM1_5"]}