{"text": "The musical piece showcases a pitch range within 4 octaves and uses major key to create a distinct atmosphere. It is a 16 ~ 30-second-long song with a rhythm that is neither too fast nor too slow. The music is given its sound through strings, trombone, bass and horn and follows a meter of 2/4. With a slow tempo, this music is unmistakably jazz in character.", "pred_labels": {"R1": [0, 0, 1], "R3": [0, 1, 0, 0], "S2s1": [0, 0, 0, 0, 0, 0, 0, 0, 0, 0, 0, 0, 0, 0, 0, 0, 0, 1], "B1s1": [0, 0, 0, 0, 1], "TS1s1": [0, 1, 0, 0, 0, 0, 0, 0], "K1": [1, 0, 0], "T1s1": [1, 0, 0, 0], "P4": [0, 0, 0, 0, 1, 0, 0, 0, 0, 0, 0, 0, 0], "EM1": [0, 0, 0, 0, 1], "TM1": [0, 1, 0, 0, 0, 0], "I1s2": [[0, 0, 1], [0, 0, 1], [0, 0, 1], [0, 0, 1], [0, 0, 1], [1, 0, 0], [0, 0, 1], [0, 0, 1], [0, 0, 1], [0, 0, 1], [1, 0, 0], [0, 0, 1], [0, 0, 1], [1, 0, 0], [0, 0, 1], [1, 0, 0], [0, 0, 1], [0, 0, 1], [0, 0, 1], [0, 0, 1], [0, 0, 1], [0, 0, 1], [0, 0, 1], [0, 0, 1], [0, 0, 1], [0, 0, 1], [0, 0, 1], [0, 0, 1]], "S4": [[0, 0, 1], [0, 0, 1], [0, 0, 1], [0, 0, 1], [0, 0, 1], [0, 0, 1], [0, 0, 1], [0, 0, 1], [0, 0, 1], [0, 0, 1], [1, 0, 0], [0, 0, 1], [0, 0, 1], [0, 0, 1], [0, 0, 1], [0, 0, 1], [0, 0, 1], [0, 0, 1], [0, 0, 1], [0, 0, 1], [0, 0, 1], [0, 0, 1]]}, "pred_probs": {"R1": [4.325859208620386e-06, 4.354717930254992e-06, 0.9999912977218628], "R3": [1.4698823633807478e-06, 0.9999972581863403, 5.456040526041761e-07, 7.238240300466714e-07], "S2s1": [2.2366089069691952e-06, 2.5577173801138997e-06, 4.5072511056787334e-06, 3.327551667098305e-06, 3.619830295065185e-06, 4.233701929479139e-06, 3.493035592327942e-06, 2.850435294021736e-06, 2.997209548993851e-06, 2.952881459350465e-06, 4.492642801778857e-06, 4.9736659093468916e-06, 3.648443907877663e-06, 1.4065816458241898e-06, 3.824400664598215e-06, 8.226538739108946e-06, 1.7878065818877076e-06, 0.9999388456344604], "B1s1": [6.742885489074979e-06, 5.209265509620309e-06, 8.528928447049111e-06, 2.4939899958553724e-06, 0.9999769926071167], "TS1s1": [2.3942570237522887e-07, 0.9999972581863403, 4.4358267814459396e-07, 2.4384823404943745e-07, 5.262768922875694e-07, 5.638023594656261e-07, 3.856832506698993e-07, 3.771418164433271e-07], "K1": [0.9999996423721313, 1.2133337179420778e-07, 2.541470962569292e-07], "T1s1": [0.9999966621398926, 6.248229169614206e-07, 1.68487383689353e-06, 1.0695542869143537e-06], "P4": [2.425485376988945e-07, 8.018204766813142e-08, 7.960208137092195e-08, 7.783719979670423e-08, 0.9999983310699463, 7.144949876192186e-08, 1.0031008912392281e-07, 1.70516088360273e-07, 1.0521694804310755e-07, 1.9065797118855698e-07, 1.5750396187286242e-07, 1.0044296061550995e-07, 2.1386081527907663e-07], "EM1": [2.4759908683336107e-06, 2.756543835857883e-06, 4.11003611588967e-06, 1.1707978046615608e-05, 0.9999788999557495], "TM1": [1.998323142515801e-07, 0.9999988079071045, 3.527705985106877e-07, 1.8368957910297468e-07, 1.831965903420496e-07, 1.7361550419536798e-07], "I1s2": [[2.857078413853742e-07, 3.4225647027597006e-07, 0.9999994039535522], [2.0263586009150458e-07, 2.911698970819998e-07, 0.9999995231628418], [4.0401914702670183e-07, 3.7753912351945473e-07, 0.9999991655349731], [4.4494373696579714e-07, 2.904459279307048e-06, 0.9999966621398926], [3.8933370660743094e-07, 1.4128495422482956e-06, 0.9999982118606567], [0.9999926090240479, 3.6836727304034866e-06, 3.729726131496136e-06], [3.3292678836005507e-07, 5.935445983595855e-07, 0.9999990463256836], [2.3855875497247325e-07, 3.077726091760269e-07, 0.9999994039535522], [2.0612831974631263e-07, 9.062539447768359e-07, 0.999998927116394], [1.758485836944601e-07, 1.950288321950211e-07, 0.9999996423721313], [0.999991774559021, 4.450724645721493e-06, 3.7856693779758643e-06], [4.160231696914707e-07, 5.884248253096303e-07, 0.9999990463256836], [3.5845636148224003e-07, 1.247814680027659e-06, 0.9999984502792358], [0.999994158744812, 2.5222238946298603e-06, 3.2806337912916206e-06], [2.561716030413663e-07, 3.461885569322476e-07, 0.9999994039535522], [0.9999911785125732, 3.732845016202191e-06, 5.14711746291141e-06], [4.2785904952324927e-07, 8.596118732384639e-07, 0.9999986886978149], [2.543414439060143e-07, 4.016354751001927e-07, 0.9999992847442627], [4.0628978581480624e-07, 7.549976430709648e-07, 0.9999988079071045], [1.667379194714158e-07, 4.066020551363181e-07, 0.9999994039535522], [2.6276964604221575e-07, 6.327589971988345e-07, 0.9999990463256836], [5.333424155651301e-07, 3.103787378222478e-07, 0.9999991655349731], [2.1482986767296097e-07, 8.624598422102281e-07, 0.999998927116394], [1.4759633870653488e-07, 1.3849349045358395e-07, 0.9999997615814209], [2.8238487175258342e-06, 2.4837277123879176e-07, 0.9999969005584717], [2.0573837389292748e-07, 3.875885568049853e-07, 0.9999994039535522], [4.811428198081558e-07, 1.1366714716132265e-06, 0.9999983310699463], [1.6191646068364207e-07, 4.830798729926755e-07, 0.9999994039535522]], "S4": [[3.5762011521001114e-06, 1.4681473885502783e-06, 0.9999949932098389], [5.595746870312723e-07, 6.702100563416025e-07, 0.9999988079071045], [4.39693025100496e-07, 6.341998073366995e-07, 0.999998927116394], [4.3817055939143756e-07, 6.74330010497215e-07, 0.999998927116394], [8.361171808246581e-07, 8.805339462014672e-07, 0.9999983310699463], [5.87229180837312e-07, 1.2564142934934353e-06, 0.9999982118606567], [5.939328389104048e-07, 6.599590847145009e-07, 0.9999986886978149], [6.042407676432049e-07, 4.909697963739745e-07, 0.999998927116394], [6.014636824147601e-07, 7.897680234236759e-07, 0.9999985694885254], [5.286808004711929e-07, 5.939857032899454e-07, 0.999998927116394], [0.9999886751174927, 7.064712917781435e-06, 4.293268375477055e-06], [1.119864350584976e-06, 8.375646984859486e-07, 0.9999980926513672], [6.796331035729963e-07, 1.4022501773069962e-06, 0.9999979734420776], [5.241533358457673e-07, 8.596708198638225e-07, 0.9999985694885254], [6.46060186682007e-07, 7.750244890303293e-07, 0.9999985694885254], [1.1541130788828013e-06, 8.81165362898173e-07, 0.9999979734420776], [7.45158047266159e-07, 1.0317148735339288e-06, 0.9999982118606567], [2.2068168448186043e-07, 5.518597276932269e-07, 0.9999992847442627], [8.282790986413602e-07, 9.910025937642786e-07, 0.9999982118606567], [4.600012744049309e-07, 8.41286123431928e-07, 0.9999986886978149], [4.894586709269788e-07, 9.077855338546215e-07, 0.9999985694885254], [8.040098009587382e-07, 1.267975676455535e-06, 0.9999979734420776]]}, "infer_command_tokens": ["I1s2_0_2", "I1s2_1_2", "I1s2_2_2", "I1s2_3_2", "I1s2_4_2", "I1s2_5_0", "I1s2_6_2", "I1s2_7_2", "I1s2_8_2", "I1s2_9_2", "I1s2_10_0", "I1s2_11_2", "I1s2_12_2", "I1s2_13_0", "I1s2_14_2", "I1s2_15_0", "I1s2_16_2", "I1s2_17_2", "I1s2_18_2", "I1s2_19_2", "I1s2_20_2", "I1s2_21_2", "I1s2_22_2", "I1s2_23_2", "I1s2_24_2", "I1s2_25_2", "I1s2_26_2", "I1s2_27_2", "I4_28", "C1_4", "R1_2", "R3_1", "S2s1_17", "S4_0_2", "S4_1_2", "S4_2_2", "S4_3_2", "S4_4_2", "S4_5_2", "S4_6_2", "S4_7_2", "S4_8_2", "S4_9_2", "S4_10_0", "S4_11_2", "S4_12_2", "S4_13_2", "S4_14_2", "S4_15_2", "S4_16_2", "S4_17_2", "S4_18_2", "S4_19_2", "S4_20_2", "S4_21_2", "B1s1_4", "TS1s1_1", "K1_0", "T1s1_0", "P4_4", "ST1_14", "EM1_4", "TM1_1"]}