{"text": "The compact pitch range of 4 octaves, along with the music's choice of major key, creates a focused and impactful musical performance that offers a captivating and memorable experience. This composition incorporates a 4/4 meter, maintaining a rapid pace throughout. The song's length is determined by about 10 bars, further contributing to its dynamic nature.", "pred_labels": {"R1": [0, 0, 1], "R3": [0, 0, 0, 1], "S2s1": [0, 0, 0, 0, 0, 0, 0, 0, 0, 0, 0, 0, 0, 0, 0, 0, 0, 1], "B1s1": [0, 0, 1, 0, 0], "TS1s1": [1, 0, 0, 0, 0, 0, 0, 0], "K1": [1, 0, 0], "T1s1": [0, 0, 1, 0], "P4": [0, 0, 0, 0, 1, 0, 0, 0, 0, 0, 0, 0, 0], "EM1": [0, 0, 0, 0, 1], "TM1": [0, 0, 0, 0, 0, 1], "I1s2": [[0, 0, 1], [0, 0, 1], [0, 0, 1], [0, 0, 1], [0, 0, 1], [0, 0, 1], [0, 0, 1], [0, 0, 1], [0, 0, 1], [0, 0, 1], [0, 0, 1], [0, 0, 1], [0, 0, 1], [0, 0, 1], [0, 0, 1], [0, 0, 1], [0, 0, 1], [0, 0, 1], [0, 0, 1], [0, 0, 1], [0, 0, 1], [0, 0, 1], [0, 0, 1], [0, 0, 1], [0, 0, 1], [0, 0, 1], [0, 0, 1], [0, 0, 1]], "S4": [[0, 0, 1], [0, 0, 1], [0, 0, 1], [0, 0, 1], [0, 0, 1], [0, 0, 1], [0, 0, 1], [0, 0, 1], [0, 0, 1], [0, 0, 1], [0, 0, 1], [0, 0, 1], [0, 0, 1], [0, 0, 1], [0, 0, 1], [0, 0, 1], [0, 0, 1], [0, 0, 1], [0, 0, 1], [0, 0, 1], [0, 0, 1], [0, 0, 1]]}, "pred_probs": {"R1": [4.110513600608101e-06, 4.7007920329633635e-06, 0.9999911785125732], "R3": [1.327775748904969e-06, 1.4755744359717937e-06, 2.128199639628292e-06, 0.9999951124191284], "S2s1": [2.4824714728310937e-06, 2.7590920126385754e-06, 4.6610794015577994e-06, 2.9368954983510775e-06, 3.71013447875157e-06, 4.2399237827339675e-06, 3.0091034659562865e-06, 2.4931621283030836e-06, 2.373661800447735e-06, 3.5093462429358624e-06, 4.132946742174681e-06, 5.8307241488364525e-06, 3.949176516471198e-06, 1.4008893458594684e-06, 4.039005943923257e-06, 7.613674370077206e-06, 2.057001211142051e-06, 0.9999387264251709], "B1s1": [1.25894837310625e-06, 1.0404551176179666e-06, 0.9999960660934448, 5.60577802843909e-07, 1.0189870636168052e-06], "TS1s1": [0.9999974966049194, 3.9063925783011655e-07, 8.379013252124423e-07, 1.4235691025987762e-07, 3.248404993883014e-07, 1.5165683464601898e-07, 3.325181978652836e-07, 3.9423770203939057e-07], "K1": [0.9999996423721313, 1.2556955653053592e-07, 2.36441294987344e-07], "T1s1": [1.0480974879101268e-06, 1.1006920885847649e-06, 0.9999969005584717, 9.541744248053874e-07], "P4": [1.723361577887772e-07, 7.665310874926945e-08, 7.352322484166507e-08, 7.059770723572001e-08, 0.9999984502792358, 9.7907964402566e-08, 1.0162909802602371e-07, 1.633216868413001e-07, 1.1303935565365464e-07, 2.0368499065170909e-07, 1.5205974079890439e-07, 1.1066844507467977e-07, 2.0510502451998036e-07], "EM1": [6.254537311178865e-06, 6.650565410382114e-06, 6.138754542917013e-06, 4.9541558837518096e-05, 0.9999314546585083], "TM1": [4.3730034349209745e-07, 7.856818911022856e-07, 5.0878361435025e-07, 8.097745194390882e-07, 8.962074815599408e-08, 0.9999973773956299], "I1s2": [[2.7214792908125673e-07, 2.538558874221053e-07, 0.9999995231628418], [2.567174988143961e-07, 1.9817923657683423e-07, 0.9999995231628418], [3.0867710165694007e-07, 2.1123429405633942e-07, 0.9999995231628418], [3.191714199601847e-07, 4.922254106531909e-07, 0.9999991655349731], [1.7780809002942988e-07, 3.286072853825317e-07, 0.9999995231628418], [4.772012971443473e-07, 4.309551400183409e-07, 0.9999990463256836], [3.222857856144401e-07, 4.5426699557538086e-07, 0.9999991655349731], [2.194355630535938e-07, 3.031195490166283e-07, 0.9999995231628418], [1.1586360670889917e-07, 1.7705411892166012e-07, 0.9999997615814209], [1.9248241756031348e-07, 1.105304008319763e-07, 0.9999996423721313], [2.8326368806119717e-07, 2.513527022074413e-07, 0.9999995231628418], [3.045222172204376e-07, 2.1651246129295032e-07, 0.9999995231628418], [2.222622299541399e-07, 2.879061469229782e-07, 0.9999995231628418], [3.183746457580128e-07, 3.6572325257111515e-07, 0.9999992847442627], [1.6518120560249372e-07, 1.863220973064017e-07, 0.9999996423721313], [1.2468676402477286e-07, 1.1652826259478388e-07, 0.9999997615814209], [2.611389504636463e-07, 3.068965384045441e-07, 0.9999994039535522], [2.8051945832885394e-07, 1.5340079073666857e-07, 0.9999995231628418], [3.9091978010219464e-07, 4.6666207254020264e-07, 0.9999991655349731], [1.8312542238163587e-07, 3.8054525930419913e-07, 0.9999994039535522], [1.8980153981829062e-07, 2.574765858298633e-07, 0.9999995231628418], [5.971853056507825e-07, 2.899666071698448e-07, 0.9999991655349731], [1.581074542400529e-07, 4.586838713294128e-07, 0.9999994039535522], [1.0839028874443102e-07, 8.655566574589102e-08, 0.9999997615814209], [1.1938501529584755e-06, 1.4466661468759412e-07, 0.9999986886978149], [1.8708631444042112e-07, 2.2724701409515546e-07, 0.9999996423721313], [3.3901122264978767e-07, 3.0037136866667424e-07, 0.9999994039535522], [1.383171337465683e-07, 2.544303470131126e-07, 0.9999996423721313]], "S4": [[4.428093234309927e-06, 1.4422300864680437e-06, 0.999994158744812], [6.168567665554292e-07, 5.77593027628609e-07, 0.9999988079071045], [4.3727845877583604e-07, 7.218295081656834e-07, 0.9999988079071045], [4.463838365609263e-07, 6.644619929829787e-07, 0.999998927116394], [7.699323418819404e-07, 9.562864988765796e-07, 0.9999983310699463], [5.405034926297958e-07, 9.026541647472186e-07, 0.9999985694885254], [5.532474460778758e-07, 5.971571681584464e-07, 0.9999988079071045], [6.149572300273576e-07, 4.6464936076517915e-07, 0.999998927116394], [5.81027109092247e-07, 7.1030922299542e-07, 0.9999986886978149], [4.82679865854152e-07, 6.901441338413861e-07, 0.9999988079071045], [5.517518388842291e-07, 1.0970782113872701e-06, 0.9999983310699463], [1.1146720453325543e-06, 8.99221163308539e-07, 0.9999979734420776], [6.64039589537424e-07, 1.2207176496303873e-06, 0.9999980926513672], [5.162348202247813e-07, 9.327528118774353e-07, 0.9999985694885254], [4.414613954395463e-07, 8.967870144260814e-07, 0.9999986886978149], [7.234428380797908e-07, 4.322569679970911e-07, 0.9999988079071045], [4.6466442427117727e-07, 5.703921033273218e-07, 0.999998927116394], [2.2634887386629998e-07, 5.538452683140349e-07, 0.9999991655349731], [8.415632350988744e-07, 1.0149399258807534e-06, 0.9999980926513672], [5.156714451004518e-07, 7.395477723548538e-07, 0.9999986886978149], [5.105753757561615e-07, 8.134218774102919e-07, 0.9999986886978149], [6.921777639945503e-07, 1.165572371064627e-06, 0.9999980926513672]]}, "infer_command_tokens": ["I1s2_0_2", "I1s2_1_2", "I1s2_2_2", "I1s2_3_2", "I1s2_4_2", "I1s2_5_2", "I1s2_6_2", "I1s2_7_2", "I1s2_8_2", "I1s2_9_2", "I1s2_10_2", "I1s2_11_2", "I1s2_12_2", "I1s2_13_2", "I1s2_14_2", "I1s2_15_2", "I1s2_16_2", "I1s2_17_2", "I1s2_18_2", "I1s2_19_2", "I1s2_20_2", "I1s2_21_2", "I1s2_22_2", "I1s2_23_2", "I1s2_24_2", "I1s2_25_2", "I1s2_26_2", "I1s2_27_2", "I4_28", "C1_4", "R1_2", "R3_3", "S2s1_17", "S4_0_2", "S4_1_2", "S4_2_2", "S4_3_2", "S4_4_2", "S4_5_2", "S4_6_2", "S4_7_2", "S4_8_2", "S4_9_2", "S4_10_2", "S4_11_2", "S4_12_2", "S4_13_2", "S4_14_2", "S4_15_2", "S4_16_2", "S4_17_2", "S4_18_2", "S4_19_2", "S4_20_2", "S4_21_2", "B1s1_2", "TS1s1_0", "K1_0", "T1s1_2", "P4_4", "ST1_14", "EM1_4", "TM1_5"]}