{"text": "This music falls squarely within the classical genre and features 13 ~ 16 bars in its composition. Its pitch range is within 4 octaves and the use of major key creates a distinct atmosphere. The duration of this song is about 40 seconds, and the rhythm is moderate and consistent, played at a high tempo. The digital keyboard add to the musical composition, which follows a 4/4 meter.", "pred_labels": {"R1": [0, 0, 1], "R3": [0, 1, 0, 0], "S2s1": [0, 0, 0, 0, 0, 0, 0, 0, 0, 0, 0, 0, 0, 0, 0, 0, 0, 1], "B1s1": [0, 0, 0, 1, 0], "TS1s1": [1, 0, 0, 0, 0, 0, 0, 0], "K1": [1, 0, 0], "T1s1": [0, 0, 1, 0], "P4": [0, 0, 0, 0, 1, 0, 0, 0, 0, 0, 0, 0, 0], "EM1": [0, 0, 0, 0, 1], "TM1": [0, 0, 1, 0, 0, 0], "I1s2": [[0, 0, 1], [1, 0, 0], [0, 0, 1], [0, 0, 1], [0, 0, 1], [0, 0, 1], [0, 0, 1], [0, 0, 1], [0, 0, 1], [0, 0, 1], [0, 0, 1], [0, 0, 1], [0, 0, 1], [0, 0, 1], [0, 0, 1], [0, 0, 1], [0, 0, 1], [0, 0, 1], [0, 0, 1], [0, 0, 1], [0, 0, 1], [0, 0, 1], [0, 0, 1], [0, 0, 1], [0, 0, 1], [0, 0, 1], [0, 0, 1], [0, 0, 1]], "S4": [[0, 0, 1], [0, 0, 1], [0, 0, 1], [0, 0, 1], [0, 0, 1], [0, 0, 1], [0, 0, 1], [0, 0, 1], [0, 0, 1], [0, 0, 1], [0, 0, 1], [1, 0, 0], [0, 0, 1], [0, 0, 1], [0, 0, 1], [0, 0, 1], [0, 0, 1], [0, 0, 1], [0, 0, 1], [0, 0, 1], [0, 0, 1], [0, 0, 1]]}, "pred_probs": {"R1": [4.388922206999268e-06, 4.295905455364846e-06, 0.9999912977218628], "R3": [7.813409297341423e-07, 0.9999969005584717, 9.323501330982253e-07, 1.2830578270950355e-06], "S2s1": [2.206240878876997e-06, 2.510089416318806e-06, 4.540112058748491e-06, 3.2174723401112715e-06, 3.6089454624743666e-06, 3.8120315366541035e-06, 3.3398907817172585e-06, 2.9641987566719763e-06, 2.7454859719000524e-06, 3.1152708288573194e-06, 3.928352725779405e-06, 5.596300525212428e-06, 3.729899390236824e-06, 1.4139317272565677e-06, 4.32194201493985e-06, 7.88723355071852e-06, 2.0237555418134434e-06, 0.99993896484375], "B1s1": [9.243068461728399e-07, 8.927626709009928e-07, 1.070415464710095e-06, 0.9999966621398926, 4.709134202585119e-07], "TS1s1": [0.999997615814209, 3.5233912853982474e-07, 6.691599310215679e-07, 1.3796811515476293e-07, 3.360466394042305e-07, 1.442362247416895e-07, 3.278991584920732e-07, 3.495202065550984e-07], "K1": [0.9999996423721313, 1.250782162287578e-07, 2.573956123796961e-07], "T1s1": [1.2785379794877372e-06, 1.1869758509419626e-06, 0.999996542930603, 9.35785578803916e-07], "P4": [1.750001530353984e-07, 8.734280498856606e-08, 7.842854188311321e-08, 8.280324692577778e-08, 0.9999984502792358, 1.0578462195098837e-07, 1.0019231666547057e-07, 1.6289904181121528e-07, 9.694409186522535e-08, 2.018758777921903e-07, 1.4033336981356115e-07, 1.0337551969996639e-07, 2.0229003894201014e-07], "EM1": [2.9626132800331106e-06, 3.7488316593226045e-06, 4.862288733420428e-06, 1.5193993931461591e-05, 0.9999731779098511], "TM1": [6.072510245758167e-07, 4.896974132861942e-07, 0.9999979734420776, 3.8492950693580497e-07, 2.5759038635442266e-07, 3.271908610713581e-07], "I1s2": [[2.779051442303171e-07, 2.7174746719538234e-07, 0.9999994039535522], [0.9999951124191284, 2.7103651518700644e-06, 2.196229388573556e-06], [2.8112495442655927e-07, 3.0102060577519296e-07, 0.9999994039535522], [2.89896888716612e-07, 6.2989607840791e-07, 0.9999990463256836], [2.274080230790787e-07, 4.838701102016785e-07, 0.9999992847442627], [3.557003367404832e-07, 5.244391445557994e-07, 0.9999991655349731], [3.781978534789232e-07, 5.093180561743793e-07, 0.9999991655349731], [2.1860880394797277e-07, 3.2701225904929743e-07, 0.9999994039535522], [1.3724336156428762e-07, 2.543847301694768e-07, 0.9999996423721313], [2.2780901076657756e-07, 1.136065534979025e-07, 0.9999996423721313], [2.815475284023705e-07, 2.8840076993219554e-07, 0.9999994039535522], [2.793738360651332e-07, 2.769476452613162e-07, 0.9999994039535522], [1.8998639461642597e-07, 4.919987759421929e-07, 0.9999992847442627], [4.166253972925915e-07, 7.116926212802355e-07, 0.999998927116394], [1.6183406614800333e-07, 2.1725212207002187e-07, 0.9999996423721313], [1.1522284637521807e-07, 1.1090800455804128e-07, 0.9999997615814209], [2.7328130158821295e-07, 3.9336899249065027e-07, 0.9999992847442627], [2.4217831651185406e-07, 1.812807965961838e-07, 0.9999995231628418], [4.780241624757764e-07, 9.544480690237833e-07, 0.9999985694885254], [1.5713551704266138e-07, 3.5247961704953923e-07, 0.9999995231628418], [2.96960251944256e-07, 3.7184125289968506e-07, 0.9999992847442627], [7.638930696884927e-07, 3.220755502297834e-07, 0.999998927116394], [1.6178185546777968e-07, 5.555825737246778e-07, 0.9999992847442627], [1.0094822755490895e-07, 1.1104771147074644e-07, 0.9999997615814209], [1.3294184100232087e-06, 1.7478083691457869e-07, 0.9999984502792358], [1.8198164752902812e-07, 2.320975340808218e-07, 0.9999996423721313], [3.4846539165300783e-07, 3.501630487789953e-07, 0.9999992847442627], [1.3571607837548072e-07, 2.8735780688293744e-07, 0.9999995231628418]], "S4": [[4.7369398998853285e-06, 1.7336948303636746e-06, 0.9999935626983643], [5.754685048486863e-07, 6.045345912752964e-07, 0.9999988079071045], [4.2601467953318206e-07, 7.496396392525639e-07, 0.9999988079071045], [4.380882216992177e-07, 6.968244292693271e-07, 0.9999988079071045], [7.363060490206408e-07, 9.836846857069759e-07, 0.9999983310699463], [5.576449666477856e-07, 9.201888815368875e-07, 0.9999985694885254], [5.338617938832613e-07, 6.126180664978165e-07, 0.9999988079071045], [5.865210255251441e-07, 4.5141013060856494e-07, 0.999998927116394], [5.892264880458242e-07, 6.7360224420554e-07, 0.9999986886978149], [4.986976023246825e-07, 6.809007118135924e-07, 0.9999988079071045], [4.934743742524006e-07, 1.1083665185651626e-06, 0.9999984502792358], [0.9999831914901733, 1.3416602087090723e-05, 3.380847601874848e-06], [6.432134114220389e-07, 1.2739806152239908e-06, 0.9999980926513672], [5.256075041870645e-07, 9.451825917494716e-07, 0.9999985694885254], [3.750073460651038e-07, 8.481141549054882e-07, 0.9999988079071045], [8.081207738541707e-07, 4.973837803845527e-07, 0.9999986886978149], [4.987708734915941e-07, 6.370384539877705e-07, 0.9999988079071045], [2.1450546228152234e-07, 5.204036028771952e-07, 0.9999992847442627], [8.485844205097237e-07, 1.0042670055554481e-06, 0.9999980926513672], [5.057013368059415e-07, 8.109370810416294e-07, 0.9999986886978149], [5.535500804398907e-07, 1.2087070899724495e-06, 0.9999982118606567], [7.510925001952273e-07, 1.1163774615852162e-06, 0.9999980926513672]]}, "infer_command_tokens": ["I1s2_0_2", "I1s2_1_0", "I1s2_2_2", "I1s2_3_2", "I1s2_4_2", "I1s2_5_2", "I1s2_6_2", "I1s2_7_2", "I1s2_8_2", "I1s2_9_2", "I1s2_10_2", "I1s2_11_2", "I1s2_12_2", "I1s2_13_2", "I1s2_14_2", "I1s2_15_2", "I1s2_16_2", "I1s2_17_2", "I1s2_18_2", "I1s2_19_2", "I1s2_20_2", "I1s2_21_2", "I1s2_22_2", "I1s2_23_2", "I1s2_24_2", "I1s2_25_2", "I1s2_26_2", "I1s2_27_2", "I4_28", "C1_4", "R1_2", "R3_1", "S2s1_17", "S4_0_2", "S4_1_2", "S4_2_2", "S4_3_2", "S4_4_2", "S4_5_2", "S4_6_2", "S4_7_2", "S4_8_2", "S4_9_2", "S4_10_2", "S4_11_0", "S4_12_2", "S4_13_2", "S4_14_2", "S4_15_2", "S4_16_2", "S4_17_2", "S4_18_2", "S4_19_2", "S4_20_2", "S4_21_2", "B1s1_3", "TS1s1_0", "K1_0", "T1s1_2", "P4_4", "ST1_14", "EM1_4", "TM1_2"]}