{"text": "The use of a specific pitch range of 2 octaves creates a cohesive and unified sound throughout the musical piece, complemented by its use of major key, conveying a unique and resonant sound. The track lasts for about 40 seconds, featuring a serene rhythm and enhanced by the addition of grand piano, sax and guitar to the composition. With a time signature of 4/4, the music maintains a moderate speed while evoking heartache in nature.", "pred_labels": {"R1": [0, 0, 1], "R3": [1, 0, 0, 0], "S2s1": [0, 0, 0, 0, 0, 0, 0, 0, 0, 0, 0, 0, 0, 0, 0, 0, 0, 1], "B1s1": [0, 0, 0, 0, 1], "TS1s1": [1, 0, 0, 0, 0, 0, 0, 0], "K1": [1, 0, 0], "T1s1": [0, 1, 0, 0], "P4": [0, 0, 1, 0, 0, 0, 0, 0, 0, 0, 0, 0, 0], "EM1": [0, 0, 1, 0, 0], "TM1": [0, 0, 1, 0, 0, 0], "I1s2": [[1, 0, 0], [0, 0, 1], [0, 0, 1], [0, 0, 1], [1, 0, 0], [0, 0, 1], [0, 0, 1], [0, 0, 1], [0, 0, 1], [0, 0, 1], [0, 0, 1], [0, 0, 1], [0, 0, 1], [0, 0, 1], [0, 0, 1], [0, 0, 1], [0, 0, 1], [1, 0, 0], [0, 0, 1], [0, 0, 1], [0, 0, 1], [0, 0, 1], [0, 0, 1], [0, 0, 1], [0, 0, 1], [0, 0, 1], [0, 0, 1], [0, 0, 1]], "S4": [[0, 0, 1], [0, 0, 1], [0, 0, 1], [0, 0, 1], [0, 0, 1], [0, 0, 1], [0, 0, 1], [0, 0, 1], [0, 0, 1], [0, 0, 1], [0, 0, 1], [0, 0, 1], [0, 0, 1], [0, 0, 1], [0, 0, 1], [0, 0, 1], [0, 0, 1], [0, 0, 1], [0, 0, 1], [0, 0, 1], [0, 0, 1], [0, 0, 1]]}, "pred_probs": {"R1": [4.6157188080542255e-06, 3.779179451157688e-06, 0.9999916553497314], "R3": [0.9999986886978149, 4.658490411202365e-07, 6.022219167789444e-07, 2.1788143556022987e-07], "S2s1": [2.306823716935469e-06, 2.4473131361446576e-06, 4.187056674709311e-06, 3.239424586354289e-06, 3.647550101959496e-06, 3.9068177102308255e-06, 3.550243718564161e-06, 2.9192256079113577e-06, 2.4462747205689084e-06, 3.022907321792445e-06, 4.745674687001156e-06, 5.1981401156808715e-06, 3.4342147046118043e-06, 1.272701865673298e-06, 4.138733856962062e-06, 8.781886208453216e-06, 1.7970992303162348e-06, 0.99993896484375], "B1s1": [6.0973743529757485e-06, 5.0233279580425005e-06, 9.523469088890124e-06, 2.223618821517448e-06, 0.9999771118164062], "TS1s1": [0.9999977350234985, 3.2150677498066216e-07, 6.224339017535385e-07, 1.550964441321412e-07, 3.030713173757249e-07, 1.4220456989733066e-07, 3.741089358300087e-07, 3.6405305081643746e-07], "K1": [0.9999996423721313, 1.3202038928739057e-07, 2.191231516235348e-07], "T1s1": [8.500497301611176e-07, 0.9999972581863403, 9.204588877764763e-07, 9.207907964992046e-07], "P4": [7.022627812602877e-08, 1.4666872516500007e-07, 0.9999990463256836, 3.108542756535826e-08, 6.633866433958246e-08, 1.2397536863772984e-07, 2.0383833287951347e-08, 5.197118824185054e-08, 8.428294506757084e-08, 1.507210356521682e-07, 1.0939566408296741e-07, 6.6647231733441e-08, 9.563633085463152e-08], "EM1": [2.3509478523919825e-06, 1.5603235397065873e-06, 0.9999909400939941, 3.106594476776081e-06, 2.067272362182848e-06], "TM1": [5.85328564284282e-07, 4.4907426399731776e-07, 0.9999979734420776, 3.9292081055464223e-07, 2.817039899127849e-07, 3.382511692961998e-07], "I1s2": [[0.9999946355819702, 2.849088787115761e-06, 2.492876092219376e-06], [2.3307924834625737e-07, 2.415320352611161e-07, 0.9999995231628418], [3.7411345488180814e-07, 3.1758105478729703e-07, 0.9999992847442627], [2.88465315634312e-07, 2.530278152335086e-06, 0.9999971389770508], [0.999994158744812, 2.90909270006523e-06, 3.0036765110708075e-06], [3.761507230137795e-07, 6.662838245574676e-07, 0.999998927116394], [4.3044946096415515e-07, 5.887964107387234e-07, 0.999998927116394], [2.578466364866472e-07, 3.194967348463251e-07, 0.9999994039535522], [1.5058196822792524e-07, 6.335941975521564e-07, 0.9999991655349731], [1.7798490148379642e-07, 1.6475077302402497e-07, 0.9999996423721313], [2.6937746611110924e-07, 4.203010348646785e-07, 0.9999992847442627], [3.671549393402529e-07, 4.499210319863778e-07, 0.9999991655349731], [2.394691023255291e-07, 5.583286224464246e-07, 0.9999991655349731], [8.417885624112387e-07, 2.278841293446021e-06, 0.9999969005584717], [2.1917497861068114e-07, 2.7726400730898604e-07, 0.9999995231628418], [1.167890388842352e-07, 1.4745999976639723e-07, 0.9999997615814209], [3.091651876729884e-07, 4.5252451741362165e-07, 0.9999992847442627], [0.9999933242797852, 2.6463328595127678e-06, 4.018999334221007e-06], [4.6075209070295386e-07, 7.34078241748648e-07, 0.9999988079071045], [1.600380130639678e-07, 4.315475337079988e-07, 0.9999994039535522], [2.099534981425677e-07, 5.262001536721073e-07, 0.9999992847442627], [7.220381803563214e-07, 3.785340823014849e-07, 0.999998927116394], [2.8211499625285796e-07, 1.0673015822249e-06, 0.9999986886978149], [1.9505021953136747e-07, 1.49902319890316e-07, 0.9999996423721313], [1.3176194215702708e-06, 1.8694805703489692e-07, 0.9999984502792358], [2.0315017934535717e-07, 2.5376536427756946e-07, 0.9999995231628418], [3.297523960554827e-07, 4.909249469164934e-07, 0.9999991655349731], [1.4204407250417717e-07, 3.767594876080693e-07, 0.9999995231628418]], "S4": [[4.097996679774951e-06, 1.7317822766926838e-06, 0.999994158744812], [5.446919999485544e-07, 6.33931279026001e-07, 0.9999988079071045], [4.525782344444451e-07, 7.719972927588969e-07, 0.9999988079071045], [4.6550937327083375e-07, 6.384769335454621e-07, 0.999998927116394], [8.414156695835118e-07, 9.442569535167422e-07, 0.9999982118606567], [6.348262786559644e-07, 1.1485268487376743e-06, 0.9999982118606567], [6.06314074502734e-07, 5.77291245917877e-07, 0.9999988079071045], [5.91462878674065e-07, 5.14027249209903e-07, 0.999998927116394], [6.551786668751447e-07, 7.084231583576184e-07, 0.9999986886978149], [5.014225052946131e-07, 6.505936198664131e-07, 0.9999988079071045], [5.762888122262666e-07, 9.656490647103055e-07, 0.9999984502792358], [1.105686578739551e-06, 7.971849527166341e-07, 0.9999980926513672], [6.890657573421777e-07, 1.2404105973473634e-06, 0.9999980926513672], [5.350294145500811e-07, 8.747915103413106e-07, 0.9999985694885254], [4.2135673083976144e-07, 7.618551762789139e-07, 0.9999988079071045], [9.340728865936399e-07, 5.031204750594043e-07, 0.9999985694885254], [5.264022320261574e-07, 5.880971798433166e-07, 0.999998927116394], [2.30414713087157e-07, 4.855402266912279e-07, 0.9999992847442627], [8.697790576661646e-07, 1.0045927183455206e-06, 0.9999980926513672], [5.665887101713452e-07, 8.165135341187124e-07, 0.9999985694885254], [6.182834795254166e-07, 1.0759654287539888e-06, 0.9999983310699463], [7.391834628833749e-07, 1.1959064067923464e-06, 0.9999980926513672]]}, "infer_command_tokens": ["I1s2_0_0", "I1s2_1_2", "I1s2_2_2", "I1s2_3_2", "I1s2_4_0", "I1s2_5_2", "I1s2_6_2", "I1s2_7_2", "I1s2_8_2", "I1s2_9_2", "I1s2_10_2", "I1s2_11_2", "I1s2_12_2", "I1s2_13_2", "I1s2_14_2", "I1s2_15_2", "I1s2_16_2", "I1s2_17_0", "I1s2_18_2", "I1s2_19_2", "I1s2_20_2", "I1s2_21_2", "I1s2_22_2", "I1s2_23_2", "I1s2_24_2", "I1s2_25_2", "I1s2_26_2", "I1s2_27_2", "I4_28", "C1_4", "R1_2", "R3_0", "S2s1_17", "S4_0_2", "S4_1_2", "S4_2_2", "S4_3_2", "S4_4_2", "S4_5_2", "S4_6_2", "S4_7_2", "S4_8_2", "S4_9_2", "S4_10_2", "S4_11_2", "S4_12_2", "S4_13_2", "S4_14_2", "S4_15_2", "S4_16_2", "S4_17_2", "S4_18_2", "S4_19_2", "S4_20_2", "S4_21_2", "B1s1_4", "TS1s1_0", "K1_0", "T1s1_1", "P4_2", "ST1_14", "EM1_2", "TM1_2"]}