{"text": "The music in minor key, with a compact pitch range of 3 octaves, creates a rich and dynamic sonic palette that results in a focused and impactful musical performance. The song, with a running time of 31 ~ 45 seconds and a moderate tempo, is just right for expressing dejection. This is achieved through the use of strings, drum, bass and pipe, bringing the music to life with the meter of 4/4 and around 13 ~ 16 bars in length. Overall, the combination of these musical elements results in a powerful and emotional musical experience.", "pred_labels": {"R1": [0, 0, 1], "R3": [0, 1, 0, 0], "S2s1": [0, 0, 0, 0, 0, 0, 0, 0, 0, 0, 0, 0, 0, 0, 0, 0, 0, 1], "B1s1": [0, 0, 0, 1, 0], "TS1s1": [1, 0, 0, 0, 0, 0, 0, 0], "K1": [0, 1, 0], "T1s1": [0, 1, 0, 0], "P4": [0, 0, 0, 1, 0, 0, 0, 0, 0, 0, 0, 0, 0], "EM1": [0, 0, 1, 0, 0], "TM1": [0, 0, 1, 0, 0, 0], "I1s2": [[0, 0, 1], [0, 0, 1], [0, 0, 1], [0, 0, 1], [0, 0, 1], [1, 0, 0], [0, 0, 1], [0, 0, 1], [0, 0, 1], [0, 0, 1], [1, 0, 0], [0, 0, 1], [0, 0, 1], [0, 0, 1], [0, 0, 1], [0, 0, 1], [0, 0, 1], [0, 0, 1], [0, 0, 1], [0, 0, 1], [0, 0, 1], [0, 0, 1], [0, 0, 1], [1, 0, 0], [0, 0, 1], [0, 0, 1], [0, 0, 1], [1, 0, 0]], "S4": [[0, 0, 1], [0, 0, 1], [0, 0, 1], [0, 0, 1], [0, 0, 1], [0, 0, 1], [0, 0, 1], [0, 0, 1], [0, 0, 1], [0, 0, 1], [0, 0, 1], [0, 0, 1], [0, 0, 1], [0, 0, 1], [0, 0, 1], [0, 0, 1], [0, 0, 1], [0, 0, 1], [0, 0, 1], [0, 0, 1], [0, 0, 1], [0, 0, 1]]}, "pred_probs": {"R1": [4.636191988538485e-06, 3.945059688703623e-06, 0.9999914169311523], "R3": [1.1959663197558257e-06, 0.9999958276748657, 1.080449010260054e-06, 1.882588890111947e-06], "S2s1": [2.794287638607784e-06, 2.591184056655038e-06, 4.708060714619933e-06, 3.3355333926010644e-06, 3.441207582000061e-06, 3.989758170064306e-06, 3.586164211810683e-06, 3.1489041703025578e-06, 2.7949115519732004e-06, 2.8292568003962515e-06, 5.1807892305077985e-06, 4.842114321945701e-06, 3.990968707512366e-06, 1.3569564316640026e-06, 3.8560983739444055e-06, 9.574301657266915e-06, 1.9674034774652682e-06, 0.9999361038208008], "B1s1": [9.041169732881826e-07, 1.0004475825553527e-06, 1.075212708201434e-06, 0.999996542930603, 4.917192768516543e-07], "TS1s1": [0.9999978542327881, 3.578884388844017e-07, 6.384427706507267e-07, 1.4969062078762363e-07, 2.970677428493218e-07, 1.5739637149181362e-07, 3.549716041106876e-07, 4.0488956187800795e-07], "K1": [3.3932784049284237e-07, 0.9999992847442627, 4.114533851407032e-07], "T1s1": [6.419681426450552e-07, 0.9999951124191284, 9.386945407641178e-07, 3.336350346216932e-06], "P4": [2.441540516429086e-07, 1.3303881019055552e-07, 8.558427566640603e-08, 0.9999974966049194, 1.8685108216232038e-07, 1.5024835420263116e-07, 2.8207617219777603e-07, 1.887070624206899e-07, 2.056387415905192e-07, 8.806789253412717e-08, 1.4128909242572263e-07, 3.329996332013252e-07, 4.1880306866914907e-07], "EM1": [3.4681600027397508e-06, 2.2138126496429322e-06, 0.9999891519546509, 3.1856598070589826e-06, 1.9073288513027364e-06], "TM1": [6.417391773538839e-07, 4.54060710808335e-07, 0.9999979734420776, 3.1918656873131113e-07, 2.962026712793886e-07, 3.575473499495274e-07], "I1s2": [[3.5967434541817056e-07, 3.6422588323148375e-07, 0.9999992847442627], [1.7939022711743746e-07, 2.924528246239788e-07, 0.9999995231628418], [3.5521563290785707e-07, 3.4597658782331564e-07, 0.9999992847442627], [6.445956728384772e-07, 3.2782036214484833e-06, 0.9999960660934448], [5.141675956110703e-07, 1.2842886008002097e-06, 0.9999982118606567], [0.9999922513961792, 3.3102794532169355e-06, 4.387896751723019e-06], [4.3033981000917265e-07, 7.101913865881215e-07, 0.9999988079071045], [2.543890218476008e-07, 3.2302926911143004e-07, 0.9999994039535522], [1.808099341360503e-07, 4.552645691546786e-07, 0.9999994039535522], [2.449736768994626e-07, 2.3492837897265417e-07, 0.9999995231628418], [0.9999921321868896, 4.112007900403114e-06, 3.836158612102736e-06], [4.350436029199045e-07, 6.023260539222974e-07, 0.999998927116394], [4.669856821237772e-07, 1.4538122741214465e-06, 0.9999980926513672], [1.0325542234568275e-06, 1.9074457213719143e-06, 0.9999970197677612], [2.8796927153962315e-07, 3.579876306503138e-07, 0.9999994039535522], [2.2615991213115194e-07, 3.4113648439415556e-07, 0.9999994039535522], [5.074210776001564e-07, 8.89010777882504e-07, 0.9999985694885254], [2.728714321165171e-07, 3.4056111530844646e-07, 0.9999994039535522], [4.468387260203599e-07, 6.846200335530739e-07, 0.999998927116394], [1.596822158944633e-07, 3.7142135056456027e-07, 0.9999995231628418], [2.3505445767568744e-07, 5.622677576866408e-07, 0.9999991655349731], [6.983453317843669e-07, 3.365621523698792e-07, 0.999998927116394], [2.1000512617774802e-07, 7.46883870306192e-07, 0.9999990463256836], [0.9999935626983643, 4.323662324168254e-06, 2.0894608496746514e-06], [1.7526339206597186e-06, 2.3422512640536297e-07, 0.9999979734420776], [2.173115092318767e-07, 4.45588227648841e-07, 0.9999992847442627], [5.479062679114577e-07, 1.0256053428747691e-06, 0.9999984502792358], [0.9999932050704956, 2.6505254027142655e-06, 4.1655212044133805e-06]], "S4": [[5.255114501778735e-06, 2.0713887352030724e-06, 0.9999927282333374], [5.172895498617436e-07, 6.297566415014444e-07, 0.9999988079071045], [4.804168156624655e-07, 5.950566901447019e-07, 0.999998927116394], [4.412729310843133e-07, 6.630289135500789e-07, 0.999998927116394], [8.180862778317533e-07, 9.045514843819547e-07, 0.9999983310699463], [5.781934078186168e-07, 1.24587609207083e-06, 0.9999982118606567], [6.501202847175591e-07, 6.735849069627875e-07, 0.9999986886978149], [5.650898060594045e-07, 4.5626623546013434e-07, 0.999998927116394], [6.351377237479028e-07, 7.911913257885317e-07, 0.9999985694885254], [5.183280791243305e-07, 6.557619371960755e-07, 0.9999988079071045], [4.953906227456173e-07, 1.0333792488381732e-06, 0.9999984502792358], [1.0546029898250708e-06, 7.546977371930552e-07, 0.9999982118606567], [7.18358819540299e-07, 1.2785885701305233e-06, 0.9999979734420776], [5.586402949120384e-07, 9.726854841574095e-07, 0.9999984502792358], [4.888079843112791e-07, 8.60807972458133e-07, 0.9999986886978149], [1.2109381941627362e-06, 8.277481811092002e-07, 0.9999979734420776], [7.097957563928503e-07, 8.909050279726216e-07, 0.9999984502792358], [2.3780913238624635e-07, 5.182699851502548e-07, 0.9999992847442627], [7.809434237060486e-07, 1.0003957413573517e-06, 0.9999982118606567], [5.42143084203417e-07, 8.469767180940835e-07, 0.9999985694885254], [5.572467784986657e-07, 9.381230938743101e-07, 0.9999984502792358], [7.554271519438771e-07, 1.0886277550525847e-06, 0.9999982118606567]]}, "infer_command_tokens": ["I1s2_0_2", "I1s2_1_2", "I1s2_2_2", "I1s2_3_2", "I1s2_4_2", "I1s2_5_0", "I1s2_6_2", "I1s2_7_2", "I1s2_8_2", "I1s2_9_2", "I1s2_10_0", "I1s2_11_2", "I1s2_12_2", "I1s2_13_2", "I1s2_14_2", "I1s2_15_2", "I1s2_16_2", "I1s2_17_2", "I1s2_18_2", "I1s2_19_2", "I1s2_20_2", "I1s2_21_2", "I1s2_22_2", "I1s2_23_0", "I1s2_24_2", "I1s2_25_2", "I1s2_26_2", "I1s2_27_0", "I4_28", "C1_4", "R1_2", "R3_1", "S2s1_17", "S4_0_2", "S4_1_2", "S4_2_2", "S4_3_2", "S4_4_2", "S4_5_2", "S4_6_2", "S4_7_2", "S4_8_2", "S4_9_2", "S4_10_2", "S4_11_2", "S4_12_2", "S4_13_2", "S4_14_2", "S4_15_2", "S4_16_2", "S4_17_2", "S4_18_2", "S4_19_2", "S4_20_2", "S4_21_2", "B1s1_3", "TS1s1_0", "K1_1", "T1s1_1", "P4_3", "ST1_14", "EM1_2", "TM1_2"]}