{"text": "The music in this song is a perfect example of the symphony sound, enriched by grand piano, sax, bass and flute. The pitch range of 5 octaves adds a distinctive character, emphasizing its emotional depth, while the minor key adds a unique flavor. With a length of 16 ~ 30 seconds, the rhythm of the song is comfortably moderate, and it is performed at a rapid pace. The music's time signature is 3/4.", "pred_labels": {"R1": [0, 0, 1], "R3": [0, 1, 0, 0], "S2s1": [0, 0, 0, 0, 0, 0, 0, 0, 0, 0, 0, 0, 0, 0, 0, 0, 0, 1], "B1s1": [0, 0, 0, 0, 1], "TS1s1": [0, 0, 1, 0, 0, 0, 0, 0], "K1": [0, 1, 0], "T1s1": [0, 0, 1, 0], "P4": [0, 0, 0, 0, 0, 1, 0, 0, 0, 0, 0, 0, 0], "EM1": [0, 0, 0, 0, 1], "TM1": [0, 1, 0, 0, 0, 0], "I1s2": [[1, 0, 0], [0, 0, 1], [0, 0, 1], [0, 0, 1], [0, 0, 1], [1, 0, 0], [0, 0, 1], [0, 0, 1], [0, 0, 1], [0, 0, 1], [0, 0, 1], [0, 0, 1], [0, 0, 1], [0, 0, 1], [0, 0, 1], [0, 0, 1], [0, 0, 1], [1, 0, 0], [0, 0, 1], [0, 0, 1], [0, 0, 1], [0, 0, 1], [1, 0, 0], [0, 0, 1], [0, 0, 1], [0, 0, 1], [0, 0, 1], [0, 0, 1]], "S4": [[0, 0, 1], [0, 0, 1], [0, 0, 1], [0, 0, 1], [0, 0, 1], [0, 0, 1], [0, 0, 1], [0, 0, 1], [0, 0, 1], [0, 0, 1], [0, 0, 1], [0, 0, 1], [0, 0, 1], [0, 0, 1], [0, 0, 1], [0, 0, 1], [0, 0, 1], [0, 0, 1], [0, 0, 1], [0, 0, 1], [0, 0, 1], [1, 0, 0]]}, "pred_probs": {"R1": [4.273790636943886e-06, 4.14925898439833e-06, 0.9999915361404419], "R3": [6.711742912557384e-07, 0.9999973773956299, 9.672332907939563e-07, 1.0102692158397986e-06], "S2s1": [2.450749434501631e-06, 3.0317482924147043e-06, 4.543708200799301e-06, 3.1061197205417557e-06, 3.5452540032565594e-06, 4.178995368420146e-06, 3.2506407023902284e-06, 3.034227347598062e-06, 2.7934383979300037e-06, 3.0539126782969106e-06, 4.947770776198013e-06, 5.032036369811976e-06, 4.032449396618176e-06, 1.3432789955913904e-06, 4.328378054196946e-06, 9.85209862847114e-06, 1.9981860077677993e-06, 0.9999353885650635], "B1s1": [6.667838079010835e-06, 5.634789431496756e-06, 8.473959496768657e-06, 2.2404431092581945e-06, 0.9999769926071167], "TS1s1": [2.3044185581966303e-07, 3.099890477642475e-07, 0.9999978542327881, 2.3082918687578058e-07, 4.826541157854081e-07, 3.538923465384869e-07, 2.367547295989425e-07, 2.39775232557804e-07], "K1": [3.168673856634996e-07, 0.9999992847442627, 4.0653958421899006e-07], "T1s1": [1.3047987295067287e-06, 1.1056030189138255e-06, 0.9999967813491821, 8.161687787833216e-07], "P4": [1.1290100587757479e-07, 2.155221210387026e-07, 2.039551532106998e-07, 2.2645015462785523e-07, 7.238596566594424e-08, 0.9999983310699463, 1.6137751401856804e-07, 1.0393700478061874e-07, 7.334015350579648e-08, 1.0118267823600036e-07, 1.8714334260039323e-07, 8.873279000454204e-08, 8.95946854484464e-08], "EM1": [1.954070739884628e-06, 2.419139491394162e-06, 4.72223837277852e-06, 1.405583225277951e-05, 0.9999768733978271], "TM1": [2.0322576688158733e-07, 0.9999986886978149, 3.4081301691912813e-07, 2.0833719815982477e-07, 1.9873418466431758e-07, 1.8871969587053172e-07], "I1s2": [[0.9999927282333374, 2.9650509532075375e-06, 4.245076979714213e-06], [2.0310774573317758e-07, 2.711611273298331e-07, 0.9999995231628418], [4.0183201122090395e-07, 3.389581308965717e-07, 0.9999992847442627], [5.602140618066187e-07, 3.1420349841937423e-06, 0.9999963045120239], [7.014086236267758e-07, 2.725371359701967e-06, 0.999996542930603], [0.9999916553497314, 4.018724212073721e-06, 4.291794994060183e-06], [3.8284349557216046e-07, 5.246832301963877e-07, 0.9999990463256836], [2.1511742431812308e-07, 3.147609959341935e-07, 0.9999995231628418], [2.177192754970747e-07, 7.499086791540321e-07, 0.9999990463256836], [2.1278954420722584e-07, 2.3732208376259223e-07, 0.9999995231628418], [4.1817887108663854e-07, 1.0746724683485809e-06, 0.9999984502792358], [6.500717972812708e-07, 9.250589414477872e-07, 0.9999984502792358], [4.749605579945637e-07, 1.6602624555162038e-06, 0.9999978542327881], [1.334039552602917e-06, 3.475209723546868e-06, 0.999995231628418], [2.714206175369327e-07, 3.6318948559710407e-07, 0.9999994039535522], [2.1972996933072864e-07, 3.583486716252082e-07, 0.9999994039535522], [7.561770871689077e-07, 1.6822150428197347e-06, 0.999997615814209], [0.9999929666519165, 2.6175648599746637e-06, 4.451358108781278e-06], [4.502754507029749e-07, 6.760085966561746e-07, 0.999998927116394], [1.5339742276410107e-07, 4.494974064073176e-07, 0.9999994039535522], [2.6510849693295313e-07, 9.337854294244607e-07, 0.9999988079071045], [7.21250160040654e-07, 3.2364212643187784e-07, 0.999998927116394], [0.9999940395355225, 3.0448061352217337e-06, 2.861048187696724e-06], [1.8204917751063476e-07, 1.8426557346629124e-07, 0.9999996423721313], [1.5192948694675579e-06, 2.004693726576079e-07, 0.9999983310699463], [2.486876553575712e-07, 4.2181730464108114e-07, 0.9999992847442627], [5.211013558437116e-07, 1.2931991477671545e-06, 0.9999982118606567], [1.4609867093895446e-07, 3.230992717817571e-07, 0.9999995231628418]], "S4": [[5.1708998398680706e-06, 1.963206159416586e-06, 0.999992847442627], [5.800770850328263e-07, 5.833758223161567e-07, 0.9999988079071045], [4.387693479657173e-07, 7.139229296626581e-07, 0.9999988079071045], [4.552036045879504e-07, 6.304778139565315e-07, 0.999998927116394], [7.866257192290504e-07, 9.837906418397324e-07, 0.9999982118606567], [6.281302944444178e-07, 1.0023765071309754e-06, 0.9999983310699463], [6.206698799360311e-07, 6.423005061151343e-07, 0.9999986886978149], [6.066739501875418e-07, 4.1716134546732064e-07, 0.999998927116394], [5.895119556953432e-07, 7.837744533389923e-07, 0.9999985694885254], [4.659956971408974e-07, 6.681889317405876e-07, 0.9999988079071045], [5.226852977102681e-07, 8.622308769190568e-07, 0.9999985694885254], [1.121581931329274e-06, 8.321570135194634e-07, 0.9999980926513672], [6.818515316808771e-07, 1.2653811154450523e-06, 0.9999980926513672], [5.659255180034961e-07, 1.0223046729151974e-06, 0.9999984502792358], [4.3694996065823943e-07, 7.839376507945417e-07, 0.9999988079071045], [9.942639280779986e-07, 6.417229201360897e-07, 0.9999983310699463], [1.0429344001749996e-06, 1.332703732259688e-06, 0.999997615814209], [2.2103255048477877e-07, 6.26661289970798e-07, 0.9999991655349731], [7.389115239675448e-07, 1.042168491949269e-06, 0.9999982118606567], [4.951385790263885e-07, 7.643774324606056e-07, 0.9999986886978149], [5.094050266052363e-07, 1.156239704869222e-06, 0.9999983310699463], [0.9999897480010986, 6.995524472586112e-06, 3.205941084161168e-06]]}, "infer_command_tokens": ["I1s2_0_0", "I1s2_1_2", "I1s2_2_2", "I1s2_3_2", "I1s2_4_2", "I1s2_5_0", "I1s2_6_2", "I1s2_7_2", "I1s2_8_2", "I1s2_9_2", "I1s2_10_2", "I1s2_11_2", "I1s2_12_2", "I1s2_13_2", "I1s2_14_2", "I1s2_15_2", "I1s2_16_2", "I1s2_17_0", "I1s2_18_2", "I1s2_19_2", "I1s2_20_2", "I1s2_21_2", "I1s2_22_0", "I1s2_23_2", "I1s2_24_2", "I1s2_25_2", "I1s2_26_2", "I1s2_27_2", "I4_28", "C1_4", "R1_2", "R3_1", "S2s1_17", "S4_0_2", "S4_1_2", "S4_2_2", "S4_3_2", "S4_4_2", "S4_5_2", "S4_6_2", "S4_7_2", "S4_8_2", "S4_9_2", "S4_10_2", "S4_11_2", "S4_12_2", "S4_13_2", "S4_14_2", "S4_15_2", "S4_16_2", "S4_17_2", "S4_18_2", "S4_19_2", "S4_20_2", "S4_21_0", "B1s1_4", "TS1s1_2", "K1_1", "T1s1_2", "P4_5", "ST1_14", "EM1_4", "TM1_1"]}