{"text": "The use of a specific pitch range of 5 octaves creates a cohesive and unified sound throughout the musical piece, while its utilization of the major key forms a rich and dynamic sonic palette. With a duration of 31 ~ 45 seconds, this song captivates listeners with its powerful and driving beat, further enhanced by the inclusion of drum, guitar and bass. Following a 4/4 meter, the music moves at a balanced rate, maintaining its unmistakable RnB and pop style.", "pred_labels": {"R1": [0, 0, 1], "R3": [0, 0, 1, 0], "S2s1": [0, 0, 0, 0, 0, 0, 0, 0, 0, 0, 0, 0, 0, 0, 0, 0, 0, 1], "B1s1": [0, 0, 0, 0, 1], "TS1s1": [1, 0, 0, 0, 0, 0, 0, 0], "K1": [1, 0, 0], "T1s1": [0, 1, 0, 0], "P4": [0, 0, 0, 0, 0, 1, 0, 0, 0, 0, 0, 0, 0], "EM1": [0, 0, 0, 0, 1], "TM1": [0, 0, 1, 0, 0, 0], "I1s2": [[0, 0, 1], [0, 0, 1], [0, 0, 1], [0, 0, 1], [1, 0, 0], [1, 0, 0], [0, 0, 1], [0, 0, 1], [0, 0, 1], [0, 0, 1], [0, 0, 1], [0, 0, 1], [0, 0, 1], [0, 0, 1], [0, 0, 1], [0, 0, 1], [0, 0, 1], [0, 0, 1], [0, 0, 1], [0, 0, 1], [0, 0, 1], [0, 0, 1], [0, 0, 1], [0, 0, 1], [0, 0, 1], [0, 0, 1], [0, 0, 1], [1, 0, 0]], "S4": [[0, 0, 1], [0, 0, 1], [0, 0, 1], [0, 0, 1], [0, 0, 1], [0, 0, 1], [0, 0, 1], [1, 0, 0], [0, 0, 1], [0, 0, 1], [0, 0, 1], [0, 0, 1], [0, 0, 1], [1, 0, 0], [0, 0, 1], [0, 0, 1], [0, 0, 1], [0, 0, 1], [0, 0, 1], [0, 0, 1], [0, 0, 1], [0, 0, 1]]}, "pred_probs": {"R1": [4.353771601017797e-06, 4.237487246427918e-06, 0.9999914169311523], "R3": [6.554766969202319e-07, 3.0095877718849806e-06, 0.9999957084655762, 5.631829367302998e-07], "S2s1": [2.6670334136724705e-06, 2.6129102934646653e-06, 4.456726401258493e-06, 3.0950257041695295e-06, 3.676976348288008e-06, 4.048139544465812e-06, 3.311086175017408e-06, 2.939777687060996e-06, 2.9421057661238592e-06, 3.067459829253494e-06, 4.9309496716887224e-06, 5.081723884359235e-06, 3.693766075230087e-06, 1.2810901353077497e-06, 4.134234131925041e-06, 9.564686479279771e-06, 1.8993886214957456e-06, 0.9999364614486694], "B1s1": [6.186153768794611e-06, 5.2017771849932615e-06, 1.0034484148491174e-05, 2.097704964398872e-06, 0.9999765157699585], "TS1s1": [0.9999974966049194, 3.1447530091099907e-07, 7.61112687541754e-07, 1.5397033337194443e-07, 3.2621920809106086e-07, 1.4450014873546024e-07, 3.359427864779718e-07, 4.326547866639885e-07], "K1": [0.9999996423721313, 1.1067321992186407e-07, 2.334670341497258e-07], "T1s1": [1.3071493185634608e-06, 0.9999970197677612, 8.468292094221397e-07, 7.972244020493235e-07], "P4": [1.1713493819343057e-07, 2.868390254207043e-07, 3.0953617624618346e-07, 4.286608543679904e-07, 8.068475665368169e-08, 0.9999978542327881, 1.508917080172978e-07, 1.3938017673353897e-07, 7.511986410690952e-08, 1.3717021829506848e-07, 2.470024753620237e-07, 1.0725202059802541e-07, 1.1278731193442582e-07], "EM1": [2.76212358585326e-06, 3.848376763926353e-06, 6.9634484134439845e-06, 2.053907883237116e-05, 0.9999659061431885], "TM1": [6.710230309181497e-07, 4.5580912910736515e-07, 0.9999979734420776, 3.200607636699715e-07, 2.8749718694598414e-07, 3.4945134075314854e-07], "I1s2": [[3.0342087598000944e-07, 3.303467508430913e-07, 0.9999994039535522], [2.3630128964668984e-07, 2.6832424282474676e-07, 0.9999995231628418], [3.320764108138974e-07, 3.546631717199489e-07, 0.9999992847442627], [5.365989750316658e-07, 3.013777586602373e-06, 0.9999964237213135], [0.9999935626983643, 3.1948193282005377e-06, 3.1801250770513434e-06], [0.9999927282333374, 3.586835873647942e-06, 3.723269173860899e-06], [4.044921411150426e-07, 5.843409098815755e-07, 0.9999990463256836], [2.7072442776443495e-07, 3.325359614336776e-07, 0.9999994039535522], [1.561697899887804e-07, 5.390810429162229e-07, 0.9999992847442627], [2.3515566738296911e-07, 2.80099214933216e-07, 0.9999995231628418], [3.105291455085535e-07, 5.785607868347142e-07, 0.9999991655349731], [3.7592695889543393e-07, 6.002909458402428e-07, 0.9999990463256836], [3.114270157311694e-07, 1.0093410764966393e-06, 0.9999986886978149], [7.99754559466237e-07, 2.5304170776507817e-06, 0.9999966621398926], [2.1260352411900385e-07, 3.154079593059578e-07, 0.9999995231628418], [1.7993149015183008e-07, 1.630259021112579e-07, 0.9999996423721313], [4.4660518483397027e-07, 7.527336833845766e-07, 0.9999988079071045], [2.708781323690346e-07, 2.448265377097414e-07, 0.9999995231628418], [4.820174126507482e-07, 7.944615845190128e-07, 0.9999986886978149], [1.528191972965942e-07, 3.923757958546048e-07, 0.9999994039535522], [2.0743109985232877e-07, 4.779570303981018e-07, 0.9999992847442627], [5.666624360856076e-07, 3.3412146649425267e-07, 0.9999990463256836], [1.6083907894426375e-07, 9.066740744856361e-07, 0.999998927116394], [1.556316249207157e-07, 1.5460041424830706e-07, 0.9999996423721313], [2.6628083560353843e-06, 2.4071835014183307e-07, 0.9999971389770508], [1.9305521448131913e-07, 3.7423265553115925e-07, 0.9999994039535522], [4.6369387973754783e-07, 1.041353016262292e-06, 0.9999984502792358], [0.9999933242797852, 2.7214873625780456e-06, 3.9132578422140796e-06]], "S4": [[4.183415967418114e-06, 1.6165895431186073e-06, 0.999994158744812], [5.408305696619209e-07, 6.66086805267696e-07, 0.9999988079071045], [4.3113431047459017e-07, 6.833121801719244e-07, 0.999998927116394], [4.4007475707985577e-07, 6.490437840511731e-07, 0.999998927116394], [7.180324246292002e-07, 8.319486255459196e-07, 0.9999984502792358], [5.864692411705619e-07, 1.0677388218027772e-06, 0.9999983310699463], [5.859138241248729e-07, 5.744201416746364e-07, 0.9999988079071045], [0.9999839067459106, 1.2059777873218991e-05, 4.0906415961217135e-06], [6.312482696557709e-07, 7.997065267772996e-07, 0.9999985694885254], [5.038086214881332e-07, 6.479094736278057e-07, 0.9999988079071045], [4.7315884899035154e-07, 9.949832247002632e-07, 0.9999985694885254], [9.988732472265838e-07, 8.278668701677816e-07, 0.9999982118606567], [6.609084834963141e-07, 1.3042742921243189e-06, 0.9999980926513672], [0.9999727010726929, 2.122746991517488e-05, 6.071352800063323e-06], [4.6350609750334115e-07, 8.806501909930375e-07, 0.9999986886978149], [8.493831842315558e-07, 6.258253506530309e-07, 0.9999985694885254], [6.209658067746204e-07, 8.087637297649053e-07, 0.9999985694885254], [2.042556985770716e-07, 5.373318003876193e-07, 0.9999992847442627], [8.901420756046718e-07, 9.651846539782127e-07, 0.9999980926513672], [5.25381040006323e-07, 7.937610462249722e-07, 0.9999986886978149], [5.633535238303011e-07, 1.2036389307468198e-06, 0.9999982118606567], [7.394818339889753e-07, 1.0975762734233285e-06, 0.9999982118606567]]}, "infer_command_tokens": ["I1s2_0_2", "I1s2_1_2", "I1s2_2_2", "I1s2_3_2", "I1s2_4_0", "I1s2_5_0", "I1s2_6_2", "I1s2_7_2", "I1s2_8_2", "I1s2_9_2", "I1s2_10_2", "I1s2_11_2", "I1s2_12_2", "I1s2_13_2", "I1s2_14_2", "I1s2_15_2", "I1s2_16_2", "I1s2_17_2", "I1s2_18_2", "I1s2_19_2", "I1s2_20_2", "I1s2_21_2", "I1s2_22_2", "I1s2_23_2", "I1s2_24_2", "I1s2_25_2", "I1s2_26_2", "I1s2_27_0", "I4_28", "C1_4", "R1_2", "R3_2", "S2s1_17", "S4_0_2", "S4_1_2", "S4_2_2", "S4_3_2", "S4_4_2", "S4_5_2", "S4_6_2", "S4_7_0", "S4_8_2", "S4_9_2", "S4_10_2", "S4_11_2", "S4_12_2", "S4_13_0", "S4_14_2", "S4_15_2", "S4_16_2", "S4_17_2", "S4_18_2", "S4_19_2", "S4_20_2", "S4_21_2", "B1s1_4", "TS1s1_0", "K1_0", "T1s1_1", "P4_5", "ST1_14", "EM1_4", "TM1_2"]}