{"text": "The music in this song is a perfect example of the country and latin sound, enriched by grand piano, drum and bass. The pitch range of 5 octaves adds a distinctive character, emphasizing its emotional depth, while the major key adds a unique flavor. With a length of about 20 seconds, the rhythm of the song is comfortably moderate, and it is performed at a rapid pace. The music's time signature is 6/8.", "pred_labels": {"R1": [0, 0, 1], "R3": [0, 1, 0, 0], "S2s1": [0, 0, 0, 0, 0, 0, 0, 0, 0, 0, 0, 0, 0, 0, 0, 0, 0, 1], "B1s1": [0, 0, 0, 0, 1], "TS1s1": [0, 0, 0, 0, 1, 0, 0, 0], "K1": [1, 0, 0], "T1s1": [0, 0, 1, 0], "P4": [0, 0, 0, 0, 0, 1, 0, 0, 0, 0, 0, 0, 0], "EM1": [0, 0, 0, 0, 1], "TM1": [0, 1, 0, 0, 0, 0], "I1s2": [[1, 0, 0], [0, 0, 1], [0, 0, 1], [0, 0, 1], [0, 0, 1], [1, 0, 0], [0, 0, 1], [0, 0, 1], [0, 0, 1], [0, 0, 1], [0, 0, 1], [0, 0, 1], [0, 0, 1], [0, 0, 1], [0, 0, 1], [0, 0, 1], [0, 0, 1], [0, 0, 1], [0, 0, 1], [0, 0, 1], [0, 0, 1], [0, 0, 1], [0, 0, 1], [0, 0, 1], [0, 0, 1], [0, 0, 1], [0, 0, 1], [1, 0, 0]], "S4": [[0, 0, 1], [0, 0, 1], [0, 0, 1], [0, 0, 1], [0, 0, 1], [0, 0, 1], [0, 0, 1], [0, 0, 1], [1, 0, 0], [0, 0, 1], [0, 0, 1], [0, 0, 1], [0, 0, 1], [0, 0, 1], [0, 0, 1], [0, 0, 1], [0, 0, 1], [0, 0, 1], [0, 0, 1], [0, 0, 1], [1, 0, 0], [0, 0, 1]]}, "pred_probs": {"R1": [4.259508386894595e-06, 4.287564024707535e-06, 0.9999914169311523], "R3": [7.289482368832978e-07, 0.9999973773956299, 9.79394599198713e-07, 9.474313173996052e-07], "S2s1": [2.6698876354203094e-06, 2.791991391859483e-06, 4.6615518840553705e-06, 3.112710828645504e-06, 3.7707363844674546e-06, 4.041260581288952e-06, 3.203630058123963e-06, 3.031990672752727e-06, 2.931702283603954e-06, 3.099954710705788e-06, 4.849656306760153e-06, 4.876034381595673e-06, 3.850174834951758e-06, 1.3407368442130974e-06, 4.290730430511758e-06, 9.518538718111813e-06, 1.8720659227255965e-06, 0.9999361038208008], "B1s1": [7.006001396803185e-06, 5.175102614884963e-06, 8.787343176663853e-06, 2.356647428314318e-06, 0.999976634979248], "TS1s1": [4.3921352244069567e-07, 2.3032761475860752e-07, 9.724296887725359e-07, 2.017031306422723e-07, 0.9999969005584717, 4.207913377740624e-07, 4.3182640752092993e-07, 3.170727893575531e-07], "K1": [0.9999996423721313, 1.26563222124787e-07, 2.4026917344599497e-07], "T1s1": [1.3996710777064436e-06, 1.1348402040312067e-06, 0.9999966621398926, 8.655502483634336e-07], "P4": [1.192775869185425e-07, 2.5116520419032895e-07, 2.393275622125657e-07, 2.608727811548306e-07, 7.155737336006496e-08, 0.9999982118606567, 1.3829318845637317e-07, 1.2399618753988761e-07, 6.832586052496481e-08, 1.0957913332276803e-07, 2.2252980613757245e-07, 8.889099945008638e-08, 9.388598698478745e-08], "EM1": [2.1880787244299427e-06, 1.9920062186429277e-06, 4.586394879879663e-06, 7.2578272920509335e-06, 0.9999840259552002], "TM1": [1.9110092353002983e-07, 0.9999986886978149, 3.0404515882764827e-07, 2.1662690130597184e-07, 2.1108168368755287e-07, 2.1724507348608313e-07], "I1s2": [[0.9999926090240479, 2.8877047952846624e-06, 4.521835307969013e-06], [2.010150268461075e-07, 2.3816257055386814e-07, 0.9999995231628418], [3.9092128645279445e-07, 3.617124377797154e-07, 0.9999992847442627], [6.401406267286802e-07, 3.486551804599003e-06, 0.9999958276748657], [6.184300787026586e-07, 1.5102624502105755e-06, 0.9999978542327881], [0.9999920129776001, 3.889507297571981e-06, 4.1106154640147e-06], [4.025541215924022e-07, 5.837855496793054e-07, 0.9999990463256836], [2.3499825374528882e-07, 3.246785240662575e-07, 0.9999994039535522], [2.242610150915425e-07, 5.943932137597585e-07, 0.9999991655349731], [2.4029000655900745e-07, 2.574287236711825e-07, 0.9999995231628418], [3.7578462297460646e-07, 7.104449082362407e-07, 0.999998927116394], [6.438574473577319e-07, 8.581651513850375e-07, 0.9999984502792358], [3.441072351506591e-07, 1.3640500355904805e-06, 0.9999983310699463], [1.2594114195962902e-06, 3.0135740871628514e-06, 0.9999957084655762], [2.605752342788037e-07, 3.603005893637601e-07, 0.9999994039535522], [2.2158896229029779e-07, 3.997344606432307e-07, 0.9999994039535522], [6.36481217952678e-07, 1.152294316852931e-06, 0.9999982118606567], [3.311633918201551e-07, 2.467043600518082e-07, 0.9999994039535522], [4.846448291573324e-07, 7.466209126505419e-07, 0.9999988079071045], [1.547521719658107e-07, 4.2640840547392145e-07, 0.9999994039535522], [2.29235922688531e-07, 6.653980904047785e-07, 0.9999990463256836], [8.085604008556402e-07, 3.148304585920414e-07, 0.999998927116394], [2.0238260844962497e-07, 6.84702456510422e-07, 0.9999991655349731], [1.5970658751029987e-07, 1.6715827655389148e-07, 0.9999996423721313], [1.8675738147067023e-06, 2.077420333534974e-07, 0.9999979734420776], [2.560176994848007e-07, 4.4274042920733336e-07, 0.9999992847442627], [5.034884793531091e-07, 1.1860095128213288e-06, 0.9999983310699463], [0.999992847442627, 2.483373009454226e-06, 4.609376901498763e-06]], "S4": [[5.883279300178401e-06, 1.9361516478966223e-06, 0.9999921321868896], [6.33113700132526e-07, 6.565778676304035e-07, 0.9999986886978149], [4.4483775241133117e-07, 6.893068302815664e-07, 0.9999988079071045], [4.6916082396819547e-07, 7.022683234936267e-07, 0.9999988079071045], [7.867352564971952e-07, 1.0425501386635005e-06, 0.9999982118606567], [5.99042039084452e-07, 1.0430266002003918e-06, 0.9999983310699463], [6.34465834536968e-07, 6.426834602279996e-07, 0.9999986886978149], [6.789309168198088e-07, 3.867723137318535e-07, 0.999998927116394], [0.9999661445617676, 2.870086427719798e-05, 5.076575689599849e-06], [4.899080181530735e-07, 6.79966888128547e-07, 0.9999988079071045], [4.66836297619011e-07, 1.0193656407864182e-06, 0.9999985694885254], [1.0998918469340424e-06, 8.622296832072607e-07, 0.9999980926513672], [6.551500746354577e-07, 1.3363058997128974e-06, 0.9999979734420776], [5.830774512105563e-07, 9.399607279192423e-07, 0.9999984502792358], [4.584710211474885e-07, 8.571715852667694e-07, 0.9999986886978149], [1.0044531109087984e-06, 7.057174684632628e-07, 0.9999983310699463], [7.784755098327878e-07, 9.574928299116436e-07, 0.9999982118606567], [2.0987062043786864e-07, 5.598423626906879e-07, 0.9999992847442627], [7.349527777478215e-07, 9.868513188848738e-07, 0.9999983310699463], [5.020522166887531e-07, 6.535063334922597e-07, 0.9999988079071045], [0.999983549118042, 1.0837251466000453e-05, 5.650221737596439e-06], [8.514215323884855e-07, 1.1736323131117388e-06, 0.9999979734420776]]}, "infer_command_tokens": ["I1s2_0_0", "I1s2_1_2", "I1s2_2_2", "I1s2_3_2", "I1s2_4_2", "I1s2_5_0", "I1s2_6_2", "I1s2_7_2", "I1s2_8_2", "I1s2_9_2", "I1s2_10_2", "I1s2_11_2", "I1s2_12_2", "I1s2_13_2", "I1s2_14_2", "I1s2_15_2", "I1s2_16_2", "I1s2_17_2", "I1s2_18_2", "I1s2_19_2", "I1s2_20_2", "I1s2_21_2", "I1s2_22_2", "I1s2_23_2", "I1s2_24_2", "I1s2_25_2", "I1s2_26_2", "I1s2_27_0", "I4_28", "C1_4", "R1_2", "R3_1", "S2s1_17", "S4_0_2", "S4_1_2", "S4_2_2", "S4_3_2", "S4_4_2", "S4_5_2", "S4_6_2", "S4_7_2", "S4_8_0", "S4_9_2", "S4_10_2", "S4_11_2", "S4_12_2", "S4_13_2", "S4_14_2", "S4_15_2", "S4_16_2", "S4_17_2", "S4_18_2", "S4_19_2", "S4_20_0", "S4_21_2", "B1s1_4", "TS1s1_4", "K1_0", "T1s1_2", "P4_5", "ST1_14", "EM1_4", "TM1_1"]}