{"text": "The music being described here has a limited pitch range of 5 octaves, which creates a focus on the nuances of tone and phrasing. It is played in the minor key, giving it a distinct and resonant sound. The song's length is about 40 seconds, but despite its brevity, it boasts an exceptionally energetic beat. The music is further enriched by the use of grand piano, drum and voice, and its 4/4 time signature gives it a unique structure. This music is played at a moderate tempo and is imbued with a strong sense of contentment. Overall, it is a captivating piece that showcases the skillful composition and performance of its creators.", "pred_labels": {"R1": [0, 0, 1], "R3": [0, 0, 1, 0], "S2s1": [0, 0, 0, 0, 0, 0, 0, 0, 0, 0, 0, 0, 0, 0, 0, 0, 0, 1], "B1s1": [0, 0, 0, 0, 1], "TS1s1": [1, 0, 0, 0, 0, 0, 0, 0], "K1": [0, 1, 0], "T1s1": [0, 1, 0, 0], "P4": [0, 0, 0, 0, 0, 1, 0, 0, 0, 0, 0, 0, 0], "EM1": [1, 0, 0, 0, 0], "TM1": [0, 0, 1, 0, 0, 0], "I1s2": [[1, 0, 0], [0, 0, 1], [0, 0, 1], [0, 0, 1], [0, 0, 1], [0, 0, 1], [0, 0, 1], [0, 0, 1], [0, 0, 1], [0, 0, 1], [0, 0, 1], [1, 0, 0], [0, 0, 1], [0, 0, 1], [0, 0, 1], [0, 0, 1], [0, 0, 1], [0, 0, 1], [0, 0, 1], [0, 0, 1], [0, 0, 1], [0, 0, 1], [0, 0, 1], [0, 0, 1], [0, 0, 1], [0, 0, 1], [0, 0, 1], [1, 0, 0]], "S4": [[0, 0, 1], [0, 0, 1], [0, 0, 1], [0, 0, 1], [0, 0, 1], [0, 0, 1], [0, 0, 1], [0, 0, 1], [0, 0, 1], [0, 0, 1], [0, 0, 1], [0, 0, 1], [0, 0, 1], [0, 0, 1], [0, 0, 1], [0, 0, 1], [0, 0, 1], [0, 0, 1], [0, 0, 1], [0, 0, 1], [0, 0, 1], [0, 0, 1]]}, "pred_probs": {"R1": [4.522175004240125e-06, 3.902152457158081e-06, 0.9999915361404419], "R3": [6.491135877695342e-07, 1.157026645159931e-06, 0.9999977350234985, 4.830463922189665e-07], "S2s1": [2.5447293410252314e-06, 2.488273594281054e-06, 3.97203120883205e-06, 3.0463363600574667e-06, 3.5377065614738967e-06, 4.321940195950447e-06, 3.3307862850051606e-06, 2.705968654481694e-06, 2.842356252585887e-06, 2.7431765374785755e-06, 5.3882245083514135e-06, 5.07425738760503e-06, 3.441449280217057e-06, 1.2180460089439293e-06, 3.7630579754477367e-06, 1.0088190720125567e-05, 1.7615649312574533e-06, 0.9999376535415649], "B1s1": [6.176356237119762e-06, 4.421824542077957e-06, 9.67574305832386e-06, 2.2602805529459147e-06, 0.9999774694442749], "TS1s1": [0.9999977350234985, 2.9962268399685854e-07, 5.486331815518497e-07, 1.4135476078536158e-07, 3.0014405183464987e-07, 1.5403924180645845e-07, 3.357775710810529e-07, 3.7769956406918936e-07], "K1": [3.812440922956739e-07, 0.9999992847442627, 3.53069623315605e-07], "T1s1": [8.420780091000779e-07, 0.9999973773956299, 8.033142080421385e-07, 9.149043194156548e-07], "P4": [9.28989720705431e-08, 2.3911354674055474e-07, 1.9794306638232229e-07, 3.434802806623338e-07, 7.437809301791276e-08, 0.9999982118606567, 1.4160916350647312e-07, 1.0028100660974815e-07, 8.108837334930286e-08, 1.0011913076368728e-07, 2.2561053469871695e-07, 9.584022109265788e-08, 8.050492539268816e-08], "EM1": [0.9999692440032959, 1.7096805095206946e-05, 4.6265449782367796e-06, 5.327121925802203e-06, 3.6598771657736506e-06], "TM1": [5.438154744297208e-07, 4.2086168150490266e-07, 0.9999980926513672, 3.614854620082042e-07, 3.126081367099687e-07, 2.903852873714641e-07], "I1s2": [[0.9999938011169434, 2.622977035571239e-06, 3.562906840670621e-06], [2.077994309956921e-07, 2.350695638142497e-07, 0.9999995231628418], [3.726236457168852e-07, 2.9569025628006784e-07, 0.9999992847442627], [2.9517451594074373e-07, 8.457016065221978e-07, 0.9999988079071045], [2.791186375361576e-07, 6.036430022504646e-07, 0.9999991655349731], [4.522150618413434e-07, 5.269950520414568e-07, 0.9999990463256836], [3.650450821623963e-07, 5.632745683215035e-07, 0.9999990463256836], [2.513807260129397e-07, 2.891865165111085e-07, 0.9999994039535522], [1.0755601209666565e-07, 2.1727139198901568e-07, 0.9999996423721313], [2.098346811862939e-07, 1.5888807070041366e-07, 0.9999996423721313], [2.8259341888769995e-07, 3.38872240490673e-07, 0.9999994039535522], [0.999993085861206, 2.04084926735959e-06, 4.8532865548622794e-06], [2.2799477505941468e-07, 4.4187740400047915e-07, 0.9999992847442627], [5.199178758630296e-07, 4.648763649583998e-07, 0.9999990463256836], [1.7703891330711485e-07, 1.9563779574127693e-07, 0.9999996423721313], [1.0926645188646944e-07, 1.394227240325563e-07, 0.9999997615814209], [3.1551917345495895e-07, 3.858723971461586e-07, 0.9999992847442627], [2.815188224758458e-07, 2.0439331649413361e-07, 0.9999995231628418], [4.299850218103529e-07, 6.463377530963044e-07, 0.999998927116394], [1.446915547376193e-07, 3.629357365753094e-07, 0.9999995231628418], [1.9265718265160103e-07, 5.293201752465393e-07, 0.9999992847442627], [7.067780529723677e-07, 3.250560496326216e-07, 0.999998927116394], [2.95329186883464e-07, 4.8874107960728e-07, 0.9999991655349731], [1.23939983609489e-07, 9.87249393347156e-08, 0.9999997615814209], [2.0523707462416496e-06, 1.7236087046512694e-07, 0.9999977350234985], [2.2527220266965742e-07, 2.4479200533278345e-07, 0.9999995231628418], [3.05441517411964e-07, 3.6581428730642074e-07, 0.9999992847442627], [0.9999933242797852, 2.593164026620798e-06, 4.069213900947943e-06]], "S4": [[7.011804882495198e-06, 1.8055300188279944e-06, 0.9999911785125732], [5.350254923541797e-07, 5.29466888110619e-07, 0.999998927116394], [4.5394381231744774e-07, 6.254067557165399e-07, 0.999998927116394], [4.596790574851184e-07, 6.127543201728258e-07, 0.999998927116394], [7.719992254351382e-07, 8.236822282015055e-07, 0.9999984502792358], [5.384960104493075e-07, 8.29846555916447e-07, 0.9999986886978149], [6.847375288998592e-07, 5.502403155333013e-07, 0.9999988079071045], [5.18373610702838e-07, 5.030626653024228e-07, 0.999998927116394], [5.963927378616063e-07, 6.687007498840103e-07, 0.9999986886978149], [5.340049256119528e-07, 6.730039103786112e-07, 0.9999988079071045], [4.916640250485216e-07, 9.430181080460898e-07, 0.9999985694885254], [1.2620317875189357e-06, 7.929902494652197e-07, 0.9999979734420776], [7.02948568687134e-07, 1.1539085562617402e-06, 0.9999980926513672], [4.957310579811747e-07, 7.856199886191462e-07, 0.9999986886978149], [3.998840440999629e-07, 7.534454198321328e-07, 0.9999988079071045], [8.14622069356119e-07, 4.778049742526491e-07, 0.9999986886978149], [4.6372952056117356e-07, 5.018800379730237e-07, 0.9999990463256836], [2.140426147434482e-07, 4.973356908521964e-07, 0.9999992847442627], [7.640594503754983e-07, 9.154776989817037e-07, 0.9999983310699463], [5.961704232504417e-07, 7.075170742609771e-07, 0.9999986886978149], [5.193660967961478e-07, 9.638016535973293e-07, 0.9999985694885254], [7.530239827246987e-07, 1.1145903044962324e-06, 0.9999980926513672]]}, "infer_command_tokens": ["I1s2_0_0", "I1s2_1_2", "I1s2_2_2", "I1s2_3_2", "I1s2_4_2", "I1s2_5_2", "I1s2_6_2", "I1s2_7_2", "I1s2_8_2", "I1s2_9_2", "I1s2_10_2", "I1s2_11_0", "I1s2_12_2", "I1s2_13_2", "I1s2_14_2", "I1s2_15_2", "I1s2_16_2", "I1s2_17_2", "I1s2_18_2", "I1s2_19_2", "I1s2_20_2", "I1s2_21_2", "I1s2_22_2", "I1s2_23_2", "I1s2_24_2", "I1s2_25_2", "I1s2_26_2", "I1s2_27_0", "I4_28", "C1_4", "R1_2", "R3_2", "S2s1_17", "S4_0_2", "S4_1_2", "S4_2_2", "S4_3_2", "S4_4_2", "S4_5_2", "S4_6_2", "S4_7_2", "S4_8_2", "S4_9_2", "S4_10_2", "S4_11_2", "S4_12_2", "S4_13_2", "S4_14_2", "S4_15_2", "S4_16_2", "S4_17_2", "S4_18_2", "S4_19_2", "S4_20_2", "S4_21_2", "B1s1_4", "TS1s1_0", "K1_1", "T1s1_1", "P4_5", "ST1_14", "EM1_0", "TM1_2"]}