{"text": "The compact pitch range of 4 octaves results in a focused and impactful musical performance, while the major key gives this music a special emotional quality. With a running time of 31 ~ 45 seconds, the song captivates listeners with its dynamic rhythm. The music, brought to life through piano and strings, showcases a 4/4 meter and maintains a moderate pace. Throughout the composition, the music radiates pessimism.", "pred_labels": {"R1": [0, 0, 1], "R3": [0, 0, 1, 0], "S2s1": [0, 0, 0, 0, 0, 0, 0, 0, 0, 0, 0, 0, 0, 0, 0, 0, 0, 1], "B1s1": [0, 0, 0, 0, 1], "TS1s1": [1, 0, 0, 0, 0, 0, 0, 0], "K1": [1, 0, 0], "T1s1": [0, 1, 0, 0], "P4": [0, 0, 0, 0, 1, 0, 0, 0, 0, 0, 0, 0, 0], "EM1": [0, 0, 1, 0, 0], "TM1": [0, 0, 1, 0, 0, 0], "I1s2": [[1, 0, 0], [0, 0, 1], [0, 0, 1], [0, 0, 1], [0, 0, 1], [0, 0, 1], [0, 0, 1], [0, 0, 1], [0, 0, 1], [0, 0, 1], [1, 0, 0], [0, 0, 1], [0, 0, 1], [0, 0, 1], [0, 0, 1], [0, 0, 1], [0, 0, 1], [0, 0, 1], [0, 0, 1], [0, 0, 1], [0, 0, 1], [0, 0, 1], [0, 0, 1], [0, 0, 1], [0, 0, 1], [0, 0, 1], [0, 0, 1], [0, 0, 1]], "S4": [[0, 0, 1], [0, 0, 1], [0, 0, 1], [0, 0, 1], [0, 0, 1], [0, 0, 1], [0, 0, 1], [0, 0, 1], [0, 0, 1], [0, 0, 1], [0, 0, 1], [0, 0, 1], [0, 0, 1], [0, 0, 1], [0, 0, 1], [0, 0, 1], [0, 0, 1], [0, 0, 1], [0, 0, 1], [0, 0, 1], [0, 0, 1], [0, 0, 1]]}, "pred_probs": {"R1": [4.3238551370450296e-06, 4.270929821359459e-06, 0.9999914169311523], "R3": [5.381577352636668e-07, 1.2813495686714305e-06, 0.9999978542327881, 3.766704708141333e-07], "S2s1": [2.409772605460603e-06, 2.512488663342083e-06, 4.3957829802820925e-06, 3.2816565180837642e-06, 3.7278821309882915e-06, 3.773908474613563e-06, 3.428912350500468e-06, 2.745982783380896e-06, 2.5003864720929414e-06, 3.037164333363762e-06, 4.793986590811983e-06, 5.38627318746876e-06, 3.709168595378287e-06, 1.3113381100993138e-06, 4.02211981054279e-06, 8.99634869711008e-06, 1.985234803214553e-06, 0.9999377727508545], "B1s1": [5.8085988712264225e-06, 5.402975602919469e-06, 9.324347047368065e-06, 2.1117575670359656e-06, 0.9999773502349854], "TS1s1": [0.9999971389770508, 4.917735054732475e-07, 9.510902714282565e-07, 1.3817847843711206e-07, 3.159427706123097e-07, 1.558595386086381e-07, 3.3540868571435567e-07, 4.287889225906838e-07], "K1": [0.9999996423721313, 1.173047294855678e-07, 2.190742662833145e-07], "T1s1": [1.0518758699618047e-06, 0.9999971389770508, 7.05649995325075e-07, 1.0999976893799612e-06], "P4": [1.8373069110566576e-07, 9.109243137572776e-08, 7.724959516508534e-08, 6.251020323588818e-08, 0.9999984502792358, 9.955510904546827e-08, 1.1158324042526147e-07, 1.6072169728431618e-07, 1.1170888569722592e-07, 1.8853471317470394e-07, 1.4871133657834434e-07, 1.1329243676527767e-07, 2.136673771246933e-07], "EM1": [3.709964175868663e-06, 1.387481574965932e-06, 0.9999901056289673, 2.837256715793046e-06, 1.918202542583458e-06], "TM1": [6.294751528912457e-07, 4.782035034622822e-07, 0.9999979734420776, 3.126319825241808e-07, 2.8463483658924815e-07, 3.429712478464353e-07], "I1s2": [[0.999993085861206, 2.928270305346814e-06, 3.920936705981148e-06], [2.2939873645100306e-07, 2.3566079221382097e-07, 0.9999995231628418], [2.7901836574528716e-07, 2.737046429501788e-07, 0.9999994039535522], [2.2964904644595663e-07, 7.242430797305133e-07, 0.9999990463256836], [1.8457893702361616e-07, 4.2541770994830586e-07, 0.9999994039535522], [3.9294522480304295e-07, 5.35842559656885e-07, 0.9999990463256836], [3.7564711874438217e-07, 4.865975711254578e-07, 0.9999991655349731], [2.401493475190364e-07, 2.924564626027859e-07, 0.9999995231628418], [1.1192121718295311e-07, 2.447805798055924e-07, 0.9999996423721313], [2.306324375922486e-07, 1.21232616834277e-07, 0.9999996423721313], [0.9999916553497314, 4.333594461058965e-06, 4.109857400180772e-06], [3.3902091445270344e-07, 2.0670481148954423e-07, 0.9999994039535522], [2.211002652074967e-07, 4.890661102763261e-07, 0.9999992847442627], [4.330335627855675e-07, 5.258884812064935e-07, 0.9999990463256836], [1.9873377254953084e-07, 2.2951755340727686e-07, 0.9999995231628418], [1.1359930596199774e-07, 1.4738802178726473e-07, 0.9999997615814209], [2.786232471407857e-07, 3.315346930321539e-07, 0.9999994039535522], [2.514574646284018e-07, 2.3594459719333827e-07, 0.9999995231628418], [4.416303625021101e-07, 6.633577527281886e-07, 0.999998927116394], [1.506409006424292e-07, 3.9967727616385673e-07, 0.9999994039535522], [2.240047933810274e-07, 3.450790302395035e-07, 0.9999994039535522], [6.541418429151236e-07, 3.1866741778685537e-07, 0.9999990463256836], [2.2985899761351902e-07, 5.413654093899822e-07, 0.9999992847442627], [1.2981678310097777e-07, 1.0171591213747888e-07, 0.9999997615814209], [1.2134822782172705e-06, 1.624511867248657e-07, 0.9999985694885254], [1.8778987964651606e-07, 2.6068363467857125e-07, 0.9999995231628418], [2.996446255565388e-07, 3.191039184002875e-07, 0.9999994039535522], [1.4626401423356583e-07, 2.8703433940791e-07, 0.9999995231628418]], "S4": [[3.792958750636899e-06, 1.4242041288525797e-06, 0.9999947547912598], [5.714739472750807e-07, 5.855049494130071e-07, 0.9999988079071045], [4.2735263150461833e-07, 7.128092534003372e-07, 0.9999988079071045], [4.696281621363596e-07, 6.863340331619838e-07, 0.9999988079071045], [7.074021937114594e-07, 8.743685384615674e-07, 0.9999984502792358], [5.273406031847117e-07, 9.730435976962326e-07, 0.9999984502792358], [5.64651827517082e-07, 5.138841174812114e-07, 0.999998927116394], [5.394789468482486e-07, 5.056165832684201e-07, 0.999998927116394], [6.114564712333959e-07, 7.199752189990249e-07, 0.9999986886978149], [4.880864707956789e-07, 7.245648134812654e-07, 0.9999988079071045], [5.052336291555548e-07, 1.0269041013089009e-06, 0.9999984502792358], [1.0707283308875049e-06, 8.431530318375735e-07, 0.9999980926513672], [6.773936434001371e-07, 1.2175598840258317e-06, 0.9999980926513672], [5.03668218243547e-07, 8.78343485055666e-07, 0.9999985694885254], [4.387872820643679e-07, 8.271593401332211e-07, 0.9999986886978149], [7.659441507712472e-07, 5.125629627400485e-07, 0.9999986886978149], [4.516267608778435e-07, 5.460610168483981e-07, 0.9999990463256836], [2.167714825418443e-07, 4.984225370208151e-07, 0.9999992847442627], [7.562784958281554e-07, 1.0019119827120448e-06, 0.9999982118606567], [5.179539925848076e-07, 6.850444833617075e-07, 0.9999988079071045], [5.009969754610211e-07, 9.160351623904717e-07, 0.9999985694885254], [7.114219329196203e-07, 1.1834263204946183e-06, 0.9999980926513672]]}, "infer_command_tokens": ["I1s2_0_0", "I1s2_1_2", "I1s2_2_2", "I1s2_3_2", "I1s2_4_2", "I1s2_5_2", "I1s2_6_2", "I1s2_7_2", "I1s2_8_2", "I1s2_9_2", "I1s2_10_0", "I1s2_11_2", "I1s2_12_2", "I1s2_13_2", "I1s2_14_2", "I1s2_15_2", "I1s2_16_2", "I1s2_17_2", "I1s2_18_2", "I1s2_19_2", "I1s2_20_2", "I1s2_21_2", "I1s2_22_2", "I1s2_23_2", "I1s2_24_2", "I1s2_25_2", "I1s2_26_2", "I1s2_27_2", "I4_28", "C1_4", "R1_2", "R3_2", "S2s1_17", "S4_0_2", "S4_1_2", "S4_2_2", "S4_3_2", "S4_4_2", "S4_5_2", "S4_6_2", "S4_7_2", "S4_8_2", "S4_9_2", "S4_10_2", "S4_11_2", "S4_12_2", "S4_13_2", "S4_14_2", "S4_15_2", "S4_16_2", "S4_17_2", "S4_18_2", "S4_19_2", "S4_20_2", "S4_21_2", "B1s1_4", "TS1s1_0", "K1_0", "T1s1_1", "P4_4", "ST1_14", "EM1_2", "TM1_2"]}