{"text": "The music in this song conveys a unique and resonant sound with its use of the minor key. It has a duration of about 15 bars, and the rhythm is highly vigorous. The use of piano, percussion, guitar, bass, strings, synthesizer and drum is vital to the music and adds to its distinctiveness.", "pred_labels": {"R1": [0, 0, 1], "R3": [0, 0, 1, 0], "S2s1": [0, 0, 0, 0, 0, 0, 0, 0, 0, 0, 0, 0, 0, 0, 0, 0, 0, 1], "B1s1": [0, 0, 0, 1, 0], "TS1s1": [0, 0, 0, 0, 0, 0, 0, 1], "K1": [0, 1, 0], "T1s1": [0, 0, 0, 1], "P4": [0, 0, 0, 0, 0, 0, 0, 0, 0, 0, 0, 0, 1], "EM1": [0, 0, 0, 0, 1], "TM1": [0, 0, 0, 0, 0, 1], "I1s2": [[1, 0, 0], [0, 0, 1], [1, 0, 0], [0, 0, 1], [1, 0, 0], [1, 0, 0], [0, 0, 1], [0, 0, 1], [0, 0, 1], [0, 0, 1], [1, 0, 0], [0, 0, 1], [0, 0, 1], [0, 0, 1], [0, 0, 1], [0, 0, 1], [0, 0, 1], [0, 0, 1], [0, 0, 1], [0, 0, 1], [0, 0, 1], [0, 0, 1], [0, 0, 1], [0, 0, 1], [1, 0, 0], [0, 0, 1], [0, 0, 1], [1, 0, 0]], "S4": [[0, 0, 1], [0, 0, 1], [0, 0, 1], [0, 0, 1], [0, 0, 1], [0, 0, 1], [0, 0, 1], [0, 0, 1], [0, 0, 1], [0, 0, 1], [0, 0, 1], [0, 0, 1], [0, 0, 1], [0, 0, 1], [0, 0, 1], [0, 0, 1], [0, 0, 1], [0, 0, 1], [0, 0, 1], [0, 0, 1], [0, 0, 1], [0, 0, 1]]}, "pred_probs": {"R1": [4.251616701367311e-06, 3.8026760194043163e-06, 0.9999918937683105], "R3": [9.984217967939912e-07, 1.2725804481306113e-06, 0.9999971389770508, 5.694741389561386e-07], "S2s1": [2.799974026856944e-06, 2.893244300139486e-06, 5.93266940995818e-06, 3.482052989056683e-06, 3.934571850550128e-06, 4.816877662960906e-06, 3.4493125440349104e-06, 4.112784154131077e-06, 3.089423671553959e-06, 2.7884411792911123e-06, 5.864602826477494e-06, 4.63444530396373e-06, 3.975469098804751e-06, 1.2123801980123972e-06, 5.5714999689371325e-06, 1.1269227798038628e-05, 1.8292834056410356e-06, 0.9999282360076904], "B1s1": [9.340569704363588e-07, 9.353843211101776e-07, 8.288910748888156e-07, 0.9999967813491821, 5.346306011233537e-07], "TS1s1": [7.012178571130789e-07, 1.3038292081546388e-06, 8.911742384043464e-07, 1.844584517129988e-06, 8.733732670407335e-07, 1.8165861774832592e-06, 4.776216155732982e-05, 0.999944806098938], "K1": [3.2308716413353977e-07, 0.9999992847442627, 3.98108767285521e-07], "T1s1": [2.4078476599243004e-06, 1.0785654467326822e-06, 1.4211954066922772e-06, 0.9999951124191284], "P4": [4.7466866703871347e-07, 4.2952524381689727e-07, 4.417977095272363e-07, 5.027950464864261e-07, 8.681689109835133e-07, 2.403089354174881e-07, 5.477211857396469e-07, 2.850358384876017e-07, 4.7574818040629907e-07, 5.365267838897125e-07, 3.8442516370196245e-07, 4.670725957112154e-07, 0.9999943971633911], "EM1": [2.1573555386567023e-06, 2.0682307422248414e-06, 3.7506758872041246e-06, 5.7686220316099934e-06, 0.9999862909317017], "TM1": [3.4155357298004674e-07, 6.73333147460653e-07, 4.0344565377381514e-07, 7.158603807511099e-07, 7.682753278004384e-08, 0.9999977350234985], "I1s2": [[0.9999939203262329, 2.753899934759829e-06, 3.337151611049194e-06], [1.9462875400222401e-07, 3.652781401797256e-07, 0.9999994039535522], [0.9999933242797852, 2.855387265299214e-06, 3.7932427403575275e-06], [5.855646918462298e-07, 3.503270590954344e-06, 0.9999959468841553], [0.9999924898147583, 3.341691581226769e-06, 4.172881745034829e-06], [0.9999922513961792, 3.767680709643173e-06, 3.947941877413541e-06], [5.389192097027262e-07, 8.488114531246538e-07, 0.9999985694885254], [2.46380380986011e-07, 3.549908171862626e-07, 0.9999994039535522], [2.5207447151842644e-07, 2.352930323468172e-06, 0.9999973773956299], [3.008684359429026e-07, 3.8097078913779114e-07, 0.9999992847442627], [0.9999916553497314, 4.13056068282458e-06, 4.165411610301817e-06], [6.419230089704797e-07, 1.0316834959667176e-06, 0.9999983310699463], [5.770655775449995e-07, 2.5420176825718954e-06, 0.9999969005584717], [1.4648165915787104e-06, 4.081519364262931e-06, 0.9999943971633911], [4.511927613748412e-07, 6.571274298039498e-07, 0.999998927116394], [2.391172415627807e-07, 4.1678453044369235e-07, 0.9999992847442627], [7.748892016934406e-07, 1.7338736597594107e-06, 0.9999974966049194], [2.9746817631348677e-07, 4.487833109578787e-07, 0.9999992847442627], [5.07186825871031e-07, 1.1171446203661617e-06, 0.9999983310699463], [1.4228618283596006e-07, 5.172616965865018e-07, 0.9999992847442627], [3.174784808379627e-07, 1.1169616982442676e-06, 0.9999985694885254], [7.641377806066885e-07, 3.7383472317742417e-07, 0.9999988079071045], [2.6616316972649656e-07, 1.5474025758521748e-06, 0.9999982118606567], [2.0186492122320487e-07, 2.6582767986838007e-07, 0.9999995231628418], [0.9999924898147583, 2.9170278139645234e-06, 4.682864528149366e-06], [3.0097169201326324e-07, 6.708663704557694e-07, 0.9999990463256836], [5.128446787239227e-07, 1.6281065882139956e-06, 0.9999978542327881], [0.999994158744812, 2.5318831831100397e-06, 3.294032694611815e-06]], "S4": [[4.541784164757701e-06, 2.0244951883796602e-06, 0.9999934434890747], [5.429131419987243e-07, 6.05978812018293e-07, 0.9999988079071045], [4.501732746575726e-07, 6.367050673361518e-07, 0.999998927116394], [4.615283728526265e-07, 6.206652756191033e-07, 0.999998927116394], [8.744065667087852e-07, 1.013771338875813e-06, 0.9999980926513672], [6.665673595307453e-07, 1.2839125247410266e-06, 0.9999980926513672], [6.961628287172061e-07, 6.604149120903458e-07, 0.9999986886978149], [5.737533115279803e-07, 5.587731379819161e-07, 0.9999988079071045], [7.044675953693513e-07, 8.137196232382848e-07, 0.9999984502792358], [4.715211048278434e-07, 7.228366598610592e-07, 0.9999988079071045], [5.019400077799219e-07, 1.0453280765432282e-06, 0.9999984502792358], [1.1753169246730977e-06, 8.083537181846623e-07, 0.9999979734420776], [7.323978366002848e-07, 1.561928570481541e-06, 0.9999977350234985], [5.277692025629221e-07, 1.1149074907734757e-06, 0.9999983310699463], [7.452909471794555e-07, 1.0114769111169153e-06, 0.9999982118606567], [1.7721827134664636e-06, 1.238032723449578e-06, 0.9999970197677612], [1.1437570037742262e-06, 1.4953025129216257e-06, 0.9999973773956299], [2.243981498395442e-07, 6.308773663477041e-07, 0.9999991655349731], [8.64202831962757e-07, 1.1559416179807158e-06, 0.9999979734420776], [5.368980282582925e-07, 9.036119195116044e-07, 0.9999985694885254], [5.22834795901872e-07, 1.0198391464655288e-06, 0.9999984502792358], [7.648312703167903e-07, 1.1907351336049032e-06, 0.9999980926513672]]}, "infer_command_tokens": ["I1s2_0_0", "I1s2_1_2", "I1s2_2_0", "I1s2_3_2", "I1s2_4_0", "I1s2_5_0", "I1s2_6_2", "I1s2_7_2", "I1s2_8_2", "I1s2_9_2", "I1s2_10_0", "I1s2_11_2", "I1s2_12_2", "I1s2_13_2", "I1s2_14_2", "I1s2_15_2", "I1s2_16_2", "I1s2_17_2", "I1s2_18_2", "I1s2_19_2", "I1s2_20_2", "I1s2_21_2", "I1s2_22_2", "I1s2_23_2", "I1s2_24_0", "I1s2_25_2", "I1s2_26_2", "I1s2_27_0", "I4_28", "C1_4", "R1_2", "R3_2", "S2s1_17", "S4_0_2", "S4_1_2", "S4_2_2", "S4_3_2", "S4_4_2", "S4_5_2", "S4_6_2", "S4_7_2", "S4_8_2", "S4_9_2", "S4_10_2", "S4_11_2", "S4_12_2", "S4_13_2", "S4_14_2", "S4_15_2", "S4_16_2", "S4_17_2", "S4_18_2", "S4_19_2", "S4_20_2", "S4_21_2", "B1s1_3", "TS1s1_7", "K1_1", "T1s1_3", "P4_12", "ST1_14", "EM1_4", "TM1_5"]}