{"text": "The music being discussed here has a limited pitch range of 5 octaves, which allows for a greater emphasis on the nuances of tone and phrasing. Additionally, the choice of minor key results in a captivating and memorable experience for the listener. The song itself has a duration of about 40 seconds and is composed with a dynamic rhythm. The use of guitar adds to the overall musical composition, while the time signature of the music is 4/4. This song is performed at a moderate pace and is known for its enthusiasm nature. Finally, it is worth noting that the song has a duration of about 14 bars, making it a complete and well-rounded musical experience.", "pred_labels": {"R1": [0, 0, 1], "R3": [0, 0, 1, 0], "S2s1": [0, 0, 0, 0, 0, 0, 0, 0, 0, 0, 0, 0, 0, 0, 0, 0, 0, 1], "B1s1": [0, 0, 0, 1, 0], "TS1s1": [1, 0, 0, 0, 0, 0, 0, 0], "K1": [0, 1, 0], "T1s1": [0, 1, 0, 0], "P4": [0, 0, 0, 0, 0, 1, 0, 0, 0, 0, 0, 0, 0], "EM1": [1, 0, 0, 0, 0], "TM1": [0, 0, 1, 0, 0, 0], "I1s2": [[0, 0, 1], [0, 0, 1], [0, 0, 1], [0, 0, 1], [1, 0, 0], [0, 0, 1], [0, 0, 1], [0, 0, 1], [0, 0, 1], [0, 0, 1], [0, 0, 1], [0, 0, 1], [0, 0, 1], [0, 0, 1], [0, 0, 1], [0, 0, 1], [0, 0, 1], [0, 0, 1], [0, 0, 1], [0, 0, 1], [0, 0, 1], [0, 0, 1], [0, 0, 1], [0, 0, 1], [0, 0, 1], [0, 0, 1], [0, 0, 1], [0, 0, 1]], "S4": [[0, 0, 1], [0, 0, 1], [0, 0, 1], [0, 0, 1], [0, 0, 1], [0, 0, 1], [0, 0, 1], [0, 0, 1], [0, 0, 1], [0, 0, 1], [0, 0, 1], [0, 0, 1], [0, 0, 1], [0, 0, 1], [0, 0, 1], [0, 0, 1], [0, 0, 1], [0, 0, 1], [0, 0, 1], [0, 0, 1], [0, 0, 1], [0, 0, 1]]}, "pred_probs": {"R1": [4.510288363235304e-06, 3.872668912663357e-06, 0.9999916553497314], "R3": [7.167052444856381e-07, 1.1816775895567844e-06, 0.9999974966049194, 6.12787346199184e-07], "S2s1": [2.412254616501741e-06, 2.204747943324037e-06, 3.7016293390479404e-06, 3.094066187259159e-06, 3.504244432406267e-06, 4.156471277383389e-06, 3.3120363696070854e-06, 2.424739705020329e-06, 2.5866909254546044e-06, 2.9753809940302745e-06, 4.0871168494049925e-06, 5.936786692473106e-06, 3.6973037822463084e-06, 1.3580014410763397e-06, 3.4336032967985375e-06, 8.236982466769405e-06, 1.9743622488022083e-06, 0.9999411106109619], "B1s1": [1.0090886917168973e-06, 9.382806069879734e-07, 1.0503003977646586e-06, 0.999996542930603, 4.71431008008949e-07], "TS1s1": [0.9999977350234985, 3.3525313369864307e-07, 6.362897124745359e-07, 1.319100135788176e-07, 3.2763821877779264e-07, 1.52563529809413e-07, 3.347052768276626e-07, 3.677757547393412e-07], "K1": [3.8498836829603533e-07, 0.9999992847442627, 3.512054718157742e-07], "T1s1": [8.808679581306933e-07, 0.9999970197677612, 7.814789455551363e-07, 1.3693372693523997e-06], "P4": [9.976781711884541e-08, 2.18669867990684e-07, 1.9410137497288815e-07, 3.271578918884188e-07, 7.114732625268516e-08, 0.9999983310699463, 1.3137966448084626e-07, 1.1618509887512118e-07, 7.206278240801112e-08, 1.0798177640936046e-07, 2.2344852368405554e-07, 8.73239613952137e-08, 8.079197044708053e-08], "EM1": [0.9999678134918213, 1.8853956134989858e-05, 3.031841060874285e-06, 6.428551841963781e-06, 3.892760105372872e-06], "TM1": [4.976624268238083e-07, 4.1230759961763397e-07, 0.9999980926513672, 3.704006701354956e-07, 3.158334322961309e-07, 2.7894563459085475e-07], "I1s2": [[3.4109908142454515e-07, 2.776720009478595e-07, 0.9999994039535522], [2.3073097565884382e-07, 2.1638467728735122e-07, 0.9999995231628418], [3.8334667351591634e-07, 2.809177601648116e-07, 0.9999992847442627], [2.8776662475138437e-07, 5.942090410826495e-07, 0.9999991655349731], [0.9999932050704956, 2.9440213893394684e-06, 3.862339781335322e-06], [4.4461816628427187e-07, 5.144926831235352e-07, 0.9999990463256836], [3.4881315968959825e-07, 5.045137072556827e-07, 0.9999991655349731], [2.1921489690157614e-07, 2.9925857347734564e-07, 0.9999995231628418], [1.441164698690045e-07, 3.711766680680739e-07, 0.9999995231628418], [1.794287669554251e-07, 1.1658895715527251e-07, 0.9999997615814209], [3.221727524760354e-07, 2.753209855654859e-07, 0.9999994039535522], [3.905020946604054e-07, 4.903372996523103e-07, 0.9999991655349731], [2.6996050905836455e-07, 3.093059035563783e-07, 0.9999994039535522], [9.881630376185058e-07, 1.6034454120017472e-06, 0.9999973773956299], [1.877827315865943e-07, 1.8980101401666616e-07, 0.9999996423721313], [1.1320705084472138e-07, 1.0728433608164778e-07, 0.9999997615814209], [3.1909235076454934e-07, 3.346196706388582e-07, 0.9999994039535522], [2.8269559493310226e-07, 1.8195491691130883e-07, 0.9999995231628418], [4.402787681101472e-07, 5.804573675050051e-07, 0.999998927116394], [1.6727562979212962e-07, 3.299289801361738e-07, 0.9999995231628418], [2.0835028635701747e-07, 3.12300500127094e-07, 0.9999995231628418], [6.567227615050797e-07, 3.23476456287608e-07, 0.9999990463256836], [2.044093889708165e-07, 7.4304182362539e-07, 0.9999990463256836], [1.634477939660428e-07, 1.168349399449653e-07, 0.9999997615814209], [1.2702228104899405e-06, 1.4976411932821065e-07, 0.9999985694885254], [2.110021597445666e-07, 2.0923955901253066e-07, 0.9999995231628418], [3.05727382965415e-07, 3.5539724763111735e-07, 0.9999992847442627], [1.5065701575167623e-07, 2.9227217623883917e-07, 0.9999995231628418]], "S4": [[4.564212758850772e-06, 1.6695760223228717e-06, 0.9999938011169434], [5.428718168332125e-07, 5.69741871458973e-07, 0.999998927116394], [4.164160714026366e-07, 6.797757237109181e-07, 0.999998927116394], [4.5157159433983907e-07, 6.298936341408989e-07, 0.999998927116394], [8.01094017788273e-07, 8.832033131511707e-07, 0.9999983310699463], [5.579631192631496e-07, 9.004788807942532e-07, 0.9999985694885254], [6.212259791027464e-07, 5.166358505448443e-07, 0.9999988079071045], [5.532824047804752e-07, 4.425739916769089e-07, 0.9999990463256836], [5.709542278964364e-07, 6.713871698593721e-07, 0.9999988079071045], [5.215441660766373e-07, 6.602253961318638e-07, 0.9999988079071045], [5.198338612899533e-07, 9.076608762370597e-07, 0.9999985694885254], [1.2276427696633618e-06, 8.008615282051323e-07, 0.9999979734420776], [6.825022182965768e-07, 1.081072127817606e-06, 0.9999982118606567], [4.958606041327585e-07, 8.596102247793169e-07, 0.9999986886978149], [4.01686207851526e-07, 8.211914632738626e-07, 0.9999988079071045], [8.336937753483653e-07, 4.544426701613702e-07, 0.9999986886978149], [4.7631559141336766e-07, 5.282822144181409e-07, 0.9999990463256836], [2.1067737066005066e-07, 5.238348421698902e-07, 0.9999992847442627], [7.928816216917767e-07, 8.749689754949941e-07, 0.9999983310699463], [5.431813292489096e-07, 7.90759941082797e-07, 0.9999986886978149], [5.175647856958676e-07, 9.431701073481236e-07, 0.9999985694885254], [7.396292289740813e-07, 1.0746322232080274e-06, 0.9999982118606567]]}, "infer_command_tokens": ["I1s2_0_2", "I1s2_1_2", "I1s2_2_2", "I1s2_3_2", "I1s2_4_0", "I1s2_5_2", "I1s2_6_2", "I1s2_7_2", "I1s2_8_2", "I1s2_9_2", "I1s2_10_2", "I1s2_11_2", "I1s2_12_2", "I1s2_13_2", "I1s2_14_2", "I1s2_15_2", "I1s2_16_2", "I1s2_17_2", "I1s2_18_2", "I1s2_19_2", "I1s2_20_2", "I1s2_21_2", "I1s2_22_2", "I1s2_23_2", "I1s2_24_2", "I1s2_25_2", "I1s2_26_2", "I1s2_27_2", "I4_28", "C1_4", "R1_2", "R3_2", "S2s1_17", "S4_0_2", "S4_1_2", "S4_2_2", "S4_3_2", "S4_4_2", "S4_5_2", "S4_6_2", "S4_7_2", "S4_8_2", "S4_9_2", "S4_10_2", "S4_11_2", "S4_12_2", "S4_13_2", "S4_14_2", "S4_15_2", "S4_16_2", "S4_17_2", "S4_18_2", "S4_19_2", "S4_20_2", "S4_21_2", "B1s1_3", "TS1s1_0", "K1_1", "T1s1_1", "P4_5", "ST1_14", "EM1_0", "TM1_2"]}