{"text": "The music's limited pitch range of 5 octaves allows for a greater emphasis on the nuances of tone and phrasing, while the major key adds a unique flavor to this music. With a running time of 31 ~ 45 seconds, the song maintains a tempo that is just right. The musical performance showcases the skilled use of piano, strings and drum, complemented by the meter of 4/4. With a moderate tempo, this music is defined by its delight.", "pred_labels": {"R1": [0, 0, 1], "R3": [0, 1, 0, 0], "S2s1": [0, 0, 0, 0, 0, 0, 0, 0, 0, 0, 0, 0, 0, 0, 0, 0, 0, 1], "B1s1": [0, 0, 0, 0, 1], "TS1s1": [1, 0, 0, 0, 0, 0, 0, 0], "K1": [1, 0, 0], "T1s1": [0, 1, 0, 0], "P4": [0, 0, 0, 0, 0, 1, 0, 0, 0, 0, 0, 0, 0], "EM1": [1, 0, 0, 0, 0], "TM1": [0, 0, 1, 0, 0, 0], "I1s2": [[1, 0, 0], [0, 0, 1], [0, 0, 1], [0, 0, 1], [0, 0, 1], [0, 0, 1], [0, 0, 1], [0, 0, 1], [0, 0, 1], [0, 0, 1], [1, 0, 0], [0, 0, 1], [0, 0, 1], [0, 0, 1], [0, 0, 1], [0, 0, 1], [0, 0, 1], [0, 0, 1], [0, 0, 1], [0, 0, 1], [0, 0, 1], [0, 0, 1], [0, 0, 1], [0, 0, 1], [0, 0, 1], [0, 0, 1], [0, 0, 1], [1, 0, 0]], "S4": [[0, 0, 1], [0, 0, 1], [0, 0, 1], [0, 0, 1], [0, 0, 1], [0, 0, 1], [0, 0, 1], [0, 0, 1], [0, 0, 1], [0, 0, 1], [0, 0, 1], [0, 0, 1], [0, 0, 1], [0, 0, 1], [0, 0, 1], [0, 0, 1], [0, 0, 1], [0, 0, 1], [0, 0, 1], [0, 0, 1], [0, 0, 1], [0, 0, 1]]}, "pred_probs": {"R1": [4.689714387495769e-06, 4.027202066936297e-06, 0.9999912977218628], "R3": [2.065558874164708e-06, 0.9999934434890747, 2.3881170818640385e-06, 2.129343101842096e-06], "S2s1": [2.3977438559086295e-06, 2.4684948130015982e-06, 4.780348717758898e-06, 3.188361461070599e-06, 3.931371338694589e-06, 3.7690197132178582e-06, 3.422778945605387e-06, 2.8005397325614467e-06, 2.867759121727431e-06, 2.9991153951414162e-06, 4.6787545215920545e-06, 5.7206461860914715e-06, 3.647520543381688e-06, 1.2988257367396727e-06, 4.16916827816749e-06, 9.28318786463933e-06, 1.847988755798724e-06, 0.999936580657959], "B1s1": [5.980803962302161e-06, 4.941634415445151e-06, 8.713103852642234e-06, 2.2690701371175237e-06, 0.9999780654907227], "TS1s1": [0.999997615814209, 3.4339197441113356e-07, 6.594021897399216e-07, 1.4329759778775042e-07, 3.024574368737376e-07, 1.5600846836605342e-07, 3.2720916465223127e-07, 3.8451111095128e-07], "K1": [0.9999996423721313, 1.1218880047181301e-07, 2.4391394504164055e-07], "T1s1": [1.2291345683479449e-06, 0.9999420642852783, 1.8165638948630658e-06, 5.499080361914821e-05], "P4": [1.1857856208052908e-07, 2.7537888058759563e-07, 2.9509038768082974e-07, 3.991202106590208e-07, 8.075696911191699e-08, 0.9999979734420776, 1.283332693446937e-07, 1.2819505457173364e-07, 7.765447662677616e-08, 1.219376457584076e-07, 2.3758123290917865e-07, 1.0820646423326252e-07, 9.549952295628827e-08], "EM1": [0.9999644756317139, 2.443745506752748e-05, 2.9288512450875714e-06, 4.445284048415488e-06, 3.638377393144765e-06], "TM1": [6.241644996407558e-07, 4.6821514843031764e-07, 0.9999980926513672, 2.909379759330477e-07, 2.8534284979286895e-07, 3.2874538646865403e-07], "I1s2": [[0.999994158744812, 2.880574584196438e-06, 2.9380332762229955e-06], [2.05378682949231e-07, 2.419972986444918e-07, 0.9999995231628418], [2.6675201070247567e-07, 2.710496858071565e-07, 0.9999994039535522], [2.7289627269055927e-07, 9.604208344171639e-07, 0.9999988079071045], [2.8067697144251724e-07, 6.628640107919637e-07, 0.9999990463256836], [3.9440678278879204e-07, 5.546983743442979e-07, 0.9999990463256836], [4.2087492602149723e-07, 5.615935378955328e-07, 0.9999990463256836], [2.523126170217438e-07, 3.124359864159487e-07, 0.9999994039535522], [1.2198437104871118e-07, 2.6231961669509474e-07, 0.9999996423721313], [2.1424241936074395e-07, 1.478140774224812e-07, 0.9999996423721313], [0.9999918937683105, 4.283483576728031e-06, 3.766303279917338e-06], [3.229223750622623e-07, 2.3228813006426208e-07, 0.9999994039535522], [2.6443993306202174e-07, 5.809397976008768e-07, 0.9999991655349731], [4.1124104654954863e-07, 5.242040401753911e-07, 0.9999990463256836], [2.0657536481394345e-07, 2.2404539379294874e-07, 0.9999995231628418], [9.865096473049562e-08, 1.6516972323188384e-07, 0.9999997615814209], [3.082325292780297e-07, 4.1393209926354757e-07, 0.9999992847442627], [2.4565213152527576e-07, 2.677639372450358e-07, 0.9999995231628418], [4.2900975927295804e-07, 6.85900261032657e-07, 0.999998927116394], [1.5399707820051844e-07, 3.762553433261928e-07, 0.9999995231628418], [1.9926116578972142e-07, 4.1456502231085324e-07, 0.9999994039535522], [6.926788955752272e-07, 3.298426065612148e-07, 0.999998927116394], [2.4821207489367225e-07, 6.08572406690655e-07, 0.9999991655349731], [1.3004874688249402e-07, 1.0429221930507993e-07, 0.9999997615814209], [1.5547424254691578e-06, 2.0090438113129494e-07, 0.9999982118606567], [1.834997362948343e-07, 2.52898757935327e-07, 0.9999995231628418], [3.1615473972124164e-07, 3.759564890515321e-07, 0.9999992847442627], [0.9999933242797852, 2.7409757876739604e-06, 3.92211222788319e-06]], "S4": [[5.257948487269459e-06, 1.7791624031815445e-06, 0.9999929666519165], [5.66213486763445e-07, 5.591517151515291e-07, 0.999998927116394], [4.91369803512498e-07, 5.857719997948152e-07, 0.999998927116394], [4.1607148659750237e-07, 6.089258590691315e-07, 0.999998927116394], [7.183009529398987e-07, 8.032170057958865e-07, 0.9999984502792358], [5.358218686524197e-07, 9.35243235744565e-07, 0.9999985694885254], [6.203036377883109e-07, 5.208840434534068e-07, 0.9999988079071045], [5.195050221118436e-07, 4.788082037521235e-07, 0.9999990463256836], [6.260003715397033e-07, 7.285155447789293e-07, 0.9999986886978149], [4.883900714958145e-07, 6.985397362768708e-07, 0.9999988079071045], [4.982087489224796e-07, 9.582275879438384e-07, 0.9999985694885254], [1.048044737217424e-06, 8.193165967895766e-07, 0.9999980926513672], [6.521541990878177e-07, 1.3031825574216782e-06, 0.9999980926513672], [5.364119601836137e-07, 8.143253467096656e-07, 0.9999986886978149], [4.733259402200929e-07, 7.775121275699348e-07, 0.9999988079071045], [8.000857860679389e-07, 5.352468406272237e-07, 0.9999986886978149], [4.746840147618059e-07, 5.215204055275535e-07, 0.9999990463256836], [2.1999456123467098e-07, 4.833258913095051e-07, 0.9999992847442627], [7.59961437779566e-07, 9.73645796875644e-07, 0.9999982118606567], [5.376493845687946e-07, 7.100566676854214e-07, 0.9999988079071045], [5.134444904797419e-07, 9.018109494718374e-07, 0.9999985694885254], [7.55959717935184e-07, 1.0985290828102734e-06, 0.9999980926513672]]}, "infer_command_tokens": ["I1s2_0_0", "I1s2_1_2", "I1s2_2_2", "I1s2_3_2", "I1s2_4_2", "I1s2_5_2", "I1s2_6_2", "I1s2_7_2", "I1s2_8_2", "I1s2_9_2", "I1s2_10_0", "I1s2_11_2", "I1s2_12_2", "I1s2_13_2", "I1s2_14_2", "I1s2_15_2", "I1s2_16_2", "I1s2_17_2", "I1s2_18_2", "I1s2_19_2", "I1s2_20_2", "I1s2_21_2", "I1s2_22_2", "I1s2_23_2", "I1s2_24_2", "I1s2_25_2", "I1s2_26_2", "I1s2_27_0", "I4_28", "C1_4", "R1_2", "R3_1", "S2s1_17", "S4_0_2", "S4_1_2", "S4_2_2", "S4_3_2", "S4_4_2", "S4_5_2", "S4_6_2", "S4_7_2", "S4_8_2", "S4_9_2", "S4_10_2", "S4_11_2", "S4_12_2", "S4_13_2", "S4_14_2", "S4_15_2", "S4_16_2", "S4_17_2", "S4_18_2", "S4_19_2", "S4_20_2", "S4_21_2", "B1s1_4", "TS1s1_0", "K1_0", "T1s1_1", "P4_5", "ST1_14", "EM1_0", "TM1_2"]}