{"0.mid": {"I1s2": [0, 2, 8, 11, 13, 14, 15], "I4": [null, false], "C1": null, "R1": null, "R3": 1, "S2s1": {"artist": null}, "S4": {"genre": null}, "B1s1": [21, -1], "TS1s1": null, "K1": "major", "T1s1": [120.81591202325676, 2], "P4": 5, "ST1": {"piece_structure": null}, "EM1": {"emotion": null}, "TM1": [34.06008307256641, 2]}}