{"text": "The pitch range of 5 octaves adds a distinctive character to the music, emphasizing its emotional depth, while the major key adds a unique flavor to this music. With a duration of about 50 seconds, this song showcases a rapid tempo and is brought to life through the use of cello, bass, violin and viola. Despite its atypical time signature of , the song maintains a slow-paced rhythm, evoking the classic easy listening sound.", "pred_labels": {"R1": [0, 0, 1], "R3": [0, 0, 1, 0], "S2s1": [0, 0, 0, 0, 0, 0, 0, 0, 0, 0, 0, 0, 0, 0, 0, 0, 0, 1], "B1s1": [0, 0, 0, 0, 1], "TS1s1": [0, 0, 0, 0, 0, 0, 1, 0], "K1": [1, 0, 0], "T1s1": [1, 0, 0, 0], "P4": [0, 0, 0, 0, 0, 1, 0, 0, 0, 0, 0, 0, 0], "EM1": [0, 0, 0, 0, 1], "TM1": [0, 0, 0, 1, 0, 0], "I1s2": [[0, 0, 1], [0, 0, 1], [0, 0, 1], [0, 0, 1], [0, 0, 1], [1, 0, 0], [1, 0, 0], [1, 0, 0], [1, 0, 0], [0, 0, 1], [0, 0, 1], [0, 0, 1], [0, 0, 1], [0, 0, 1], [0, 0, 1], [0, 0, 1], [0, 0, 1], [0, 0, 1], [0, 0, 1], [0, 0, 1], [0, 0, 1], [0, 0, 1], [0, 0, 1], [0, 0, 1], [0, 0, 1], [0, 0, 1], [0, 0, 1], [0, 0, 1]], "S4": [[0, 0, 1], [0, 0, 1], [0, 0, 1], [0, 0, 1], [0, 0, 1], [1, 0, 0], [0, 0, 1], [0, 0, 1], [0, 0, 1], [0, 0, 1], [0, 0, 1], [0, 0, 1], [0, 0, 1], [0, 0, 1], [0, 0, 1], [0, 0, 1], [0, 0, 1], [0, 0, 1], [0, 0, 1], [0, 0, 1], [0, 0, 1], [0, 0, 1]]}, "pred_probs": {"R1": [4.188210823485861e-06, 4.3533104872039985e-06, 0.9999914169311523], "R3": [8.281181749225652e-07, 2.2849751530884532e-06, 0.999996542930603, 3.6333119624032406e-07], "S2s1": [2.4064004264801042e-06, 2.8252807169337757e-06, 4.7299345169449225e-06, 3.180571184202563e-06, 3.6536580410029273e-06, 3.750674977709423e-06, 3.115821527899243e-06, 2.4025227958190953e-06, 2.6376437745057046e-06, 3.0696369321958628e-06, 4.249123321642401e-06, 4.896068276138976e-06, 4.24690688305418e-06, 1.2917056437800056e-06, 3.603956201914116e-06, 9.847271940088831e-06, 1.843890231612022e-06, 0.9999383687973022], "B1s1": [6.7627579483087175e-06, 4.8276519919454586e-06, 7.412555078190053e-06, 2.2952165181777673e-06, 0.9999786615371704], "TS1s1": [1.0384472943769651e-06, 1.325407993135741e-06, 1.4156781844576471e-06, 1.8041421299130889e-06, 1.4266835250964505e-06, 1.6287070820908411e-06, 0.9999793767929077, 1.2039957255183253e-05], "K1": [0.9999996423721313, 1.0776094683251358e-07, 2.372422329699475e-07], "T1s1": [0.9999971389770508, 6.864094075353933e-07, 1.09778227397328e-06, 1.0933292742265621e-06], "P4": [1.200945831669742e-07, 2.5180310103678494e-07, 2.9189010319896624e-07, 3.860828030610719e-07, 7.82629356876896e-08, 0.9999979734420776, 1.6366463739814208e-07, 1.5210781612040591e-07, 8.425151065694081e-08, 1.2774422941674857e-07, 2.4602240955573507e-07, 1.0171243047807366e-07, 1.0302765218739296e-07], "EM1": [2.7882238100573886e-06, 2.2541901216754923e-06, 3.718083689818741e-06, 4.588874162436696e-06, 0.9999866485595703], "TM1": [4.1010014228959335e-07, 3.8023782167329045e-07, 9.906216291710734e-07, 0.9999979734420776, 1.3313075442056288e-07, 1.0937969108226753e-07], "I1s2": [[2.494196849056607e-07, 3.151950238589052e-07, 0.9999994039535522], [2.097538214229644e-07, 2.9504272447411495e-07, 0.9999995231628418], [3.0503287007377367e-07, 2.920464510225429e-07, 0.9999994039535522], [5.832706051478453e-07, 3.5991483855468687e-06, 0.9999958276748657], [4.078857500644517e-07, 8.727725457902125e-07, 0.9999986886978149], [0.9999922513961792, 3.56104669663182e-06, 4.180129963060608e-06], [0.9999945163726807, 3.7021695789007936e-06, 1.8034503455055528e-06], [0.9999914169311523, 5.075778972241096e-06, 3.469355306151556e-06], [0.9999940395355225, 2.7546541332412744e-06, 3.218407755412045e-06], [1.9074497004112345e-07, 1.7696227416763577e-07, 0.9999996423721313], [3.2602494570710405e-07, 8.304174912154849e-07, 0.9999988079071045], [4.4357284423313104e-07, 6.199151698638161e-07, 0.999998927116394], [4.0479889662492496e-07, 1.6192929024327896e-06, 0.9999979734420776], [1.113920689022052e-06, 2.7624623726296704e-06, 0.9999960660934448], [2.820156623783987e-07, 3.6155898897050065e-07, 0.9999994039535522], [1.8016638136941765e-07, 2.9126127287781856e-07, 0.9999995231628418], [5.022110940444691e-07, 8.894687653082656e-07, 0.9999985694885254], [2.878062161926209e-07, 2.1100699143516977e-07, 0.9999995231628418], [4.485096667394828e-07, 7.055038508951839e-07, 0.9999988079071045], [1.4512271206967853e-07, 4.0549028312852897e-07, 0.9999994039535522], [2.144876560805642e-07, 5.0155239250671e-07, 0.9999992847442627], [7.374716801678005e-07, 3.5511996543391433e-07, 0.999998927116394], [1.7490869197445136e-07, 6.857002858851047e-07, 0.9999991655349731], [1.4482247934211046e-07, 1.4917443991180335e-07, 0.9999997615814209], [1.3226200508142938e-06, 2.017584677105333e-07, 0.9999984502792358], [2.1936880045814178e-07, 3.862421067424293e-07, 0.9999994039535522], [4.042409500470967e-07, 8.608662369624653e-07, 0.9999986886978149], [1.4154157668144762e-07, 3.366265559634485e-07, 0.9999995231628418]], "S4": [[3.7039292237750487e-06, 1.4872972542434582e-06, 0.9999947547912598], [5.309074140313896e-07, 6.055951757844014e-07, 0.9999988079071045], [4.387894421142846e-07, 7.071299137351161e-07, 0.9999988079071045], [4.4924684061697917e-07, 6.899658160364197e-07, 0.9999988079071045], [6.770948743906047e-07, 8.460022513645526e-07, 0.9999984502792358], [0.9999840259552002, 8.293854079965968e-06, 7.627551894984208e-06], [5.735815307161829e-07, 5.684132702299394e-07, 0.9999988079071045], [5.760967383139359e-07, 4.5996804942660674e-07, 0.999998927116394], [5.74924229113094e-07, 8.009445195966691e-07, 0.9999985694885254], [5.045952775617479e-07, 7.330400535465742e-07, 0.9999988079071045], [5.269856160339259e-07, 1.095766947400989e-06, 0.9999983310699463], [1.2589481457325746e-06, 9.70160272117937e-07, 0.9999977350234985], [6.644315817538882e-07, 1.3213509646448074e-06, 0.9999979734420776], [5.196911274651939e-07, 7.838859801267972e-07, 0.9999986886978149], [4.487890805648931e-07, 7.302073186110647e-07, 0.9999988079071045], [7.639168870809954e-07, 5.872366841686016e-07, 0.9999986886978149], [6.950421038709464e-07, 9.466555184189929e-07, 0.9999983310699463], [2.0965555336260877e-07, 5.97442806338222e-07, 0.9999991655349731], [7.376441999440431e-07, 1.014309191305074e-06, 0.9999982118606567], [4.999957354812068e-07, 7.502575840589998e-07, 0.9999988079071045], [6.216486099219765e-07, 1.3695320149054169e-06, 0.9999979734420776], [7.934268637654895e-07, 1.010777850751765e-06, 0.9999982118606567]]}, "infer_command_tokens": ["I1s2_0_2", "I1s2_1_2", "I1s2_2_2", "I1s2_3_2", "I1s2_4_2", "I1s2_5_0", "I1s2_6_0", "I1s2_7_0", "I1s2_8_0", "I1s2_9_2", "I1s2_10_2", "I1s2_11_2", "I1s2_12_2", "I1s2_13_2", "I1s2_14_2", "I1s2_15_2", "I1s2_16_2", "I1s2_17_2", "I1s2_18_2", "I1s2_19_2", "I1s2_20_2", "I1s2_21_2", "I1s2_22_2", "I1s2_23_2", "I1s2_24_2", "I1s2_25_2", "I1s2_26_2", "I1s2_27_2", "I4_28", "C1_4", "R1_2", "R3_2", "S2s1_17", "S4_0_2", "S4_1_2", "S4_2_2", "S4_3_2", "S4_4_2", "S4_5_0", "S4_6_2", "S4_7_2", "S4_8_2", "S4_9_2", "S4_10_2", "S4_11_2", "S4_12_2", "S4_13_2", "S4_14_2", "S4_15_2", "S4_16_2", "S4_17_2", "S4_18_2", "S4_19_2", "S4_20_2", "S4_21_2", "B1s1_4", "TS1s1_6", "K1_0", "T1s1_0", "P4_5", "ST1_14", "EM1_4", "TM1_3"]}