{"text": "The major key in this music provides a powerful and memorable sound, while the running time of the song is 31 ~ 45 seconds. The rhythm in this song is very calming, and it has a time signature of 4/4. The music is brought to life through the use of grand piano and bass. The tempo of this song is rapid.", "pred_labels": {"R1": [0, 0, 1], "R3": [1, 0, 0, 0], "S2s1": [0, 0, 0, 0, 0, 0, 0, 0, 0, 0, 0, 0, 0, 0, 0, 0, 0, 1], "B1s1": [0, 0, 0, 0, 1], "TS1s1": [1, 0, 0, 0, 0, 0, 0, 0], "K1": [1, 0, 0], "T1s1": [0, 0, 1, 0], "P4": [0, 0, 0, 0, 0, 0, 0, 0, 0, 0, 0, 0, 1], "EM1": [0, 0, 0, 0, 1], "TM1": [0, 0, 1, 0, 0, 0], "I1s2": [[1, 0, 0], [0, 0, 1], [0, 0, 1], [0, 0, 1], [0, 0, 1], [1, 0, 0], [0, 0, 1], [0, 0, 1], [0, 0, 1], [0, 0, 1], [0, 0, 1], [0, 0, 1], [0, 0, 1], [0, 0, 1], [0, 0, 1], [0, 0, 1], [0, 0, 1], [0, 0, 1], [0, 0, 1], [0, 0, 1], [0, 0, 1], [0, 0, 1], [0, 0, 1], [0, 0, 1], [0, 0, 1], [0, 0, 1], [0, 0, 1], [0, 0, 1]], "S4": [[0, 0, 1], [0, 0, 1], [0, 0, 1], [0, 0, 1], [0, 0, 1], [0, 0, 1], [0, 0, 1], [0, 0, 1], [0, 0, 1], [0, 0, 1], [0, 0, 1], [0, 0, 1], [0, 0, 1], [0, 0, 1], [0, 0, 1], [0, 0, 1], [0, 0, 1], [0, 0, 1], [0, 0, 1], [0, 0, 1], [0, 0, 1], [0, 0, 1]]}, "pred_probs": {"R1": [4.215612534608226e-06, 4.333671768108616e-06, 0.9999914169311523], "R3": [0.9999980926513672, 7.5766592999571e-07, 8.195814871214679e-07, 3.5005578524760494e-07], "S2s1": [2.595826572360238e-06, 2.890096084229299e-06, 4.763726792589296e-06, 3.2323860068572685e-06, 4.347245521785226e-06, 4.5944666453578975e-06, 3.358778258188977e-06, 2.8302772534516407e-06, 2.8039457902195863e-06, 3.4564559427963104e-06, 5.2394548220036086e-06, 5.485772362590069e-06, 3.932704657927388e-06, 1.425523123543826e-06, 4.81002143715159e-06, 9.525178029434755e-06, 2.1947075765638147e-06, 0.9999324083328247], "B1s1": [7.787719368934631e-06, 5.90267472944106e-06, 1.054950371326413e-05, 2.596143076516455e-06, 0.9999731779098511], "TS1s1": [0.999997615814209, 3.632484322224627e-07, 6.650697628174385e-07, 1.645508547198915e-07, 3.165687303408049e-07, 1.430215377240529e-07, 3.437717452925426e-07, 3.670182024961832e-07], "K1": [0.9999996423721313, 1.3714496560623957e-07, 2.5809714543356677e-07], "T1s1": [4.055005319969496e-06, 7.963310508785071e-07, 0.9999945163726807, 6.264176022341417e-07], "P4": [4.7162083660623466e-07, 4.092693188795238e-07, 4.0561954506301845e-07, 4.5249134927871637e-07, 7.398249408652191e-07, 2.6054715362988645e-07, 5.927930715188268e-07, 2.781488603886828e-07, 4.893681193607335e-07, 5.506344109562633e-07, 2.7213343400944723e-07, 4.094973462542839e-07, 0.9999947547912598], "EM1": [2.489173766662134e-06, 2.30241266763187e-06, 5.4112192628963385e-06, 1.9408395019127056e-05, 0.9999704360961914], "TM1": [7.142832032513979e-07, 5.241814164946845e-07, 0.9999978542327881, 3.346462733588851e-07, 2.674761105936341e-07, 3.5571275702750427e-07], "I1s2": [[0.9999934434890747, 2.7518665319803404e-06, 3.779427743211272e-06], [2.3834729745431105e-07, 2.5786781066017284e-07, 0.9999995231628418], [4.245875686592626e-07, 2.9420002078950347e-07, 0.9999992847442627], [5.765009518654551e-07, 3.0525500278599793e-06, 0.9999964237213135], [5.286451596475672e-07, 1.1273806421741028e-06, 0.9999983310699463], [0.9999924898147583, 3.5204832329327473e-06, 3.9601040953129996e-06], [4.991896389583417e-07, 5.187642955206684e-07, 0.999998927116394], [3.247869244660251e-07, 2.623555701575242e-07, 0.9999994039535522], [2.587234746442846e-07, 4.4266150212024513e-07, 0.9999992847442627], [2.3295572759707284e-07, 1.7587339584679285e-07, 0.9999996423721313], [3.737360430022818e-07, 5.8563853144733e-07, 0.9999990463256836], [5.725530058953154e-07, 4.811697067452769e-07, 0.999998927116394], [4.67604877485428e-07, 1.1141358982058591e-06, 0.9999984502792358], [1.2839716418966418e-06, 2.2895665097166784e-06, 0.9999964237213135], [3.6330098396319954e-07, 3.633938661096181e-07, 0.9999992847442627], [2.560563245879166e-07, 3.5707046208699467e-07, 0.9999994039535522], [5.110616712045157e-07, 6.151801130727108e-07, 0.999998927116394], [3.555190062343172e-07, 1.9423325170464523e-07, 0.9999994039535522], [5.287609496917867e-07, 6.895579645060934e-07, 0.9999988079071045], [1.7938010898888024e-07, 3.751975157229026e-07, 0.9999994039535522], [2.542008132877527e-07, 4.4616140826292394e-07, 0.9999992847442627], [7.463804081453418e-07, 3.4225925560349424e-07, 0.999998927116394], [3.4109766033907363e-07, 6.45753118533321e-07, 0.9999990463256836], [1.607726574093249e-07, 1.3123458586505876e-07, 0.9999997615814209], [1.4340196230477886e-06, 1.5386258667149377e-07, 0.9999984502792358], [2.5487906896159984e-07, 3.4379925750727125e-07, 0.9999994039535522], [4.835810045733524e-07, 9.48226102082117e-07, 0.9999985694885254], [1.9422492414378212e-07, 2.7065320296060236e-07, 0.9999995231628418]], "S4": [[4.434304628375685e-06, 1.6277230088235228e-06, 0.9999939203262329], [6.473690064012771e-07, 6.176843498906237e-07, 0.9999986886978149], [4.912712938676123e-07, 8.22039908143779e-07, 0.9999986886978149], [4.517830802797107e-07, 6.562688099620573e-07, 0.999998927116394], [8.460776825813809e-07, 1.1766627494580462e-06, 0.9999979734420776], [6.13160182183492e-07, 1.1720912880264223e-06, 0.9999982118606567], [5.159548663868918e-07, 6.646406518484582e-07, 0.9999988079071045], [6.242007088985702e-07, 5.097157895761484e-07, 0.9999988079071045], [6.611419394175755e-07, 9.235031370735669e-07, 0.9999984502792358], [4.803043793799588e-07, 9.85561996458273e-07, 0.9999985694885254], [5.311734980750771e-07, 1.1637756642812747e-06, 0.9999983310699463], [1.0264640195600805e-06, 9.92066247818002e-07, 0.9999979734420776], [8.294279041365371e-07, 1.56764394887432e-06, 0.999997615814209], [5.624152663585846e-07, 1.1131343171655317e-06, 0.9999983310699463], [4.90799720864743e-07, 8.829222792883229e-07, 0.9999985694885254], [1.0709877642511856e-06, 8.231934316427214e-07, 0.9999980926513672], [7.873723006923683e-07, 1.1878472605530987e-06, 0.9999979734420776], [2.4662432451805216e-07, 6.457913741542143e-07, 0.9999991655349731], [8.874380341694632e-07, 1.1117344911326654e-06, 0.9999979734420776], [5.26602946138155e-07, 9.087781904781878e-07, 0.9999985694885254], [5.254771053841978e-07, 1.0292317256244132e-06, 0.9999984502792358], [7.837366524654499e-07, 1.275532781619404e-06, 0.9999979734420776]]}, "infer_command_tokens": ["I1s2_0_0", "I1s2_1_2", "I1s2_2_2", "I1s2_3_2", "I1s2_4_2", "I1s2_5_0", "I1s2_6_2", "I1s2_7_2", "I1s2_8_2", "I1s2_9_2", "I1s2_10_2", "I1s2_11_2", "I1s2_12_2", "I1s2_13_2", "I1s2_14_2", "I1s2_15_2", "I1s2_16_2", "I1s2_17_2", "I1s2_18_2", "I1s2_19_2", "I1s2_20_2", "I1s2_21_2", "I1s2_22_2", "I1s2_23_2", "I1s2_24_2", "I1s2_25_2", "I1s2_26_2", "I1s2_27_2", "I4_28", "C1_4", "R1_2", "R3_0", "S2s1_17", "S4_0_2", "S4_1_2", "S4_2_2", "S4_3_2", "S4_4_2", "S4_5_2", "S4_6_2", "S4_7_2", "S4_8_2", "S4_9_2", "S4_10_2", "S4_11_2", "S4_12_2", "S4_13_2", "S4_14_2", "S4_15_2", "S4_16_2", "S4_17_2", "S4_18_2", "S4_19_2", "S4_20_2", "S4_21_2", "B1s1_4", "TS1s1_0", "K1_0", "T1s1_2", "P4_12", "ST1_14", "EM1_4", "TM1_2"]}