{"text": "This classical music is brought to life through the use of grand piano and is based on a 4/4 time signature, which gives it a distinct rhythmic structure. The music is played at a quick pace, adding to its lively and energetic feel. Overall, the combination of the unique time signature, the quick tempo, and the choice of instruments used creates a dynamic and engaging musical experience. The music is in the vein of Liszt.", "pred_labels": {"R1": [0, 0, 1], "R3": [0, 0, 0, 1], "S2s1": [0, 0, 0, 0, 0, 0, 0, 0, 0, 0, 0, 0, 1, 0, 0, 0, 0, 0], "B1s1": [0, 0, 0, 0, 1], "TS1s1": [1, 0, 0, 0, 0, 0, 0, 0], "K1": [0, 0, 1], "T1s1": [0, 0, 1, 0], "P4": [0, 0, 0, 0, 0, 0, 0, 0, 0, 0, 0, 0, 1], "EM1": [0, 0, 0, 0, 1], "TM1": [0, 0, 0, 0, 0, 1], "I1s2": [[1, 0, 0], [0, 0, 1], [0, 0, 1], [0, 0, 1], [0, 0, 1], [0, 0, 1], [0, 0, 1], [0, 0, 1], [0, 0, 1], [0, 0, 1], [0, 0, 1], [0, 0, 1], [0, 0, 1], [0, 0, 1], [0, 0, 1], [0, 0, 1], [0, 0, 1], [0, 0, 1], [0, 0, 1], [0, 0, 1], [0, 0, 1], [0, 0, 1], [0, 0, 1], [0, 0, 1], [0, 0, 1], [0, 0, 1], [0, 0, 1], [0, 0, 1]], "S4": [[0, 0, 1], [0, 0, 1], [0, 0, 1], [0, 0, 1], [0, 0, 1], [0, 0, 1], [0, 0, 1], [0, 0, 1], [0, 0, 1], [0, 0, 1], [0, 0, 1], [1, 0, 0], [0, 0, 1], [0, 0, 1], [0, 0, 1], [0, 0, 1], [0, 0, 1], [0, 0, 1], [0, 0, 1], [0, 0, 1], [0, 0, 1], [0, 0, 1]]}, "pred_probs": {"R1": [4.0301933950104285e-06, 4.083876319782576e-06, 0.9999918937683105], "R3": [1.2780064935213886e-06, 1.860751467575028e-06, 2.262372618133668e-06, 0.9999946355819702], "S2s1": [3.1980787298380164e-06, 3.3855037600005744e-06, 2.4666524041094817e-06, 2.4307946659973823e-06, 1.958224856934976e-06, 2.3128250177251175e-06, 8.666579560667742e-07, 3.0504818369081477e-06, 3.980551809945609e-06, 1.6346639313269407e-06, 9.758482519828249e-07, 2.055680852208752e-06, 0.9999604225158691, 3.32390936819138e-06, 8.403285960412177e-07, 2.9082095807098085e-06, 2.5517620088066906e-06, 1.728021857161366e-06], "B1s1": [7.8360271800193e-06, 4.760311639984138e-06, 7.927413207653444e-06, 2.2021231416147202e-06, 0.9999772310256958], "TS1s1": [0.9999974966049194, 4.675691798183834e-07, 6.641981826760457e-07, 1.4039628126738535e-07, 3.234873986457387e-07, 1.4541058135364437e-07, 3.6290109051151376e-07, 3.447958079050295e-07], "K1": [5.239836013970489e-07, 1.467114657316415e-06, 0.9999979734420776], "T1s1": [2.4946584744611755e-06, 7.393209102701803e-07, 0.9999960660934448, 6.937472107892972e-07], "P4": [4.59555877796447e-07, 4.099882744412753e-07, 3.6616492593566363e-07, 4.485589499836351e-07, 6.951227078388911e-07, 2.597634818357619e-07, 4.977150638296735e-07, 2.5553023874635983e-07, 3.699448711813602e-07, 5.153289635018155e-07, 2.896912292271736e-07, 3.781018449444673e-07, 0.9999951124191284], "EM1": [2.958264758490259e-06, 3.3216001611435786e-06, 5.357165264285868e-06, 2.2954127416596748e-05, 0.9999654293060303], "TM1": [3.66770819937301e-07, 7.322146871047153e-07, 4.954157475367538e-07, 7.289574455171532e-07, 1.0654021309619566e-07, 0.999997615814209], "I1s2": [[0.9999936819076538, 2.7175460672879126e-06, 3.6210853977536317e-06], [2.527692686271621e-07, 2.1620996903948253e-07, 0.9999995231628418], [4.548331276055251e-07, 3.246530582146079e-07, 0.9999991655349731], [3.2969293783935427e-07, 6.706379735987866e-07, 0.9999990463256836], [2.345039149531658e-07, 4.637791732875485e-07, 0.9999992847442627], [4.265843926987145e-07, 5.008147923035722e-07, 0.9999990463256836], [6.19360207565478e-07, 5.611929054794018e-07, 0.9999988079071045], [2.508816123736324e-07, 2.9963578640490596e-07, 0.9999994039535522], [1.3822429423271387e-07, 1.9759913527650497e-07, 0.9999996423721313], [2.282125990404893e-07, 1.1769985519549664e-07, 0.9999996423721313], [2.9218017516541295e-07, 3.260720973230491e-07, 0.9999994039535522], [3.6838997630184167e-07, 2.3553606354198564e-07, 0.9999994039535522], [2.258103535268674e-07, 3.803776280619786e-07, 0.9999994039535522], [4.5898391931586957e-07, 4.96352868140093e-07, 0.9999990463256836], [2.3414641248109547e-07, 2.565598720138951e-07, 0.9999995231628418], [1.3434980417059705e-07, 1.3163619883016509e-07, 0.9999997615814209], [2.910388445798162e-07, 3.5267126463622844e-07, 0.9999994039535522], [3.1868094652054424e-07, 1.631571677762622e-07, 0.9999995231628418], [4.7478897613473237e-07, 6.292872285484918e-07, 0.999998927116394], [1.5850589818455774e-07, 3.335911742397002e-07, 0.9999995231628418], [3.7703753719142696e-07, 4.220405855903664e-07, 0.9999991655349731], [8.437914971182181e-07, 3.3125826348623377e-07, 0.9999988079071045], [2.2222933182547422e-07, 5.274034151625528e-07, 0.9999992847442627], [1.291408580073039e-07, 9.657603072810161e-08, 0.9999997615814209], [1.273966631742951e-06, 1.589594376127934e-07, 0.9999985694885254], [2.336278157599736e-07, 2.2966666790580348e-07, 0.9999995231628418], [3.570183082501899e-07, 3.740150020803412e-07, 0.9999992847442627], [1.75231150478794e-07, 2.6737913572105754e-07, 0.9999995231628418]], "S4": [[6.043119356036186e-06, 1.7367606233165134e-06, 0.9999922513961792], [5.979646857667831e-07, 5.562773708334134e-07, 0.9999988079071045], [4.247594631578977e-07, 8.369065085389593e-07, 0.9999986886978149], [5.764372303929122e-07, 8.488600542477798e-07, 0.9999985694885254], [9.254131896341278e-07, 1.1011027254426153e-06, 0.9999979734420776], [6.141838184703374e-07, 1.0190786952080089e-06, 0.9999983310699463], [6.594104888790753e-07, 6.068410129955737e-07, 0.9999986886978149], [6.036428885636269e-07, 4.5361665002019436e-07, 0.999998927116394], [5.854093387824832e-07, 6.984637366258539e-07, 0.9999986886978149], [5.316116471476562e-07, 6.363893021443801e-07, 0.9999988079071045], [5.131907983013662e-07, 1.1041527159250109e-06, 0.9999983310699463], [0.9999815225601196, 1.4385943359229714e-05, 4.0325044210476335e-06], [6.872361382193048e-07, 1.1409025546527118e-06, 0.9999982118606567], [5.074230102763977e-07, 9.111282111007313e-07, 0.9999985694885254], [4.3101951519020076e-07, 8.779298923400347e-07, 0.9999986886978149], [7.734512337265187e-07, 4.672893965107505e-07, 0.9999988079071045], [4.990002366866975e-07, 5.68326015581988e-07, 0.999998927116394], [2.25332101422282e-07, 4.915419822282274e-07, 0.9999992847442627], [8.674298328514851e-07, 9.883559641821194e-07, 0.9999980926513672], [5.33196669039171e-07, 8.463800327263016e-07, 0.9999985694885254], [7.459756830030528e-07, 1.0720516456785845e-06, 0.9999982118606567], [7.656062734895386e-07, 1.1301792710582959e-06, 0.9999980926513672]]}, "infer_command_tokens": ["I1s2_0_0", "I1s2_1_2", "I1s2_2_2", "I1s2_3_2", "I1s2_4_2", "I1s2_5_2", "I1s2_6_2", "I1s2_7_2", "I1s2_8_2", "I1s2_9_2", "I1s2_10_2", "I1s2_11_2", "I1s2_12_2", "I1s2_13_2", "I1s2_14_2", "I1s2_15_2", "I1s2_16_2", "I1s2_17_2", "I1s2_18_2", "I1s2_19_2", "I1s2_20_2", "I1s2_21_2", "I1s2_22_2", "I1s2_23_2", "I1s2_24_2", "I1s2_25_2", "I1s2_26_2", "I1s2_27_2", "I4_28", "C1_4", "R1_2", "R3_3", "S2s1_12", "S4_0_2", "S4_1_2", "S4_2_2", "S4_3_2", "S4_4_2", "S4_5_2", "S4_6_2", "S4_7_2", "S4_8_2", "S4_9_2", "S4_10_2", "S4_11_0", "S4_12_2", "S4_13_2", "S4_14_2", "S4_15_2", "S4_16_2", "S4_17_2", "S4_18_2", "S4_19_2", "S4_20_2", "S4_21_2", "B1s1_4", "TS1s1_0", "K1_2", "T1s1_2", "P4_12", "ST1_14", "EM1_4", "TM1_5"]}