{"text": "This music offers a diverse and dynamic listening experience, with a pitch range spanning 3 octaves. The use of major key creates a distinct atmosphere that is further enhanced by the powerful rhythm of the track, which lasts for over 60 seconds. The piano, bass, viola, cello, trombone and oboe contribute to the overall musical composition, and the meter of the music is 4/4. Despite having a slow rhythm, this song is a classic example of the easy listening style, showcasing the genre's signature characteristics in a unique and compelling way.", "pred_labels": {"R1": [0, 0, 1], "R3": [0, 0, 1, 0], "S2s1": [0, 0, 0, 0, 0, 0, 0, 0, 0, 0, 0, 0, 0, 0, 0, 0, 0, 1], "B1s1": [0, 0, 0, 0, 1], "TS1s1": [1, 0, 0, 0, 0, 0, 0, 0], "K1": [1, 0, 0], "T1s1": [1, 0, 0, 0], "P4": [0, 0, 0, 1, 0, 0, 0, 0, 0, 0, 0, 0, 0], "EM1": [0, 0, 0, 0, 1], "TM1": [0, 0, 0, 0, 1, 0], "I1s2": [[1, 0, 0], [0, 0, 1], [0, 0, 1], [0, 0, 1], [0, 0, 1], [1, 0, 0], [0, 0, 1], [1, 0, 0], [1, 0, 0], [0, 0, 1], [0, 0, 1], [0, 0, 1], [0, 0, 1], [1, 0, 0], [0, 0, 1], [0, 0, 1], [0, 0, 1], [0, 0, 1], [1, 0, 0], [0, 0, 1], [0, 0, 1], [0, 0, 1], [0, 0, 1], [0, 0, 1], [0, 0, 1], [0, 0, 1], [0, 0, 1], [0, 0, 1]], "S4": [[0, 0, 1], [0, 0, 1], [0, 0, 1], [0, 0, 1], [0, 0, 1], [1, 0, 0], [0, 0, 1], [0, 0, 1], [0, 0, 1], [0, 0, 1], [0, 0, 1], [0, 0, 1], [0, 0, 1], [0, 0, 1], [0, 0, 1], [0, 0, 1], [0, 0, 1], [0, 0, 1], [0, 0, 1], [0, 0, 1], [0, 0, 1], [0, 0, 1]]}, "pred_probs": {"R1": [4.182719294476556e-06, 4.104651907255175e-06, 0.9999916553497314], "R3": [9.196962764690397e-07, 1.6739851389502292e-06, 0.9999971389770508, 2.471849427365669e-07], "S2s1": [2.3667828372708755e-06, 3.0900239380571293e-06, 4.825644737138646e-06, 3.1743595627631294e-06, 3.600452600949211e-06, 4.031861863040831e-06, 3.3589462873351295e-06, 2.739910542004509e-06, 2.894513045248459e-06, 3.1268270959117217e-06, 5.121341473568464e-06, 4.40149142377777e-06, 3.862960966216633e-06, 1.2503830930654658e-06, 4.103270839550532e-06, 1.0614602615532931e-05, 1.815606538002612e-06, 0.9999356269836426], "B1s1": [7.378594091278501e-06, 4.691609774454264e-06, 7.675956112507265e-06, 2.7090100047644228e-06, 0.9999775886535645], "TS1s1": [0.9999974966049194, 3.783238469168282e-07, 7.977883456078416e-07, 1.3535725429392187e-07, 3.2119874049385544e-07, 1.6045018469412753e-07, 3.244268782509607e-07, 4.084251372660219e-07], "K1": [0.9999996423721313, 1.1490208606801389e-07, 2.296737022788875e-07], "T1s1": [0.9999967813491821, 6.021995204719133e-07, 1.3973971135783358e-06, 1.2109715044061886e-06], "P4": [2.0684055357378384e-07, 1.2071267008195719e-07, 7.205807861510038e-08, 0.9999978542327881, 1.8626775499797077e-07, 1.5361969474270154e-07, 2.78382174201397e-07, 1.647708955943017e-07, 2.1360021662530926e-07, 8.171232224185587e-08, 1.3742659632498544e-07, 3.0709747989021707e-07, 3.474070808806573e-07], "EM1": [1.9964018065365963e-06, 2.094001729346928e-06, 4.861753950535785e-06, 9.695363587525208e-06, 0.9999814033508301], "TM1": [2.0321175497883814e-07, 1.6152101522948215e-07, 2.4868407422218297e-07, 1.4374074908118928e-07, 0.9999992847442627, 3.7665714103241044e-08], "I1s2": [[0.9999942779541016, 2.732714847297757e-06, 3.0286555556813255e-06], [2.154500293727324e-07, 2.904504867728974e-07, 0.9999995231628418], [3.6136214021098567e-07, 3.3546382383065065e-07, 0.9999992847442627], [5.809072831652884e-07, 3.8076618693594355e-06, 0.9999955892562866], [4.927557597511623e-07, 1.134844183070527e-06, 0.9999983310699463], [0.9999918937683105, 3.5445989396976074e-06, 4.539555447991006e-06], [4.2590426119204494e-07, 6.192805699356541e-07, 0.999998927116394], [0.9999909400939941, 5.156431598152267e-06, 3.892931999871507e-06], [0.9999943971633911, 2.5343310880998615e-06, 3.090140808126307e-06], [2.1335566202651535e-07, 2.1297408636655746e-07, 0.9999995231628418], [3.6821120374952443e-07, 1.2086704828107031e-06, 0.9999984502792358], [5.230952524470922e-07, 7.773340939820628e-07, 0.9999986886978149], [4.899869736618712e-07, 1.6452100908281864e-06, 0.9999978542327881], [0.9999943971633911, 2.7235516881773947e-06, 2.8454683160816785e-06], [2.8107265848120733e-07, 3.8152634829202725e-07, 0.9999992847442627], [1.9481890944916813e-07, 3.539961994647456e-07, 0.9999994039535522], [5.301084229358821e-07, 9.259513831239019e-07, 0.9999985694885254], [2.693199405712221e-07, 2.707249393552047e-07, 0.9999994039535522], [0.9999951124191284, 2.7605401555774733e-06, 2.152610704797553e-06], [1.4915050883246295e-07, 3.870729301524989e-07, 0.9999995231628418], [2.2001820809691708e-07, 7.809836120031832e-07, 0.9999990463256836], [7.056304980324057e-07, 3.494410236726253e-07, 0.999998927116394], [1.9216498969854e-07, 7.652158160453837e-07, 0.9999990463256836], [1.6686712456248642e-07, 1.7882179292882938e-07, 0.9999996423721313], [1.8211096630693646e-06, 2.1929380977780966e-07, 0.9999979734420776], [2.452153182730399e-07, 4.13808180610431e-07, 0.9999992847442627], [4.335163907853712e-07, 1.0326384654035792e-06, 0.9999985694885254], [1.3107145946378296e-07, 4.0457413774674933e-07, 0.9999995231628418]], "S4": [[3.934281721740263e-06, 1.488652287662262e-06, 0.9999946355819702], [5.46844773907651e-07, 5.709787842533842e-07, 0.999998927116394], [4.3216670064794016e-07, 7.23930781987292e-07, 0.9999988079071045], [4.978840593139466e-07, 6.994110322011693e-07, 0.9999988079071045], [7.245244546538743e-07, 9.243806289305212e-07, 0.9999983310699463], [0.9999856948852539, 6.941798346815631e-06, 7.4249528552172706e-06], [6.292787588790816e-07, 5.988778184473631e-07, 0.9999988079071045], [5.910692948418728e-07, 4.781633720085665e-07, 0.999998927116394], [5.743981432715373e-07, 7.426434081025945e-07, 0.9999986886978149], [5.292836249282118e-07, 6.804891654610401e-07, 0.9999988079071045], [5.287163844513998e-07, 9.889071179713937e-07, 0.9999984502792358], [1.2572419336720486e-06, 9.735924777487526e-07, 0.9999977350234985], [6.719893690387835e-07, 1.320402475357696e-06, 0.9999979734420776], [5.420402544586977e-07, 7.91956892953749e-07, 0.9999986886978149], [4.450485846518859e-07, 8.091263339338184e-07, 0.9999986886978149], [1.0298314236933948e-06, 6.511662604680168e-07, 0.9999983310699463], [7.489475706279336e-07, 9.172482577923802e-07, 0.9999983310699463], [2.1065866917524545e-07, 6.117501811786497e-07, 0.9999991655349731], [7.671653747820528e-07, 9.848466788753285e-07, 0.9999982118606567], [5.47632112102292e-07, 8.098859893834742e-07, 0.9999986886978149], [5.883968015041319e-07, 1.280968717765063e-06, 0.9999980926513672], [8.110371823022433e-07, 1.1248920372963767e-06, 0.9999980926513672]]}, "infer_command_tokens": ["I1s2_0_0", "I1s2_1_2", "I1s2_2_2", "I1s2_3_2", "I1s2_4_2", "I1s2_5_0", "I1s2_6_2", "I1s2_7_0", "I1s2_8_0", "I1s2_9_2", "I1s2_10_2", "I1s2_11_2", "I1s2_12_2", "I1s2_13_0", "I1s2_14_2", "I1s2_15_2", "I1s2_16_2", "I1s2_17_2", "I1s2_18_0", "I1s2_19_2", "I1s2_20_2", "I1s2_21_2", "I1s2_22_2", "I1s2_23_2", "I1s2_24_2", "I1s2_25_2", "I1s2_26_2", "I1s2_27_2", "I4_28", "C1_4", "R1_2", "R3_2", "S2s1_17", "S4_0_2", "S4_1_2", "S4_2_2", "S4_3_2", "S4_4_2", "S4_5_0", "S4_6_2", "S4_7_2", "S4_8_2", "S4_9_2", "S4_10_2", "S4_11_2", "S4_12_2", "S4_13_2", "S4_14_2", "S4_15_2", "S4_16_2", "S4_17_2", "S4_18_2", "S4_19_2", "S4_20_2", "S4_21_2", "B1s1_4", "TS1s1_0", "K1_0", "T1s1_0", "P4_3", "ST1_14", "EM1_4", "TM1_4"]}