{"text": "The minor key gives this music a special emotional quality, while its limited pitch range of 6 octaves allows for a greater emphasis on the nuances of tone and phrasing. Played at a moderate speed, the music follows a 4/4 meter.", "pred_labels": {"R1": [0, 0, 1], "R3": [0, 0, 0, 1], "S2s1": [0, 0, 0, 0, 0, 0, 0, 0, 0, 0, 0, 0, 0, 0, 0, 0, 0, 1], "B1s1": [0, 0, 0, 0, 1], "TS1s1": [1, 0, 0, 0, 0, 0, 0, 0], "K1": [0, 1, 0], "T1s1": [0, 1, 0, 0], "P4": [0, 0, 0, 0, 0, 0, 1, 0, 0, 0, 0, 0, 0], "EM1": [0, 0, 0, 0, 1], "TM1": [0, 0, 0, 0, 0, 1], "I1s2": [[0, 0, 1], [0, 0, 1], [0, 0, 1], [0, 0, 1], [0, 0, 1], [0, 0, 1], [0, 0, 1], [0, 0, 1], [0, 0, 1], [0, 0, 1], [0, 0, 1], [0, 0, 1], [0, 0, 1], [0, 0, 1], [0, 0, 1], [0, 0, 1], [0, 0, 1], [0, 0, 1], [0, 0, 1], [0, 0, 1], [0, 0, 1], [0, 0, 1], [0, 0, 1], [0, 0, 1], [0, 0, 1], [0, 0, 1], [0, 0, 1], [0, 0, 1]], "S4": [[0, 0, 1], [0, 0, 1], [0, 0, 1], [0, 0, 1], [0, 0, 1], [0, 0, 1], [0, 0, 1], [0, 0, 1], [0, 0, 1], [0, 0, 1], [0, 0, 1], [0, 0, 1], [0, 0, 1], [0, 0, 1], [0, 0, 1], [0, 0, 1], [0, 0, 1], [0, 0, 1], [0, 0, 1], [0, 0, 1], [0, 0, 1], [0, 0, 1]]}, "pred_probs": {"R1": [4.23342044086894e-06, 4.26939141107141e-06, 0.9999915361404419], "R3": [2.772021616692655e-06, 1.3079637710688985e-06, 2.651541990417172e-06, 0.9999933242797852], "S2s1": [2.7604346541920677e-06, 2.5326557988591958e-06, 4.638398422684986e-06, 3.1755114378029248e-06, 3.919315076927887e-06, 4.73714590043528e-06, 3.414681486901827e-06, 2.8604538329091156e-06, 2.296373168064747e-06, 3.4734796372504206e-06, 4.878726940660272e-06, 6.053594461263856e-06, 3.927831585315289e-06, 1.4208063703335938e-06, 4.244143838150194e-06, 8.40427128423471e-06, 2.1895996269449824e-06, 0.9999350309371948], "B1s1": [6.817631856392836e-06, 5.267685082799289e-06, 1.0594982995826285e-05, 2.468387037879438e-06, 0.9999748468399048], "TS1s1": [0.9999973773956299, 3.255543958857743e-07, 8.817970069685543e-07, 1.668155107381608e-07, 3.1983233839127934e-07, 1.735488837084631e-07, 3.9362942061416106e-07, 4.5929928660370933e-07], "K1": [3.449663950050308e-07, 0.9999991655349731, 5.152912194716919e-07], "T1s1": [1.4122575748842792e-06, 0.9999969005584717, 8.429357762906875e-07, 8.081231612777628e-07], "P4": [1.5212712867196387e-07, 4.818646814896965e-08, 2.5998915020863933e-08, 7.045622396617546e-08, 9.015872137752012e-08, 1.0993761634381372e-07, 0.999998927116394, 4.066152570203485e-08, 9.58554693397673e-08, 1.3648218555317726e-07, 9.852488602746234e-08, 8.982692634162959e-08, 1.2153293482697336e-07], "EM1": [4.49277786174207e-06, 5.632600277749589e-06, 7.285533683898393e-06, 3.930518505512737e-05, 0.9999432563781738], "TM1": [3.93183483993198e-07, 6.612089578084124e-07, 5.238295557319361e-07, 6.288701115408912e-07, 1.017715973716804e-07, 0.9999977350234985], "I1s2": [[3.429776143093477e-07, 2.593747581158823e-07, 0.9999994039535522], [2.5150782789751247e-07, 2.299011470086043e-07, 0.9999995231628418], [3.621307769208215e-07, 2.944234438473359e-07, 0.9999992847442627], [3.4227011269649665e-07, 4.962251409779128e-07, 0.9999991655349731], [1.9748266311125917e-07, 3.4340766319473914e-07, 0.9999994039535522], [4.5953447624924593e-07, 4.865278810939344e-07, 0.9999990463256836], [4.2690302848313877e-07, 5.192454750613251e-07, 0.9999990463256836], [2.6652213591660256e-07, 2.9226376341284777e-07, 0.9999994039535522], [1.4456799135587062e-07, 1.7915789385369862e-07, 0.9999996423721313], [2.2219718687210843e-07, 1.1859063420160965e-07, 0.9999996423721313], [3.7005372632847866e-07, 2.627865285376174e-07, 0.9999994039535522], [3.660942127226008e-07, 2.2824976042556955e-07, 0.9999994039535522], [2.4149423438757367e-07, 3.4247034363943385e-07, 0.9999994039535522], [4.130211550545937e-07, 4.3946255345872487e-07, 0.9999991655349731], [1.7560607545874518e-07, 1.863526648548941e-07, 0.9999996423721313], [1.327776146808901e-07, 1.0735434585740222e-07, 0.9999997615814209], [3.258957974594523e-07, 3.6312019346951274e-07, 0.9999992847442627], [2.794817817175499e-07, 1.5870465119860455e-07, 0.9999995231628418], [4.864535867454833e-07, 5.658604322889005e-07, 0.999998927116394], [1.8148419655972248e-07, 4.0653341670804366e-07, 0.9999994039535522], [2.614220022678637e-07, 2.833628229836904e-07, 0.9999994039535522], [8.213018531932903e-07, 3.1972120950740646e-07, 0.9999988079071045], [1.9041192445001798e-07, 5.676372438756516e-07, 0.9999992847442627], [1.3312502744611265e-07, 8.547810637082875e-08, 0.9999997615814209], [1.2472794423956657e-06, 1.5537075626070873e-07, 0.9999985694885254], [2.0100544873002946e-07, 2.41404450207483e-07, 0.9999995231628418], [3.808803512583836e-07, 3.166417457123316e-07, 0.9999992847442627], [1.4850952823053376e-07, 2.8510524430203077e-07, 0.9999995231628418]], "S4": [[4.931531293550506e-06, 1.7481719396528206e-06, 0.9999933242797852], [6.266078003136499e-07, 7.084217941155657e-07, 0.9999986886978149], [4.6206957904360024e-07, 7.674878474972502e-07, 0.9999988079071045], [4.808265430256142e-07, 7.074091286085604e-07, 0.9999988079071045], [8.600674163972144e-07, 9.585745601725648e-07, 0.9999982118606567], [6.869406092846475e-07, 1.1567512956389692e-06, 0.9999982118606567], [6.032571491232375e-07, 7.260983352352923e-07, 0.9999986886978149], [6.009455546518438e-07, 4.7449748308281414e-07, 0.999998927116394], [6.520563715639582e-07, 7.154815762078215e-07, 0.9999986886978149], [4.7300375172198983e-07, 7.733103757345816e-07, 0.9999988079071045], [6.01694068791403e-07, 1.2219524023748818e-06, 0.9999982118606567], [1.2128426760682487e-06, 9.882596714305691e-07, 0.9999978542327881], [8.08178640454571e-07, 1.3730523278354667e-06, 0.9999978542327881], [5.540783831747831e-07, 1.0125513654202223e-06, 0.9999984502792358], [4.5656119596060307e-07, 9.255373356609198e-07, 0.9999985694885254], [9.6246435532521e-07, 4.857464546148549e-07, 0.9999985694885254], [5.038826884629088e-07, 5.674118597198685e-07, 0.999998927116394], [2.423961404929287e-07, 4.906002004645416e-07, 0.9999992847442627], [8.675969525029359e-07, 1.061434772964276e-06, 0.9999980926513672], [5.614368774331524e-07, 8.549646963729174e-07, 0.9999985694885254], [5.45751504432701e-07, 8.848138008943351e-07, 0.9999985694885254], [7.286157597263809e-07, 1.319513785347226e-06, 0.9999979734420776]]}, "infer_command_tokens": ["I1s2_0_2", "I1s2_1_2", "I1s2_2_2", "I1s2_3_2", "I1s2_4_2", "I1s2_5_2", "I1s2_6_2", "I1s2_7_2", "I1s2_8_2", "I1s2_9_2", "I1s2_10_2", "I1s2_11_2", "I1s2_12_2", "I1s2_13_2", "I1s2_14_2", "I1s2_15_2", "I1s2_16_2", "I1s2_17_2", "I1s2_18_2", "I1s2_19_2", "I1s2_20_2", "I1s2_21_2", "I1s2_22_2", "I1s2_23_2", "I1s2_24_2", "I1s2_25_2", "I1s2_26_2", "I1s2_27_2", "I4_28", "C1_4", "R1_2", "R3_3", "S2s1_17", "S4_0_2", "S4_1_2", "S4_2_2", "S4_3_2", "S4_4_2", "S4_5_2", "S4_6_2", "S4_7_2", "S4_8_2", "S4_9_2", "S4_10_2", "S4_11_2", "S4_12_2", "S4_13_2", "S4_14_2", "S4_15_2", "S4_16_2", "S4_17_2", "S4_18_2", "S4_19_2", "S4_20_2", "S4_21_2", "B1s1_4", "TS1s1_0", "K1_1", "T1s1_1", "P4_6", "ST1_14", "EM1_4", "TM1_5"]}