{"text": "This song has a duration of 31 ~ 45 seconds and features a 4/4 meter. The beat is also very energetic, making it a high-energy and exciting track.", "pred_labels": {"R1": [0, 0, 1], "R3": [0, 0, 1, 0], "S2s1": [0, 0, 0, 0, 0, 0, 0, 0, 0, 0, 0, 0, 0, 0, 0, 0, 0, 1], "B1s1": [0, 0, 0, 0, 1], "TS1s1": [1, 0, 0, 0, 0, 0, 0, 0], "K1": [0, 0, 1], "T1s1": [0, 0, 0, 1], "P4": [0, 0, 0, 0, 0, 0, 0, 0, 0, 0, 0, 0, 1], "EM1": [0, 0, 0, 0, 1], "TM1": [0, 0, 1, 0, 0, 0], "I1s2": [[0, 0, 1], [0, 0, 1], [0, 0, 1], [0, 0, 1], [0, 0, 1], [0, 0, 1], [0, 0, 1], [0, 0, 1], [0, 0, 1], [0, 0, 1], [0, 0, 1], [0, 0, 1], [0, 0, 1], [0, 0, 1], [0, 0, 1], [0, 0, 1], [0, 0, 1], [0, 0, 1], [0, 0, 1], [0, 0, 1], [0, 0, 1], [0, 0, 1], [0, 0, 1], [0, 0, 1], [0, 0, 1], [0, 0, 1], [0, 0, 1], [0, 0, 1]], "S4": [[0, 0, 1], [0, 0, 1], [0, 0, 1], [0, 0, 1], [0, 0, 1], [0, 0, 1], [0, 0, 1], [0, 0, 1], [0, 0, 1], [0, 0, 1], [0, 0, 1], [0, 0, 1], [0, 0, 1], [0, 0, 1], [0, 0, 1], [0, 0, 1], [0, 0, 1], [0, 0, 1], [0, 0, 1], [0, 0, 1], [0, 0, 1], [0, 0, 1]]}, "pred_probs": {"R1": [4.31400076195132e-06, 4.752230324811535e-06, 0.9999909400939941], "R3": [6.706997623950883e-07, 1.17386377951334e-06, 0.9999977350234985, 4.580322467973019e-07], "S2s1": [2.8285689950280357e-06, 2.7428400244389195e-06, 4.731349690700881e-06, 3.681167981994804e-06, 4.885315775027266e-06, 4.983718099538237e-06, 3.6337939945951803e-06, 3.127087893517455e-06, 2.701359335333109e-06, 3.6471328712650575e-06, 5.205775323702255e-06, 6.85161921865074e-06, 4.185044872428989e-06, 1.6101474784591119e-06, 4.961704235029174e-06, 9.388079888594802e-06, 2.473473159625428e-06, 0.9999284744262695], "B1s1": [8.811672159936279e-06, 6.2077488109935075e-06, 1.3279658560350072e-05, 2.6921279641101137e-06, 0.9999690055847168], "TS1s1": [0.9999966621398926, 5.267365281724778e-07, 1.320264800597215e-06, 1.723766303030061e-07, 3.6977084505451785e-07, 1.873784185590921e-07, 3.764588427657145e-07, 5.358346584216633e-07], "K1": [9.339926236862084e-07, 1.5433927273988957e-06, 0.9999974966049194], "T1s1": [2.4273531380458735e-06, 9.329310728389828e-07, 1.5318676105380291e-06, 0.9999951124191284], "P4": [4.7149379156508076e-07, 4.5141706550566596e-07, 4.4252632847019413e-07, 4.5890601541032083e-07, 8.253977057393058e-07, 2.696727392503817e-07, 5.715966722164012e-07, 3.302455411358096e-07, 4.952851213602116e-07, 5.861224394720921e-07, 3.67362957831574e-07, 4.6621141791547416e-07, 0.9999942779541016], "EM1": [1.4791178728046361e-05, 2.646032407938037e-05, 1.3144936929165851e-05, 0.0001903209340525791, 0.999755322933197], "TM1": [6.388434599102766e-07, 5.216793965701072e-07, 0.9999977350234985, 3.5957432942268497e-07, 3.012791296441719e-07, 2.982488638281211e-07], "I1s2": [[3.194906241787976e-07, 2.3785317182500876e-07, 0.9999994039535522], [2.965725514059159e-07, 2.3852695107962063e-07, 0.9999995231628418], [3.373206709511578e-07, 2.41107159126841e-07, 0.9999994039535522], [4.419999299898336e-07, 5.563014155995916e-07, 0.9999990463256836], [2.596623289718991e-07, 3.178343774834502e-07, 0.9999994039535522], [5.910591767133155e-07, 4.711435792614793e-07, 0.999998927116394], [4.503210391249013e-07, 4.88052137370687e-07, 0.9999990463256836], [2.746771201600495e-07, 2.998321519953606e-07, 0.9999994039535522], [2.1240961700641492e-07, 1.8647141075689433e-07, 0.9999996423721313], [2.399245602191513e-07, 1.3146882338332944e-07, 0.9999996423721313], [4.065240943873505e-07, 2.7859556439580047e-07, 0.9999992847442627], [3.7803926034030155e-07, 2.3944906502038066e-07, 0.9999994039535522], [2.6640574901648506e-07, 3.0709034604115004e-07, 0.9999994039535522], [4.255202270542213e-07, 4.736755840895057e-07, 0.9999990463256836], [2.812909940530517e-07, 2.484473213826277e-07, 0.9999995231628418], [2.1292414942308824e-07, 1.418889326032513e-07, 0.9999996423721313], [3.5049112057095044e-07, 3.431820516652806e-07, 0.9999992847442627], [3.3417003919566923e-07, 1.4601035047689948e-07, 0.9999995231628418], [5.085427687845367e-07, 5.599665655608987e-07, 0.999998927116394], [2.2485598094590387e-07, 4.710534255991661e-07, 0.9999992847442627], [2.2797546250785672e-07, 2.6823877874448954e-07, 0.9999995231628418], [6.941926358194905e-07, 3.437004068018723e-07, 0.999998927116394], [2.2214327088931896e-07, 6.101415124248888e-07, 0.9999991655349731], [1.4615055476951966e-07, 9.142134871353846e-08, 0.9999997615814209], [1.1785974720623926e-06, 1.339870436822821e-07, 0.9999986886978149], [2.284987346001799e-07, 2.4618262273179425e-07, 0.9999995231628418], [4.955781491844391e-07, 3.3108278785221046e-07, 0.9999991655349731], [1.9095716652373085e-07, 2.792238831261784e-07, 0.9999995231628418]], "S4": [[3.777976871788269e-06, 1.450009222025983e-06, 0.9999947547912598], [6.71368411531148e-07, 7.093004796843161e-07, 0.9999985694885254], [4.855362476519076e-07, 8.320972142428218e-07, 0.9999986886978149], [4.886010742666258e-07, 7.662283678655513e-07, 0.9999986886978149], [8.550841243959439e-07, 1.089306806534296e-06, 0.9999980926513672], [6.527913569698285e-07, 1.3203344906287384e-06, 0.9999979734420776], [5.07232982727146e-07, 6.755291224180837e-07, 0.9999988079071045], [6.373380756485858e-07, 4.912602094009344e-07, 0.999998927116394], [6.505643455056997e-07, 7.675798769923858e-07, 0.9999985694885254], [4.565058873140515e-07, 9.199607688969991e-07, 0.9999985694885254], [5.740413939747668e-07, 1.2425762179191224e-06, 0.9999982118606567], [1.1039687706215773e-06, 1.206791125696327e-06, 0.9999977350234985], [8.58109387991135e-07, 1.8154278222937137e-06, 0.9999973773956299], [6.084731580813241e-07, 1.3163102039470687e-06, 0.9999980926513672], [5.591465992438316e-07, 1.0990218015649589e-06, 0.9999983310699463], [7.103120083229442e-07, 4.7613835363335966e-07, 0.9999988079071045], [5.366417212826491e-07, 7.59138174544205e-07, 0.9999986886978149], [2.5937342229553906e-07, 5.576915782512515e-07, 0.9999991655349731], [9.011520205604029e-07, 1.0516540669414098e-06, 0.9999980926513672], [5.398903795139631e-07, 9.778129879123298e-07, 0.9999984502792358], [5.793094715045299e-07, 1.0698120149754686e-06, 0.9999983310699463], [7.588689641124802e-07, 1.489706392021617e-06, 0.9999977350234985]]}, "infer_command_tokens": ["I1s2_0_2", "I1s2_1_2", "I1s2_2_2", "I1s2_3_2", "I1s2_4_2", "I1s2_5_2", "I1s2_6_2", "I1s2_7_2", "I1s2_8_2", "I1s2_9_2", "I1s2_10_2", "I1s2_11_2", "I1s2_12_2", "I1s2_13_2", "I1s2_14_2", "I1s2_15_2", "I1s2_16_2", "I1s2_17_2", "I1s2_18_2", "I1s2_19_2", "I1s2_20_2", "I1s2_21_2", "I1s2_22_2", "I1s2_23_2", "I1s2_24_2", "I1s2_25_2", "I1s2_26_2", "I1s2_27_2", "I4_28", "C1_4", "R1_2", "R3_2", "S2s1_17", "S4_0_2", "S4_1_2", "S4_2_2", "S4_3_2", "S4_4_2", "S4_5_2", "S4_6_2", "S4_7_2", "S4_8_2", "S4_9_2", "S4_10_2", "S4_11_2", "S4_12_2", "S4_13_2", "S4_14_2", "S4_15_2", "S4_16_2", "S4_17_2", "S4_18_2", "S4_19_2", "S4_20_2", "S4_21_2", "B1s1_4", "TS1s1_0", "K1_2", "T1s1_3", "P4_12", "ST1_14", "EM1_4", "TM1_2"]}