{"text": "The captivating and memorable experience of this music is enhanced by its choice of minor key, accompanied by a medium tempo. Defined by dolefulness, the music immerses listeners in its distinct character. Furthermore, the composition adheres to 4/4, adding another layer of rhythm and structure to the overall piece.", "pred_labels": {"R1": [0, 0, 1], "R3": [0, 0, 0, 1], "S2s1": [0, 0, 0, 0, 0, 0, 0, 0, 0, 0, 0, 0, 0, 0, 0, 0, 0, 1], "B1s1": [0, 0, 0, 0, 1], "TS1s1": [1, 0, 0, 0, 0, 0, 0, 0], "K1": [0, 1, 0], "T1s1": [0, 1, 0, 0], "P4": [0, 0, 0, 0, 0, 0, 0, 0, 0, 0, 0, 0, 1], "EM1": [0, 0, 1, 0, 0], "TM1": [0, 0, 0, 0, 0, 1], "I1s2": [[0, 0, 1], [0, 0, 1], [0, 0, 1], [0, 0, 1], [0, 0, 1], [0, 0, 1], [0, 0, 1], [0, 0, 1], [0, 0, 1], [0, 0, 1], [0, 0, 1], [0, 0, 1], [0, 0, 1], [0, 0, 1], [0, 0, 1], [0, 0, 1], [0, 0, 1], [0, 0, 1], [0, 0, 1], [0, 0, 1], [0, 0, 1], [0, 0, 1], [0, 0, 1], [0, 0, 1], [0, 0, 1], [0, 0, 1], [0, 0, 1], [0, 0, 1]], "S4": [[0, 0, 1], [0, 0, 1], [0, 0, 1], [0, 0, 1], [0, 0, 1], [0, 0, 1], [0, 0, 1], [0, 0, 1], [0, 0, 1], [0, 0, 1], [0, 0, 1], [0, 0, 1], [0, 0, 1], [0, 0, 1], [0, 0, 1], [0, 0, 1], [0, 0, 1], [0, 0, 1], [0, 0, 1], [0, 0, 1], [0, 0, 1], [0, 0, 1]]}, "pred_probs": {"R1": [4.215903118165443e-06, 4.138667918596184e-06, 0.9999916553497314], "R3": [2.5072745302168187e-06, 5.736031880587689e-07, 3.18054389936151e-06, 0.9999936819076538], "S2s1": [2.557326070018462e-06, 2.704072130654822e-06, 4.173858542344533e-06, 3.072299477935303e-06, 3.460349262240925e-06, 4.527329110715073e-06, 3.371562115717097e-06, 2.604312840048806e-06, 2.276674877066398e-06, 3.3545125006639864e-06, 5.02112698086421e-06, 6.059385668777395e-06, 3.727938292286126e-06, 1.455945493944455e-06, 3.893979283020599e-06, 8.015416824491695e-06, 2.15219120036636e-06, 0.9999375343322754], "B1s1": [6.973461040615803e-06, 5.176684226171346e-06, 9.317570402345154e-06, 2.515370624678326e-06, 0.9999760389328003], "TS1s1": [0.9999971389770508, 4.172218837084074e-07, 1.048793706104334e-06, 1.516699370540664e-07, 3.325314139601687e-07, 1.6568218086376874e-07, 3.6575698914020904e-07, 4.4010045030518086e-07], "K1": [3.867134239499137e-07, 0.9999991655349731, 4.39420233533383e-07], "T1s1": [1.1203906069567893e-06, 0.9999967813491821, 1.179650098492857e-06, 9.098623081627011e-07], "P4": [4.116069760584651e-07, 3.9280530472751707e-07, 3.981548388765077e-07, 4.945259775013255e-07, 7.567651323370228e-07, 2.4441436607958167e-07, 5.555859843298094e-07, 2.436191834931378e-07, 4.1576362264095224e-07, 5.052491474089038e-07, 2.937364058652747e-07, 4.08189265499459e-07, 0.9999948740005493], "EM1": [2.658268158484134e-06, 1.8640288317328668e-06, 0.9999910593032837, 2.5582924081390956e-06, 1.952563479790115e-06], "TM1": [3.5103283835269394e-07, 6.847484996796993e-07, 4.79894708860229e-07, 7.140154139051447e-07, 9.331412087476565e-08, 0.9999977350234985], "I1s2": [[3.503468235521723e-07, 2.656861965988355e-07, 0.9999994039535522], [2.549751343394746e-07, 2.192895465213951e-07, 0.9999995231628418], [4.5011591964794206e-07, 2.9187657446527737e-07, 0.9999992847442627], [3.7878109537814453e-07, 5.282136612549948e-07, 0.9999990463256836], [2.2138449651265546e-07, 3.1895362440081954e-07, 0.9999994039535522], [4.824848929274594e-07, 4.560057504932047e-07, 0.9999990463256836], [4.391005461457098e-07, 4.689184720518824e-07, 0.9999990463256836], [2.653423507581465e-07, 3.027502941677085e-07, 0.9999994039535522], [1.4340055543016206e-07, 1.6673064351380162e-07, 0.9999996423721313], [2.0691116731086368e-07, 1.0795782401373799e-07, 0.9999996423721313], [3.481990518139355e-07, 2.6587073875816714e-07, 0.9999994039535522], [3.7642288930328505e-07, 2.1454353316130437e-07, 0.9999994039535522], [2.3878570232227503e-07, 3.106396775365283e-07, 0.9999994039535522], [4.446228842880373e-07, 4.378954088224418e-07, 0.9999991655349731], [2.2113133013590414e-07, 1.8862989747958636e-07, 0.9999996423721313], [1.4295190453594842e-07, 1.0664942351468198e-07, 0.9999997615814209], [3.070900334023463e-07, 3.316754089155438e-07, 0.9999994039535522], [3.2025272389546444e-07, 1.5623329829850263e-07, 0.9999995231628418], [5.247421768217464e-07, 5.745319526795356e-07, 0.999998927116394], [1.8036323012893263e-07, 3.4781442082021385e-07, 0.9999995231628418], [2.546167365835572e-07, 2.7474789021653123e-07, 0.9999995231628418], [7.43736450203869e-07, 3.0970096531746094e-07, 0.999998927116394], [2.003096142288996e-07, 5.128254088049289e-07, 0.9999992847442627], [1.35567617576271e-07, 8.572088461278327e-08, 0.9999997615814209], [1.4030574675416574e-06, 1.4314159102468693e-07, 0.9999984502792358], [2.3167821439074032e-07, 2.4793985176074784e-07, 0.9999995231628418], [3.9720998756820336e-07, 3.3058685744435934e-07, 0.9999992847442627], [1.7788237016702624e-07, 2.528013283153996e-07, 0.9999995231628418]], "S4": [[4.700099907495314e-06, 1.6216642961808247e-06, 0.9999936819076538], [6.08831726367498e-07, 6.267979415497393e-07, 0.9999988079071045], [4.4150397116027307e-07, 8.053749525060994e-07, 0.9999988079071045], [4.7107619138841983e-07, 6.412479365280888e-07, 0.999998927116394], [9.464330901209905e-07, 1.0251003459416097e-06, 0.9999979734420776], [6.100362952565774e-07, 9.988306146624382e-07, 0.9999984502792358], [5.873185955351801e-07, 6.462969395215623e-07, 0.9999988079071045], [6.219237320692628e-07, 4.5962207195771043e-07, 0.999998927116394], [6.273289159253181e-07, 6.623967578889278e-07, 0.9999986886978149], [4.7277509906962223e-07, 7.103445227585325e-07, 0.9999988079071045], [5.436963306237885e-07, 1.0585179097688524e-06, 0.9999984502792358], [1.1744137964342372e-06, 8.784568876762933e-07, 0.9999979734420776], [7.721541805949528e-07, 1.2759647916027461e-06, 0.9999979734420776], [5.431159593172197e-07, 9.526092981104739e-07, 0.9999984502792358], [4.665501194267563e-07, 9.390039963363961e-07, 0.9999985694885254], [7.761497613500978e-07, 4.3877855659957277e-07, 0.9999988079071045], [5.157512532605324e-07, 5.767525976807519e-07, 0.999998927116394], [2.385923778547294e-07, 5.366419486563245e-07, 0.9999991655349731], [9.317920444118499e-07, 1.0380130106568686e-06, 0.9999979734420776], [5.466563948175462e-07, 7.840115472390607e-07, 0.9999986886978149], [5.373436806621612e-07, 9.526966096018441e-07, 0.9999985694885254], [7.59325189392257e-07, 1.291714852413861e-06, 0.9999979734420776]]}, "infer_command_tokens": ["I1s2_0_2", "I1s2_1_2", "I1s2_2_2", "I1s2_3_2", "I1s2_4_2", "I1s2_5_2", "I1s2_6_2", "I1s2_7_2", "I1s2_8_2", "I1s2_9_2", "I1s2_10_2", "I1s2_11_2", "I1s2_12_2", "I1s2_13_2", "I1s2_14_2", "I1s2_15_2", "I1s2_16_2", "I1s2_17_2", "I1s2_18_2", "I1s2_19_2", "I1s2_20_2", "I1s2_21_2", "I1s2_22_2", "I1s2_23_2", "I1s2_24_2", "I1s2_25_2", "I1s2_26_2", "I1s2_27_2", "I4_28", "C1_4", "R1_2", "R3_3", "S2s1_17", "S4_0_2", "S4_1_2", "S4_2_2", "S4_3_2", "S4_4_2", "S4_5_2", "S4_6_2", "S4_7_2", "S4_8_2", "S4_9_2", "S4_10_2", "S4_11_2", "S4_12_2", "S4_13_2", "S4_14_2", "S4_15_2", "S4_16_2", "S4_17_2", "S4_18_2", "S4_19_2", "S4_20_2", "S4_21_2", "B1s1_4", "TS1s1_0", "K1_1", "T1s1_1", "P4_12", "ST1_14", "EM1_2", "TM1_5"]}