{"text": "The musical piece showcases a pitch range within 4 octaves and is played at a medium pace, but it is not danceable due to its beat.", "pred_labels": {"R1": [0, 1, 0], "R3": [0, 0, 0, 1], "S2s1": [0, 0, 0, 0, 0, 0, 0, 0, 0, 0, 0, 0, 0, 0, 0, 0, 0, 1], "B1s1": [0, 0, 0, 0, 1], "TS1s1": [0, 0, 0, 0, 0, 0, 0, 1], "K1": [0, 0, 1], "T1s1": [0, 1, 0, 0], "P4": [0, 0, 0, 0, 1, 0, 0, 0, 0, 0, 0, 0, 0], "EM1": [0, 0, 0, 0, 1], "TM1": [0, 0, 0, 0, 0, 1], "I1s2": [[0, 0, 1], [0, 0, 1], [0, 0, 1], [0, 0, 1], [0, 0, 1], [0, 0, 1], [0, 0, 1], [0, 0, 1], [0, 0, 1], [0, 0, 1], [0, 0, 1], [0, 0, 1], [0, 0, 1], [0, 0, 1], [0, 0, 1], [0, 0, 1], [0, 0, 1], [0, 0, 1], [0, 0, 1], [0, 0, 1], [0, 0, 1], [0, 0, 1], [0, 0, 1], [0, 0, 1], [0, 0, 1], [0, 0, 1], [0, 0, 1], [0, 0, 1]], "S4": [[0, 0, 1], [0, 0, 1], [0, 0, 1], [0, 0, 1], [0, 0, 1], [0, 0, 1], [0, 0, 1], [0, 0, 1], [0, 0, 1], [0, 0, 1], [0, 0, 1], [0, 0, 1], [0, 0, 1], [0, 0, 1], [0, 0, 1], [0, 0, 1], [0, 0, 1], [0, 0, 1], [0, 0, 1], [0, 0, 1], [0, 0, 1], [0, 0, 1]]}, "pred_probs": {"R1": [3.037490614588023e-06, 0.9999936819076538, 3.316041102152667e-06], "R3": [8.367749614990316e-06, 1.4929265489627142e-05, 2.6097435693372972e-05, 0.999950647354126], "S2s1": [3.1479555673286086e-06, 3.1648457934352336e-06, 6.641995696554659e-06, 3.7404115573735908e-06, 5.090055310574826e-06, 5.853915808984311e-06, 3.7045283534098417e-06, 3.5492148526827805e-06, 2.5538693080306984e-06, 4.271745183359599e-06, 5.203259661357151e-06, 6.541366474266397e-06, 4.690914011007408e-06, 1.6130509266076842e-06, 5.709188371838536e-06, 9.927304745360743e-06, 2.751042529780534e-06, 0.9999219179153442], "B1s1": [7.2391385401715524e-06, 6.42062059341697e-06, 1.0598824701446574e-05, 2.6270658963767346e-06, 0.9999730587005615], "TS1s1": [8.087696414804668e-07, 1.726226173559553e-06, 1.1883325896633323e-06, 2.3151328605308663e-06, 9.206099775838084e-07, 2.0713073354272638e-06, 4.795646600541659e-05, 0.9999430179595947], "K1": [1.4778267996007344e-06, 2.121367515428574e-06, 0.9999964237213135], "T1s1": [2.5663925953267608e-06, 0.9999955892562866, 1.1265166222074185e-06, 6.799510856581037e-07], "P4": [2.7261245350018726e-07, 1.188011964359248e-07, 1.3004576260300382e-07, 8.18837904148495e-08, 0.9999978542327881, 1.2749325151162338e-07, 1.2761782386405685e-07, 2.572903383679659e-07, 1.1458290316568309e-07, 2.858921845927398e-07, 1.9544648921510088e-07, 1.247931038506067e-07, 3.3289367706856865e-07], "EM1": [3.4087038329744246e-06, 5.334518391464371e-06, 5.116177817399148e-06, 1.3146318451617844e-05, 0.999972939491272], "TM1": [6.754302717126848e-07, 1.0061808097816538e-06, 7.329426239266468e-07, 8.935376740737411e-07, 1.2422394490840816e-07, 0.999996542930603], "I1s2": [[3.3032847568392754e-07, 2.545297945744096e-07, 0.9999994039535522], [2.980975182254042e-07, 2.4362006456613017e-07, 0.9999994039535522], [3.103580752394919e-07, 2.704576047563023e-07, 0.9999994039535522], [3.86128903073768e-07, 5.421682089945534e-07, 0.9999990463256836], [2.2327580495584698e-07, 3.5021051303374406e-07, 0.9999994039535522], [5.368501660996117e-07, 4.947308980263188e-07, 0.999998927116394], [4.2308911929467286e-07, 4.946167564412463e-07, 0.9999990463256836], [3.0337255907397775e-07, 3.1007908773972304e-07, 0.9999994039535522], [1.9423143271524168e-07, 2.1453725196352025e-07, 0.9999996423721313], [2.3215552857891453e-07, 1.2908432722724683e-07, 0.9999996423721313], [3.911461590178078e-07, 2.6547039055913046e-07, 0.9999992847442627], [4.113161082841543e-07, 2.390771385307744e-07, 0.9999994039535522], [2.5291151928286126e-07, 3.617956281232182e-07, 0.9999994039535522], [4.365652443993895e-07, 4.209131247989717e-07, 0.9999991655349731], [2.4666368858561327e-07, 2.3777835167493322e-07, 0.9999995231628418], [1.4953964466712932e-07, 1.1476652161945822e-07, 0.9999997615814209], [3.5480357496453507e-07, 4.111505518267222e-07, 0.9999992847442627], [2.764992927950516e-07, 1.5401852238028368e-07, 0.9999995231628418], [5.477508580042922e-07, 5.75075773667777e-07, 0.999998927116394], [2.1263794280912407e-07, 5.119721890878282e-07, 0.9999992847442627], [2.2668291421723552e-07, 2.633834697007842e-07, 0.9999995231628418], [7.812881790414394e-07, 3.241320314373297e-07, 0.999998927116394], [2.015282234424376e-07, 6.414175572899694e-07, 0.9999991655349731], [1.4179832419358718e-07, 1.0429301511294398e-07, 0.9999997615814209], [1.1873950143126422e-06, 1.6950410497429402e-07, 0.9999986886978149], [2.417435780444066e-07, 2.437678858768777e-07, 0.9999995231628418], [5.190751721784181e-07, 3.264855479301332e-07, 0.9999991655349731], [1.8896153619607503e-07, 2.867136856821162e-07, 0.9999995231628418]], "S4": [[4.406552307045786e-06, 1.802754354685021e-06, 0.9999938011169434], [8.105517963485909e-07, 8.985965678220964e-07, 0.9999983310699463], [5.180413040761778e-07, 8.668587838656094e-07, 0.9999985694885254], [5.154246309757582e-07, 8.543200920030358e-07, 0.9999986886978149], [8.37695608879585e-07, 1.2153484476584708e-06, 0.9999979734420776], [7.104793553480704e-07, 1.4773779639654094e-06, 0.9999978542327881], [5.281500534692896e-07, 8.256784553850594e-07, 0.9999986886978149], [6.296773449321336e-07, 5.255364499134885e-07, 0.9999988079071045], [6.926105129423377e-07, 8.117215202219086e-07, 0.9999984502792358], [5.619007197310566e-07, 1.0179171567870071e-06, 0.9999984502792358], [6.00353757818084e-07, 1.5735502074676333e-06, 0.9999978542327881], [1.1754171964639681e-06, 1.3199600061852834e-06, 0.9999974966049194], [9.129101385951799e-07, 1.6970421938822255e-06, 0.9999973773956299], [6.036314630364359e-07, 1.2650082226173254e-06, 0.9999980926513672], [5.14360863235197e-07, 1.1708737019944238e-06, 0.9999983310699463], [8.21573564735445e-07, 5.230652959653526e-07, 0.9999986886978149], [5.159675993127166e-07, 8.052772955124965e-07, 0.9999986886978149], [2.519864779060299e-07, 6.082834715925856e-07, 0.9999991655349731], [1.0447403155922075e-06, 1.196161406369356e-06, 0.9999977350234985], [5.156664428795921e-07, 9.920807997332304e-07, 0.9999984502792358], [4.851459607380093e-07, 1.0586693406366976e-06, 0.9999984502792358], [7.122730494302232e-07, 1.5243998632286093e-06, 0.9999977350234985]]}, "infer_command_tokens": ["I1s2_0_2", "I1s2_1_2", "I1s2_2_2", "I1s2_3_2", "I1s2_4_2", "I1s2_5_2", "I1s2_6_2", "I1s2_7_2", "I1s2_8_2", "I1s2_9_2", "I1s2_10_2", "I1s2_11_2", "I1s2_12_2", "I1s2_13_2", "I1s2_14_2", "I1s2_15_2", "I1s2_16_2", "I1s2_17_2", "I1s2_18_2", "I1s2_19_2", "I1s2_20_2", "I1s2_21_2", "I1s2_22_2", "I1s2_23_2", "I1s2_24_2", "I1s2_25_2", "I1s2_26_2", "I1s2_27_2", "I4_28", "C1_4", "R1_1", "R3_3", "S2s1_17", "S4_0_2", "S4_1_2", "S4_2_2", "S4_3_2", "S4_4_2", "S4_5_2", "S4_6_2", "S4_7_2", "S4_8_2", "S4_9_2", "S4_10_2", "S4_11_2", "S4_12_2", "S4_13_2", "S4_14_2", "S4_15_2", "S4_16_2", "S4_17_2", "S4_18_2", "S4_19_2", "S4_20_2", "S4_21_2", "B1s1_4", "TS1s1_7", "K1_2", "T1s1_1", "P4_4", "ST1_14", "EM1_4", "TM1_5"]}