{"text": "The music piece utilizes a specific pitch range of 4 octaves, resulting in a cohesive and unified sound. Additionally, it conveys a unique and resonant sound through the use of minor key. With a running time of 46 ~ 60 seconds, the rhythm in this song is invigorating and brought to life through the use of grand piano, strings and drum. It follows a 4/4 meter and is performed at a moderate speed. Belonging to the rap and pop genre, the music showcases a delightful combination of pitch range, key, rhythm, instrumentation, meter, and tempo.", "pred_labels": {"R1": [0, 0, 1], "R3": [0, 0, 1, 0], "S2s1": [0, 0, 0, 0, 0, 0, 0, 0, 0, 0, 0, 0, 0, 0, 0, 0, 0, 1], "B1s1": [0, 0, 0, 0, 1], "TS1s1": [1, 0, 0, 0, 0, 0, 0, 0], "K1": [0, 1, 0], "T1s1": [0, 1, 0, 0], "P4": [0, 0, 0, 0, 1, 0, 0, 0, 0, 0, 0, 0, 0], "EM1": [0, 0, 0, 0, 1], "TM1": [0, 0, 0, 1, 0, 0], "I1s2": [[1, 0, 0], [0, 0, 1], [0, 0, 1], [0, 0, 1], [0, 0, 1], [0, 0, 1], [0, 0, 1], [0, 0, 1], [0, 0, 1], [0, 0, 1], [1, 0, 0], [0, 0, 1], [0, 0, 1], [0, 0, 1], [0, 0, 1], [0, 0, 1], [0, 0, 1], [0, 0, 1], [0, 0, 1], [0, 0, 1], [0, 0, 1], [0, 0, 1], [0, 0, 1], [0, 0, 1], [0, 0, 1], [0, 0, 1], [0, 0, 1], [1, 0, 0]], "S4": [[0, 0, 1], [0, 0, 1], [1, 0, 0], [0, 0, 1], [0, 0, 1], [0, 0, 1], [0, 0, 1], [0, 0, 1], [0, 0, 1], [0, 0, 1], [0, 0, 1], [0, 0, 1], [0, 0, 1], [1, 0, 0], [0, 0, 1], [0, 0, 1], [0, 0, 1], [0, 0, 1], [0, 0, 1], [0, 0, 1], [0, 0, 1], [0, 0, 1]]}, "pred_probs": {"R1": [4.162654477113392e-06, 4.435198206920177e-06, 0.9999914169311523], "R3": [6.538989509863313e-07, 1.199481971525529e-06, 0.999997615814209, 4.1743541601135803e-07], "S2s1": [2.6603670448821504e-06, 2.658201083249878e-06, 4.4772032197215594e-06, 3.1094268706510775e-06, 3.3916201118699973e-06, 3.9790093069314025e-06, 3.3438018363085575e-06, 3.3221842841157923e-06, 2.8488459520303877e-06, 2.880179636122193e-06, 5.1596171033452265e-06, 4.841874670091784e-06, 3.5650878089654725e-06, 1.2714258446067106e-06, 4.384129169920925e-06, 1.015513771562837e-05, 1.786544089554809e-06, 0.9999362230300903], "B1s1": [7.0065011641418096e-06, 4.782317773788236e-06, 8.528940270480234e-06, 2.3115369458537316e-06, 0.9999773502349854], "TS1s1": [0.9999973773956299, 3.7388977602859086e-07, 8.042670174290834e-07, 1.4276953663738823e-07, 2.9975720394759264e-07, 1.4583525853595347e-07, 3.2145086947821255e-07, 4.227552494739939e-07], "K1": [3.9775130744601483e-07, 0.9999992847442627, 3.4001359949797916e-07], "T1s1": [1.4046979686099803e-06, 0.9999969005584717, 1.0114302995134494e-06, 7.714114644841175e-07], "P4": [2.1334442124043562e-07, 9.171201043045585e-08, 9.372014631026104e-08, 6.818786602025284e-08, 0.9999983310699463, 7.288707593033905e-08, 1.3264603637708205e-07, 1.621035465859677e-07, 1.2724332520974713e-07, 2.0895255659070244e-07, 1.5907433237316582e-07, 1.1074317995962701e-07, 2.1487113599505392e-07], "EM1": [2.0312766082497546e-06, 2.7475912247609813e-06, 6.243557891139062e-06, 1.492084629717283e-05, 0.9999740123748779], "TM1": [3.936007715310552e-07, 3.4958267747242644e-07, 1.04674609247013e-06, 0.9999979734420776, 1.4938972014988394e-07, 1.3206246762820228e-07], "I1s2": [[0.9999935626983643, 2.7614257760433247e-06, 3.731472816070891e-06], [2.0772472453245427e-07, 2.4579952651038184e-07, 0.9999995231628418], [3.5096206829621224e-07, 3.59364406676832e-07, 0.9999992847442627], [2.5348987264806055e-07, 1.02731280549051e-06, 0.9999986886978149], [2.922603528077161e-07, 5.755850907007698e-07, 0.9999991655349731], [4.554458996608446e-07, 6.571280550815572e-07, 0.999998927116394], [4.1866908873089415e-07, 6.353221237986872e-07, 0.999998927116394], [2.5057505581571604e-07, 3.4337065812906076e-07, 0.9999994039535522], [1.3271443322082632e-07, 2.559235667831672e-07, 0.9999996423721313], [1.9780050308781938e-07, 1.5801644792645675e-07, 0.9999996423721313], [0.9999916553497314, 3.925784312741598e-06, 4.361710125522222e-06], [3.481014232420421e-07, 2.38567849919491e-07, 0.9999994039535522], [2.1019890539264452e-07, 6.469873028436268e-07, 0.9999991655349731], [4.6632519001832407e-07, 6.009627782077587e-07, 0.999998927116394], [2.24159947492808e-07, 2.559000904511777e-07, 0.9999995231628418], [1.5893824922841304e-07, 9.989839355739605e-08, 0.9999997615814209], [3.1659550359108835e-07, 4.6543758003281255e-07, 0.9999991655349731], [2.683774482648005e-07, 3.0255489491537446e-07, 0.9999994039535522], [4.5030202500129235e-07, 7.025992090348154e-07, 0.9999988079071045], [1.633899131547878e-07, 3.756450723813032e-07, 0.9999994039535522], [2.081052059565991e-07, 4.4648623998000403e-07, 0.9999994039535522], [6.939530408089922e-07, 3.2145629802471376e-07, 0.999998927116394], [2.4116275199048687e-07, 6.358884547807975e-07, 0.9999991655349731], [1.2652390068979003e-07, 1.1006842015603979e-07, 0.9999997615814209], [3.0700384741066955e-06, 2.583517471066443e-07, 0.9999966621398926], [2.0982264459235012e-07, 2.736151714088919e-07, 0.9999995231628418], [3.464560052179877e-07, 3.805858739269752e-07, 0.9999992847442627], [0.9999929666519165, 2.663320628926158e-06, 4.361582796263974e-06]], "S4": [[6.074388693377841e-06, 1.948878207258531e-06, 0.9999920129776001], [5.567184189203545e-07, 6.209002663126739e-07, 0.9999988079071045], [0.9999887943267822, 5.4224819905357435e-06, 5.793716354673961e-06], [5.330295493877202e-07, 6.756289394616033e-07, 0.9999988079071045], [7.435234010699787e-07, 8.138453608808049e-07, 0.9999984502792358], [5.35855633643223e-07, 8.367387636099011e-07, 0.9999985694885254], [6.951928526177653e-07, 6.190844032971654e-07, 0.9999986886978149], [5.625132075692818e-07, 5.022879463467689e-07, 0.999998927116394], [5.695055165233498e-07, 6.355717800943239e-07, 0.9999988079071045], [5.345057729755354e-07, 6.371873269017669e-07, 0.9999988079071045], [4.88017008137831e-07, 9.670250165072503e-07, 0.9999985694885254], [1.1208751402591588e-06, 7.927437764010392e-07, 0.9999980926513672], [6.843440019110858e-07, 1.1863983218063368e-06, 0.9999980926513672], [0.9999818801879883, 1.2668995623243973e-05, 5.430885721580125e-06], [4.06523071205811e-07, 8.533031063961971e-07, 0.9999986886978149], [8.481172812935256e-07, 5.211522875470109e-07, 0.9999986886978149], [4.559821888960869e-07, 5.580569109042699e-07, 0.999998927116394], [2.1480289547071152e-07, 5.301547503222537e-07, 0.9999992847442627], [8.076704602899554e-07, 9.688404816188267e-07, 0.9999982118606567], [5.402655460784445e-07, 7.3640887876536e-07, 0.9999986886978149], [5.998308552079834e-07, 1.3259714251034893e-06, 0.9999980926513672], [8.087516221166879e-07, 1.177731519419467e-06, 0.9999979734420776]]}, "infer_command_tokens": ["I1s2_0_0", "I1s2_1_2", "I1s2_2_2", "I1s2_3_2", "I1s2_4_2", "I1s2_5_2", "I1s2_6_2", "I1s2_7_2", "I1s2_8_2", "I1s2_9_2", "I1s2_10_0", "I1s2_11_2", "I1s2_12_2", "I1s2_13_2", "I1s2_14_2", "I1s2_15_2", "I1s2_16_2", "I1s2_17_2", "I1s2_18_2", "I1s2_19_2", "I1s2_20_2", "I1s2_21_2", "I1s2_22_2", "I1s2_23_2", "I1s2_24_2", "I1s2_25_2", "I1s2_26_2", "I1s2_27_0", "I4_28", "C1_4", "R1_2", "R3_2", "S2s1_17", "S4_0_2", "S4_1_2", "S4_2_0", "S4_3_2", "S4_4_2", "S4_5_2", "S4_6_2", "S4_7_2", "S4_8_2", "S4_9_2", "S4_10_2", "S4_11_2", "S4_12_2", "S4_13_0", "S4_14_2", "S4_15_2", "S4_16_2", "S4_17_2", "S4_18_2", "S4_19_2", "S4_20_2", "S4_21_2", "B1s1_4", "TS1s1_0", "K1_1", "T1s1_1", "P4_4", "ST1_14", "EM1_4", "TM1_3"]}