{"text": "This music's use of the major key creates a rich and dynamic sonic palette, accompanied by a high-tempo composition that is brought to life through the use of piano. The song has a duration of about 40 seconds and is based on a 4/4 time signature, capturing a sense of calmness. The music in question provides a distinctive and unforgettable listening experience with its pitch range spanning 4 octaves. Additionally, the rhythm of the song strikes a balance, neither too fast nor too slow, creating a pleasant and engaging listening experience overall.", "pred_labels": {"R1": [0, 0, 1], "R3": [0, 1, 0, 0], "S2s1": [0, 0, 0, 0, 0, 0, 0, 0, 0, 0, 0, 0, 0, 0, 0, 0, 0, 1], "B1s1": [0, 0, 0, 0, 1], "TS1s1": [1, 0, 0, 0, 0, 0, 0, 0], "K1": [1, 0, 0], "T1s1": [0, 0, 1, 0], "P4": [0, 0, 0, 0, 1, 0, 0, 0, 0, 0, 0, 0, 0], "EM1": [0, 0, 0, 1, 0], "TM1": [0, 0, 1, 0, 0, 0], "I1s2": [[1, 0, 0], [0, 0, 1], [0, 0, 1], [0, 0, 1], [0, 0, 1], [0, 0, 1], [0, 0, 1], [0, 0, 1], [0, 0, 1], [0, 0, 1], [0, 0, 1], [0, 0, 1], [0, 0, 1], [0, 0, 1], [0, 0, 1], [0, 0, 1], [0, 0, 1], [0, 0, 1], [0, 0, 1], [0, 0, 1], [0, 0, 1], [0, 0, 1], [0, 0, 1], [0, 0, 1], [0, 0, 1], [0, 0, 1], [0, 0, 1], [0, 0, 1]], "S4": [[0, 0, 1], [0, 0, 1], [0, 0, 1], [0, 0, 1], [0, 0, 1], [0, 0, 1], [0, 0, 1], [0, 0, 1], [0, 0, 1], [0, 0, 1], [0, 0, 1], [0, 0, 1], [0, 0, 1], [0, 0, 1], [0, 0, 1], [0, 0, 1], [0, 0, 1], [0, 0, 1], [0, 0, 1], [0, 0, 1], [0, 0, 1], [0, 0, 1]]}, "pred_probs": {"R1": [4.434821676113643e-06, 4.152314431848936e-06, 0.9999914169311523], "R3": [3.79493167201872e-06, 0.9999940395355225, 6.162387649055745e-07, 1.4933608554201783e-06], "S2s1": [2.3778839022270404e-06, 2.4850426143530058e-06, 4.489213552005822e-06, 3.0499893455271376e-06, 4.271599209459964e-06, 3.935406766686356e-06, 3.3041840197256533e-06, 2.8882475362479454e-06, 2.853634896382573e-06, 3.4265046906511998e-06, 4.398808869154891e-06, 5.629527549899649e-06, 3.4276683891221182e-06, 1.4161277022139984e-06, 4.338465714681661e-06, 8.272108061646577e-06, 1.8663478158487123e-06, 0.9999372959136963], "B1s1": [6.803968972235452e-06, 5.0550561354612e-06, 8.566208634874783e-06, 2.2933422769710887e-06, 0.9999772310256958], "TS1s1": [0.9999979734420776, 3.913426667168096e-07, 6.164427759358659e-07, 1.4477581089522573e-07, 2.90844752726116e-07, 1.3301983869951073e-07, 2.9616879260174755e-07, 3.296573538591474e-07], "K1": [0.9999996423721313, 1.2161464724158577e-07, 2.3115717340260744e-07], "T1s1": [1.7243901311303489e-06, 9.191879826175864e-07, 0.999996542930603, 8.486753131364821e-07], "P4": [1.8209271956948214e-07, 8.21066947764848e-08, 5.268125491397768e-08, 6.332177093781866e-08, 0.9999984502792358, 1.536013343184095e-07, 9.181721338791249e-08, 1.6566249882998818e-07, 9.544402246319805e-08, 1.661154271914711e-07, 1.4798372660607129e-07, 1.1098065755277275e-07, 2.3041540941903804e-07], "EM1": [3.2631812700856244e-06, 1.7785298496164614e-06, 2.1010673663113266e-06, 0.9999892711639404, 3.566773330021533e-06], "TM1": [5.875970714441792e-07, 5.082203529127582e-07, 0.9999979734420776, 3.8984262573649175e-07, 2.71217118097411e-07, 3.05261437461013e-07], "I1s2": [[0.999991774559021, 2.8268898404348874e-06, 5.385161784943193e-06], [2.4641894924570806e-07, 2.1945272976608976e-07, 0.9999995231628418], [2.913082255417976e-07, 2.2618925754613883e-07, 0.9999995231628418], [2.9953827151985024e-07, 5.921131673858326e-07, 0.9999991655349731], [1.967748630704591e-07, 3.728426349880465e-07, 0.9999994039535522], [4.4850636982118885e-07, 4.817335934603761e-07, 0.9999990463256836], [3.5229265904490603e-07, 4.6374904627555225e-07, 0.9999991655349731], [2.474251346029632e-07, 2.949827546672168e-07, 0.9999994039535522], [1.4524236746638053e-07, 1.8633843978932418e-07, 0.9999996423721313], [2.1198606248162832e-07, 1.1381215614392204e-07, 0.9999996423721313], [2.985800620081136e-07, 2.906050724504894e-07, 0.9999994039535522], [3.5285830790598993e-07, 1.9170782650235196e-07, 0.9999994039535522], [2.4416897304035956e-07, 3.4235441148666723e-07, 0.9999994039535522], [4.936704840474704e-07, 4.246300022714422e-07, 0.9999990463256836], [2.1288472851210827e-07, 2.2492550044717063e-07, 0.9999995231628418], [1.367860420486977e-07, 1.4201268072611128e-07, 0.9999997615814209], [2.867382704607735e-07, 3.293125132586283e-07, 0.9999994039535522], [2.9975271331750264e-07, 1.6952461123764806e-07, 0.9999995231628418], [3.9050053146638675e-07, 5.605068622571707e-07, 0.9999990463256836], [1.6680392889156792e-07, 3.5874708714800363e-07, 0.9999995231628418], [2.2600598015287687e-07, 2.976813675559242e-07, 0.9999995231628418], [6.028749339748174e-07, 3.104234167494724e-07, 0.9999990463256836], [2.9803831580466067e-07, 5.004329182156653e-07, 0.9999991655349731], [1.1457820647819972e-07, 9.610378270963338e-08, 0.9999997615814209], [1.0525278639761382e-06, 1.419405180058675e-07, 0.9999988079071045], [2.0746715279074124e-07, 2.2362316087765066e-07, 0.9999995231628418], [3.56672558154969e-07, 3.5758327499024745e-07, 0.9999992847442627], [1.482948448483512e-07, 2.635875375744945e-07, 0.9999996423721313]], "S4": [[5.46302680959343e-06, 1.792504008335527e-06, 0.9999927282333374], [5.756573955295607e-07, 5.413084522842837e-07, 0.999998927116394], [4.2645450548661756e-07, 7.46385239835945e-07, 0.9999988079071045], [4.4738834503732505e-07, 6.165203672026109e-07, 0.999998927116394], [8.360643732885364e-07, 1.0749416787803057e-06, 0.9999980926513672], [5.439640062832041e-07, 9.254799238078704e-07, 0.9999985694885254], [5.762104251516575e-07, 5.849769877386279e-07, 0.9999988079071045], [5.651173182741331e-07, 5.054116627434269e-07, 0.999998927116394], [5.687851967195456e-07, 7.175958671723492e-07, 0.9999986886978149], [5.271979830467899e-07, 6.530185032715963e-07, 0.9999988079071045], [4.953803340868035e-07, 9.931735576174106e-07, 0.9999985694885254], [1.07360369838716e-06, 8.55389998832834e-07, 0.9999980926513672], [6.552201625709131e-07, 1.168496396530827e-06, 0.9999982118606567], [5.108982463752909e-07, 8.660349521960597e-07, 0.9999985694885254], [4.3826159412674315e-07, 8.318567665810406e-07, 0.9999986886978149], [8.213495448217145e-07, 4.451975712527201e-07, 0.9999986886978149], [4.932609840579971e-07, 6.23408936917258e-07, 0.999998927116394], [2.3684179950578255e-07, 5.024246547691291e-07, 0.9999992847442627], [7.484206321350939e-07, 9.136034009316063e-07, 0.9999983310699463], [5.146073362993775e-07, 7.648652626812691e-07, 0.9999986886978149], [5.624035566142993e-07, 9.42384190238954e-07, 0.9999984502792358], [7.63400009873294e-07, 1.204846853397612e-06, 0.9999979734420776]]}, "infer_command_tokens": ["I1s2_0_0", "I1s2_1_2", "I1s2_2_2", "I1s2_3_2", "I1s2_4_2", "I1s2_5_2", "I1s2_6_2", "I1s2_7_2", "I1s2_8_2", "I1s2_9_2", "I1s2_10_2", "I1s2_11_2", "I1s2_12_2", "I1s2_13_2", "I1s2_14_2", "I1s2_15_2", "I1s2_16_2", "I1s2_17_2", "I1s2_18_2", "I1s2_19_2", "I1s2_20_2", "I1s2_21_2", "I1s2_22_2", "I1s2_23_2", "I1s2_24_2", "I1s2_25_2", "I1s2_26_2", "I1s2_27_2", "I4_28", "C1_4", "R1_2", "R3_1", "S2s1_17", "S4_0_2", "S4_1_2", "S4_2_2", "S4_3_2", "S4_4_2", "S4_5_2", "S4_6_2", "S4_7_2", "S4_8_2", "S4_9_2", "S4_10_2", "S4_11_2", "S4_12_2", "S4_13_2", "S4_14_2", "S4_15_2", "S4_16_2", "S4_17_2", "S4_18_2", "S4_19_2", "S4_20_2", "S4_21_2", "B1s1_4", "TS1s1_0", "K1_0", "T1s1_2", "P4_4", "ST1_14", "EM1_3", "TM1_2"]}