{"text": "The musical piece showcases a pitch range within 4 octaves and has a length of 16 ~ 30 seconds. It features a moderate tempo and a time signature of 4/4, while also incorporating sections with a fast tempo. This music is composed in the major key.", "pred_labels": {"R1": [0, 0, 1], "R3": [0, 1, 0, 0], "S2s1": [0, 0, 0, 0, 0, 0, 0, 0, 0, 0, 0, 0, 0, 0, 0, 0, 0, 1], "B1s1": [0, 0, 0, 0, 1], "TS1s1": [1, 0, 0, 0, 0, 0, 0, 0], "K1": [1, 0, 0], "T1s1": [0, 0, 1, 0], "P4": [0, 0, 0, 0, 1, 0, 0, 0, 0, 0, 0, 0, 0], "EM1": [0, 0, 0, 0, 1], "TM1": [0, 1, 0, 0, 0, 0], "I1s2": [[0, 0, 1], [0, 0, 1], [0, 0, 1], [0, 0, 1], [0, 0, 1], [0, 0, 1], [0, 0, 1], [0, 0, 1], [0, 0, 1], [0, 0, 1], [0, 0, 1], [0, 0, 1], [0, 0, 1], [0, 0, 1], [0, 0, 1], [0, 0, 1], [0, 0, 1], [0, 0, 1], [0, 0, 1], [0, 0, 1], [0, 0, 1], [0, 0, 1], [0, 0, 1], [0, 0, 1], [0, 0, 1], [0, 0, 1], [0, 0, 1], [0, 0, 1]], "S4": [[0, 0, 1], [0, 0, 1], [0, 0, 1], [0, 0, 1], [0, 0, 1], [0, 0, 1], [0, 0, 1], [0, 0, 1], [0, 0, 1], [0, 0, 1], [0, 0, 1], [0, 0, 1], [0, 0, 1], [0, 0, 1], [0, 0, 1], [0, 0, 1], [0, 0, 1], [0, 0, 1], [0, 0, 1], [0, 0, 1], [0, 0, 1], [0, 0, 1]]}, "pred_probs": {"R1": [4.36901382272481e-06, 4.540469944913639e-06, 0.9999910593032837], "R3": [6.222686579349102e-07, 0.9999973773956299, 7.15585088073567e-07, 1.3397695965977618e-06], "S2s1": [2.6896605049842037e-06, 2.6523941869527334e-06, 4.396157692099223e-06, 3.428618811085471e-06, 4.503770924202399e-06, 4.512846771831391e-06, 3.375865389898536e-06, 2.8751708214258542e-06, 2.7084713565272978e-06, 3.583398665796267e-06, 4.911189989798004e-06, 6.019416559865931e-06, 4.0924242057371885e-06, 1.5822363366169157e-06, 4.390019512356957e-06, 8.99642054719152e-06, 2.1323382952687098e-06, 0.9999332427978516], "B1s1": [7.618913514306769e-06, 5.7434281188761815e-06, 1.1962388271058444e-05, 2.354532398385345e-06, 0.9999723434448242], "TS1s1": [0.9999973773956299, 4.778235052071977e-07, 8.451424946542829e-07, 1.458772658224916e-07, 3.194967064246157e-07, 1.527993589434118e-07, 3.5052590874329326e-07, 3.7583171774713264e-07], "K1": [0.9999996423721313, 1.349103513348382e-07, 2.3878507704466756e-07], "T1s1": [1.4327732742458466e-06, 9.247477805729432e-07, 0.9999967813491821, 8.272997433778073e-07], "P4": [2.229440525525206e-07, 9.602339190450948e-08, 9.25285092989725e-08, 8.163587494891544e-08, 0.9999983310699463, 8.653672978198301e-08, 1.1871472338498279e-07, 1.7407849384198926e-07, 1.0534868266631747e-07, 2.2487613193789002e-07, 1.485063876316417e-07, 1.0899860569679731e-07, 2.4241211349362857e-07], "EM1": [6.46874923404539e-06, 6.768835191905964e-06, 6.853883860458154e-06, 4.423425707500428e-05, 0.9999356269836426], "TM1": [2.2475894922990847e-07, 0.9999988079071045, 3.26068459344242e-07, 1.974256775838512e-07, 1.9043781662730908e-07, 1.7718586775572476e-07], "I1s2": [[3.5160636002729007e-07, 2.8691937359326403e-07, 0.9999994039535522], [2.6628441673892667e-07, 2.44913877622821e-07, 0.9999995231628418], [3.7407886566143134e-07, 2.481422995970206e-07, 0.9999994039535522], [4.0065143025458383e-07, 4.959222792422224e-07, 0.9999990463256836], [1.7597756141185528e-07, 3.17057924803521e-07, 0.9999995231628418], [5.519190153790987e-07, 4.758497027523845e-07, 0.999998927116394], [3.327864988023066e-07, 4.942494911119866e-07, 0.9999991655349731], [2.7855628559336765e-07, 3.3761031659196306e-07, 0.9999994039535522], [1.7951602160337643e-07, 2.2626976203810045e-07, 0.9999996423721313], [2.164070025401088e-07, 1.3006585675157112e-07, 0.9999996423721313], [3.182736065809877e-07, 2.5907857548190805e-07, 0.9999994039535522], [3.319257189104974e-07, 2.4120882358147355e-07, 0.9999994039535522], [2.7332487206876976e-07, 3.605494498515327e-07, 0.9999994039535522], [4.122647965232318e-07, 4.2692994384196936e-07, 0.9999991655349731], [2.58618968018709e-07, 2.2511628117172222e-07, 0.9999995231628418], [1.4055670760626526e-07, 1.0686770934853485e-07, 0.9999997615814209], [3.3063099635910476e-07, 3.6594374819287623e-07, 0.9999992847442627], [2.901719824421889e-07, 1.5839906097880885e-07, 0.9999995231628418], [4.516026592682465e-07, 5.380337029237126e-07, 0.9999990463256836], [2.1555933926720172e-07, 4.2369251218588033e-07, 0.9999994039535522], [2.2850919378925028e-07, 2.657881452705624e-07, 0.9999995231628418], [6.973730251047527e-07, 3.162622874697263e-07, 0.999998927116394], [2.578239275408123e-07, 6.320215106825344e-07, 0.9999991655349731], [1.396527977703954e-07, 9.58034505060823e-08, 0.9999997615814209], [1.0927349194389535e-06, 1.567797482948663e-07, 0.9999988079071045], [2.3060118792272988e-07, 2.351605985495553e-07, 0.9999995231628418], [4.846533556701615e-07, 3.6561161209647253e-07, 0.9999991655349731], [1.8076427465985034e-07, 2.57489375599107e-07, 0.9999995231628418]], "S4": [[4.5947308535687625e-06, 1.764205649124051e-06, 0.9999936819076538], [6.287806968430232e-07, 7.635257475158141e-07, 0.9999985694885254], [4.799523480869539e-07, 8.346754611920915e-07, 0.9999986886978149], [4.580681434163125e-07, 7.301794653358229e-07, 0.9999988079071045], [8.024326803024451e-07, 1.1390129657229409e-06, 0.9999980926513672], [6.942329946468817e-07, 1.3456659644361935e-06, 0.9999979734420776], [5.671877829627192e-07, 7.265741714945761e-07, 0.9999986886978149], [6.389362283698574e-07, 4.888244120593299e-07, 0.999998927116394], [6.256081519495638e-07, 8.488560183650407e-07, 0.9999985694885254], [4.6079247795205447e-07, 9.038689086082741e-07, 0.9999986886978149], [5.710649020329583e-07, 1.329306428488053e-06, 0.9999980926513672], [1.0825275467141182e-06, 1.0888172710110666e-06, 0.9999978542327881], [7.663679184588545e-07, 1.4999247923697112e-06, 0.9999977350234985], [5.647618763759965e-07, 1.1001354778272798e-06, 0.9999983310699463], [4.677382605677849e-07, 1.01923831152817e-06, 0.9999985694885254], [8.167270379999536e-07, 5.040339488004975e-07, 0.9999986886978149], [5.27798647453892e-07, 7.087975859576545e-07, 0.9999988079071045], [2.477150076174439e-07, 5.725018468183407e-07, 0.9999991655349731], [8.235648465415579e-07, 1.0321516583644552e-06, 0.9999980926513672], [5.327208327798871e-07, 1.0045768021882395e-06, 0.9999984502792358], [5.274759473650192e-07, 9.975208286050474e-07, 0.9999984502792358], [7.62767456308211e-07, 1.4434598369916785e-06, 0.9999977350234985]]}, "infer_command_tokens": ["I1s2_0_2", "I1s2_1_2", "I1s2_2_2", "I1s2_3_2", "I1s2_4_2", "I1s2_5_2", "I1s2_6_2", "I1s2_7_2", "I1s2_8_2", "I1s2_9_2", "I1s2_10_2", "I1s2_11_2", "I1s2_12_2", "I1s2_13_2", "I1s2_14_2", "I1s2_15_2", "I1s2_16_2", "I1s2_17_2", "I1s2_18_2", "I1s2_19_2", "I1s2_20_2", "I1s2_21_2", "I1s2_22_2", "I1s2_23_2", "I1s2_24_2", "I1s2_25_2", "I1s2_26_2", "I1s2_27_2", "I4_28", "C1_4", "R1_2", "R3_1", "S2s1_17", "S4_0_2", "S4_1_2", "S4_2_2", "S4_3_2", "S4_4_2", "S4_5_2", "S4_6_2", "S4_7_2", "S4_8_2", "S4_9_2", "S4_10_2", "S4_11_2", "S4_12_2", "S4_13_2", "S4_14_2", "S4_15_2", "S4_16_2", "S4_17_2", "S4_18_2", "S4_19_2", "S4_20_2", "S4_21_2", "B1s1_4", "TS1s1_0", "K1_0", "T1s1_2", "P4_4", "ST1_14", "EM1_4", "TM1_1"]}