{"text": "The pitch range of 3 octaves adds a distinctive character to the music, emphasizing its emotional depth, while its use of minor key conveys a unique and resonant sound. The duration of the track is about 40 seconds, and the tempo in this song is very soothing and peaceful. The music is given its sound through grand piano and voice, and the meter of the music is 4/4. This song is characterized by its rapid tempo and new age sound.", "pred_labels": {"R1": [0, 0, 1], "R3": [1, 0, 0, 0], "S2s1": [0, 0, 0, 0, 0, 0, 0, 0, 0, 0, 0, 0, 0, 0, 0, 0, 0, 1], "B1s1": [0, 0, 0, 0, 1], "TS1s1": [1, 0, 0, 0, 0, 0, 0, 0], "K1": [0, 1, 0], "T1s1": [0, 0, 1, 0], "P4": [0, 0, 0, 1, 0, 0, 0, 0, 0, 0, 0, 0, 0], "EM1": [0, 0, 0, 0, 1], "TM1": [0, 0, 1, 0, 0, 0], "I1s2": [[1, 0, 0], [0, 0, 1], [0, 0, 1], [0, 0, 1], [0, 0, 1], [0, 0, 1], [0, 0, 1], [0, 0, 1], [0, 0, 1], [0, 0, 1], [0, 0, 1], [1, 0, 0], [0, 0, 1], [0, 0, 1], [0, 0, 1], [0, 0, 1], [0, 0, 1], [0, 0, 1], [0, 0, 1], [0, 0, 1], [0, 0, 1], [0, 0, 1], [0, 0, 1], [0, 0, 1], [0, 0, 1], [0, 0, 1], [0, 0, 1], [0, 0, 1]], "S4": [[1, 0, 0], [0, 0, 1], [0, 0, 1], [0, 0, 1], [0, 0, 1], [0, 0, 1], [0, 0, 1], [0, 0, 1], [0, 0, 1], [0, 0, 1], [0, 0, 1], [0, 0, 1], [0, 0, 1], [0, 0, 1], [0, 0, 1], [0, 0, 1], [0, 0, 1], [0, 0, 1], [0, 0, 1], [0, 0, 1], [0, 0, 1], [0, 0, 1]]}, "pred_probs": {"R1": [4.273631475371076e-06, 4.267261374479858e-06, 0.9999914169311523], "R3": [0.9999980926513672, 7.423476517942618e-07, 7.749605970275297e-07, 3.087599509399297e-07], "S2s1": [2.4503103759343503e-06, 2.5632493816374335e-06, 4.690995865530567e-06, 2.8821780233556638e-06, 3.6672620353783714e-06, 3.837708845821908e-06, 3.207308736818959e-06, 2.9229374831629684e-06, 2.6501602405915037e-06, 3.095382908213651e-06, 4.795567292603664e-06, 4.9437621782999486e-06, 3.4447189136699308e-06, 1.2128850812587189e-06, 4.019502739538439e-06, 9.27177370613208e-06, 1.9207575405744137e-06, 0.9999383687973022], "B1s1": [5.875258011656115e-06, 5.031253749621101e-06, 8.466142389806919e-06, 2.4882651814550627e-06, 0.9999781847000122], "TS1s1": [0.999997615814209, 3.1632851005269913e-07, 7.575615086352627e-07, 1.4982583707023878e-07, 3.137261899155419e-07, 1.5195597313777398e-07, 3.277938276369241e-07, 3.7929748941678554e-07], "K1": [3.8078263742136187e-07, 0.9999992847442627, 3.562115864497173e-07], "T1s1": [1.623860498511931e-06, 8.841634553391486e-07, 0.9999966621398926, 8.025884312701237e-07], "P4": [2.2074638650337874e-07, 1.1975579639056377e-07, 7.386627487449005e-08, 0.9999977350234985, 1.999930105966996e-07, 1.3572179113907623e-07, 2.3905028001536266e-07, 1.8152596226173046e-07, 1.8126767997728166e-07, 8.840855514335999e-08, 1.3832767820076697e-07, 2.7605381092143944e-07, 4.0546566992816224e-07], "EM1": [1.983898073376622e-06, 2.2354631710186368e-06, 4.393414201331325e-06, 1.2789741049346048e-05, 0.9999785423278809], "TM1": [5.925621167079953e-07, 4.887405111730914e-07, 0.9999979734420776, 3.865588098506123e-07, 2.6636348593456205e-07, 3.0593494670938526e-07], "I1s2": [[0.9999926090240479, 2.8933338853676105e-06, 4.5385286284727044e-06], [2.1849733400358673e-07, 2.2555725820438965e-07, 0.9999995231628418], [2.849660631909501e-07, 2.819460007685848e-07, 0.9999994039535522], [2.7043239470003755e-07, 1.0425496839161497e-06, 0.9999986886978149], [1.9972478071395017e-07, 4.871515102422563e-07, 0.9999992847442627], [4.409419034345774e-07, 5.392433877204894e-07, 0.9999990463256836], [3.820476592863997e-07, 5.381871233112179e-07, 0.9999990463256836], [2.506357645870594e-07, 2.9447204497046187e-07, 0.9999994039535522], [1.2236047552960372e-07, 2.4812626975290186e-07, 0.9999996423721313], [2.0721348903407488e-07, 1.2620309064459434e-07, 0.9999996423721313], [2.8426222797861556e-07, 3.4746659594020457e-07, 0.9999994039535522], [0.9999951124191284, 1.7994965446632705e-06, 3.0917763069737703e-06], [2.1498611602055462e-07, 4.51521799504917e-07, 0.9999992847442627], [4.3386484094298794e-07, 6.863314752081351e-07, 0.999998927116394], [2.3596349763010949e-07, 2.5124268177023623e-07, 0.9999995231628418], [1.1326471138772831e-07, 1.367553750242223e-07, 0.9999997615814209], [3.1751898177390103e-07, 4.1620580759627046e-07, 0.9999992847442627], [3.0603814593632706e-07, 1.8849394223252602e-07, 0.9999995231628418], [4.589238358221337e-07, 6.930997074050538e-07, 0.9999988079071045], [1.5541948528152716e-07, 4.090577760962333e-07, 0.9999994039535522], [2.1014058404489333e-07, 5.990539762024127e-07, 0.9999991655349731], [7.35668493234698e-07, 3.6322984442449524e-07, 0.999998927116394], [2.446131475153379e-07, 5.812385097669903e-07, 0.9999991655349731], [1.1982046999037266e-07, 1.1889413542576222e-07, 0.9999997615814209], [1.2619073004316306e-06, 1.6501884658737254e-07, 0.9999985694885254], [2.1061896404717118e-07, 2.487946915152861e-07, 0.9999995231628418], [3.86680227393299e-07, 4.1915097881428665e-07, 0.9999991655349731], [1.3627428074869385e-07, 2.8363132287267945e-07, 0.9999995231628418]], "S4": [[0.9999829530715942, 4.968201210431289e-06, 1.2048384633089881e-05], [5.649873742186173e-07, 6.057742325538129e-07, 0.9999988079071045], [4.3441210095807037e-07, 7.649791768926661e-07, 0.9999988079071045], [4.730895284410508e-07, 6.417257054636138e-07, 0.999998927116394], [7.656304887859733e-07, 1.0301191650796682e-06, 0.9999982118606567], [5.597100312115799e-07, 9.532254239275062e-07, 0.9999984502792358], [6.223105515346106e-07, 6.159772851788148e-07, 0.9999988079071045], [5.703529382117267e-07, 4.994639652977639e-07, 0.999998927116394], [6.163879788800841e-07, 7.046249947961769e-07, 0.9999986886978149], [5.04521722177742e-07, 6.1634227677132e-07, 0.999998927116394], [4.853828272644023e-07, 1.1289621397736482e-06, 0.9999983310699463], [1.0116100384038873e-06, 8.3057142319376e-07, 0.9999982118606567], [7.429708830386517e-07, 1.2385110039758729e-06, 0.9999979734420776], [5.017161015530291e-07, 9.087365810955816e-07, 0.9999985694885254], [3.5900382044928847e-07, 8.957604791248741e-07, 0.9999986886978149], [9.376956313644769e-07, 5.486069767357549e-07, 0.9999985694885254], [4.914720079796098e-07, 5.724263587580936e-07, 0.999998927116394], [2.2127682086647837e-07, 5.06296146340901e-07, 0.9999992847442627], [8.033309768507024e-07, 1.0016434544013464e-06, 0.9999982118606567], [5.274181944514567e-07, 7.995716941877618e-07, 0.9999986886978149], [6.301082180470985e-07, 1.2663155075642862e-06, 0.9999980926513672], [7.349981387960725e-07, 1.2008320027234731e-06, 0.9999980926513672]]}, "infer_command_tokens": ["I1s2_0_0", "I1s2_1_2", "I1s2_2_2", "I1s2_3_2", "I1s2_4_2", "I1s2_5_2", "I1s2_6_2", "I1s2_7_2", "I1s2_8_2", "I1s2_9_2", "I1s2_10_2", "I1s2_11_0", "I1s2_12_2", "I1s2_13_2", "I1s2_14_2", "I1s2_15_2", "I1s2_16_2", "I1s2_17_2", "I1s2_18_2", "I1s2_19_2", "I1s2_20_2", "I1s2_21_2", "I1s2_22_2", "I1s2_23_2", "I1s2_24_2", "I1s2_25_2", "I1s2_26_2", "I1s2_27_2", "I4_28", "C1_4", "R1_2", "R3_0", "S2s1_17", "S4_0_0", "S4_1_2", "S4_2_2", "S4_3_2", "S4_4_2", "S4_5_2", "S4_6_2", "S4_7_2", "S4_8_2", "S4_9_2", "S4_10_2", "S4_11_2", "S4_12_2", "S4_13_2", "S4_14_2", "S4_15_2", "S4_16_2", "S4_17_2", "S4_18_2", "S4_19_2", "S4_20_2", "S4_21_2", "B1s1_4", "TS1s1_0", "K1_1", "T1s1_2", "P4_3", "ST1_14", "EM1_4", "TM1_2"]}