{"text": "The compact pitch range of 5 octaves results in a focused and impactful musical performance, while the choice of minor key adds to the captivating and memorable experience. With a duration of about 50 seconds, the rapid tempo of this song combined with the distinct sound of organ, guitar, bass, voice, brass and drum creates its unique musical identity. The meter of the music follows 4/4, and it is played at a moderate tempo, further enhancing its overall effect. The song's style is defined by its pop influences, culminating in a compelling musical composition.", "pred_labels": {"R1": [0, 0, 1], "R3": [0, 0, 1, 0], "S2s1": [0, 0, 0, 0, 0, 0, 0, 0, 0, 0, 0, 0, 0, 0, 0, 0, 0, 1], "B1s1": [0, 0, 0, 0, 1], "TS1s1": [1, 0, 0, 0, 0, 0, 0, 0], "K1": [0, 1, 0], "T1s1": [0, 1, 0, 0], "P4": [0, 0, 0, 0, 0, 1, 0, 0, 0, 0, 0, 0, 0], "EM1": [0, 0, 0, 0, 1], "TM1": [0, 0, 0, 1, 0, 0], "I1s2": [[0, 0, 1], [0, 0, 1], [0, 0, 1], [1, 0, 0], [1, 0, 0], [1, 0, 0], [0, 0, 1], [0, 0, 1], [0, 0, 1], [0, 0, 1], [0, 0, 1], [1, 0, 0], [0, 0, 1], [0, 0, 1], [0, 0, 1], [0, 0, 1], [1, 0, 0], [0, 0, 1], [0, 0, 1], [0, 0, 1], [0, 0, 1], [0, 0, 1], [0, 0, 1], [0, 0, 1], [0, 0, 1], [0, 0, 1], [0, 0, 1], [1, 0, 0]], "S4": [[0, 0, 1], [0, 0, 1], [0, 0, 1], [0, 0, 1], [0, 0, 1], [0, 0, 1], [0, 0, 1], [0, 0, 1], [0, 0, 1], [0, 0, 1], [0, 0, 1], [0, 0, 1], [0, 0, 1], [1, 0, 0], [0, 0, 1], [0, 0, 1], [0, 0, 1], [0, 0, 1], [0, 0, 1], [0, 0, 1], [0, 0, 1], [0, 0, 1]]}, "pred_probs": {"R1": [4.028624971397221e-06, 4.218783487885958e-06, 0.999991774559021], "R3": [1.1152540082548512e-06, 1.9742433323699515e-06, 0.9999963045120239, 6.521200930365012e-07], "S2s1": [2.823103841365082e-06, 2.8069346171832876e-06, 4.4152288865006994e-06, 3.098554316238733e-06, 3.3435849218221847e-06, 4.42974169345689e-06, 3.3991354939644225e-06, 3.126930323560373e-06, 2.9768339118163567e-06, 2.812414095387794e-06, 5.633092769130599e-06, 4.5122496885596775e-06, 3.668737235784647e-06, 1.2820895562981605e-06, 4.13815814681584e-06, 1.0564023796177935e-05, 1.745872964420414e-06, 0.9999352693557739], "B1s1": [6.518733243865427e-06, 4.979868663212983e-06, 9.334903552371543e-06, 2.31940794037655e-06, 0.9999768733978271], "TS1s1": [0.9999974966049194, 3.388873892617994e-07, 7.414026867991197e-07, 1.372044522440774e-07, 3.0615925084021e-07, 1.5267860931089672e-07, 3.259185064052872e-07, 4.263229982370831e-07], "K1": [3.251364546486002e-07, 0.9999992847442627, 3.638092778146529e-07], "T1s1": [9.291025548918697e-07, 0.9999971389770508, 8.872714261087822e-07, 1.11924191514845e-06], "P4": [1.13130326440114e-07, 2.8751907166224555e-07, 2.9810561841259187e-07, 3.4676625659813e-07, 7.93523895481485e-08, 0.9999979734420776, 1.6412761283390864e-07, 1.3328434533832478e-07, 7.568478821440294e-08, 1.3380753216551966e-07, 2.553487661316467e-07, 1.046195663434446e-07, 1.0696519581188113e-07], "EM1": [2.1004009340686025e-06, 2.1839587134309113e-06, 5.507521109393565e-06, 8.282604539999738e-06, 0.9999818801879883], "TM1": [3.8009608260836103e-07, 3.844108107387001e-07, 8.569086844545382e-07, 0.9999980926513672, 1.4520171021104034e-07, 1.1238759611842397e-07], "I1s2": [[3.1206818107420986e-07, 4.607224184383085e-07, 0.9999992847442627], [2.0280232604363846e-07, 2.80360580973138e-07, 0.9999995231628418], [3.3395588161511114e-07, 3.796839109782013e-07, 0.9999992847442627], [0.9999918937683105, 3.605142410378903e-06, 4.493733740673633e-06], [0.999991774559021, 3.450272060945281e-06, 4.773273758473806e-06], [0.9999927282333374, 3.654163265309762e-06, 3.5751188534050016e-06], [4.036227778669854e-07, 7.219713893391599e-07, 0.999998927116394], [2.1542453509937332e-07, 3.4381008617856423e-07, 0.9999994039535522], [2.123493061390036e-07, 8.429414606325736e-07, 0.999998927116394], [2.2210522843124636e-07, 2.8913720484524674e-07, 0.9999995231628418], [3.6276767900744744e-07, 7.04468561707472e-07, 0.999998927116394], [0.999991774559021, 2.5912909222824965e-06, 5.627176960842917e-06], [4.31687738000619e-07, 1.466667072236305e-06, 0.9999980926513672], [1.174301587525406e-06, 3.0033147595531773e-06, 0.9999958276748657], [2.0941681100339338e-07, 3.4206004784209654e-07, 0.9999994039535522], [2.5549968540872214e-07, 1.8849753757876897e-07, 0.9999995231628418], [0.9999929666519165, 2.106038436977542e-06, 4.836352218262618e-06], [2.7340985297996667e-07, 3.440593729919783e-07, 0.9999994039535522], [4.7594764396308165e-07, 8.714683872312889e-07, 0.9999986886978149], [1.4651054414116516e-07, 3.736792280051304e-07, 0.9999995231628418], [2.484988215201156e-07, 9.74196268543892e-07, 0.9999988079071045], [6.158811629575212e-07, 3.30010351490273e-07, 0.9999990463256836], [1.7407108998668264e-07, 1.133536898123566e-06, 0.9999986886978149], [1.6918417600209068e-07, 2.0045932558332424e-07, 0.9999996423721313], [5.2933505685359705e-06, 3.2064775723483763e-07, 0.9999943971633911], [2.4632163331261836e-07, 4.0177880578085023e-07, 0.9999994039535522], [5.612890277006954e-07, 1.1253890761508956e-06, 0.9999983310699463], [0.999992847442627, 2.748080532910535e-06, 4.354633347247727e-06]], "S4": [[6.661093721049838e-06, 2.1097634999023285e-06, 0.9999911785125732], [5.415510599959816e-07, 6.46720536678913e-07, 0.9999988079071045], [4.61731332279669e-07, 6.362777185131563e-07, 0.999998927116394], [6.582902187801665e-07, 5.915959491176181e-07, 0.9999988079071045], [7.313150831578241e-07, 7.938456292322371e-07, 0.9999984502792358], [5.753441882916377e-07, 1.0456130894453963e-06, 0.9999983310699463], [7.050545036690892e-07, 6.02363797952421e-07, 0.9999986886978149], [5.610442030956619e-07, 4.555909924874868e-07, 0.999998927116394], [6.124065521362354e-07, 7.415620189021865e-07, 0.9999986886978149], [4.813477971765678e-07, 6.303942541308061e-07, 0.999998927116394], [4.420503785240726e-07, 8.931425554692396e-07, 0.9999986886978149], [1.1320983048790367e-06, 7.855753665353404e-07, 0.9999980926513672], [6.74295279168291e-07, 1.3281289739097701e-06, 0.9999979734420776], [0.9999836683273315, 1.1376401744200848e-05, 5.016649083700031e-06], [3.867914699640096e-07, 8.463389917778841e-07, 0.9999988079071045], [1.064590719579428e-06, 7.854165460230433e-07, 0.9999980926513672], [6.901748292875709e-07, 8.228201409110625e-07, 0.9999984502792358], [2.055673178347206e-07, 5.757750614066026e-07, 0.9999991655349731], [7.680599765080842e-07, 9.952361779141938e-07, 0.9999982118606567], [5.076515208202181e-07, 7.884391379775479e-07, 0.9999986886978149], [6.074666316635557e-07, 1.3341274325284758e-06, 0.9999980926513672], [7.70982865105907e-07, 1.1084421203122474e-06, 0.9999980926513672]]}, "infer_command_tokens": ["I1s2_0_2", "I1s2_1_2", "I1s2_2_2", "I1s2_3_0", "I1s2_4_0", "I1s2_5_0", "I1s2_6_2", "I1s2_7_2", "I1s2_8_2", "I1s2_9_2", "I1s2_10_2", "I1s2_11_0", "I1s2_12_2", "I1s2_13_2", "I1s2_14_2", "I1s2_15_2", "I1s2_16_0", "I1s2_17_2", "I1s2_18_2", "I1s2_19_2", "I1s2_20_2", "I1s2_21_2", "I1s2_22_2", "I1s2_23_2", "I1s2_24_2", "I1s2_25_2", "I1s2_26_2", "I1s2_27_0", "I4_28", "C1_4", "R1_2", "R3_2", "S2s1_17", "S4_0_2", "S4_1_2", "S4_2_2", "S4_3_2", "S4_4_2", "S4_5_2", "S4_6_2", "S4_7_2", "S4_8_2", "S4_9_2", "S4_10_2", "S4_11_2", "S4_12_2", "S4_13_0", "S4_14_2", "S4_15_2", "S4_16_2", "S4_17_2", "S4_18_2", "S4_19_2", "S4_20_2", "S4_21_2", "B1s1_4", "TS1s1_0", "K1_1", "T1s1_1", "P4_5", "ST1_14", "EM1_4", "TM1_3"]}