{"text": "The music composed in the major key is enriched by piano, strings and drum and has a distinctive character due to its pitch range of 5 octaves, emphasizing its emotional depth. The song plays for about 40 seconds with a calm and moderate rhythm and a gratitude feeling. The time signature of the music is 4/4, and it moves at a moderate speed, adding to its overall mood and tone.", "pred_labels": {"R1": [0, 0, 1], "R3": [0, 1, 0, 0], "S2s1": [0, 0, 0, 0, 0, 0, 0, 0, 0, 0, 0, 0, 0, 0, 0, 0, 0, 1], "B1s1": [0, 0, 0, 0, 1], "TS1s1": [1, 0, 0, 0, 0, 0, 0, 0], "K1": [1, 0, 0], "T1s1": [0, 1, 0, 0], "P4": [0, 0, 0, 0, 0, 1, 0, 0, 0, 0, 0, 0, 0], "EM1": [1, 0, 0, 0, 0], "TM1": [0, 0, 1, 0, 0, 0], "I1s2": [[1, 0, 0], [0, 0, 1], [0, 0, 1], [0, 0, 1], [0, 0, 1], [0, 0, 1], [0, 0, 1], [0, 0, 1], [0, 0, 1], [0, 0, 1], [1, 0, 0], [0, 0, 1], [0, 0, 1], [0, 0, 1], [0, 0, 1], [0, 0, 1], [0, 0, 1], [0, 0, 1], [0, 0, 1], [0, 0, 1], [0, 0, 1], [0, 0, 1], [0, 0, 1], [0, 0, 1], [0, 0, 1], [0, 0, 1], [0, 0, 1], [1, 0, 0]], "S4": [[0, 0, 1], [0, 0, 1], [0, 0, 1], [0, 0, 1], [0, 0, 1], [0, 0, 1], [0, 0, 1], [0, 0, 1], [0, 0, 1], [0, 0, 1], [0, 0, 1], [0, 0, 1], [0, 0, 1], [0, 0, 1], [0, 0, 1], [0, 0, 1], [0, 0, 1], [0, 0, 1], [0, 0, 1], [0, 0, 1], [0, 0, 1], [0, 0, 1]]}, "pred_probs": {"R1": [4.639384769689059e-06, 4.018017989437794e-06, 0.9999912977218628], "R3": [6.550538955707452e-07, 0.9999980926513672, 6.273422741287504e-07, 6.756013704034558e-07], "S2s1": [2.4197320271923672e-06, 2.5570504931238247e-06, 4.690911737270653e-06, 3.215397100575501e-06, 4.3963477764918935e-06, 3.997389285359532e-06, 3.5000903153559193e-06, 2.9869872832932742e-06, 2.822698434101767e-06, 3.1733181913295994e-06, 4.8329311539418995e-06, 5.396632332121953e-06, 3.7751747186121065e-06, 1.3245388572613592e-06, 4.535137122729793e-06, 9.709557161841076e-06, 1.8818582248059101e-06, 0.9999346733093262], "B1s1": [7.039560841803905e-06, 5.28295731783146e-06, 9.056058843270876e-06, 2.2746519334759796e-06, 0.999976396560669], "TS1s1": [0.9999977350234985, 4.0846614979273e-07, 6.470196467489586e-07, 1.3311802149473806e-07, 3.029924187103461e-07, 1.540174991987442e-07, 3.406563848784572e-07, 3.5965527445114276e-07], "K1": [0.9999996423721313, 1.1939486910250707e-07, 2.2534270271989953e-07], "T1s1": [2.2316642116493313e-06, 0.9999961853027344, 9.295058589486871e-07, 5.898547215110739e-07], "P4": [1.171777839203969e-07, 2.6033251288026804e-07, 1.9502057568843156e-07, 2.2328066506815958e-07, 7.393553147494458e-08, 0.9999983310699463, 1.3922733899107698e-07, 1.2022273665479588e-07, 6.797801432867345e-08, 1.0452924925630214e-07, 2.1438152941755106e-07, 8.454112787603663e-08, 8.58950670590275e-08], "EM1": [0.9999648332595825, 1.6727159163565375e-05, 3.9784249565855134e-06, 9.516552381683141e-06, 5.053961558587616e-06], "TM1": [6.140834329926292e-07, 4.434565141764324e-07, 0.9999979734420776, 3.459622632817627e-07, 2.869821855711052e-07, 3.3290322676293727e-07], "I1s2": [[0.9999934434890747, 2.7485486953082727e-06, 3.818635832431028e-06], [2.1252245119285362e-07, 2.4888652205845574e-07, 0.9999995231628418], [3.070212244438153e-07, 2.801021423692873e-07, 0.9999994039535522], [3.1861739557825786e-07, 1.1825434285128722e-06, 0.9999984502792358], [2.815743300743634e-07, 6.117460884524917e-07, 0.9999991655349731], [4.165904385899921e-07, 6.038018227627617e-07, 0.999998927116394], [5.51060054476693e-07, 5.927649908699095e-07, 0.9999988079071045], [2.5431819494770025e-07, 3.353698048158549e-07, 0.9999994039535522], [1.4905168654877343e-07, 3.338219016768562e-07, 0.9999995231628418], [2.3798051529411168e-07, 1.7354977899231017e-07, 0.9999996423721313], [0.9999909400939941, 4.3601517063507345e-06, 4.680535312218126e-06], [3.4302402696084755e-07, 3.2022393270381144e-07, 0.9999992847442627], [2.6234999950247584e-07, 5.809143317492271e-07, 0.9999991655349731], [4.722785149624542e-07, 6.834313808212755e-07, 0.9999988079071045], [2.3020918149541103e-07, 2.745370579759765e-07, 0.9999995231628418], [1.1256819476557212e-07, 2.0470409367590037e-07, 0.9999996423721313], [3.1725352300782106e-07, 4.312783801196929e-07, 0.9999992847442627], [2.6664571350920596e-07, 3.036704185888084e-07, 0.9999994039535522], [4.3953031081400695e-07, 7.533369625889463e-07, 0.9999988079071045], [1.5325674951327528e-07, 3.9680642771600105e-07, 0.9999994039535522], [2.290473872790244e-07, 4.864129437009979e-07, 0.9999992847442627], [7.958805667840352e-07, 3.284795866420609e-07, 0.999998927116394], [2.106972374349425e-07, 6.319515932773356e-07, 0.9999991655349731], [1.2758435730120254e-07, 1.154422761828755e-07, 0.9999997615814209], [1.5692482975282473e-06, 1.8423456538130267e-07, 0.9999982118606567], [1.9997830236206937e-07, 2.6633927063812735e-07, 0.9999995231628418], [3.2345647582587844e-07, 4.6780189677519957e-07, 0.9999991655349731], [0.999992847442627, 2.6957839054375654e-06, 4.387782155390596e-06]], "S4": [[4.548964170680847e-06, 1.6954443253780482e-06, 0.9999938011169434], [5.653948846884305e-07, 5.883242693016655e-07, 0.9999988079071045], [4.261854087417305e-07, 6.594144110749767e-07, 0.999998927116394], [4.103528681298485e-07, 6.104567660258908e-07, 0.999998927116394], [8.114441811812867e-07, 9.492047183812247e-07, 0.9999982118606567], [5.887600877940713e-07, 1.051092908710416e-06, 0.9999983310699463], [5.919131353948615e-07, 5.494495098901098e-07, 0.9999988079071045], [5.449944637803128e-07, 4.782181122209295e-07, 0.999998927116394], [6.497954245787696e-07, 7.755879209980776e-07, 0.9999985694885254], [4.760829597216798e-07, 6.943143375792715e-07, 0.9999988079071045], [5.005337015973055e-07, 1.082871904145577e-06, 0.9999984502792358], [1.0628813242874458e-06, 8.486783258376818e-07, 0.9999980926513672], [7.074713153087941e-07, 1.374454200231412e-06, 0.9999979734420776], [5.552124662244751e-07, 8.86941109001782e-07, 0.9999985694885254], [4.412976863932272e-07, 7.8407595083263e-07, 0.9999988079071045], [8.612167903265799e-07, 6.26644123258302e-07, 0.9999985694885254], [5.163929586160521e-07, 6.267680419114185e-07, 0.9999988079071045], [2.1173583775180305e-07, 5.197746872909192e-07, 0.9999992847442627], [7.696136776758067e-07, 9.743025657371618e-07, 0.9999982118606567], [5.137590051162988e-07, 7.596111117891269e-07, 0.9999986886978149], [5.009272285860789e-07, 9.039860060511273e-07, 0.9999985694885254], [7.611138244101312e-07, 1.1417645282563171e-06, 0.9999980926513672]]}, "infer_command_tokens": ["I1s2_0_0", "I1s2_1_2", "I1s2_2_2", "I1s2_3_2", "I1s2_4_2", "I1s2_5_2", "I1s2_6_2", "I1s2_7_2", "I1s2_8_2", "I1s2_9_2", "I1s2_10_0", "I1s2_11_2", "I1s2_12_2", "I1s2_13_2", "I1s2_14_2", "I1s2_15_2", "I1s2_16_2", "I1s2_17_2", "I1s2_18_2", "I1s2_19_2", "I1s2_20_2", "I1s2_21_2", "I1s2_22_2", "I1s2_23_2", "I1s2_24_2", "I1s2_25_2", "I1s2_26_2", "I1s2_27_0", "I4_28", "C1_4", "R1_2", "R3_1", "S2s1_17", "S4_0_2", "S4_1_2", "S4_2_2", "S4_3_2", "S4_4_2", "S4_5_2", "S4_6_2", "S4_7_2", "S4_8_2", "S4_9_2", "S4_10_2", "S4_11_2", "S4_12_2", "S4_13_2", "S4_14_2", "S4_15_2", "S4_16_2", "S4_17_2", "S4_18_2", "S4_19_2", "S4_20_2", "S4_21_2", "B1s1_4", "TS1s1_0", "K1_0", "T1s1_1", "P4_5", "ST1_14", "EM1_0", "TM1_2"]}