{"text": "The 5-octave pitch range of this musical performance results in a focused and impactful sound, complemented by the use of the major key to create a rich and dynamic sonic palette. The song, which lasts 16 ~ 30 seconds, features a balanced rhythm that is further enhanced by the use of organ, guitar, bass, voice, flute and drum. In total, the song comprises 13 ~ 16 bars, which contribute to its overall structure and composition.", "pred_labels": {"R1": [0, 0, 1], "R3": [0, 1, 0, 0], "S2s1": [0, 0, 0, 0, 0, 0, 0, 0, 0, 0, 0, 0, 0, 0, 0, 0, 0, 1], "B1s1": [0, 0, 0, 1, 0], "TS1s1": [0, 0, 0, 0, 0, 0, 0, 1], "K1": [1, 0, 0], "T1s1": [0, 0, 0, 1], "P4": [0, 0, 0, 0, 0, 1, 0, 0, 0, 0, 0, 0, 0], "EM1": [0, 0, 0, 0, 1], "TM1": [0, 1, 0, 0, 0, 0], "I1s2": [[0, 0, 1], [0, 0, 1], [0, 0, 1], [1, 0, 0], [1, 0, 0], [1, 0, 0], [0, 0, 1], [0, 0, 1], [0, 0, 1], [0, 0, 1], [0, 0, 1], [1, 0, 0], [0, 0, 1], [0, 0, 1], [0, 0, 1], [0, 0, 1], [0, 0, 1], [0, 0, 1], [0, 0, 1], [0, 0, 1], [0, 0, 1], [0, 0, 1], [1, 0, 0], [0, 0, 1], [0, 0, 1], [0, 0, 1], [0, 0, 1], [1, 0, 0]], "S4": [[0, 0, 1], [0, 0, 1], [0, 0, 1], [0, 0, 1], [0, 0, 1], [0, 0, 1], [0, 0, 1], [0, 0, 1], [0, 0, 1], [0, 0, 1], [0, 0, 1], [0, 0, 1], [0, 0, 1], [0, 0, 1], [0, 0, 1], [0, 0, 1], [0, 0, 1], [0, 0, 1], [0, 0, 1], [0, 0, 1], [0, 0, 1], [0, 0, 1]]}, "pred_probs": {"R1": [4.253063707437832e-06, 4.029539468319854e-06, 0.999991774559021], "R3": [1.1022123089787783e-06, 0.9999971389770508, 9.808535423871945e-07, 7.978763392202382e-07], "S2s1": [2.649105226737447e-06, 2.5559475034242496e-06, 4.96817619932699e-06, 3.20251797347737e-06, 4.0875097511161584e-06, 4.271276338840835e-06, 3.4272097764187492e-06, 2.977855956487474e-06, 2.8536967420222936e-06, 2.9268023808981525e-06, 5.032495664636372e-06, 4.45387786385254e-06, 3.9366373130178545e-06, 1.2324278486630647e-06, 4.33492050433415e-06, 1.039326252794126e-05, 1.7002200820570579e-06, 0.9999351501464844], "B1s1": [1.0006905313275638e-06, 1.13338501250837e-06, 1.1042188816645648e-06, 0.9999963045120239, 4.497610177622846e-07], "TS1s1": [6.880610499138129e-07, 1.3051092082605464e-06, 8.563637834413385e-07, 1.9226574750064174e-06, 8.368604653696821e-07, 2.038847924268339e-06, 9.727797441883013e-05, 0.9998950958251953], "K1": [0.9999996423721313, 1.1722958248583382e-07, 2.2246052822083584e-07], "T1s1": [2.2335450466925977e-06, 6.900517064423184e-07, 1.435385115655663e-06, 0.9999955892562866], "P4": [9.959573787909903e-08, 2.2692032075610769e-07, 2.589409291431366e-07, 2.3979271190910367e-07, 8.796521910880983e-08, 0.9999982118606567, 1.398867794932812e-07, 1.2689999095982785e-07, 7.80177771275703e-08, 1.133250435714217e-07, 2.1472628475294187e-07, 9.589086857886286e-08, 9.784931620515636e-08], "EM1": [2.4399168978561647e-06, 2.6601412628224352e-06, 4.341391104389913e-06, 5.701641384803224e-06, 0.999984860420227], "TM1": [2.0060984695646766e-07, 0.9999988079071045, 2.9246854182929383e-07, 1.8972359328017774e-07, 1.8763040543490206e-07, 1.9345355894984095e-07], "I1s2": [[2.945191965864069e-07, 4.342482782249135e-07, 0.9999992847442627], [1.776365650130174e-07, 3.0565664133064274e-07, 0.9999995231628418], [3.630190974490688e-07, 3.331730340505601e-07, 0.9999992847442627], [0.9999924898147583, 3.189096105415956e-06, 4.266896212357096e-06], [0.9999922513961792, 3.210609293091693e-06, 4.525888925854815e-06], [0.9999926090240479, 3.611180773077649e-06, 3.8628350012004375e-06], [4.007724498933385e-07, 7.369049512817583e-07, 0.9999988079071045], [2.3188906084214977e-07, 3.3866223247969174e-07, 0.9999994039535522], [2.2053197312743578e-07, 1.0511123491596663e-06, 0.9999986886978149], [2.480155103512516e-07, 3.192555197983893e-07, 0.9999994039535522], [4.0489675257049385e-07, 1.0869495099541382e-06, 0.9999984502792358], [0.999992847442627, 2.0215477434248896e-06, 5.156087354407646e-06], [3.937916233098804e-07, 1.3264764220366487e-06, 0.9999983310699463], [1.1440970411058515e-06, 2.713430149015039e-06, 0.9999961853027344], [2.3520543379618175e-07, 3.44030496535197e-07, 0.9999994039535522], [1.9767846026752522e-07, 3.341642980103643e-07, 0.9999995231628418], [6.172375606183778e-07, 1.3996581174069433e-06, 0.9999979734420776], [2.5758635047168355e-07, 3.5648761809170537e-07, 0.9999994039535522], [4.095954864169471e-07, 7.959009735714062e-07, 0.9999988079071045], [1.4125608061021921e-07, 4.51796239531177e-07, 0.9999994039535522], [2.4694597300367604e-07, 9.368270639242837e-07, 0.9999988079071045], [5.846413273502549e-07, 3.368020600191812e-07, 0.9999990463256836], [0.9999934434890747, 2.9464993076544488e-06, 3.5454090721032117e-06], [1.7948659092326125e-07, 2.078585197295979e-07, 0.9999996423721313], [2.0976476662326604e-06, 2.251094457506042e-07, 0.9999977350234985], [2.519319650673424e-07, 4.202869945402199e-07, 0.9999992847442627], [5.708808998861059e-07, 1.3502088904715492e-06, 0.9999980926513672], [0.9999938011169434, 2.6554430405667517e-06, 3.5850478070642566e-06]], "S4": [[5.755670372309396e-06, 2.1319940515240887e-06, 0.9999921321868896], [5.458578584693896e-07, 5.924417223468481e-07, 0.9999988079071045], [4.5414603278004506e-07, 6.278108344304201e-07, 0.999998927116394], [5.94414643728669e-07, 5.306735602061963e-07, 0.999998927116394], [8.608067787463369e-07, 8.722162760932406e-07, 0.9999982118606567], [6.094209652474092e-07, 1.1257152436883189e-06, 0.9999982118606567], [7.352299462581868e-07, 6.232251053006621e-07, 0.9999986886978149], [5.430115948001912e-07, 4.807046138921578e-07, 0.999998927116394], [6.590356633751071e-07, 7.120970053620113e-07, 0.9999985694885254], [4.5973203555149666e-07, 6.744772349520645e-07, 0.9999988079071045], [4.814908720618405e-07, 9.141588179772953e-07, 0.9999985694885254], [1.1462485645097331e-06, 7.1553853331352e-07, 0.9999980926513672], [6.823047442594543e-07, 1.4449007039729622e-06, 0.9999978542327881], [5.374882334763242e-07, 9.145939543486747e-07, 0.9999985694885254], [3.698010004882235e-07, 6.313442781902268e-07, 0.9999990463256836], [1.1254016953898827e-06, 7.891067070886493e-07, 0.9999980926513672], [8.847997605698765e-07, 1.1047441148548387e-06, 0.9999979734420776], [2.2476139349691948e-07, 5.508075560101133e-07, 0.9999991655349731], [8.144693879330589e-07, 9.800149882721598e-07, 0.9999982118606567], [5.18137198923796e-07, 8.607331665189122e-07, 0.9999985694885254], [5.837562753185921e-07, 1.013618998513266e-06, 0.9999984502792358], [7.423159331665374e-07, 1.1035504030587617e-06, 0.9999982118606567]]}, "infer_command_tokens": ["I1s2_0_2", "I1s2_1_2", "I1s2_2_2", "I1s2_3_0", "I1s2_4_0", "I1s2_5_0", "I1s2_6_2", "I1s2_7_2", "I1s2_8_2", "I1s2_9_2", "I1s2_10_2", "I1s2_11_0", "I1s2_12_2", "I1s2_13_2", "I1s2_14_2", "I1s2_15_2", "I1s2_16_2", "I1s2_17_2", "I1s2_18_2", "I1s2_19_2", "I1s2_20_2", "I1s2_21_2", "I1s2_22_0", "I1s2_23_2", "I1s2_24_2", "I1s2_25_2", "I1s2_26_2", "I1s2_27_0", "I4_28", "C1_4", "R1_2", "R3_1", "S2s1_17", "S4_0_2", "S4_1_2", "S4_2_2", "S4_3_2", "S4_4_2", "S4_5_2", "S4_6_2", "S4_7_2", "S4_8_2", "S4_9_2", "S4_10_2", "S4_11_2", "S4_12_2", "S4_13_2", "S4_14_2", "S4_15_2", "S4_16_2", "S4_17_2", "S4_18_2", "S4_19_2", "S4_20_2", "S4_21_2", "B1s1_3", "TS1s1_7", "K1_0", "T1s1_3", "P4_5", "ST1_14", "EM1_4", "TM1_1"]}