{"text": "The track has a duration of about 40 seconds and its pitch range is within 5 octaves. 4/4 is the time signature of the music, and grand piano, percussion, strings and violin play an important role in the music. The song's beat is fast-paced, and this song is divided into about 14 bars. The song belongs to the easy listening genre.", "pred_labels": {"R1": [0, 0, 1], "R3": [0, 0, 0, 1], "S2s1": [0, 0, 0, 0, 0, 0, 0, 0, 0, 0, 0, 0, 0, 0, 0, 0, 0, 1], "B1s1": [0, 0, 0, 1, 0], "TS1s1": [1, 0, 0, 0, 0, 0, 0, 0], "K1": [0, 0, 1], "T1s1": [0, 0, 1, 0], "P4": [0, 0, 0, 0, 0, 1, 0, 0, 0, 0, 0, 0, 0], "EM1": [0, 0, 0, 0, 1], "TM1": [0, 0, 1, 0, 0, 0], "I1s2": [[1, 0, 0], [0, 0, 1], [1, 0, 0], [0, 0, 1], [0, 0, 1], [0, 0, 1], [1, 0, 0], [0, 0, 1], [0, 0, 1], [0, 0, 1], [1, 0, 0], [0, 0, 1], [0, 0, 1], [0, 0, 1], [0, 0, 1], [0, 0, 1], [0, 0, 1], [0, 0, 1], [0, 0, 1], [0, 0, 1], [0, 0, 1], [0, 0, 1], [0, 0, 1], [0, 0, 1], [0, 0, 1], [0, 0, 1], [0, 0, 1], [0, 0, 1]], "S4": [[0, 0, 1], [0, 0, 1], [0, 0, 1], [0, 0, 1], [0, 0, 1], [1, 0, 0], [0, 0, 1], [0, 0, 1], [0, 0, 1], [0, 0, 1], [0, 0, 1], [0, 0, 1], [0, 0, 1], [0, 0, 1], [0, 0, 1], [0, 0, 1], [0, 0, 1], [0, 0, 1], [0, 0, 1], [0, 0, 1], [0, 0, 1], [0, 0, 1]]}, "pred_probs": {"R1": [4.324198016547598e-06, 4.164914116699947e-06, 0.9999915361404419], "R3": [1.3719729849981377e-06, 6.687562745355535e-06, 2.24935661208292e-06, 0.9999897480010986], "S2s1": [2.4921678232203703e-06, 2.7623773348750547e-06, 5.203663022257388e-06, 3.074342657782836e-06, 3.876601113006473e-06, 3.8031223539292114e-06, 3.2625457606627606e-06, 3.034230985576869e-06, 2.976289806611021e-06, 2.9829618597432273e-06, 4.727166469820077e-06, 4.739729320135666e-06, 3.982689577242127e-06, 1.1747987400667625e-06, 4.435970367921982e-06, 9.969393431674689e-06, 1.8585827774586505e-06, 0.9999356269836426], "B1s1": [1.1647049404928111e-06, 9.289336162510153e-07, 8.375145625905134e-07, 0.9999964237213135, 5.494828201335622e-07], "TS1s1": [0.9999978542327881, 3.4143505445172195e-07, 4.3525059822968615e-07, 1.4911925916294422e-07, 2.9882343710596615e-07, 1.4383776658632996e-07, 3.8931389667595795e-07, 3.479574957054865e-07], "K1": [7.804242727615929e-07, 1.3189713854444562e-06, 0.9999978542327881], "T1s1": [2.720059001148911e-06, 7.974765594553901e-07, 0.9999957084655762, 7.209673071884026e-07], "P4": [1.1750797312970462e-07, 2.8887433245472494e-07, 2.713337607929134e-07, 3.3658491815913294e-07, 8.371632276293894e-08, 0.9999978542327881, 1.8373478383182373e-07, 1.0532934169305008e-07, 8.334335177551111e-08, 1.249330239261326e-07, 2.4106907403620426e-07, 1.1055867332743219e-07, 1.1194023130656205e-07], "EM1": [3.4225415674882242e-06, 2.7660237265081378e-06, 6.04566048423294e-06, 1.8510379959479906e-05, 0.9999692440032959], "TM1": [6.055311700947641e-07, 4.902670411865984e-07, 0.9999979734420776, 3.969958868310641e-07, 2.5915579726643045e-07, 3.1521142318524653e-07], "I1s2": [[0.9999942779541016, 2.956500111395144e-06, 2.7715905162040144e-06], [2.1274327366427315e-07, 3.046549466034776e-07, 0.9999995231628418], [0.9999939203262329, 2.980704493893427e-06, 3.0499088552460307e-06], [2.7133475555274345e-07, 1.9355459244252415e-06, 0.9999977350234985], [2.409335593256401e-07, 5.523409072338836e-07, 0.9999991655349731], [4.3471843014231126e-07, 6.86605119426531e-07, 0.999998927116394], [0.9999942779541016, 3.694007546073408e-06, 1.992454144783551e-06], [2.3385695158140152e-07, 3.2883923495319323e-07, 0.9999994039535522], [1.707213783674888e-07, 9.324293728241173e-07, 0.999998927116394], [1.9176711418822379e-07, 1.5402397934849432e-07, 0.9999996423721313], [0.999991774559021, 4.07064362661913e-06, 4.16156080973451e-06], [3.5653172858474136e-07, 4.320357902543037e-07, 0.9999991655349731], [2.2789105003084842e-07, 6.632365057157585e-07, 0.9999991655349731], [4.130587285544607e-07, 9.597549706086284e-07, 0.9999985694885254], [2.391918485500355e-07, 3.0465724876194145e-07, 0.9999994039535522], [1.2465368115499587e-07, 2.940570311693591e-07, 0.9999995231628418], [2.783443164844357e-07, 5.20804746884096e-07, 0.9999991655349731], [2.634999702877394e-07, 2.8408337016117e-07, 0.9999994039535522], [4.107208724235534e-07, 6.965322540963825e-07, 0.999998927116394], [1.377082270437313e-07, 3.9626115722057875e-07, 0.9999995231628418], [2.2584609382647614e-07, 4.194781979549589e-07, 0.9999994039535522], [7.003382620496268e-07, 3.0747119694751746e-07, 0.9999990463256836], [2.0896908381473622e-07, 6.296607466538262e-07, 0.9999991655349731], [1.2389271830670623e-07, 1.3886976546473306e-07, 0.9999997615814209], [1.347713805444073e-06, 1.8869300788537657e-07, 0.9999984502792358], [1.8053152928132477e-07, 2.706495934035047e-07, 0.9999995231628418], [2.6906982952823455e-07, 7.164938438108948e-07, 0.9999990463256836], [1.5490101645809773e-07, 3.738838358913199e-07, 0.9999995231628418]], "S4": [[4.490887931751786e-06, 1.9807650915026898e-06, 0.9999935626983643], [5.547447017306695e-07, 6.10437496106897e-07, 0.9999988079071045], [4.2357186202934827e-07, 7.099598064996826e-07, 0.9999988079071045], [4.497064196584688e-07, 6.716408620377479e-07, 0.999998927116394], [7.865147040320153e-07, 1.042407006934809e-06, 0.9999982118606567], [0.9999850988388062, 6.983000730542699e-06, 7.895198905316647e-06], [5.854396363247361e-07, 5.511935228241782e-07, 0.9999988079071045], [5.815671784148435e-07, 4.7604217456864717e-07, 0.999998927116394], [5.935789317845774e-07, 7.111564741535403e-07, 0.9999986886978149], [4.730362377358688e-07, 6.688002827104356e-07, 0.9999988079071045], [5.132672526997339e-07, 1.0607532203721348e-06, 0.9999984502792358], [1.2825339581468143e-06, 1.127863697547582e-06, 0.999997615814209], [6.334648219308292e-07, 1.3147933941581869e-06, 0.9999980926513672], [4.924721679344657e-07, 7.761141205264721e-07, 0.9999986886978149], [5.365075139707187e-07, 8.454442195215961e-07, 0.9999985694885254], [8.694809139342397e-07, 5.504412001755554e-07, 0.9999985694885254], [5.221010610512167e-07, 5.855898734807852e-07, 0.999998927116394], [2.0269825995455903e-07, 5.53088909782673e-07, 0.9999992847442627], [7.52838047901605e-07, 1.0098654001922114e-06, 0.9999982118606567], [5.468268113872909e-07, 8.554507644475962e-07, 0.9999985694885254], [5.627714472211665e-07, 1.1808763247245224e-06, 0.9999982118606567], [7.689628773732693e-07, 1.0129896281796391e-06, 0.9999982118606567]]}, "infer_command_tokens": ["I1s2_0_0", "I1s2_1_2", "I1s2_2_0", "I1s2_3_2", "I1s2_4_2", "I1s2_5_2", "I1s2_6_0", "I1s2_7_2", "I1s2_8_2", "I1s2_9_2", "I1s2_10_0", "I1s2_11_2", "I1s2_12_2", "I1s2_13_2", "I1s2_14_2", "I1s2_15_2", "I1s2_16_2", "I1s2_17_2", "I1s2_18_2", "I1s2_19_2", "I1s2_20_2", "I1s2_21_2", "I1s2_22_2", "I1s2_23_2", "I1s2_24_2", "I1s2_25_2", "I1s2_26_2", "I1s2_27_2", "I4_28", "C1_4", "R1_2", "R3_3", "S2s1_17", "S4_0_2", "S4_1_2", "S4_2_2", "S4_3_2", "S4_4_2", "S4_5_0", "S4_6_2", "S4_7_2", "S4_8_2", "S4_9_2", "S4_10_2", "S4_11_2", "S4_12_2", "S4_13_2", "S4_14_2", "S4_15_2", "S4_16_2", "S4_17_2", "S4_18_2", "S4_19_2", "S4_20_2", "S4_21_2", "B1s1_3", "TS1s1_0", "K1_2", "T1s1_2", "P4_5", "ST1_14", "EM1_4", "TM1_2"]}