{"text": "The pitch range of 5 octaves adds a distinctive character to the music, emphasizing its emotional depth. This music's use of major key creates a distinct atmosphere, while its smooth and steady rhythm, with the inclusion of grand piano, drum and bass, further enhances the composition. The music, played at a rapid pace in 4/4, conveys dejection and is complemented by its running time of about 20 seconds.", "pred_labels": {"R1": [0, 0, 1], "R3": [0, 1, 0, 0], "S2s1": [0, 0, 0, 0, 0, 0, 0, 0, 0, 0, 0, 0, 0, 0, 0, 0, 0, 1], "B1s1": [0, 0, 0, 0, 1], "TS1s1": [1, 0, 0, 0, 0, 0, 0, 0], "K1": [1, 0, 0], "T1s1": [0, 0, 1, 0], "P4": [0, 0, 0, 0, 0, 1, 0, 0, 0, 0, 0, 0, 0], "EM1": [0, 0, 1, 0, 0], "TM1": [0, 1, 0, 0, 0, 0], "I1s2": [[1, 0, 0], [0, 0, 1], [0, 0, 1], [0, 0, 1], [0, 0, 1], [1, 0, 0], [0, 0, 1], [0, 0, 1], [0, 0, 1], [0, 0, 1], [0, 0, 1], [0, 0, 1], [0, 0, 1], [0, 0, 1], [0, 0, 1], [0, 0, 1], [0, 0, 1], [0, 0, 1], [0, 0, 1], [0, 0, 1], [0, 0, 1], [0, 0, 1], [0, 0, 1], [0, 0, 1], [0, 0, 1], [0, 0, 1], [0, 0, 1], [1, 0, 0]], "S4": [[0, 0, 1], [0, 0, 1], [0, 0, 1], [0, 0, 1], [0, 0, 1], [0, 0, 1], [0, 0, 1], [0, 0, 1], [0, 0, 1], [0, 0, 1], [0, 0, 1], [0, 0, 1], [0, 0, 1], [0, 0, 1], [0, 0, 1], [0, 0, 1], [0, 0, 1], [0, 0, 1], [0, 0, 1], [0, 0, 1], [0, 0, 1], [0, 0, 1]]}, "pred_probs": {"R1": [4.450325832294766e-06, 3.819357971224235e-06, 0.999991774559021], "R3": [8.465225391773856e-07, 0.9999972581863403, 9.005996730593324e-07, 9.106787501877989e-07], "S2s1": [2.4812252377159894e-06, 2.7729370231099892e-06, 4.551211077341577e-06, 3.500854063531733e-06, 3.953017767344136e-06, 3.911482508556219e-06, 3.6082235510548344e-06, 3.3427850212319754e-06, 2.856957053154474e-06, 2.8361246222630143e-06, 5.420744855655357e-06, 4.605039066518657e-06, 3.7922814044577535e-06, 1.3354642760532442e-06, 4.457830982573796e-06, 1.0346023373131175e-05, 1.6932091284616035e-06, 0.9999344348907471], "B1s1": [6.298580956354272e-06, 4.68078360427171e-06, 9.58778036874719e-06, 2.2468800580099924e-06, 0.9999772310256958], "TS1s1": [0.9999973773956299, 4.1622962498877314e-07, 9.028175327330246e-07, 1.4237916445836163e-07, 2.8909326488246734e-07, 1.5798279662249115e-07, 3.538442285844212e-07, 4.4736972881764814e-07], "K1": [0.9999996423721313, 1.223142760409246e-07, 2.03240503537927e-07], "T1s1": [1.1979572036580066e-06, 1.0464325441716937e-06, 0.9999969005584717, 7.988818992998858e-07], "P4": [1.0290257534961711e-07, 2.341820675155759e-07, 2.352262242766301e-07, 3.249011797379353e-07, 7.404135971000869e-08, 0.9999982118606567, 1.5672821973566897e-07, 1.2785321246155945e-07, 7.970918858291043e-08, 1.2094271539808688e-07, 2.3547110572508245e-07, 9.206971895991956e-08, 8.404143869711334e-08], "EM1": [3.7707497995143058e-06, 2.0801669506909093e-06, 0.9999892711639404, 3.051515250263037e-06, 1.841183120632195e-06], "TM1": [1.968699194776491e-07, 0.999998927116394, 2.875295024296065e-07, 2.0695127034286998e-07, 1.5873786196607398e-07, 2.1443769071538554e-07], "I1s2": [[0.999993085861206, 2.8353497327771038e-06, 4.065806933795102e-06], [2.2532076116021926e-07, 3.002934647611255e-07, 0.9999995231628418], [3.3788083442232164e-07, 3.3233365570595197e-07, 0.9999992847442627], [6.410393211808696e-07, 3.4445527035131818e-06, 0.9999959468841553], [5.23589903878019e-07, 1.5951551404214115e-06, 0.9999978542327881], [0.9999924898147583, 3.4227223295602016e-06, 4.019115294795483e-06], [5.193384708945814e-07, 6.849739406789013e-07, 0.9999988079071045], [2.98338136417442e-07, 3.191288726611674e-07, 0.9999994039535522], [2.774347365175345e-07, 6.42678799067653e-07, 0.9999990463256836], [3.113363504780864e-07, 3.238306192088203e-07, 0.9999994039535522], [3.540601767326734e-07, 6.734855446666188e-07, 0.999998927116394], [6.315150926639035e-07, 6.426932372960437e-07, 0.9999986886978149], [4.4751470795745263e-07, 1.4341627547764801e-06, 0.9999980926513672], [1.293035552407673e-06, 2.9478944725269685e-06, 0.9999957084655762], [3.314935668186081e-07, 4.106391884306504e-07, 0.9999992847442627], [2.544566939377546e-07, 4.929348165205738e-07, 0.9999992847442627], [5.769629183305369e-07, 1.1147384384457837e-06, 0.9999983310699463], [3.38566962909681e-07, 3.036623184016207e-07, 0.9999994039535522], [4.8266599605995e-07, 8.600727596785873e-07, 0.9999986886978149], [1.6409059355737554e-07, 3.9718503330732347e-07, 0.9999994039535522], [2.5358184529977734e-07, 6.80436130551243e-07, 0.9999990463256836], [7.456397952410043e-07, 3.411441014122829e-07, 0.999998927116394], [2.599679760351137e-07, 7.397032391054381e-07, 0.9999990463256836], [1.995778546870497e-07, 1.5973265021784755e-07, 0.9999996423721313], [2.088923565679579e-06, 2.2758231921216066e-07, 0.9999977350234985], [2.8260603812668705e-07, 5.091029038339911e-07, 0.9999991655349731], [6.184326366565074e-07, 1.2214583193781436e-06, 0.9999982118606567], [0.999993085861206, 2.555505488999188e-06, 4.441851160663646e-06]], "S4": [[9.075235539057758e-06, 3.0327692002174444e-06, 0.9999878406524658], [5.600348913503694e-07, 6.316200256151205e-07, 0.9999988079071045], [4.830749844586535e-07, 6.822618274782144e-07, 0.9999988079071045], [4.549879406567925e-07, 5.541706400435942e-07, 0.9999990463256836], [9.198899988405174e-07, 1.1659925576168462e-06, 0.9999979734420776], [7.532062795689853e-07, 1.2782935527866357e-06, 0.9999979734420776], [7.678756901441375e-07, 6.554179208251298e-07, 0.9999985694885254], [5.979755428597855e-07, 5.462499643726915e-07, 0.9999988079071045], [6.699887080685585e-07, 8.247197911259718e-07, 0.9999984502792358], [5.290878561936552e-07, 5.924700303694408e-07, 0.999998927116394], [5.250007006907254e-07, 1.1543733080543461e-06, 0.9999983310699463], [1.127962150349049e-06, 8.288479307339003e-07, 0.9999980926513672], [6.575913857886917e-07, 1.3068615771771874e-06, 0.9999980926513672], [5.95572430484026e-07, 1.0206874776486075e-06, 0.9999983310699463], [4.5461396780410723e-07, 7.220319275802467e-07, 0.9999988079071045], [1.4083154837862821e-06, 8.730180525162723e-07, 0.9999977350234985], [8.586806075072673e-07, 1.0360985243096366e-06, 0.9999980926513672], [2.3574567364903487e-07, 5.416266617430665e-07, 0.9999991655349731], [8.539929581274919e-07, 1.0827311598404776e-06, 0.9999980926513672], [5.959719828751986e-07, 7.867880640333169e-07, 0.9999985694885254], [5.860757141817885e-07, 8.920665095502045e-07, 0.9999985694885254], [7.273308710864512e-07, 1.1464179578979383e-06, 0.9999980926513672]]}, "infer_command_tokens": ["I1s2_0_0", "I1s2_1_2", "I1s2_2_2", "I1s2_3_2", "I1s2_4_2", "I1s2_5_0", "I1s2_6_2", "I1s2_7_2", "I1s2_8_2", "I1s2_9_2", "I1s2_10_2", "I1s2_11_2", "I1s2_12_2", "I1s2_13_2", "I1s2_14_2", "I1s2_15_2", "I1s2_16_2", "I1s2_17_2", "I1s2_18_2", "I1s2_19_2", "I1s2_20_2", "I1s2_21_2", "I1s2_22_2", "I1s2_23_2", "I1s2_24_2", "I1s2_25_2", "I1s2_26_2", "I1s2_27_0", "I4_28", "C1_4", "R1_2", "R3_1", "S2s1_17", "S4_0_2", "S4_1_2", "S4_2_2", "S4_3_2", "S4_4_2", "S4_5_2", "S4_6_2", "S4_7_2", "S4_8_2", "S4_9_2", "S4_10_2", "S4_11_2", "S4_12_2", "S4_13_2", "S4_14_2", "S4_15_2", "S4_16_2", "S4_17_2", "S4_18_2", "S4_19_2", "S4_20_2", "S4_21_2", "B1s1_4", "TS1s1_0", "K1_0", "T1s1_2", "P4_5", "ST1_14", "EM1_2", "TM1_1"]}