{"text": "The use of a specific pitch range of 5 octaves creates a cohesive and unified sound throughout the musical piece, while the major key gives this music a special emotional quality. With a duration of about 20 seconds, this track maintains a steady and moderate rhythm, featuring grand piano, drum and bass as its prominent elements. The time signature of the music is 6/8, complementing its high-tempo nature, and the composition is steeped in the traditions of country and latin style.", "pred_labels": {"R1": [0, 0, 1], "R3": [0, 1, 0, 0], "S2s1": [0, 0, 0, 0, 0, 0, 0, 0, 0, 0, 0, 0, 0, 0, 0, 0, 0, 1], "B1s1": [0, 0, 0, 0, 1], "TS1s1": [0, 0, 0, 0, 1, 0, 0, 0], "K1": [1, 0, 0], "T1s1": [0, 0, 1, 0], "P4": [0, 0, 0, 0, 0, 1, 0, 0, 0, 0, 0, 0, 0], "EM1": [0, 0, 0, 0, 1], "TM1": [0, 1, 0, 0, 0, 0], "I1s2": [[1, 0, 0], [0, 0, 1], [0, 0, 1], [0, 0, 1], [0, 0, 1], [1, 0, 0], [0, 0, 1], [0, 0, 1], [0, 0, 1], [0, 0, 1], [0, 0, 1], [0, 0, 1], [0, 0, 1], [0, 0, 1], [0, 0, 1], [0, 0, 1], [0, 0, 1], [0, 0, 1], [0, 0, 1], [0, 0, 1], [0, 0, 1], [0, 0, 1], [0, 0, 1], [0, 0, 1], [0, 0, 1], [0, 0, 1], [0, 0, 1], [1, 0, 0]], "S4": [[0, 0, 1], [0, 0, 1], [0, 0, 1], [0, 0, 1], [0, 0, 1], [0, 0, 1], [0, 0, 1], [0, 0, 1], [1, 0, 0], [0, 0, 1], [0, 0, 1], [0, 0, 1], [0, 0, 1], [0, 0, 1], [0, 0, 1], [0, 0, 1], [0, 0, 1], [0, 0, 1], [0, 0, 1], [0, 0, 1], [1, 0, 0], [0, 0, 1]]}, "pred_probs": {"R1": [4.309898940846324e-06, 4.3098125388496555e-06, 0.9999914169311523], "R3": [4.560571653655643e-07, 0.9999973773956299, 1.1170593552378705e-06, 1.0655375035639736e-06], "S2s1": [2.7263115498499246e-06, 2.7403668809711235e-06, 4.551488018478267e-06, 3.0838348266115645e-06, 3.7434770092659164e-06, 3.988218395534204e-06, 3.348071231812355e-06, 3.0486135074170306e-06, 2.9859209007554455e-06, 3.1069753276824486e-06, 4.795675522473175e-06, 4.5750007302558515e-06, 3.6549884043779457e-06, 1.2944515219714958e-06, 4.590406661009183e-06, 9.772194061952177e-06, 1.7761321942089126e-06, 0.9999362230300903], "B1s1": [6.993105216679396e-06, 4.980722223990597e-06, 9.121294169744942e-06, 2.233287659691996e-06, 0.999976634979248], "TS1s1": [4.2965302782249637e-07, 2.267394592081473e-07, 8.81451228451624e-07, 2.0951681278802425e-07, 0.9999971389770508, 3.904238212726341e-07, 4.513903775205108e-07, 2.854185083833727e-07], "K1": [0.9999996423721313, 1.2521201142590144e-07, 2.2514808506457484e-07], "T1s1": [1.9556598545023007e-06, 9.56336521085177e-07, 0.9999963045120239, 7.79477602463885e-07], "P4": [1.1404534916437115e-07, 2.5774497203201463e-07, 2.6266212671544054e-07, 4.187992601600854e-07, 8.114993477192911e-08, 0.9999979734420776, 1.2039043895128998e-07, 1.2839166174671846e-07, 7.828548120869527e-08, 1.1476139150090603e-07, 2.249871613457799e-07, 9.886080931664765e-08, 9.962649016870273e-08], "EM1": [1.954024583028513e-06, 2.1309863313945243e-06, 3.817273864115123e-06, 6.439060598495416e-06, 0.9999856948852539], "TM1": [1.9044178145577462e-07, 0.9999986886978149, 3.034391795608826e-07, 2.112726065206516e-07, 2.0601567030098522e-07, 2.201908841925615e-07], "I1s2": [[0.999993085861206, 3.0442834031418897e-06, 3.770332796193543e-06], [1.9862804379044974e-07, 2.405701877705724e-07, 0.9999995231628418], [3.666438033178565e-07, 3.7038381606180337e-07, 0.9999992847442627], [5.58583678866853e-07, 3.2149603157449747e-06, 0.9999961853027344], [4.4777311813959386e-07, 1.2594892950801295e-06, 0.9999983310699463], [0.9999924898147583, 3.453622412052937e-06, 4.100081241631415e-06], [3.3506597674204386e-07, 5.93058018694137e-07, 0.9999990463256836], [2.4884164417926513e-07, 3.3306343993899645e-07, 0.9999994039535522], [1.74768146621318e-07, 5.045075113230268e-07, 0.9999992847442627], [2.098266520533798e-07, 2.1764923019418347e-07, 0.9999995231628418], [3.4697438877628883e-07, 6.603810902561236e-07, 0.9999990463256836], [4.960238584317267e-07, 6.436023909373034e-07, 0.9999988079071045], [3.1650284881834523e-07, 1.3623196082335198e-06, 0.9999983310699463], [1.096802975553146e-06, 2.431969733152073e-06, 0.9999964237213135], [2.5880299858727085e-07, 3.809701070167648e-07, 0.9999994039535522], [2.2323617088204628e-07, 4.4539916643770994e-07, 0.9999992847442627], [5.847903707945079e-07, 1.122641720030515e-06, 0.9999983310699463], [3.153958516577404e-07, 2.403699568276352e-07, 0.9999994039535522], [4.384372118693136e-07, 7.688907999181538e-07, 0.9999988079071045], [1.467297892077113e-07, 4.881375161858159e-07, 0.9999994039535522], [2.1880231315662968e-07, 5.801226166113338e-07, 0.9999991655349731], [6.602917324016744e-07, 3.0019225505384384e-07, 0.9999990463256836], [2.448605584959296e-07, 6.102031306909339e-07, 0.9999991655349731], [1.5312471646211634e-07, 1.6174226402654313e-07, 0.9999996423721313], [1.588521627127193e-06, 1.9953951380102808e-07, 0.9999982118606567], [2.4215145799644233e-07, 4.687022112648265e-07, 0.9999992847442627], [4.932560386805562e-07, 1.2322366274020169e-06, 0.9999983310699463], [0.9999927282333374, 2.6838092708203476e-06, 4.487621936277719e-06]], "S4": [[6.5480003286211286e-06, 2.0831889742112253e-06, 0.9999914169311523], [5.990063414174074e-07, 6.475968916674901e-07, 0.9999988079071045], [4.6334400849445956e-07, 6.615352390326734e-07, 0.999998927116394], [5.026477083447389e-07, 6.958137532819819e-07, 0.9999988079071045], [7.855139756429708e-07, 9.450732250115834e-07, 0.9999982118606567], [5.842290420332574e-07, 1.0927375342362211e-06, 0.9999983310699463], [5.97227199250483e-07, 5.945223051639914e-07, 0.9999988079071045], [6.32848241366446e-07, 4.24661948272842e-07, 0.999998927116394], [0.9999676942825317, 2.7450241759652272e-05, 4.9140908231493086e-06], [5.061265255790204e-07, 6.092726607676013e-07, 0.999998927116394], [4.5404402726489934e-07, 1.0370755489930161e-06, 0.9999984502792358], [1.092273691938317e-06, 8.126057196022884e-07, 0.9999980926513672], [6.497740514532779e-07, 1.2551171266750316e-06, 0.9999980926513672], [5.730253747060488e-07, 8.627532110949687e-07, 0.9999985694885254], [4.448936863354902e-07, 8.108427778097393e-07, 0.9999986886978149], [1.1694872910084086e-06, 7.141396167753555e-07, 0.9999980926513672], [6.938441288184549e-07, 8.59946283071622e-07, 0.9999984502792358], [2.13518646319244e-07, 5.4466727306135e-07, 0.9999992847442627], [7.393500709440559e-07, 9.344032605440589e-07, 0.9999983310699463], [5.234815603216703e-07, 6.32980970749486e-07, 0.9999988079071045], [0.9999854564666748, 8.880521818355191e-06, 5.6724497881077696e-06], [8.509701956427307e-07, 1.1971249023190467e-06, 0.9999979734420776]]}, "infer_command_tokens": ["I1s2_0_0", "I1s2_1_2", "I1s2_2_2", "I1s2_3_2", "I1s2_4_2", "I1s2_5_0", "I1s2_6_2", "I1s2_7_2", "I1s2_8_2", "I1s2_9_2", "I1s2_10_2", "I1s2_11_2", "I1s2_12_2", "I1s2_13_2", "I1s2_14_2", "I1s2_15_2", "I1s2_16_2", "I1s2_17_2", "I1s2_18_2", "I1s2_19_2", "I1s2_20_2", "I1s2_21_2", "I1s2_22_2", "I1s2_23_2", "I1s2_24_2", "I1s2_25_2", "I1s2_26_2", "I1s2_27_0", "I4_28", "C1_4", "R1_2", "R3_1", "S2s1_17", "S4_0_2", "S4_1_2", "S4_2_2", "S4_3_2", "S4_4_2", "S4_5_2", "S4_6_2", "S4_7_2", "S4_8_0", "S4_9_2", "S4_10_2", "S4_11_2", "S4_12_2", "S4_13_2", "S4_14_2", "S4_15_2", "S4_16_2", "S4_17_2", "S4_18_2", "S4_19_2", "S4_20_0", "S4_21_2", "B1s1_4", "TS1s1_4", "K1_0", "T1s1_2", "P4_5", "ST1_14", "EM1_4", "TM1_1"]}