{"text": "The compact pitch range of 7 octaves results in a focused and impactful musical performance, enhanced by the powerful and memorable sound of the major key. With a duration of about 50 seconds, the song captivates listeners with its energetic beat, while grand piano and bass add depth and texture to the composition. Following a 4/4 meter, the music maintains a medium tempo and fills the air with zeal.", "pred_labels": {"R1": [0, 0, 1], "R3": [0, 0, 1, 0], "S2s1": [0, 0, 0, 0, 0, 0, 0, 0, 0, 0, 0, 0, 0, 0, 0, 0, 0, 1], "B1s1": [0, 0, 0, 0, 1], "TS1s1": [1, 0, 0, 0, 0, 0, 0, 0], "K1": [1, 0, 0], "T1s1": [0, 1, 0, 0], "P4": [0, 0, 0, 0, 0, 0, 0, 1, 0, 0, 0, 0, 0], "EM1": [1, 0, 0, 0, 0], "TM1": [0, 0, 0, 1, 0, 0], "I1s2": [[1, 0, 0], [0, 0, 1], [0, 0, 1], [0, 0, 1], [0, 0, 1], [1, 0, 0], [0, 0, 1], [0, 0, 1], [0, 0, 1], [0, 0, 1], [0, 0, 1], [0, 0, 1], [0, 0, 1], [0, 0, 1], [0, 0, 1], [0, 0, 1], [0, 0, 1], [0, 0, 1], [0, 0, 1], [0, 0, 1], [0, 0, 1], [0, 0, 1], [0, 0, 1], [0, 0, 1], [0, 0, 1], [0, 0, 1], [0, 0, 1], [0, 0, 1]], "S4": [[0, 0, 1], [0, 0, 1], [0, 0, 1], [0, 0, 1], [0, 0, 1], [0, 0, 1], [0, 0, 1], [0, 0, 1], [0, 0, 1], [0, 0, 1], [0, 0, 1], [0, 0, 1], [0, 0, 1], [0, 0, 1], [0, 0, 1], [0, 0, 1], [0, 0, 1], [0, 0, 1], [0, 0, 1], [0, 0, 1], [0, 0, 1], [0, 0, 1]]}, "pred_probs": {"R1": [4.431110937730409e-06, 4.025367616122821e-06, 0.9999915361404419], "R3": [5.523759227799019e-07, 1.393071443089866e-06, 0.9999977350234985, 4.0352915675612167e-07], "S2s1": [2.2444778551289346e-06, 2.426113951514708e-06, 4.485136742005125e-06, 3.4389126994938124e-06, 3.934079359169118e-06, 3.9694446059002075e-06, 3.401024059712654e-06, 2.661812004589592e-06, 2.747690132309799e-06, 2.980294766530278e-06, 4.902680757368216e-06, 5.315448561304947e-06, 3.5879004371963674e-06, 1.358580789201369e-06, 4.202067884762073e-06, 8.996990800369531e-06, 1.8029916191153461e-06, 0.9999375343322754], "B1s1": [6.33029821983655e-06, 5.0339704102952965e-06, 9.30013629840687e-06, 2.1083321826154133e-06, 0.9999772310256958], "TS1s1": [0.9999972581863403, 4.165635232311615e-07, 9.611248970031738e-07, 1.4418156979445484e-07, 3.3416930023122404e-07, 1.5895572857971274e-07, 3.7003033526161744e-07, 4.4251370923120703e-07], "K1": [0.9999996423721313, 1.1408752698116587e-07, 2.11338701205932e-07], "T1s1": [7.973118272275315e-07, 0.9999970197677612, 9.045037927535304e-07, 1.1972870197496377e-06], "P4": [2.0404934275575215e-07, 1.6285011383843084e-07, 1.3223166206444148e-07, 1.2179010866475437e-07, 1.5112740925360413e-07, 1.6256491619515145e-07, 6.913009542586224e-08, 0.9999984502792358, 1.3850889502009522e-07, 1.2057410003762925e-07, 1.2830481921355386e-07, 1.1743745886860779e-07, 6.129238272478688e-08], "EM1": [0.9999693632125854, 1.724062894936651e-05, 3.472618573141517e-06, 5.661500836140476e-06, 4.31471380579751e-06], "TM1": [3.19348941957287e-07, 3.426430623676424e-07, 8.425229225395015e-07, 0.9999982118606567, 1.407485541449205e-07, 1.1643277275652508e-07], "I1s2": [[0.9999935626983643, 2.811819058479159e-06, 3.521850203469512e-06], [2.479119416420872e-07, 2.509763987745828e-07, 0.9999995231628418], [3.934320034204575e-07, 3.4062637155329867e-07, 0.9999992847442627], [5.054563985140703e-07, 2.6673467345972313e-06, 0.9999967813491821], [4.2764597196764953e-07, 1.1934797612411785e-06, 0.9999983310699463], [0.999992847442627, 3.3923199680430116e-06, 3.8486641642521136e-06], [3.223146620712214e-07, 4.902802288597741e-07, 0.9999991655349731], [2.2359031959240383e-07, 2.9735534212704806e-07, 0.9999995231628418], [2.0557716595703823e-07, 4.493508072300756e-07, 0.9999994039535522], [1.8528497491843154e-07, 1.6400036884078872e-07, 0.9999996423721313], [3.3741645211193827e-07, 5.206770765653346e-07, 0.9999991655349731], [5.021940978622297e-07, 5.018341084905842e-07, 0.9999990463256836], [4.354139662154921e-07, 1.2554575050671701e-06, 0.9999983310699463], [1.4480692698271014e-06, 2.6562338462099433e-06, 0.9999959468841553], [3.2417355555480754e-07, 3.3761125450837426e-07, 0.9999992847442627], [2.4057109726527415e-07, 3.9091054304662975e-07, 0.9999994039535522], [5.094805146654835e-07, 7.542296884821553e-07, 0.9999986886978149], [3.5449281199362304e-07, 2.502528957393224e-07, 0.9999994039535522], [4.784131988344598e-07, 8.102537094600848e-07, 0.9999986886978149], [1.4884783183788386e-07, 3.9642895899305586e-07, 0.9999994039535522], [2.1588456888821383e-07, 5.269534426588507e-07, 0.9999992847442627], [7.366626277871546e-07, 3.266187604822335e-07, 0.999998927116394], [2.3123114090140007e-07, 6.589656891264895e-07, 0.9999991655349731], [1.895352994552013e-07, 1.512567706640766e-07, 0.9999996423721313], [1.23534312024276e-06, 1.727955094565914e-07, 0.9999985694885254], [2.2987042314071005e-07, 4.179360644229746e-07, 0.9999994039535522], [5.256536041997606e-07, 8.922775123210158e-07, 0.9999985694885254], [1.7622190284782846e-07, 3.3031716384357424e-07, 0.9999995231628418]], "S4": [[4.0871050259738695e-06, 1.5525183698628098e-06, 0.9999943971633911], [5.227572614785458e-07, 5.821120794280432e-07, 0.999998927116394], [4.3858904064109083e-07, 7.154735044423433e-07, 0.9999988079071045], [4.6618777105322806e-07, 6.286369966801431e-07, 0.999998927116394], [7.42383917895495e-07, 9.398002021043794e-07, 0.9999983310699463], [5.878972046957642e-07, 1.1189573569936329e-06, 0.9999983310699463], [5.583017355093034e-07, 6.038978881406365e-07, 0.9999988079071045], [5.384150085774309e-07, 5.144136707713187e-07, 0.999998927116394], [6.177195928103174e-07, 8.203677452911506e-07, 0.9999985694885254], [4.87336251353554e-07, 6.930005724825605e-07, 0.9999988079071045], [4.822177857022325e-07, 1.0161131740460405e-06, 0.9999984502792358], [1.1151516901009018e-06, 8.181321504707739e-07, 0.9999980926513672], [7.0206806412898e-07, 1.4308290019471315e-06, 0.9999978542327881], [5.382099175221811e-07, 9.169607437797822e-07, 0.9999985694885254], [4.3271353433738113e-07, 7.890966458035109e-07, 0.9999988079071045], [1.0216768941972987e-06, 6.786314088458312e-07, 0.9999983310699463], [6.275561759139237e-07, 8.304813832182845e-07, 0.9999985694885254], [2.1911803571583732e-07, 5.772727718067472e-07, 0.9999991655349731], [8.2287016311966e-07, 1.0176189562116633e-06, 0.9999982118606567], [5.203576733947557e-07, 7.502939638470707e-07, 0.9999986886978149], [5.11787277446274e-07, 9.537002370052505e-07, 0.9999985694885254], [7.017375764917233e-07, 1.1772824564104667e-06, 0.9999980926513672]]}, "infer_command_tokens": ["I1s2_0_0", "I1s2_1_2", "I1s2_2_2", "I1s2_3_2", "I1s2_4_2", "I1s2_5_0", "I1s2_6_2", "I1s2_7_2", "I1s2_8_2", "I1s2_9_2", "I1s2_10_2", "I1s2_11_2", "I1s2_12_2", "I1s2_13_2", "I1s2_14_2", "I1s2_15_2", "I1s2_16_2", "I1s2_17_2", "I1s2_18_2", "I1s2_19_2", "I1s2_20_2", "I1s2_21_2", "I1s2_22_2", "I1s2_23_2", "I1s2_24_2", "I1s2_25_2", "I1s2_26_2", "I1s2_27_2", "I4_28", "C1_4", "R1_2", "R3_2", "S2s1_17", "S4_0_2", "S4_1_2", "S4_2_2", "S4_3_2", "S4_4_2", "S4_5_2", "S4_6_2", "S4_7_2", "S4_8_2", "S4_9_2", "S4_10_2", "S4_11_2", "S4_12_2", "S4_13_2", "S4_14_2", "S4_15_2", "S4_16_2", "S4_17_2", "S4_18_2", "S4_19_2", "S4_20_2", "S4_21_2", "B1s1_4", "TS1s1_0", "K1_0", "T1s1_1", "P4_7", "ST1_14", "EM1_0", "TM1_3"]}