{"text": "The music offers a unique and memorable listening experience with its pitch range of 4 octaves. It creates a rich and dynamic sonic palette through its use of major key. Lasting about 40 seconds, the song maintains a smooth and steady rhythm, played at a swift pace. The music features piano and follows the time signature of 4/4. Moreover, it is imbued with unwind.", "pred_labels": {"R1": [0, 0, 1], "R3": [0, 1, 0, 0], "S2s1": [0, 0, 0, 0, 0, 0, 0, 0, 0, 0, 0, 0, 0, 0, 0, 0, 0, 1], "B1s1": [0, 0, 0, 0, 1], "TS1s1": [1, 0, 0, 0, 0, 0, 0, 0], "K1": [1, 0, 0], "T1s1": [0, 0, 1, 0], "P4": [0, 0, 0, 0, 1, 0, 0, 0, 0, 0, 0, 0, 0], "EM1": [0, 0, 0, 1, 0], "TM1": [0, 0, 1, 0, 0, 0], "I1s2": [[1, 0, 0], [0, 0, 1], [0, 0, 1], [0, 0, 1], [0, 0, 1], [0, 0, 1], [0, 0, 1], [0, 0, 1], [0, 0, 1], [0, 0, 1], [0, 0, 1], [0, 0, 1], [0, 0, 1], [0, 0, 1], [0, 0, 1], [0, 0, 1], [0, 0, 1], [0, 0, 1], [0, 0, 1], [0, 0, 1], [0, 0, 1], [0, 0, 1], [0, 0, 1], [0, 0, 1], [0, 0, 1], [0, 0, 1], [0, 0, 1], [0, 0, 1]], "S4": [[0, 0, 1], [0, 0, 1], [0, 0, 1], [0, 0, 1], [0, 0, 1], [0, 0, 1], [0, 0, 1], [0, 0, 1], [0, 0, 1], [0, 0, 1], [0, 0, 1], [0, 0, 1], [0, 0, 1], [0, 0, 1], [0, 0, 1], [0, 0, 1], [0, 0, 1], [0, 0, 1], [0, 0, 1], [0, 0, 1], [0, 0, 1], [0, 0, 1]]}, "pred_probs": {"R1": [4.532190359896049e-06, 4.136251391173573e-06, 0.9999912977218628], "R3": [7.442405376423267e-07, 0.9999973773956299, 7.969928219608846e-07, 1.1163639328515274e-06], "S2s1": [2.3772074655425968e-06, 2.49784125117003e-06, 4.417051513883052e-06, 2.9183986498537706e-06, 3.986152478319127e-06, 3.8696844057994895e-06, 3.174763151037041e-06, 2.625137767608976e-06, 2.656581045812345e-06, 3.4468598641979042e-06, 4.308201368985465e-06, 5.623848210234428e-06, 3.6972217003494734e-06, 1.386202939102077e-06, 3.961519269068958e-06, 8.388392416236456e-06, 1.9380934190849075e-06, 0.9999388456344604], "B1s1": [6.7010396378464065e-06, 5.111942300572991e-06, 8.620749213150702e-06, 2.255994786537485e-06, 0.9999773502349854], "TS1s1": [0.999997615814209, 3.9968796272660256e-07, 6.679472903670103e-07, 1.3352908467823e-07, 3.1902484920465213e-07, 1.4116842805833585e-07, 3.4871115417445253e-07, 3.4446352970007865e-07], "K1": [0.9999996423721313, 1.28991658243649e-07, 2.3616658495484444e-07], "T1s1": [3.0887363209330942e-06, 7.206606369436486e-07, 0.9999955892562866, 6.260640361688274e-07], "P4": [1.8597694406707888e-07, 8.568056131252888e-08, 7.156284453913031e-08, 7.600105078608976e-08, 0.9999984502792358, 8.69485390353475e-08, 1.1537961341900882e-07, 1.4867106301608146e-07, 1.1024035018181166e-07, 2.0148965518274053e-07, 1.407900782623983e-07, 1.1249250775335895e-07, 2.337207263281016e-07], "EM1": [2.645396762090968e-06, 1.93022287930944e-06, 1.695477521934663e-06, 0.9999904632568359, 3.2136115351022454e-06], "TM1": [5.710376171919052e-07, 5.19052775871387e-07, 0.9999979734420776, 3.726437398654525e-07, 2.908594467498915e-07, 3.1853457471697766e-07], "I1s2": [[0.9999935626983643, 2.8421682145562954e-06, 3.53333234670572e-06], [2.3700137319337955e-07, 2.107696701614259e-07, 0.9999995231628418], [2.8877150271000573e-07, 2.3421162609338353e-07, 0.9999995231628418], [2.678899875263596e-07, 6.56818599509279e-07, 0.9999990463256836], [1.9291866237836075e-07, 3.547579581208993e-07, 0.9999994039535522], [4.2117773091376876e-07, 4.6360443661797035e-07, 0.9999991655349731], [4.0392092159891035e-07, 4.581687846894056e-07, 0.9999991655349731], [2.5833250560935994e-07, 3.003464428275038e-07, 0.9999994039535522], [1.274683114615982e-07, 2.3469148402455176e-07, 0.9999996423721313], [2.186159377970398e-07, 1.2517475056483818e-07, 0.9999996423721313], [2.9702030701628246e-07, 3.110033901521092e-07, 0.9999994039535522], [3.3243290431528294e-07, 2.094012216957708e-07, 0.9999994039535522], [2.3760422607210785e-07, 3.584115688681777e-07, 0.9999994039535522], [4.577023275942338e-07, 4.6266404751804657e-07, 0.9999990463256836], [2.0349283147425012e-07, 2.1190642485180433e-07, 0.9999996423721313], [1.19433593681606e-07, 1.1993181203706627e-07, 0.9999997615814209], [2.9458524863912317e-07, 3.492019970963156e-07, 0.9999994039535522], [2.8482534730756015e-07, 1.6699637228612119e-07, 0.9999995231628418], [4.2067509298249206e-07, 5.872553856534068e-07, 0.9999990463256836], [1.6525365253983182e-07, 4.0162402115129225e-07, 0.9999994039535522], [2.58650004525407e-07, 3.26566890862523e-07, 0.9999994039535522], [7.363963732132106e-07, 3.237396981603524e-07, 0.999998927116394], [2.7319296691530326e-07, 4.924038989884139e-07, 0.9999992847442627], [1.1215522732754835e-07, 9.820977453500745e-08, 0.9999997615814209], [1.1878911436724593e-06, 1.5632676308996452e-07, 0.9999986886978149], [1.9404275519718794e-07, 2.2573112801183015e-07, 0.9999995231628418], [3.3486068673482805e-07, 3.176707537022594e-07, 0.9999994039535522], [1.5083486459843698e-07, 2.5573032758074987e-07, 0.9999996423721313]], "S4": [[5.03821456732112e-06, 1.7528544731248985e-06, 0.9999932050704956], [5.769709332525963e-07, 5.925863888478489e-07, 0.9999988079071045], [4.309155769988138e-07, 7.56812823965447e-07, 0.9999988079071045], [4.49390455514731e-07, 6.441267714762944e-07, 0.999998927116394], [7.853589067963185e-07, 9.795206779017462e-07, 0.9999982118606567], [5.715550059903762e-07, 9.137265237768588e-07, 0.9999985694885254], [5.60342584776663e-07, 5.98415965669119e-07, 0.9999988079071045], [5.836018317495473e-07, 4.285003285531275e-07, 0.9999990463256836], [6.29201792889944e-07, 7.484279080927081e-07, 0.9999985694885254], [5.081654990135576e-07, 6.829766334703891e-07, 0.9999988079071045], [5.334071033757937e-07, 1.0476124998604064e-06, 0.9999984502792358], [1.0569932555881678e-06, 8.428363003076811e-07, 0.9999980926513672], [7.109165949259477e-07, 1.3093239203954e-06, 0.9999979734420776], [5.613362645817688e-07, 8.66528978349379e-07, 0.9999985694885254], [4.107756979010446e-07, 8.249292591244739e-07, 0.9999988079071045], [7.574713549729495e-07, 4.38128324731224e-07, 0.9999988079071045], [5.156051656740601e-07, 6.022410161676817e-07, 0.999998927116394], [2.435935471112316e-07, 4.880205892732192e-07, 0.9999992847442627], [8.46711486701679e-07, 9.937946288118837e-07, 0.9999982118606567], [5.412288146544597e-07, 7.460614028786949e-07, 0.9999986886978149], [5.867769914402743e-07, 9.86165559879737e-07, 0.9999984502792358], [7.223317766147375e-07, 1.1152358183608158e-06, 0.9999982118606567]]}, "infer_command_tokens": ["I1s2_0_0", "I1s2_1_2", "I1s2_2_2", "I1s2_3_2", "I1s2_4_2", "I1s2_5_2", "I1s2_6_2", "I1s2_7_2", "I1s2_8_2", "I1s2_9_2", "I1s2_10_2", "I1s2_11_2", "I1s2_12_2", "I1s2_13_2", "I1s2_14_2", "I1s2_15_2", "I1s2_16_2", "I1s2_17_2", "I1s2_18_2", "I1s2_19_2", "I1s2_20_2", "I1s2_21_2", "I1s2_22_2", "I1s2_23_2", "I1s2_24_2", "I1s2_25_2", "I1s2_26_2", "I1s2_27_2", "I4_28", "C1_4", "R1_2", "R3_1", "S2s1_17", "S4_0_2", "S4_1_2", "S4_2_2", "S4_3_2", "S4_4_2", "S4_5_2", "S4_6_2", "S4_7_2", "S4_8_2", "S4_9_2", "S4_10_2", "S4_11_2", "S4_12_2", "S4_13_2", "S4_14_2", "S4_15_2", "S4_16_2", "S4_17_2", "S4_18_2", "S4_19_2", "S4_20_2", "S4_21_2", "B1s1_4", "TS1s1_0", "K1_0", "T1s1_2", "P4_4", "ST1_14", "EM1_3", "TM1_2"]}