{"text": "The tempo in this song is very fast-paced, and the music is based on a 4/4 time signature. piano, drum and voice should be included in the music, creating a vibrant and dynamic sound. The music is defined by delight, evoking a powerful and intense atmosphere. With a structure consisting of about 14 bars, the song carries its energetic momentum throughout. This song has a duration of about 40 seconds.", "pred_labels": {"R1": [0, 0, 1], "R3": [0, 0, 1, 0], "S2s1": [0, 0, 0, 0, 0, 0, 0, 0, 0, 0, 0, 0, 0, 0, 0, 0, 0, 1], "B1s1": [0, 0, 0, 1, 0], "TS1s1": [1, 0, 0, 0, 0, 0, 0, 0], "K1": [0, 0, 1], "T1s1": [0, 0, 0, 1], "P4": [0, 0, 0, 0, 0, 0, 0, 0, 0, 0, 0, 0, 1], "EM1": [1, 0, 0, 0, 0], "TM1": [0, 0, 1, 0, 0, 0], "I1s2": [[1, 0, 0], [0, 0, 1], [0, 0, 1], [0, 0, 1], [0, 0, 1], [0, 0, 1], [0, 0, 1], [0, 0, 1], [0, 0, 1], [0, 0, 1], [0, 0, 1], [1, 0, 0], [0, 0, 1], [0, 0, 1], [0, 0, 1], [0, 0, 1], [0, 0, 1], [0, 0, 1], [0, 0, 1], [0, 0, 1], [0, 0, 1], [0, 0, 1], [0, 0, 1], [0, 0, 1], [0, 0, 1], [0, 0, 1], [0, 0, 1], [1, 0, 0]], "S4": [[0, 0, 1], [0, 0, 1], [0, 0, 1], [0, 0, 1], [0, 0, 1], [0, 0, 1], [0, 0, 1], [0, 0, 1], [0, 0, 1], [0, 0, 1], [0, 0, 1], [0, 0, 1], [0, 0, 1], [0, 0, 1], [0, 0, 1], [0, 0, 1], [0, 0, 1], [0, 0, 1], [0, 0, 1], [0, 0, 1], [0, 0, 1], [0, 0, 1]]}, "pred_probs": {"R1": [4.326767793827457e-06, 4.1782141124713235e-06, 0.9999915361404419], "R3": [9.972893622034462e-07, 1.0833673513843678e-06, 0.9999971389770508, 7.7961806255189e-07], "S2s1": [2.4376104192924686e-06, 2.491616669431096e-06, 4.603463821695186e-06, 3.27898419527628e-06, 3.8663520172121935e-06, 4.230213107803138e-06, 3.230574975532363e-06, 2.7334303922543768e-06, 2.918400468843174e-06, 2.7988976398773957e-06, 5.193683136894833e-06, 5.577702722803224e-06, 3.7098966458870564e-06, 1.3083734984320472e-06, 4.31379066867521e-06, 9.90757871477399e-06, 1.9100552890449762e-06, 0.9999356269836426], "B1s1": [1.0262923524351208e-06, 9.175196851174405e-07, 9.081544476430281e-07, 0.9999966621398926, 5.182118343327602e-07], "TS1s1": [0.9999977350234985, 4.362757692888408e-07, 6.096485662965279e-07, 1.4878385456995602e-07, 2.8870655910395726e-07, 1.6240812783507863e-07, 3.325062323256134e-07, 3.982684120273916e-07], "K1": [8.290688811030122e-07, 1.5844053677938064e-06, 0.999997615814209], "T1s1": [2.7703297291736817e-06, 9.192208949571068e-07, 1.22773417388089e-06, 0.9999951124191284], "P4": [4.425407951202942e-07, 4.063229539497115e-07, 3.972441220412293e-07, 4.575257435135427e-07, 7.851269856473664e-07, 2.774618508283311e-07, 5.510383402906882e-07, 2.622037698074564e-07, 4.2854910020651005e-07, 4.931873718305724e-07, 3.357592675001797e-07, 4.485458759972971e-07, 0.9999946355819702], "EM1": [0.9999651908874512, 2.239415880467277e-05, 2.572624453023309e-06, 5.176430931896903e-06, 4.6862523959134705e-06], "TM1": [5.824826416755968e-07, 4.253259362485551e-07, 0.9999982118606567, 4.0250890265269845e-07, 2.8398551421560114e-07, 2.965000476251589e-07], "I1s2": [[0.9999923706054688, 2.7032740490540164e-06, 4.85107602798962e-06], [2.2953747702558758e-07, 2.3126386849980918e-07, 0.9999995231628418], [3.5289195920995553e-07, 2.6631178684510814e-07, 0.9999994039535522], [3.293748704891186e-07, 7.835318456272944e-07, 0.999998927116394], [3.002884909619752e-07, 4.866653284807398e-07, 0.9999991655349731], [4.801520958608307e-07, 5.290253284329083e-07, 0.9999990463256836], [6.56898635043035e-07, 5.925988375565794e-07, 0.9999988079071045], [2.5779303314266144e-07, 2.91011360786797e-07, 0.9999994039535522], [1.6675083713835193e-07, 2.1373305969518697e-07, 0.9999996423721313], [2.423423381969769e-07, 1.755462619712489e-07, 0.9999995231628418], [3.0167439035722055e-07, 3.373303059106547e-07, 0.9999994039535522], [0.999991774559021, 1.9691856323333923e-06, 6.167197625472909e-06], [2.566907824075315e-07, 3.969786632751493e-07, 0.9999994039535522], [5.884639904252253e-07, 5.585834514931776e-07, 0.9999988079071045], [2.405279815320682e-07, 2.4251528429886093e-07, 0.9999995231628418], [1.3363904827201623e-07, 1.348637965747912e-07, 0.9999997615814209], [3.3726854553606245e-07, 3.6258174418435374e-07, 0.9999992847442627], [3.1350606377600343e-07, 2.0493767749485414e-07, 0.9999995231628418], [4.641904922664253e-07, 6.805294106015936e-07, 0.9999988079071045], [1.5573554890124797e-07, 3.2717576914365054e-07, 0.9999995231628418], [2.1580943609933456e-07, 4.895654228675994e-07, 0.9999992847442627], [7.582332273159409e-07, 3.2793559512356296e-07, 0.999998927116394], [2.9888653330090165e-07, 5.419221906777238e-07, 0.9999991655349731], [1.380563361408349e-07, 1.0077989287538003e-07, 0.9999997615814209], [1.9284266272734385e-06, 1.745726763147104e-07, 0.9999978542327881], [2.7215961040383263e-07, 2.5797504576985375e-07, 0.9999995231628418], [3.675610003028851e-07, 4.1257081306866894e-07, 0.9999991655349731], [0.9999926090240479, 2.560805796747445e-06, 4.8486122068425175e-06]], "S4": [[6.333168585115345e-06, 1.7332670267933281e-06, 0.9999918937683105], [5.663338811245922e-07, 5.460156558001472e-07, 0.999998927116394], [4.4741602778231027e-07, 6.924410058672947e-07, 0.9999988079071045], [4.696998701092525e-07, 6.532565635097853e-07, 0.999998927116394], [8.574874641453789e-07, 1.0280374453941477e-06, 0.9999980926513672], [5.310723167895048e-07, 9.860366390057607e-07, 0.9999984502792358], [6.103210807850701e-07, 5.749956244471832e-07, 0.9999988079071045], [5.210898166296829e-07, 5.152370476935175e-07, 0.999998927116394], [6.087811357247119e-07, 7.612057402184291e-07, 0.9999986886978149], [5.130354452376196e-07, 6.872759286125074e-07, 0.9999988079071045], [5.008784569326963e-07, 1.009835727927566e-06, 0.9999984502792358], [1.170634277514182e-06, 8.444300192422816e-07, 0.9999979734420776], [6.83144094182353e-07, 1.3355759165278869e-06, 0.9999979734420776], [5.037508685745706e-07, 9.166503787128022e-07, 0.9999985694885254], [3.8921359646337805e-07, 8.868092891134438e-07, 0.9999986886978149], [8.266845270554768e-07, 5.543722636502935e-07, 0.9999985694885254], [5.06654316723143e-07, 5.912604024160828e-07, 0.999998927116394], [2.1756760304469935e-07, 5.286966029416362e-07, 0.9999992847442627], [7.808674240550317e-07, 1.00798331459373e-06, 0.9999982118606567], [5.416016506387678e-07, 8.202943604374013e-07, 0.9999986886978149], [6.652882120761205e-07, 1.3500234672392253e-06, 0.9999979734420776], [7.572280651402252e-07, 1.2436311180863413e-06, 0.9999979734420776]]}, "infer_command_tokens": ["I1s2_0_0", "I1s2_1_2", "I1s2_2_2", "I1s2_3_2", "I1s2_4_2", "I1s2_5_2", "I1s2_6_2", "I1s2_7_2", "I1s2_8_2", "I1s2_9_2", "I1s2_10_2", "I1s2_11_0", "I1s2_12_2", "I1s2_13_2", "I1s2_14_2", "I1s2_15_2", "I1s2_16_2", "I1s2_17_2", "I1s2_18_2", "I1s2_19_2", "I1s2_20_2", "I1s2_21_2", "I1s2_22_2", "I1s2_23_2", "I1s2_24_2", "I1s2_25_2", "I1s2_26_2", "I1s2_27_0", "I4_28", "C1_4", "R1_2", "R3_2", "S2s1_17", "S4_0_2", "S4_1_2", "S4_2_2", "S4_3_2", "S4_4_2", "S4_5_2", "S4_6_2", "S4_7_2", "S4_8_2", "S4_9_2", "S4_10_2", "S4_11_2", "S4_12_2", "S4_13_2", "S4_14_2", "S4_15_2", "S4_16_2", "S4_17_2", "S4_18_2", "S4_19_2", "S4_20_2", "S4_21_2", "B1s1_3", "TS1s1_0", "K1_2", "T1s1_3", "P4_12", "ST1_14", "EM1_0", "TM1_2"]}