{"text": "The compact pitch range of 3 octaves results in a focused and impactful musical performance, enhanced by the unique flavor added by the minor key. Lasting for 16 ~ 30 seconds, this song captivates with its tranquil and peaceful rhythm. The vital use of grand piano and guitar further enhances the music, which is in 4/4 and played at a swift pace, ultimately characterized by sorrow.", "pred_labels": {"R1": [0, 0, 1], "R3": [1, 0, 0, 0], "S2s1": [0, 0, 0, 0, 0, 0, 0, 0, 0, 0, 0, 0, 0, 0, 0, 0, 0, 1], "B1s1": [0, 0, 0, 0, 1], "TS1s1": [1, 0, 0, 0, 0, 0, 0, 0], "K1": [0, 1, 0], "T1s1": [0, 0, 1, 0], "P4": [0, 0, 0, 1, 0, 0, 0, 0, 0, 0, 0, 0, 0], "EM1": [0, 0, 1, 0, 0], "TM1": [0, 1, 0, 0, 0, 0], "I1s2": [[1, 0, 0], [0, 0, 1], [0, 0, 1], [0, 0, 1], [1, 0, 0], [0, 0, 1], [0, 0, 1], [0, 0, 1], [0, 0, 1], [0, 0, 1], [0, 0, 1], [0, 0, 1], [0, 0, 1], [0, 0, 1], [0, 0, 1], [0, 0, 1], [0, 0, 1], [0, 0, 1], [0, 0, 1], [0, 0, 1], [0, 0, 1], [0, 0, 1], [0, 0, 1], [0, 0, 1], [0, 0, 1], [0, 0, 1], [0, 0, 1], [0, 0, 1]], "S4": [[0, 0, 1], [0, 0, 1], [0, 0, 1], [0, 0, 1], [0, 0, 1], [0, 0, 1], [0, 0, 1], [0, 0, 1], [0, 0, 1], [0, 0, 1], [0, 0, 1], [0, 0, 1], [0, 0, 1], [0, 0, 1], [0, 0, 1], [0, 0, 1], [0, 0, 1], [0, 0, 1], [0, 0, 1], [0, 0, 1], [0, 0, 1], [0, 0, 1]]}, "pred_probs": {"R1": [4.360541424830444e-06, 3.97932080886676e-06, 0.9999916553497314], "R3": [0.9999986886978149, 5.496271455740498e-07, 5.165254037819977e-07, 2.7880111019840115e-07], "S2s1": [2.3605798560311086e-06, 2.6609952783474e-06, 4.2823244257306214e-06, 3.153736088279402e-06, 3.591317863538279e-06, 4.0261802496388555e-06, 3.3073097256419715e-06, 3.069930926358211e-06, 2.665905185494921e-06, 3.011282387888059e-06, 5.159418378752889e-06, 5.202399279369274e-06, 3.7881734442635207e-06, 1.3369916587180342e-06, 4.264238214091165e-06, 9.243278327630833e-06, 1.9653327854030067e-06, 0.9999368190765381], "B1s1": [6.1171886045485735e-06, 5.4009897212381475e-06, 9.973525266104843e-06, 2.4130201836669585e-06, 0.9999760389328003], "TS1s1": [0.9999971389770508, 4.5640598500540364e-07, 1.0047298246718128e-06, 1.3864892878245882e-07, 3.339828538173606e-07, 1.5921409612928983e-07, 3.689471270718059e-07, 4.3543212768781814e-07], "K1": [3.6691523064291687e-07, 0.9999992847442627, 3.835715745026391e-07], "T1s1": [1.6790817198852892e-06, 8.776050890446641e-07, 0.9999967813491821, 6.74619968776824e-07], "P4": [2.292852769869569e-07, 1.1809237321358523e-07, 6.945531083601963e-08, 0.9999978542327881, 2.1765134761153604e-07, 1.459872862596967e-07, 2.4662844566591957e-07, 1.6557899584768165e-07, 1.7624311965391826e-07, 9.329580308303775e-08, 1.4604771081394574e-07, 2.678360147001513e-07, 3.779683765969821e-07], "EM1": [2.730930646066554e-06, 1.4308978961707908e-06, 0.999990701675415, 2.7964504170086e-06, 2.3720742774457904e-06], "TM1": [2.2422327106141893e-07, 0.9999986886978149, 3.081409545302449e-07, 2.1077713086015137e-07, 2.1572083142018528e-07, 2.240073939674403e-07], "I1s2": [[0.9999936819076538, 2.6880895802605664e-06, 3.5169268812751397e-06], [2.5321514840470627e-07, 2.3745838007016573e-07, 0.9999995231628418], [3.340381056204933e-07, 2.875647453493002e-07, 0.9999994039535522], [2.6027407784567913e-07, 8.595014264756173e-07, 0.999998927116394], [0.9999936819076538, 2.913428033934906e-06, 3.4882937143265735e-06], [4.0327114447791246e-07, 5.463475076794566e-07, 0.9999990463256836], [3.1578466064274835e-07, 5.161705871614686e-07, 0.9999991655349731], [2.608974796203256e-07, 2.9773158871648775e-07, 0.9999994039535522], [1.8597516771023948e-07, 4.67648987978464e-07, 0.9999994039535522], [1.8538342771989846e-07, 1.3568995882451418e-07, 0.9999996423721313], [2.640524030539382e-07, 3.302660900317278e-07, 0.9999994039535522], [3.9775844129508187e-07, 4.0186836258726544e-07, 0.9999991655349731], [2.4050154934229795e-07, 4.741475265745976e-07, 0.9999992847442627], [8.206391157727921e-07, 1.8189717820860096e-06, 0.9999973773956299], [2.535684302529262e-07, 2.5236559508812206e-07, 0.9999995231628418], [1.3462555159549083e-07, 1.2757827505538444e-07, 0.9999997615814209], [2.8103994509365293e-07, 3.8556009940293734e-07, 0.9999992847442627], [3.1682395729148993e-07, 2.0384902654768666e-07, 0.9999995231628418], [5.032583203501417e-07, 6.76851755088137e-07, 0.9999988079071045], [1.6512053946371452e-07, 3.906694132638222e-07, 0.9999994039535522], [2.3114235148113949e-07, 3.904991956460435e-07, 0.9999994039535522], [6.443258939725638e-07, 3.5826894873025594e-07, 0.9999990463256836], [2.326711410205462e-07, 8.515457352586964e-07, 0.999998927116394], [1.3697035683435388e-07, 1.3868830706087465e-07, 0.9999997615814209], [1.3000266108065262e-06, 1.694803302143555e-07, 0.9999985694885254], [2.1134330552285974e-07, 2.554926368247834e-07, 0.9999995231628418], [3.6198778730067716e-07, 4.3493125190252613e-07, 0.9999991655349731], [1.7667809970589587e-07, 3.489926143629418e-07, 0.9999995231628418]], "S4": [[4.803300271305488e-06, 1.8837999959941953e-06, 0.9999933242797852], [5.616528255814046e-07, 6.368362051034637e-07, 0.9999988079071045], [4.3395704096838017e-07, 7.538019417552277e-07, 0.9999988079071045], [4.477370509903267e-07, 6.234868124010973e-07, 0.999998927116394], [8.025261877264711e-07, 1.0203448255197145e-06, 0.9999982118606567], [5.847011834703153e-07, 1.0134730246136314e-06, 0.9999984502792358], [6.059268002900353e-07, 6.403190013770654e-07, 0.9999988079071045], [5.56407428575767e-07, 5.095218966744142e-07, 0.999998927116394], [6.373634846568166e-07, 7.323747581722273e-07, 0.9999986886978149], [4.877654191659531e-07, 6.887049721626681e-07, 0.9999988079071045], [5.130274303155602e-07, 1.04095192909881e-06, 0.9999984502792358], [9.760693728821934e-07, 8.860191655912786e-07, 0.9999980926513672], [7.313824426091742e-07, 1.2775245750162867e-06, 0.9999979734420776], [5.215400733504794e-07, 9.294451501773437e-07, 0.9999985694885254], [4.090497611741739e-07, 8.279305347969057e-07, 0.9999988079071045], [7.923346174720791e-07, 4.85676594053075e-07, 0.9999986886978149], [4.675458171732316e-07, 5.362321076063381e-07, 0.9999990463256836], [2.229480884352597e-07, 5.054634470980091e-07, 0.9999992847442627], [7.738145200164581e-07, 1.0397629921499174e-06, 0.9999982118606567], [5.385586518968921e-07, 7.587307209178107e-07, 0.9999986886978149], [5.453664471133379e-07, 1.006779825729609e-06, 0.9999984502792358], [7.241111461553373e-07, 1.1794445526902564e-06, 0.9999980926513672]]}, "infer_command_tokens": ["I1s2_0_0", "I1s2_1_2", "I1s2_2_2", "I1s2_3_2", "I1s2_4_0", "I1s2_5_2", "I1s2_6_2", "I1s2_7_2", "I1s2_8_2", "I1s2_9_2", "I1s2_10_2", "I1s2_11_2", "I1s2_12_2", "I1s2_13_2", "I1s2_14_2", "I1s2_15_2", "I1s2_16_2", "I1s2_17_2", "I1s2_18_2", "I1s2_19_2", "I1s2_20_2", "I1s2_21_2", "I1s2_22_2", "I1s2_23_2", "I1s2_24_2", "I1s2_25_2", "I1s2_26_2", "I1s2_27_2", "I4_28", "C1_4", "R1_2", "R3_0", "S2s1_17", "S4_0_2", "S4_1_2", "S4_2_2", "S4_3_2", "S4_4_2", "S4_5_2", "S4_6_2", "S4_7_2", "S4_8_2", "S4_9_2", "S4_10_2", "S4_11_2", "S4_12_2", "S4_13_2", "S4_14_2", "S4_15_2", "S4_16_2", "S4_17_2", "S4_18_2", "S4_19_2", "S4_20_2", "S4_21_2", "B1s1_4", "TS1s1_0", "K1_1", "T1s1_2", "P4_3", "ST1_14", "EM1_2", "TM1_1"]}