{"text": "The musical piece showcases a pitch range within 4 octaves, while major key adds a unique flavor to this music. It plays for 16 ~ 30 seconds with a steady and moderate rhythm, bringing the music to life through the use of bass, strings, voice, horn, oboe, bassoon, clarinet and flute. The meter of the music is 2/4, and it is played at a fast tempo, making it a true representation of the symphony genre.", "pred_labels": {"R1": [0, 0, 1], "R3": [0, 1, 0, 0], "S2s1": [0, 0, 0, 0, 0, 0, 0, 0, 0, 0, 0, 0, 0, 0, 0, 0, 0, 1], "B1s1": [0, 0, 0, 0, 1], "TS1s1": [0, 1, 0, 0, 0, 0, 0, 0], "K1": [1, 0, 0], "T1s1": [0, 0, 1, 0], "P4": [0, 0, 0, 0, 1, 0, 0, 0, 0, 0, 0, 0, 0], "EM1": [0, 0, 0, 0, 1], "TM1": [0, 1, 0, 0, 0, 0], "I1s2": [[0, 0, 1], [0, 0, 1], [0, 0, 1], [0, 0, 1], [0, 0, 1], [1, 0, 0], [0, 0, 1], [0, 0, 1], [0, 0, 1], [0, 0, 1], [1, 0, 0], [1, 0, 0], [0, 0, 1], [0, 0, 1], [0, 0, 1], [1, 0, 0], [0, 0, 1], [0, 0, 1], [1, 0, 0], [1, 0, 0], [1, 0, 0], [0, 0, 1], [1, 0, 0], [0, 0, 1], [0, 0, 1], [0, 0, 1], [0, 0, 1], [0, 0, 1]], "S4": [[0, 0, 1], [0, 0, 1], [0, 0, 1], [0, 0, 1], [0, 0, 1], [0, 0, 1], [0, 0, 1], [0, 0, 1], [0, 0, 1], [0, 0, 1], [0, 0, 1], [0, 0, 1], [0, 0, 1], [0, 0, 1], [0, 0, 1], [0, 0, 1], [0, 0, 1], [0, 0, 1], [0, 0, 1], [0, 0, 1], [0, 0, 1], [1, 0, 0]]}, "pred_probs": {"R1": [4.201855063001858e-06, 3.95966299038264e-06, 0.9999918937683105], "R3": [5.362579713619198e-07, 0.999997615814209, 8.794272616796661e-07, 1.0578640967651154e-06], "S2s1": [2.557659627200337e-06, 3.0293813324533403e-06, 4.915501904179109e-06, 3.17419835482724e-06, 3.5103221307508647e-06, 4.202162926958408e-06, 3.458319497440243e-06, 3.2801185625430662e-06, 3.3696005630190484e-06, 2.8188051146571524e-06, 5.742459961766144e-06, 4.251214249961777e-06, 3.8474227039841935e-06, 1.2912373676954303e-06, 4.51460027761641e-06, 9.964895980374422e-06, 1.6593198779446539e-06, 0.9999344348907471], "B1s1": [8.526820238330401e-06, 5.72835551793105e-06, 8.558862646168564e-06, 2.38362667914771e-06, 0.9999748468399048], "TS1s1": [2.7928879831051745e-07, 0.9999972581863403, 5.519059413927607e-07, 2.2395433063593373e-07, 5.23577625699545e-07, 4.944974989484763e-07, 3.62978170187489e-07, 4.1513067117193714e-07], "K1": [0.9999996423721313, 1.2376693803162198e-07, 2.3804065563126642e-07], "T1s1": [2.159227278752951e-06, 9.337919095742109e-07, 0.9999961853027344, 7.409493605337047e-07], "P4": [2.2432521973314579e-07, 8.747333168912519e-08, 8.112752425404324e-08, 6.952439690621759e-08, 0.9999983310699463, 8.485648095302167e-08, 1.1953439127410093e-07, 1.6275741643312358e-07, 1.1709511937851858e-07, 2.136131485031001e-07, 1.6109764544580685e-07, 1.0631618607703786e-07, 2.282588837942967e-07], "EM1": [2.2981155325396685e-06, 2.4353953449463006e-06, 3.877291874232469e-06, 1.2125489774916787e-05, 0.9999792575836182], "TM1": [2.156428990929271e-07, 0.9999988079071045, 3.5221322036704805e-07, 2.1382992088092578e-07, 1.7810937436024687e-07, 2.108282046719978e-07], "I1s2": [[3.0185623245415627e-07, 3.8138847457958036e-07, 0.9999992847442627], [1.8041156124581903e-07, 2.9705321935580287e-07, 0.9999995231628418], [3.3193393278452277e-07, 3.849847018955188e-07, 0.9999992847442627], [4.2141937228734605e-07, 2.816925189108588e-06, 0.9999967813491821], [4.989133799426781e-07, 1.95657253243553e-06, 0.9999974966049194], [0.9999921321868896, 3.701602963701589e-06, 4.157547664362937e-06], [4.0164067627301847e-07, 6.324747801045305e-07, 0.999998927116394], [2.7742743213821086e-07, 3.574189975097397e-07, 0.9999994039535522], [2.0264982936168963e-07, 1.0274461601511575e-06, 0.9999988079071045], [1.8947402224966936e-07, 2.2785070541431196e-07, 0.9999995231628418], [0.9999922513961792, 3.864510290441103e-06, 3.9390401980199385e-06], [0.9999935626983643, 2.0070629034307785e-06, 4.4088760660088155e-06], [3.288777463694714e-07, 1.427977849743911e-06, 0.9999982118606567], [8.009057523850061e-07, 2.2480001007352257e-06, 0.9999969005584717], [1.9249452520853083e-07, 3.05775586184609e-07, 0.9999995231628418], [0.9999911785125732, 3.6812020880461205e-06, 5.144035640114453e-06], [6.041809683665633e-07, 1.1624998705883627e-06, 0.9999982118606567], [2.4741498805269657e-07, 3.73750452808963e-07, 0.9999994039535522], [0.9999958276748657, 2.4767248305579415e-06, 1.6611016917522647e-06], [0.9999916553497314, 3.9141391425800975e-06, 4.369591351860436e-06], [0.9999936819076538, 2.4431769816146698e-06, 3.930276307073655e-06], [7.068576337587729e-07, 3.26939129990933e-07, 0.999998927116394], [0.9999947547912598, 2.8684703465842176e-06, 2.42424766838667e-06], [1.7421008635665203e-07, 1.7906786808907782e-07, 0.9999996423721313], [1.6295114164677216e-06, 2.1006545125601406e-07, 0.9999982118606567], [2.2871388694056805e-07, 3.7822752574356855e-07, 0.9999994039535522], [4.7054030005710956e-07, 1.0216136843155255e-06, 0.9999984502792358], [1.6784385081791697e-07, 4.4937010557077883e-07, 0.9999994039535522]], "S4": [[7.029060270724585e-06, 2.4815772121655755e-06, 0.9999904632568359], [5.612817517430813e-07, 6.282402296164946e-07, 0.9999988079071045], [4.276698746252805e-07, 7.022496788522403e-07, 0.999998927116394], [5.224551387073006e-07, 6.313038625194167e-07, 0.9999988079071045], [7.387467348962673e-07, 9.575550166118774e-07, 0.9999983310699463], [6.050302658877627e-07, 1.2322506108830567e-06, 0.9999982118606567], [7.302865014935378e-07, 7.086000550771132e-07, 0.9999985694885254], [5.987488407299679e-07, 4.887871227765572e-07, 0.999998927116394], [6.189592340888339e-07, 7.250499720612424e-07, 0.9999986886978149], [5.338511641639343e-07, 5.609473419099231e-07, 0.999998927116394], [4.596574001425324e-07, 9.790718422664213e-07, 0.9999985694885254], [1.217816247844894e-06, 7.883588750701165e-07, 0.9999979734420776], [6.739962827850832e-07, 1.4160068531055003e-06, 0.9999978542327881], [5.208422635405441e-07, 8.341009447576653e-07, 0.9999986886978149], [4.4118152686678513e-07, 8.513360398865188e-07, 0.9999986886978149], [1.324164031757391e-06, 8.043548405112233e-07, 0.9999978542327881], [5.767458333139075e-07, 7.745591119601158e-07, 0.9999986886978149], [2.1606231825899158e-07, 5.487590897246264e-07, 0.9999992847442627], [8.163512461578648e-07, 1.039657831825025e-06, 0.9999980926513672], [5.217769398768723e-07, 8.372936690648203e-07, 0.9999986886978149], [5.051391553934081e-07, 1.1350963404765935e-06, 0.9999983310699463], [0.9999902248382568, 7.349675342993578e-06, 2.4261864837171743e-06]]}, "infer_command_tokens": ["I1s2_0_2", "I1s2_1_2", "I1s2_2_2", "I1s2_3_2", "I1s2_4_2", "I1s2_5_0", "I1s2_6_2", "I1s2_7_2", "I1s2_8_2", "I1s2_9_2", "I1s2_10_0", "I1s2_11_0", "I1s2_12_2", "I1s2_13_2", "I1s2_14_2", "I1s2_15_0", "I1s2_16_2", "I1s2_17_2", "I1s2_18_0", "I1s2_19_0", "I1s2_20_0", "I1s2_21_2", "I1s2_22_0", "I1s2_23_2", "I1s2_24_2", "I1s2_25_2", "I1s2_26_2", "I1s2_27_2", "I4_28", "C1_4", "R1_2", "R3_1", "S2s1_17", "S4_0_2", "S4_1_2", "S4_2_2", "S4_3_2", "S4_4_2", "S4_5_2", "S4_6_2", "S4_7_2", "S4_8_2", "S4_9_2", "S4_10_2", "S4_11_2", "S4_12_2", "S4_13_2", "S4_14_2", "S4_15_2", "S4_16_2", "S4_17_2", "S4_18_2", "S4_19_2", "S4_20_2", "S4_21_0", "B1s1_4", "TS1s1_1", "K1_0", "T1s1_2", "P4_4", "ST1_14", "EM1_4", "TM1_1"]}