{"text": "This music is composed in the major key.", "pred_labels": {"R1": [0, 0, 1], "R3": [0, 0, 0, 1], "S2s1": [0, 0, 0, 0, 0, 0, 0, 0, 0, 0, 0, 0, 0, 0, 0, 0, 0, 1], "B1s1": [0, 0, 0, 0, 1], "TS1s1": [0, 0, 0, 0, 0, 0, 0, 1], "K1": [1, 0, 0], "T1s1": [0, 0, 0, 1], "P4": [0, 0, 0, 0, 0, 0, 0, 0, 0, 0, 0, 0, 1], "EM1": [0, 0, 0, 0, 1], "TM1": [0, 0, 0, 0, 0, 1], "I1s2": [[0, 0, 1], [0, 0, 1], [0, 0, 1], [0, 0, 1], [0, 0, 1], [0, 0, 1], [0, 0, 1], [0, 0, 1], [0, 0, 1], [0, 0, 1], [0, 0, 1], [0, 0, 1], [0, 0, 1], [0, 0, 1], [0, 0, 1], [0, 0, 1], [0, 0, 1], [0, 0, 1], [0, 0, 1], [0, 0, 1], [0, 0, 1], [0, 0, 1], [0, 0, 1], [0, 0, 1], [0, 0, 1], [0, 0, 1], [0, 0, 1], [0, 0, 1]], "S4": [[0, 0, 1], [0, 0, 1], [0, 0, 1], [0, 0, 1], [0, 0, 1], [0, 0, 1], [0, 0, 1], [0, 0, 1], [0, 0, 1], [0, 0, 1], [0, 0, 1], [0, 0, 1], [0, 0, 1], [0, 0, 1], [0, 0, 1], [0, 0, 1], [0, 0, 1], [0, 0, 1], [0, 0, 1], [0, 0, 1], [0, 0, 1], [0, 0, 1]]}, "pred_probs": {"R1": [4.764675850310596e-06, 4.719069693237543e-06, 0.9999904632568359], "R3": [0.00012748962035402656, 0.001614141627214849, 0.0002711803826969117, 0.9979871511459351], "S2s1": [4.0815575630404055e-06, 3.929443209926831e-06, 9.569526810082607e-06, 4.726150109490845e-06, 7.066134003252955e-06, 8.136227734212298e-06, 4.912272288493114e-06, 5.357937425287673e-06, 3.3339019864797592e-06, 5.655311724694911e-06, 6.694516741845291e-06, 8.434832125203684e-06, 6.27146346232621e-06, 1.8681904521145043e-06, 8.087004971457645e-06, 1.262599562323885e-05, 3.3457342851761496e-06, 0.9998960494995117], "B1s1": [1.292338129132986e-05, 8.56299084261991e-06, 1.645343581913039e-05, 3.744780769920908e-06, 0.9999582767486572], "TS1s1": [1.0692644991650013e-06, 2.2488382001029095e-06, 1.8357947055847035e-06, 2.5545668904669583e-06, 1.0020337413152447e-06, 2.3494417291658465e-06, 5.040185715188272e-05, 0.9999384880065918], "K1": [0.9999995231628418, 1.7198975399423944e-07, 3.3905263308042777e-07], "T1s1": [2.8253052732907236e-06, 5.877002877241466e-06, 4.1838256947812624e-06, 0.9999871253967285], "P4": [7.261826340254629e-07, 6.638751983700786e-07, 5.85738177960593e-07, 5.711015660381236e-07, 1.1099903076683404e-06, 3.0094452085904777e-07, 8.647457434562966e-07, 5.468721724355419e-07, 6.714234359606053e-07, 1.036002004184411e-06, 5.008727725908102e-07, 6.04734452736011e-07, 0.999991774559021], "EM1": [3.5214466151956003e-06, 3.2552125048823655e-06, 5.428975327959051e-06, 1.0645831025613006e-05, 0.9999771118164062], "TM1": [7.847933716220723e-07, 1.1584013464016607e-06, 8.79686638199928e-07, 1.0277058208885137e-06, 1.5528414110121957e-07, 0.9999959468841553], "I1s2": [[4.0634347442392027e-07, 2.892645625252044e-07, 0.9999992847442627], [4.536483970696281e-07, 2.8333116119938495e-07, 0.9999992847442627], [4.3261883320155903e-07, 2.830508378792729e-07, 0.9999992847442627], [6.193029093992664e-07, 6.679148896182596e-07, 0.9999986886978149], [4.2781763909260917e-07, 3.715090599598625e-07, 0.9999991655349731], [5.980182891107688e-07, 5.37522225840803e-07, 0.9999988079071045], [6.293363981058064e-07, 6.195026003297244e-07, 0.9999988079071045], [4.66424040723723e-07, 3.4426966522005387e-07, 0.9999991655349731], [3.3909205399140774e-07, 2.803311645038775e-07, 0.9999994039535522], [3.5248666563347797e-07, 1.5286205723441526e-07, 0.9999995231628418], [5.781361096524051e-07, 3.0645625770375773e-07, 0.9999991655349731], [6.015672511239245e-07, 2.6361303184785356e-07, 0.9999991655349731], [3.465968063665059e-07, 3.7480626247088367e-07, 0.9999992847442627], [8.263211270786996e-07, 6.138923822618381e-07, 0.9999985694885254], [4.4105382812631433e-07, 3.4005603311015875e-07, 0.9999991655349731], [2.3124536596696998e-07, 1.155288344989458e-07, 0.9999996423721313], [5.344920737115899e-07, 3.799975161200564e-07, 0.9999990463256836], [3.7262870478116383e-07, 1.6099708943784208e-07, 0.9999995231628418], [7.725862474217138e-07, 7.519141149714414e-07, 0.9999984502792358], [2.8857809297733183e-07, 7.630033564964833e-07, 0.999998927116394], [3.299097386388894e-07, 3.0683918339491356e-07, 0.9999994039535522], [9.464337722420169e-07, 3.8800394008831063e-07, 0.9999986886978149], [2.808021974942676e-07, 7.438031843776116e-07, 0.999998927116394], [1.973467789184724e-07, 1.2094692181108258e-07, 0.9999996423721313], [1.3351320831134217e-06, 1.9662461170355527e-07, 0.9999984502792358], [3.528024592469592e-07, 2.7418928993938607e-07, 0.9999994039535522], [7.100506422830222e-07, 3.7966205468364933e-07, 0.999998927116394], [2.7892869525203423e-07, 3.9005732332952903e-07, 0.9999992847442627]], "S4": [[4.780099970957963e-06, 1.9651736238301964e-06, 0.9999932050704956], [9.430904128748807e-07, 1.0492586852706154e-06, 0.9999979734420776], [6.033433237462305e-07, 1.0014097142629907e-06, 0.9999984502792358], [7.004445592428965e-07, 1.0831763574969955e-06, 0.9999982118606567], [1.2461308642741642e-06, 2.0659792880906025e-06, 0.9999966621398926], [9.162459377876075e-07, 2.1768425995105645e-06, 0.9999969005584717], [5.72481724248064e-07, 1.0776578847071505e-06, 0.9999983310699463], [8.97438553693064e-07, 8.360908054783067e-07, 0.9999982118606567], [8.416211585426936e-07, 9.866176924333558e-07, 0.9999982118606567], [1.0314611245121341e-06, 2.4992957605718402e-06, 0.9999964237213135], [7.272610105246713e-07, 1.8222275457446813e-06, 0.9999974966049194], [1.3789547210762976e-06, 1.771053803167888e-06, 0.9999969005584717], [1.2970549505553208e-06, 2.533458200559835e-06, 0.9999961853027344], [7.221989335448598e-07, 1.9192502804799005e-06, 0.9999973773956299], [7.779220254633401e-07, 1.6916131926336675e-06, 0.9999974966049194], [9.714448196973535e-07, 7.946846949380415e-07, 0.9999982118606567], [6.86430325913534e-07, 1.3150153108654195e-06, 0.9999979734420776], [3.604399125833879e-07, 8.314754040839034e-07, 0.9999988079071045], [1.908161266328534e-06, 1.6650773204673897e-06, 0.9999964237213135], [5.736620778407087e-07, 1.3226169812696753e-06, 0.9999980926513672], [7.648856694686401e-07, 1.6119428210004116e-06, 0.999997615814209], [8.357160936611763e-07, 1.951406375155784e-06, 0.9999972581863403]]}, "infer_command_tokens": ["I1s2_0_2", "I1s2_1_2", "I1s2_2_2", "I1s2_3_2", "I1s2_4_2", "I1s2_5_2", "I1s2_6_2", "I1s2_7_2", "I1s2_8_2", "I1s2_9_2", "I1s2_10_2", "I1s2_11_2", "I1s2_12_2", "I1s2_13_2", "I1s2_14_2", "I1s2_15_2", "I1s2_16_2", "I1s2_17_2", "I1s2_18_2", "I1s2_19_2", "I1s2_20_2", "I1s2_21_2", "I1s2_22_2", "I1s2_23_2", "I1s2_24_2", "I1s2_25_2", "I1s2_26_2", "I1s2_27_2", "I4_28", "C1_4", "R1_2", "R3_3", "S2s1_17", "S4_0_2", "S4_1_2", "S4_2_2", "S4_3_2", "S4_4_2", "S4_5_2", "S4_6_2", "S4_7_2", "S4_8_2", "S4_9_2", "S4_10_2", "S4_11_2", "S4_12_2", "S4_13_2", "S4_14_2", "S4_15_2", "S4_16_2", "S4_17_2", "S4_18_2", "S4_19_2", "S4_20_2", "S4_21_2", "B1s1_4", "TS1s1_7", "K1_0", "T1s1_3", "P4_12", "ST1_14", "EM1_4", "TM1_5"]}