{"text": "This music offers a unique and memorable listening experience with its pitch range of 5 octaves. The addition of major key adds a unique flavor to the music. The track is about 50 seconds in length and has a moderate and consistent rhythm. grand piano, bass, strings, trombone, oboe and drum play an important role in the music, which also employs a non-standard time signature of . This speedy piece is a prime representation of the country and pop style, making it a must-listen for fans of the genre.", "pred_labels": {"R1": [0, 0, 1], "R3": [0, 1, 0, 0], "S2s1": [0, 0, 0, 0, 0, 0, 0, 0, 0, 0, 0, 0, 0, 0, 0, 0, 0, 1], "B1s1": [0, 0, 0, 0, 1], "TS1s1": [0, 0, 0, 0, 0, 0, 1, 0], "K1": [1, 0, 0], "T1s1": [0, 0, 1, 0], "P4": [0, 0, 0, 0, 0, 1, 0, 0, 0, 0, 0, 0, 0], "EM1": [0, 0, 0, 0, 1], "TM1": [0, 0, 0, 1, 0, 0], "I1s2": [[1, 0, 0], [0, 0, 1], [0, 0, 1], [0, 0, 1], [0, 0, 1], [1, 0, 0], [0, 0, 1], [0, 0, 1], [0, 0, 1], [0, 0, 1], [1, 0, 0], [0, 0, 1], [0, 0, 1], [1, 0, 0], [0, 0, 1], [0, 0, 1], [0, 0, 1], [0, 0, 1], [1, 0, 0], [0, 0, 1], [0, 0, 1], [0, 0, 1], [0, 0, 1], [0, 0, 1], [0, 0, 1], [0, 0, 1], [0, 0, 1], [1, 0, 0]], "S4": [[0, 0, 1], [0, 0, 1], [0, 0, 1], [0, 0, 1], [0, 0, 1], [0, 0, 1], [0, 0, 1], [0, 0, 1], [0, 0, 1], [0, 0, 1], [0, 0, 1], [0, 0, 1], [0, 0, 1], [1, 0, 0], [0, 0, 1], [0, 0, 1], [0, 0, 1], [0, 0, 1], [0, 0, 1], [0, 0, 1], [1, 0, 0], [0, 0, 1]]}, "pred_probs": {"R1": [4.175075446255505e-06, 4.179202733212151e-06, 0.9999916553497314], "R3": [6.300489303612267e-07, 0.9999974966049194, 1.0076270200443105e-06, 9.522804589323641e-07], "S2s1": [2.6424345378472935e-06, 3.035732106582145e-06, 4.643839474738343e-06, 3.206127303201356e-06, 3.62665559805464e-06, 4.124219231016468e-06, 3.2088926218420966e-06, 3.4188435620308155e-06, 3.2085042676044395e-06, 2.95180689136032e-06, 4.942054147250019e-06, 4.564632945402991e-06, 3.896663656632882e-06, 1.2975018535144045e-06, 4.383669420349179e-06, 9.991158549382817e-06, 1.7421108395865303e-06, 0.9999352693557739], "B1s1": [7.349026418523863e-06, 5.099423106003087e-06, 8.929407158575486e-06, 2.3891559521871386e-06, 0.9999762773513794], "TS1s1": [1.2171341268185643e-06, 1.7521716699775425e-06, 1.6357164440705674e-06, 1.8655542817214155e-06, 1.921076318467385e-06, 1.8780391428663279e-06, 0.9999784231185913, 1.1333901966281701e-05], "K1": [0.9999996423721313, 1.1687347978295293e-07, 2.542197989896522e-07], "T1s1": [2.278512965858681e-06, 9.367484494759992e-07, 0.9999959468841553, 8.213347086893918e-07], "P4": [1.0637459268991734e-07, 2.4687491873010003e-07, 2.2140513067370193e-07, 3.028270327831706e-07, 7.025300874374807e-08, 0.9999982118606567, 1.4998117592313065e-07, 1.305747332480678e-07, 7.642666588481006e-08, 1.0279762818754534e-07, 2.3619260502982797e-07, 9.203829876014424e-08, 1.007157450771956e-07], "EM1": [2.1185653622524114e-06, 2.142097628166084e-06, 3.83316501029185e-06, 6.006395324220648e-06, 0.999985933303833], "TM1": [3.648073914064298e-07, 3.5426529620963265e-07, 7.870099238971306e-07, 0.9999982118606567, 1.3420283551113243e-07, 1.182580859904192e-07], "I1s2": [[0.9999948740005493, 2.790321559587028e-06, 2.394193188592908e-06], [1.8796259837472462e-07, 2.8352204139991954e-07, 0.9999995231628418], [3.876790515278117e-07, 3.819064033905306e-07, 0.9999992847442627], [5.221060064286576e-07, 3.495161308819661e-06, 0.9999959468841553], [5.502929525391664e-07, 1.302249529544497e-06, 0.9999980926513672], [0.9999922513961792, 3.5502432638168102e-06, 4.197278940409888e-06], [3.840671070065582e-07, 6.187233907439804e-07, 0.9999990463256836], [2.393554439095169e-07, 3.668666295197909e-07, 0.9999994039535522], [2.0762223584824824e-07, 7.002661277510924e-07, 0.9999990463256836], [2.3198288090497954e-07, 2.7193311780138174e-07, 0.9999995231628418], [0.9999924898147583, 3.851989731629146e-06, 3.7531715406657895e-06], [4.645527553748252e-07, 7.293123189811013e-07, 0.9999988079071045], [3.8931875678827055e-07, 1.6775808262536884e-06, 0.9999979734420776], [0.9999946355819702, 2.407208285148954e-06, 2.9449074645526707e-06], [3.2328381394108874e-07, 4.470933561151469e-07, 0.9999992847442627], [1.9801240114247776e-07, 3.474994230145967e-07, 0.9999994039535522], [5.23130040619435e-07, 1.0328334383302717e-06, 0.9999984502792358], [2.7181252448826854e-07, 3.711858198585105e-07, 0.9999994039535522], [0.9999955892562866, 2.8607553304027533e-06, 1.5111810398593661e-06], [1.3990428726629034e-07, 4.630235252989223e-07, 0.9999994039535522], [2.2334535287882318e-07, 7.334262477343145e-07, 0.9999990463256836], [6.969747801122139e-07, 3.522307565617666e-07, 0.999998927116394], [2.0017048996123776e-07, 9.449439630770939e-07, 0.9999988079071045], [1.5254954632837325e-07, 1.6634596988751582e-07, 0.9999996423721313], [2.3478644379792968e-06, 2.3805556281786266e-07, 0.9999973773956299], [2.396342893007386e-07, 5.007843242310628e-07, 0.9999992847442627], [4.6281863319563854e-07, 1.2039558896503877e-06, 0.9999983310699463], [0.9999935626983643, 2.6518562208366347e-06, 3.851016572298249e-06]], "S4": [[5.893532488698838e-06, 2.136394186891266e-06, 0.9999920129776001], [5.453754852169368e-07, 5.989434725961473e-07, 0.9999988079071045], [4.665742778797721e-07, 6.499977303064952e-07, 0.999998927116394], [4.813486498278507e-07, 6.725932735207607e-07, 0.9999988079071045], [7.438800366799114e-07, 9.208488336298615e-07, 0.9999983310699463], [5.905872626499331e-07, 9.165812002720486e-07, 0.9999984502792358], [6.351161232487357e-07, 6.151859111014346e-07, 0.9999988079071045], [5.567313223764359e-07, 4.3492454437910055e-07, 0.9999990463256836], [6.102901011217909e-07, 7.860080586397089e-07, 0.9999985694885254], [4.879492507825489e-07, 6.37351490695437e-07, 0.999998927116394], [4.679925211803493e-07, 1.0433531087983283e-06, 0.9999984502792358], [1.068660594683024e-06, 8.074316042439023e-07, 0.9999980926513672], [6.561580221386976e-07, 1.3635942650580546e-06, 0.9999979734420776], [0.9999774694442749, 1.6622494513285346e-05, 5.947078079771018e-06], [4.534197444172605e-07, 8.508108635396638e-07, 0.9999986886978149], [9.938438552126172e-07, 7.604166967212223e-07, 0.9999982118606567], [7.398501224997744e-07, 9.591269645170541e-07, 0.9999983310699463], [2.094297428811842e-07, 6.005961949995253e-07, 0.9999991655349731], [7.186558264038467e-07, 9.60571469477145e-07, 0.9999983310699463], [4.801007094101806e-07, 7.367131615865219e-07, 0.9999988079071045], [0.9999841451644897, 9.783375389815774e-06, 6.131711415946484e-06], [8.048768336266221e-07, 1.076139710676216e-06, 0.9999980926513672]]}, "infer_command_tokens": ["I1s2_0_0", "I1s2_1_2", "I1s2_2_2", "I1s2_3_2", "I1s2_4_2", "I1s2_5_0", "I1s2_6_2", "I1s2_7_2", "I1s2_8_2", "I1s2_9_2", "I1s2_10_0", "I1s2_11_2", "I1s2_12_2", "I1s2_13_0", "I1s2_14_2", "I1s2_15_2", "I1s2_16_2", "I1s2_17_2", "I1s2_18_0", "I1s2_19_2", "I1s2_20_2", "I1s2_21_2", "I1s2_22_2", "I1s2_23_2", "I1s2_24_2", "I1s2_25_2", "I1s2_26_2", "I1s2_27_0", "I4_28", "C1_4", "R1_2", "R3_1", "S2s1_17", "S4_0_2", "S4_1_2", "S4_2_2", "S4_3_2", "S4_4_2", "S4_5_2", "S4_6_2", "S4_7_2", "S4_8_2", "S4_9_2", "S4_10_2", "S4_11_2", "S4_12_2", "S4_13_0", "S4_14_2", "S4_15_2", "S4_16_2", "S4_17_2", "S4_18_2", "S4_19_2", "S4_20_0", "S4_21_2", "B1s1_4", "TS1s1_6", "K1_0", "T1s1_2", "P4_5", "ST1_14", "EM1_4", "TM1_3"]}