{"text": "This song utilizes piano, guitar, bass, strings, voice, saxophone and drum in its musical performance, and its pitch range is within 4 octaves. It also has a consistent and moderate beat, but its time signature is atypical, featuring  instead. The song's structure follows 13 ~ 16 bars. This song has a duration of 46 ~ 60 seconds.", "pred_labels": {"R1": [0, 0, 1], "R3": [0, 1, 0, 0], "S2s1": [0, 0, 0, 0, 0, 0, 0, 0, 0, 0, 0, 0, 0, 0, 0, 0, 0, 1], "B1s1": [0, 0, 0, 1, 0], "TS1s1": [0, 0, 0, 0, 0, 0, 1, 0], "K1": [0, 0, 1], "T1s1": [0, 0, 0, 1], "P4": [0, 0, 0, 0, 1, 0, 0, 0, 0, 0, 0, 0, 0], "EM1": [0, 0, 0, 0, 1], "TM1": [0, 0, 0, 1, 0, 0], "I1s2": [[1, 0, 0], [0, 0, 1], [0, 0, 1], [0, 0, 1], [1, 0, 0], [1, 0, 0], [0, 0, 1], [0, 0, 1], [0, 0, 1], [0, 0, 1], [1, 0, 0], [1, 0, 0], [0, 0, 1], [0, 0, 1], [0, 0, 1], [0, 0, 1], [0, 0, 1], [1, 0, 0], [0, 0, 1], [0, 0, 1], [0, 0, 1], [0, 0, 1], [0, 0, 1], [0, 0, 1], [0, 0, 1], [0, 0, 1], [0, 0, 1], [1, 0, 0]], "S4": [[0, 0, 1], [0, 0, 1], [0, 0, 1], [0, 0, 1], [0, 0, 1], [0, 0, 1], [0, 0, 1], [0, 0, 1], [0, 0, 1], [0, 0, 1], [0, 0, 1], [0, 0, 1], [0, 0, 1], [0, 0, 1], [0, 0, 1], [0, 0, 1], [0, 0, 1], [0, 0, 1], [0, 0, 1], [0, 0, 1], [0, 0, 1], [0, 0, 1]]}, "pred_probs": {"R1": [4.25665348302573e-06, 4.37433891420369e-06, 0.9999914169311523], "R3": [5.598007533080818e-07, 0.9999974966049194, 1.2212885849294253e-06, 7.700161290813412e-07], "S2s1": [2.6856914701056667e-06, 2.914262040576432e-06, 5.561666512221564e-06, 3.383741386642214e-06, 4.265847564965952e-06, 4.431107754498953e-06, 3.0889898425812135e-06, 3.656537728602416e-06, 2.9438772344292374e-06, 3.0273633910837816e-06, 5.626238817058038e-06, 4.7063394958968274e-06, 4.291865934646921e-06, 1.3337514701561304e-06, 4.539283054327825e-06, 1.084078485291684e-05, 1.8055382042803103e-06, 0.9999308586120605], "B1s1": [1.0183033509747474e-06, 1.1237040098421858e-06, 1.0371256848884514e-06, 0.9999963045120239, 4.489707521315722e-07], "TS1s1": [9.930446367434342e-07, 1.6118966641442967e-06, 1.27184102893807e-06, 1.8952598566102097e-06, 1.6522585610800888e-06, 2.049721842922736e-06, 0.9999794960021973, 1.1034692761313636e-05], "K1": [8.213469868678658e-07, 2.6726143005362246e-06, 0.999996542930603], "T1s1": [2.4913747438404243e-06, 1.0096686082761153e-06, 1.4820956266703433e-06, 0.9999949932098389], "P4": [2.7356287546353997e-07, 9.83132508736162e-08, 6.814234865260005e-08, 7.770945842366928e-08, 0.9999980926513672, 1.2861767118010903e-07, 1.0378800396892984e-07, 2.1360555990668217e-07, 1.0586209242546829e-07, 2.232942364344126e-07, 2.0457497384995804e-07, 1.1109074193882407e-07, 2.776118037672859e-07], "EM1": [2.3984723611647496e-06, 2.4649841634527547e-06, 3.675215793919051e-06, 5.607515049632639e-06, 0.9999858140945435], "TM1": [3.447756853347528e-07, 3.045543621738034e-07, 8.343091053575336e-07, 0.9999983310699463, 1.4165996731207997e-07, 1.1507421504575177e-07], "I1s2": [[0.9999922513961792, 3.1817924082133686e-06, 4.580583663482685e-06], [1.8801566170623119e-07, 2.983876754569792e-07, 0.9999995231628418], [3.584542866974516e-07, 3.217640482944262e-07, 0.9999992847442627], [5.426986149359436e-07, 2.959570338134654e-06, 0.999996542930603], [0.999992847442627, 3.445435595494928e-06, 3.745067488125642e-06], [0.9999923706054688, 3.897603619407164e-06, 3.6784026633540634e-06], [4.444213459464663e-07, 6.944461006241909e-07, 0.9999988079071045], [2.1803873551107245e-07, 3.7266562458171393e-07, 0.9999994039535522], [7.159745791796013e-07, 2.306447186128935e-06, 0.9999970197677612], [2.9980236604387756e-07, 3.752010684365814e-07, 0.9999992847442627], [0.9999909400939941, 4.309222731535556e-06, 4.732457455247641e-06], [0.9999895095825195, 2.6486002298042877e-06, 7.874817129049916e-06], [5.02587226947071e-07, 1.8267134009875008e-06, 0.999997615814209], [1.544654878671281e-06, 3.5891569041268667e-06, 0.9999948740005493], [2.2452643122505833e-07, 3.9779459370947734e-07, 0.9999994039535522], [2.0712512593945576e-07, 3.528529362029076e-07, 0.9999994039535522], [6.804884833400138e-07, 1.5019390957604628e-06, 0.9999978542327881], [0.9999933242797852, 2.4677453893673373e-06, 4.173768957116408e-06], [4.957239525538171e-07, 8.994952622742858e-07, 0.9999985694885254], [1.4438042228448467e-07, 5.125437496644736e-07, 0.9999992847442627], [2.2427123269608273e-07, 8.229287686845055e-07, 0.999998927116394], [7.971954119057045e-07, 3.56761177044973e-07, 0.9999988079071045], [2.5125223146460485e-07, 1.3213139027357101e-06, 0.9999984502792358], [2.0346679718841187e-07, 2.3265418747087097e-07, 0.9999995231628418], [2.152550223399885e-06, 2.3476533783650666e-07, 0.999997615814209], [3.061346660615527e-07, 5.3307496727939e-07, 0.9999991655349731], [5.622135859084665e-07, 1.2510326996562071e-06, 0.9999982118606567], [0.9999927282333374, 2.7066701022704365e-06, 4.498630005400628e-06]], "S4": [[5.896828952245414e-06, 1.8436730897519737e-06, 0.9999922513961792], [5.760867907156353e-07, 6.033389468029782e-07, 0.9999988079071045], [4.640183419724053e-07, 6.221860076038865e-07, 0.999998927116394], [4.78663423564285e-07, 6.444094537982892e-07, 0.999998927116394], [7.990057611095835e-07, 9.040840609486622e-07, 0.9999983310699463], [6.490500368272478e-07, 1.2112918739148881e-06, 0.9999980926513672], [6.938138312762021e-07, 6.801100767006574e-07, 0.9999985694885254], [5.527982125386188e-07, 5.030818215345789e-07, 0.999998927116394], [6.446563247664017e-07, 8.084351748038898e-07, 0.9999985694885254], [4.434637332906277e-07, 6.803256837883964e-07, 0.999998927116394], [5.125805273564765e-07, 9.192766583510092e-07, 0.9999985694885254], [1.0906622947004507e-06, 8.130731998789997e-07, 0.9999980926513672], [6.986562084421166e-07, 1.6562167957090423e-06, 0.999997615814209], [5.569932568505465e-07, 1.0904243481490994e-06, 0.9999983310699463], [4.503140473843814e-07, 7.587336767755914e-07, 0.9999988079071045], [1.1572805078685633e-06, 1.0051617209683172e-06, 0.9999978542327881], [1.1761153473344166e-06, 1.6303956726915203e-06, 0.9999971389770508], [2.500266589322564e-07, 7.183383559095091e-07, 0.9999990463256836], [7.687055472160864e-07, 9.688478712632786e-07, 0.9999982118606567], [5.216062390900333e-07, 7.675221240788233e-07, 0.9999986886978149], [5.217619332142931e-07, 9.251463666259951e-07, 0.9999985694885254], [7.591971211695636e-07, 1.1514033531057066e-06, 0.9999980926513672]]}, "infer_command_tokens": ["I1s2_0_0", "I1s2_1_2", "I1s2_2_2", "I1s2_3_2", "I1s2_4_0", "I1s2_5_0", "I1s2_6_2", "I1s2_7_2", "I1s2_8_2", "I1s2_9_2", "I1s2_10_0", "I1s2_11_0", "I1s2_12_2", "I1s2_13_2", "I1s2_14_2", "I1s2_15_2", "I1s2_16_2", "I1s2_17_0", "I1s2_18_2", "I1s2_19_2", "I1s2_20_2", "I1s2_21_2", "I1s2_22_2", "I1s2_23_2", "I1s2_24_2", "I1s2_25_2", "I1s2_26_2", "I1s2_27_0", "I4_28", "C1_4", "R1_2", "R3_1", "S2s1_17", "S4_0_2", "S4_1_2", "S4_2_2", "S4_3_2", "S4_4_2", "S4_5_2", "S4_6_2", "S4_7_2", "S4_8_2", "S4_9_2", "S4_10_2", "S4_11_2", "S4_12_2", "S4_13_2", "S4_14_2", "S4_15_2", "S4_16_2", "S4_17_2", "S4_18_2", "S4_19_2", "S4_20_2", "S4_21_2", "B1s1_3", "TS1s1_6", "K1_2", "T1s1_3", "P4_4", "ST1_14", "EM1_4", "TM1_3"]}