{"text": "The music offers a unique and memorable listening experience with its pitch range of 3 octaves. It has a playtime of about 20 seconds and is played in the time signature of 4/4. The music features oboe and guitar and consists of about 14 bars. Overall, this composition showcases a dynamic range of musical elements that create a captivating and engaging listening experience.", "pred_labels": {"R1": [0, 0, 1], "R3": [0, 0, 0, 1], "S2s1": [0, 0, 0, 0, 0, 0, 0, 0, 0, 0, 0, 0, 0, 0, 0, 0, 0, 1], "B1s1": [0, 0, 0, 1, 0], "TS1s1": [1, 0, 0, 0, 0, 0, 0, 0], "K1": [0, 0, 1], "T1s1": [0, 0, 0, 1], "P4": [0, 0, 0, 1, 0, 0, 0, 0, 0, 0, 0, 0, 0], "EM1": [0, 0, 0, 0, 1], "TM1": [0, 1, 0, 0, 0, 0], "I1s2": [[0, 0, 1], [0, 0, 1], [0, 0, 1], [0, 0, 1], [1, 0, 0], [0, 0, 1], [0, 0, 1], [0, 0, 1], [0, 0, 1], [0, 0, 1], [0, 0, 1], [0, 0, 1], [0, 0, 1], [0, 0, 1], [0, 0, 1], [0, 0, 1], [0, 0, 1], [0, 0, 1], [1, 0, 0], [0, 0, 1], [0, 0, 1], [0, 0, 1], [0, 0, 1], [0, 0, 1], [0, 0, 1], [0, 0, 1], [0, 0, 1], [0, 0, 1]], "S4": [[0, 0, 1], [0, 0, 1], [0, 0, 1], [0, 0, 1], [0, 0, 1], [0, 0, 1], [0, 0, 1], [0, 0, 1], [0, 0, 1], [0, 0, 1], [0, 0, 1], [0, 0, 1], [0, 0, 1], [0, 0, 1], [0, 0, 1], [0, 0, 1], [0, 0, 1], [0, 0, 1], [0, 0, 1], [0, 0, 1], [0, 0, 1], [0, 0, 1]]}, "pred_probs": {"R1": [4.230998001730768e-06, 4.305248694436159e-06, 0.9999914169311523], "R3": [1.7778307892513112e-06, 1.3860874332749518e-06, 2.054789092653664e-06, 0.9999947547912598], "S2s1": [2.3085226530383807e-06, 2.5404649477422936e-06, 4.443725174496649e-06, 3.080674559896579e-06, 3.8372572817024775e-06, 4.243905550538329e-06, 3.1923059395921882e-06, 2.651582462931401e-06, 2.5919746349245543e-06, 3.211834382454981e-06, 4.340343366493471e-06, 5.941152267041616e-06, 3.8071232211223105e-06, 1.4192139587976271e-06, 4.189053925074404e-06, 8.032998266571667e-06, 2.0458228391362354e-06, 0.9999380111694336], "B1s1": [1.0451356047269655e-06, 9.87814587460889e-07, 9.89506133919349e-07, 0.999996542930603, 4.947759180140565e-07], "TS1s1": [0.9999974966049194, 5.04598517636623e-07, 6.728566859237617e-07, 1.5552788568129472e-07, 3.243381172524096e-07, 1.6590517759595969e-07, 3.610779799601005e-07, 4.1632571878835734e-07], "K1": [6.891245334372798e-07, 1.6859137303981697e-06, 0.999997615814209], "T1s1": [2.3102841169020394e-06, 7.648800419701729e-07, 1.8405952459943364e-06, 0.9999951124191284], "P4": [2.3064519893978286e-07, 1.1912474207065316e-07, 8.051470956615958e-08, 0.9999977350234985, 2.0030432779094554e-07, 1.4397224390449992e-07, 2.3291795514523983e-07, 2.1842713238129363e-07, 1.8729750195234374e-07, 9.415368396048507e-08, 1.4350918320360506e-07, 2.8376743443914165e-07, 3.6984920370741747e-07], "EM1": [3.2319007914338727e-06, 3.1118108836380998e-06, 5.990226327412529e-06, 1.7438913346268237e-05, 0.9999701976776123], "TM1": [2.0635390285406174e-07, 0.9999988079071045, 2.815712605297449e-07, 2.1428310503779358e-07, 2.3823940864531323e-07, 1.7925772510807292e-07], "I1s2": [[2.8329256451797846e-07, 2.8949224883945135e-07, 0.9999994039535522], [2.2322643644656637e-07, 2.3498573398228473e-07, 0.9999995231628418], [3.2008838957153785e-07, 2.3832816964386438e-07, 0.9999994039535522], [2.897741353535821e-07, 7.845637242098746e-07, 0.999998927116394], [0.9999936819076538, 2.8925480819452787e-06, 3.452905275480589e-06], [4.2712662207122776e-07, 5.089498813504179e-07, 0.9999990463256836], [3.0809789564045786e-07, 4.859107889387815e-07, 0.9999991655349731], [2.3001011584256048e-07, 3.4797727721525007e-07, 0.9999994039535522], [1.5090476779278106e-07, 3.587029482332582e-07, 0.9999995231628418], [1.6235904354289232e-07, 1.400148335051199e-07, 0.9999996423721313], [2.8488074121924e-07, 2.797196145820635e-07, 0.9999994039535522], [3.570959279386443e-07, 4.456115334505739e-07, 0.9999991655349731], [2.2976435332111578e-07, 3.5030072353947617e-07, 0.9999994039535522], [6.161777719171369e-07, 1.338863739874796e-06, 0.9999980926513672], [1.9238331105952966e-07, 2.367707168104971e-07, 0.9999995231628418], [1.1316624437540668e-07, 1.2518050596099783e-07, 0.9999997615814209], [2.656304616266425e-07, 3.536931671987986e-07, 0.9999994039535522], [2.6784158535519964e-07, 1.8667103063307877e-07, 0.9999995231628418], [0.9999961853027344, 2.0940167360095074e-06, 1.661057922319742e-06], [1.5952510068473202e-07, 3.7977594047333696e-07, 0.9999994039535522], [1.9421121066898195e-07, 3.1630048624720075e-07, 0.9999995231628418], [6.340281402117398e-07, 3.259109462305787e-07, 0.9999990463256836], [1.8421798131385003e-07, 1.0007094033426256e-06, 0.9999988079071045], [1.2326584908350924e-07, 1.1933101973227167e-07, 0.9999997615814209], [1.268898245143646e-06, 1.650629286586991e-07, 0.9999985694885254], [2.074865506074275e-07, 2.1789097104374378e-07, 0.9999995231628418], [3.4115433322767785e-07, 3.9352732983388705e-07, 0.9999992847442627], [1.4023437699961505e-07, 3.430146193750261e-07, 0.9999995231628418]], "S4": [[3.924069915228756e-06, 1.5486575648537837e-06, 0.9999945163726807], [5.823119408887578e-07, 6.09222581715585e-07, 0.9999988079071045], [4.248430229836231e-07, 7.035440603431198e-07, 0.999998927116394], [4.5565965933747066e-07, 6.393287321770913e-07, 0.999998927116394], [7.808124564689933e-07, 9.058239243131538e-07, 0.9999983310699463], [5.720920626117731e-07, 9.523976132186363e-07, 0.9999984502792358], [5.611051392406807e-07, 5.882372988708084e-07, 0.9999988079071045], [5.906940714339726e-07, 4.075161257333093e-07, 0.9999990463256836], [5.903626743020141e-07, 6.815346296207281e-07, 0.9999986886978149], [4.7469293917856703e-07, 7.260007919285272e-07, 0.9999988079071045], [5.557358235819265e-07, 1.0337990943298792e-06, 0.9999984502792358], [1.0968310562020633e-06, 8.556037869311695e-07, 0.9999980926513672], [7.131228016987734e-07, 1.3028867442699266e-06, 0.9999979734420776], [4.990737920707033e-07, 9.254005135517218e-07, 0.9999985694885254], [4.1360519276167906e-07, 8.347304856215487e-07, 0.9999988079071045], [6.5306721808156e-07, 4.411471081766649e-07, 0.999998927116394], [4.852211077377433e-07, 5.628523922496242e-07, 0.999998927116394], [2.3534627757726412e-07, 5.509625111699279e-07, 0.9999991655349731], [7.522617693211942e-07, 9.918186378854443e-07, 0.9999982118606567], [5.218703904574795e-07, 8.533941695532121e-07, 0.9999985694885254], [4.814490921489778e-07, 9.462946763960645e-07, 0.9999985694885254], [7.12678229319863e-07, 1.2221829592817812e-06, 0.9999980926513672]]}, "infer_command_tokens": ["I1s2_0_2", "I1s2_1_2", "I1s2_2_2", "I1s2_3_2", "I1s2_4_0", "I1s2_5_2", "I1s2_6_2", "I1s2_7_2", "I1s2_8_2", "I1s2_9_2", "I1s2_10_2", "I1s2_11_2", "I1s2_12_2", "I1s2_13_2", "I1s2_14_2", "I1s2_15_2", "I1s2_16_2", "I1s2_17_2", "I1s2_18_0", "I1s2_19_2", "I1s2_20_2", "I1s2_21_2", "I1s2_22_2", "I1s2_23_2", "I1s2_24_2", "I1s2_25_2", "I1s2_26_2", "I1s2_27_2", "I4_28", "C1_4", "R1_2", "R3_3", "S2s1_17", "S4_0_2", "S4_1_2", "S4_2_2", "S4_3_2", "S4_4_2", "S4_5_2", "S4_6_2", "S4_7_2", "S4_8_2", "S4_9_2", "S4_10_2", "S4_11_2", "S4_12_2", "S4_13_2", "S4_14_2", "S4_15_2", "S4_16_2", "S4_17_2", "S4_18_2", "S4_19_2", "S4_20_2", "S4_21_2", "B1s1_3", "TS1s1_0", "K1_2", "T1s1_3", "P4_3", "ST1_14", "EM1_4", "TM1_1"]}