{"text": "This music has a brisk tempo and the tempo of this song is really intense, with a running time of 16 ~ 30 seconds. It expresses cheerfulness, capturing the mood through its lively and fast-paced rhythm. This music is composed in the major key.", "pred_labels": {"R1": [0, 0, 1], "R3": [0, 0, 1, 0], "S2s1": [0, 0, 0, 0, 0, 0, 0, 0, 0, 0, 0, 0, 0, 0, 0, 0, 0, 1], "B1s1": [0, 0, 0, 0, 1], "TS1s1": [0, 0, 0, 0, 0, 0, 0, 1], "K1": [1, 0, 0], "T1s1": [0, 0, 1, 0], "P4": [0, 0, 0, 0, 0, 0, 0, 0, 0, 0, 0, 0, 1], "EM1": [1, 0, 0, 0, 0], "TM1": [0, 1, 0, 0, 0, 0], "I1s2": [[0, 0, 1], [0, 0, 1], [0, 0, 1], [0, 0, 1], [0, 0, 1], [0, 0, 1], [0, 0, 1], [0, 0, 1], [0, 0, 1], [0, 0, 1], [0, 0, 1], [0, 0, 1], [0, 0, 1], [0, 0, 1], [0, 0, 1], [0, 0, 1], [0, 0, 1], [0, 0, 1], [0, 0, 1], [0, 0, 1], [0, 0, 1], [0, 0, 1], [0, 0, 1], [0, 0, 1], [0, 0, 1], [0, 0, 1], [0, 0, 1], [0, 0, 1]], "S4": [[0, 0, 1], [0, 0, 1], [0, 0, 1], [0, 0, 1], [0, 0, 1], [0, 0, 1], [0, 0, 1], [0, 0, 1], [0, 0, 1], [0, 0, 1], [0, 0, 1], [0, 0, 1], [0, 0, 1], [0, 0, 1], [0, 0, 1], [0, 0, 1], [0, 0, 1], [0, 0, 1], [0, 0, 1], [0, 0, 1], [0, 0, 1], [0, 0, 1]]}, "pred_probs": {"R1": [4.290041943022516e-06, 4.585780061461264e-06, 0.9999911785125732], "R3": [8.261180823865288e-07, 2.758552682280424e-06, 0.9999959468841553, 4.666294159960671e-07], "S2s1": [2.4606663373560878e-06, 2.611929403428803e-06, 4.375790013000369e-06, 3.4276208680239506e-06, 4.6160953388607595e-06, 4.702652859123191e-06, 3.366695182194235e-06, 2.35368088397081e-06, 2.8364479476294946e-06, 3.4711681564658647e-06, 4.59181046608137e-06, 6.700972789985826e-06, 4.070419890922494e-06, 1.4774878991374862e-06, 4.08017467634636e-06, 8.850381163938437e-06, 2.1496357476280537e-06, 0.9999339580535889], "B1s1": [8.544911906938069e-06, 5.853469247085741e-06, 1.0558171197772026e-05, 2.5543054107401986e-06, 0.9999724626541138], "TS1s1": [7.940639648040815e-07, 1.558549683977617e-06, 1.1425756838434609e-06, 2.2850281311548315e-06, 9.424357472198608e-07, 1.8044697753794026e-06, 4.4130112655693665e-05, 0.9999473094940186], "K1": [0.9999996423721313, 1.235383990660921e-07, 2.549316491240461e-07], "T1s1": [2.3119287106965203e-06, 8.85988754362188e-07, 0.9999961853027344, 5.383981260820292e-07], "P4": [4.601968441875215e-07, 4.2388367660350923e-07, 4.1453381527389865e-07, 4.5104670221007837e-07, 7.942825845930201e-07, 2.526957132431562e-07, 5.964984666206874e-07, 2.7469152996673074e-07, 4.6160076294654573e-07, 5.360384989216982e-07, 2.522598947507504e-07, 4.161010735970194e-07, 0.9999946355819702], "EM1": [0.9999663829803467, 1.878825423773378e-05, 2.9950576845294563e-06, 6.710968591505662e-06, 5.093394520372385e-06], "TM1": [2.0824283808451582e-07, 0.9999986886978149, 3.7612048231494555e-07, 2.0768078456967487e-07, 2.1292677843121055e-07, 1.8273520652201114e-07], "I1s2": [[3.4230478718200175e-07, 2.5465408270974876e-07, 0.9999994039535522], [2.853285820947349e-07, 2.2033265167920035e-07, 0.9999995231628418], [3.6318047591521463e-07, 2.3869279175414704e-07, 0.9999994039535522], [4.472642558539519e-07, 5.331699526323064e-07, 0.9999990463256836], [2.0856219862253056e-07, 2.815985737925075e-07, 0.9999995231628418], [5.500694442162057e-07, 4.4530221998684283e-07, 0.9999990463256836], [3.810318105479382e-07, 4.2535637589935504e-07, 0.9999991655349731], [3.066659814976447e-07, 3.045727225980954e-07, 0.9999994039535522], [1.4667105574517336e-07, 1.7113734429585747e-07, 0.9999996423721313], [2.580129603302339e-07, 1.1542002908981885e-07, 0.9999996423721313], [3.60241813268658e-07, 2.5116887059084547e-07, 0.9999994039535522], [3.635880148067372e-07, 2.237793097492613e-07, 0.9999994039535522], [2.510393244392617e-07, 3.094791054536472e-07, 0.9999994039535522], [4.38979185446442e-07, 3.837676558759995e-07, 0.9999991655349731], [2.4844803192536347e-07, 2.0121335353451286e-07, 0.9999995231628418], [1.5427390565037058e-07, 1.0120888305209519e-07, 0.9999997615814209], [4.178801873422344e-07, 2.8628411996578507e-07, 0.9999992847442627], [3.290538472811022e-07, 1.344084523680067e-07, 0.9999995231628418], [5.30783950125624e-07, 5.230993451732502e-07, 0.999998927116394], [2.0852975524121575e-07, 4.093395489235263e-07, 0.9999994039535522], [2.4252108232758474e-07, 2.6548542564341915e-07, 0.9999995231628418], [6.672122481177212e-07, 3.1165711789071793e-07, 0.9999990463256836], [2.58078273418505e-07, 5.386950192587392e-07, 0.9999991655349731], [1.654298387165909e-07, 8.857498556835708e-08, 0.9999997615814209], [1.0308842774975346e-06, 1.3296211420765758e-07, 0.9999988079071045], [2.3698510176473064e-07, 2.3805810656085669e-07, 0.9999995231628418], [4.3840014996021637e-07, 3.544744799910404e-07, 0.9999991655349731], [1.8497387088700634e-07, 2.408268358067289e-07, 0.9999995231628418]], "S4": [[4.355054443294648e-06, 1.423394223820651e-06, 0.9999942779541016], [6.924851163603307e-07, 7.174794518505223e-07, 0.9999985694885254], [4.92311130528833e-07, 8.538419820069976e-07, 0.9999986886978149], [4.860320359512116e-07, 7.293164685506781e-07, 0.9999988079071045], [9.261095215151727e-07, 1.3463536561175715e-06, 0.9999977350234985], [6.230857252376154e-07, 1.1825442243207362e-06, 0.9999982118606567], [5.378201421990525e-07, 6.771429070795421e-07, 0.9999988079071045], [6.341616654026438e-07, 4.67164227302419e-07, 0.999998927116394], [6.063208957129973e-07, 8.367794634978054e-07, 0.9999985694885254], [4.619455751253554e-07, 1.0958632401525392e-06, 0.9999984502792358], [5.67105360005371e-07, 1.1367473007339868e-06, 0.9999983310699463], [1.1049643262595055e-06, 1.0745930012490135e-06, 0.9999978542327881], [8.301068987748295e-07, 1.5082671325217234e-06, 0.999997615814209], [6.058149892851361e-07, 1.0900220104304026e-06, 0.9999983310699463], [4.7435790406780143e-07, 1.12268787688663e-06, 0.9999984502792358], [7.430755886161933e-07, 4.592574782691372e-07, 0.9999988079071045], [5.07256686432811e-07, 6.717086762364488e-07, 0.9999988079071045], [2.5917907464645396e-07, 6.087001338528353e-07, 0.9999991655349731], [9.506811693427153e-07, 1.0563391015239176e-06, 0.9999979734420776], [4.914722921967041e-07, 9.633881745685358e-07, 0.9999985694885254], [5.24795041201287e-07, 1.0065215292343055e-06, 0.9999984502792358], [7.893216888987808e-07, 1.3514866168407025e-06, 0.9999978542327881]]}, "infer_command_tokens": ["I1s2_0_2", "I1s2_1_2", "I1s2_2_2", "I1s2_3_2", "I1s2_4_2", "I1s2_5_2", "I1s2_6_2", "I1s2_7_2", "I1s2_8_2", "I1s2_9_2", "I1s2_10_2", "I1s2_11_2", "I1s2_12_2", "I1s2_13_2", "I1s2_14_2", "I1s2_15_2", "I1s2_16_2", "I1s2_17_2", "I1s2_18_2", "I1s2_19_2", "I1s2_20_2", "I1s2_21_2", "I1s2_22_2", "I1s2_23_2", "I1s2_24_2", "I1s2_25_2", "I1s2_26_2", "I1s2_27_2", "I4_28", "C1_4", "R1_2", "R3_2", "S2s1_17", "S4_0_2", "S4_1_2", "S4_2_2", "S4_3_2", "S4_4_2", "S4_5_2", "S4_6_2", "S4_7_2", "S4_8_2", "S4_9_2", "S4_10_2", "S4_11_2", "S4_12_2", "S4_13_2", "S4_14_2", "S4_15_2", "S4_16_2", "S4_17_2", "S4_18_2", "S4_19_2", "S4_20_2", "S4_21_2", "B1s1_4", "TS1s1_7", "K1_0", "T1s1_2", "P4_12", "ST1_14", "EM1_0", "TM1_1"]}