{"text": "The use of a specific pitch range of 4 octaves creates a cohesive and unified sound throughout the musical piece, while its utilization of the major key forms a rich and dynamic sonic palette. With a duration of about 40 seconds, this song captivates listeners with its powerful and driving beat, further enhanced by the inclusion of ethnic instrument, drum and bass. Following a 4/4 meter, the music moves at a balanced rate, maintaining its unmistakable rap style.", "pred_labels": {"R1": [0, 0, 1], "R3": [0, 0, 1, 0], "S2s1": [0, 0, 0, 0, 0, 0, 0, 0, 0, 0, 0, 0, 0, 0, 0, 0, 0, 1], "B1s1": [0, 0, 0, 0, 1], "TS1s1": [1, 0, 0, 0, 0, 0, 0, 0], "K1": [1, 0, 0], "T1s1": [0, 1, 0, 0], "P4": [0, 0, 0, 0, 1, 0, 0, 0, 0, 0, 0, 0, 0], "EM1": [0, 0, 0, 0, 1], "TM1": [0, 0, 1, 0, 0, 0], "I1s2": [[0, 0, 1], [0, 0, 1], [0, 0, 1], [0, 0, 1], [0, 0, 1], [1, 0, 0], [0, 0, 1], [0, 0, 1], [0, 0, 1], [0, 0, 1], [0, 0, 1], [0, 0, 1], [0, 0, 1], [0, 0, 1], [0, 0, 1], [0, 0, 1], [0, 0, 1], [0, 0, 1], [0, 0, 1], [0, 0, 1], [0, 0, 1], [0, 0, 1], [0, 0, 1], [0, 0, 1], [0, 0, 1], [1, 0, 0], [0, 0, 1], [1, 0, 0]], "S4": [[0, 0, 1], [0, 0, 1], [1, 0, 0], [0, 0, 1], [0, 0, 1], [0, 0, 1], [0, 0, 1], [0, 0, 1], [0, 0, 1], [0, 0, 1], [0, 0, 1], [0, 0, 1], [0, 0, 1], [0, 0, 1], [0, 0, 1], [0, 0, 1], [0, 0, 1], [0, 0, 1], [0, 0, 1], [0, 0, 1], [0, 0, 1], [0, 0, 1]]}, "pred_probs": {"R1": [4.2401761675137095e-06, 4.240147518430604e-06, 0.9999915361404419], "R3": [6.288668714660162e-07, 3.482960892142728e-06, 0.9999953508377075, 5.67053916711302e-07], "S2s1": [2.614649702081806e-06, 2.6213358523818897e-06, 4.455828729987843e-06, 3.3576766327314544e-06, 3.7700679058616515e-06, 4.221704330120701e-06, 3.3213636925211176e-06, 2.848055601134547e-06, 2.9170694233471295e-06, 2.8587362521648174e-06, 5.313693236530526e-06, 4.828921191801783e-06, 3.666470774987829e-06, 1.3160179150872864e-06, 4.341279691288946e-06, 9.59952831180999e-06, 1.84480097686901e-06, 0.9999362230300903], "B1s1": [6.390273483702913e-06, 5.066889571025968e-06, 9.303318620368373e-06, 2.1890796233492438e-06, 0.9999769926071167], "TS1s1": [0.9999973773956299, 3.470509284397849e-07, 8.169409397851268e-07, 1.487008347567098e-07, 3.0428901709456113e-07, 1.51322666397391e-07, 3.259902996433084e-07, 4.362777019650821e-07], "K1": [0.9999996423721313, 1.1095200136423955e-07, 2.235259728422534e-07], "T1s1": [1.325191533396719e-06, 0.9999972581863403, 7.631221592419024e-07, 7.017423513389076e-07], "P4": [2.256288240687354e-07, 9.747062534870565e-08, 8.741494639252778e-08, 6.642407157642083e-08, 0.9999982118606567, 8.288871100603501e-08, 1.373493461187536e-07, 1.8297542681011691e-07, 1.209907054544601e-07, 2.158223821879801e-07, 1.6629671506507293e-07, 1.1420449652632669e-07, 2.721346277212433e-07], "EM1": [3.408498741919175e-06, 4.789520971826278e-06, 7.164808266679756e-06, 2.7132155082654208e-05, 0.9999575614929199], "TM1": [5.866457968295435e-07, 4.1799370364969946e-07, 0.9999980926513672, 3.957462126891187e-07, 2.8872926804979215e-07, 3.2895863455451035e-07], "I1s2": [[3.003215169883333e-07, 3.5253404462309845e-07, 0.9999994039535522], [1.986962558930827e-07, 3.0725178135071474e-07, 0.9999995231628418], [3.9202333823595836e-07, 3.861503046209691e-07, 0.9999991655349731], [5.741133008996258e-07, 2.7807047899841564e-06, 0.9999966621398926], [4.070350883011997e-07, 1.0483742016731412e-06, 0.9999985694885254], [0.9999926090240479, 3.322206794109661e-06, 4.027652721561026e-06], [4.768772896568407e-07, 6.643035703746136e-07, 0.9999988079071045], [2.6390085849925526e-07, 3.28558371620602e-07, 0.9999994039535522], [1.6595645035977213e-07, 3.974025162278849e-07, 0.9999994039535522], [2.609771172501496e-07, 3.03742240248539e-07, 0.9999994039535522], [3.3180725722559146e-07, 5.159757279216137e-07, 0.9999991655349731], [3.9921428651723545e-07, 4.95953486279177e-07, 0.9999990463256836], [3.869033946557465e-07, 1.3844394288753392e-06, 0.9999982118606567], [9.965286835722509e-07, 2.0168076844129246e-06, 0.9999970197677612], [3.03693241221481e-07, 3.901339766798628e-07, 0.9999992847442627], [2.0419692248196952e-07, 2.9010942625973257e-07, 0.9999995231628418], [5.581429718404252e-07, 9.198818133882014e-07, 0.9999985694885254], [3.1834554192755604e-07, 2.659812992078514e-07, 0.9999994039535522], [4.86298119994899e-07, 8.062947358666861e-07, 0.9999986886978149], [1.5624547700099356e-07, 3.867474447361019e-07, 0.9999994039535522], [2.0984920467981283e-07, 4.925053644910804e-07, 0.9999992847442627], [6.107049443926371e-07, 3.5406458209763514e-07, 0.9999990463256836], [1.600512717914171e-07, 6.745211749148439e-07, 0.9999991655349731], [1.8885219787989627e-07, 1.5763083638375974e-07, 0.9999996423721313], [1.6690833035681862e-06, 2.2862352011543408e-07, 0.9999980926513672], [0.9999958276748657, 1.4963015928515233e-06, 2.5992612791014835e-06], [4.996075517738063e-07, 1.0011518725150381e-06, 0.9999984502792358], [0.9999933242797852, 2.735846692303312e-06, 3.914108674507588e-06]], "S4": [[4.9806671995611396e-06, 1.767498815752333e-06, 0.9999932050704956], [5.504334694705904e-07, 6.320598799902655e-07, 0.9999988079071045], [0.9999877214431763, 4.078460733580869e-06, 8.168603017111309e-06], [5.750757168243581e-07, 6.700797143821546e-07, 0.9999988079071045], [7.992618407115515e-07, 8.485862394991273e-07, 0.9999983310699463], [6.05318859925319e-07, 1.174517137769726e-06, 0.9999982118606567], [6.293110459409945e-07, 6.326918082777411e-07, 0.9999986886978149], [6.111021662036364e-07, 4.275821936516877e-07, 0.999998927116394], [6.267547405514051e-07, 7.512583124480443e-07, 0.9999985694885254], [5.152929816176766e-07, 6.737899411746184e-07, 0.9999988079071045], [5.221979222369555e-07, 1.026844415719097e-06, 0.9999984502792358], [1.06374534425413e-06, 8.253268219959864e-07, 0.9999980926513672], [6.596346224796434e-07, 1.2669750049099093e-06, 0.9999980926513672], [5.275106786939432e-07, 9.431251442038047e-07, 0.9999985694885254], [4.3096079593851755e-07, 8.022373663152393e-07, 0.9999988079071045], [1.0710165270211291e-06, 6.854217531326867e-07, 0.9999982118606567], [6.717186806781683e-07, 8.422090331805521e-07, 0.9999984502792358], [2.3219020306441962e-07, 4.978253969056823e-07, 0.9999992847442627], [8.845148045111273e-07, 9.500868145551067e-07, 0.9999982118606567], [5.31463058450754e-07, 8.182269652934338e-07, 0.9999986886978149], [5.40829319106706e-07, 9.825560027820757e-07, 0.9999984502792358], [7.886928869993426e-07, 1.1243364497204311e-06, 0.9999980926513672]]}, "infer_command_tokens": ["I1s2_0_2", "I1s2_1_2", "I1s2_2_2", "I1s2_3_2", "I1s2_4_2", "I1s2_5_0", "I1s2_6_2", "I1s2_7_2", "I1s2_8_2", "I1s2_9_2", "I1s2_10_2", "I1s2_11_2", "I1s2_12_2", "I1s2_13_2", "I1s2_14_2", "I1s2_15_2", "I1s2_16_2", "I1s2_17_2", "I1s2_18_2", "I1s2_19_2", "I1s2_20_2", "I1s2_21_2", "I1s2_22_2", "I1s2_23_2", "I1s2_24_2", "I1s2_25_0", "I1s2_26_2", "I1s2_27_0", "I4_28", "C1_4", "R1_2", "R3_2", "S2s1_17", "S4_0_2", "S4_1_2", "S4_2_0", "S4_3_2", "S4_4_2", "S4_5_2", "S4_6_2", "S4_7_2", "S4_8_2", "S4_9_2", "S4_10_2", "S4_11_2", "S4_12_2", "S4_13_2", "S4_14_2", "S4_15_2", "S4_16_2", "S4_17_2", "S4_18_2", "S4_19_2", "S4_20_2", "S4_21_2", "B1s1_4", "TS1s1_0", "K1_0", "T1s1_1", "P4_4", "ST1_14", "EM1_4", "TM1_2"]}