{"text": "The music's pitch range of 3 octaves offers a unique and memorable listening experience, while its use of major key creates a rich and dynamic sonic palette. The song runs for 31 ~ 45 seconds and has a very peaceful beat, yet the fast-paced rhythm, 4/4 time signature, and use of strings add to the musical composition's complexity. The music is also filled with stillness, making it an immersive and captivating experience for listeners.", "pred_labels": {"R1": [0, 0, 1], "R3": [1, 0, 0, 0], "S2s1": [0, 0, 0, 0, 0, 0, 0, 0, 0, 0, 0, 0, 0, 0, 0, 0, 0, 1], "B1s1": [0, 0, 0, 0, 1], "TS1s1": [1, 0, 0, 0, 0, 0, 0, 0], "K1": [1, 0, 0], "T1s1": [0, 0, 1, 0], "P4": [0, 0, 0, 1, 0, 0, 0, 0, 0, 0, 0, 0, 0], "EM1": [0, 0, 0, 1, 0], "TM1": [0, 0, 1, 0, 0, 0], "I1s2": [[0, 0, 1], [0, 0, 1], [0, 0, 1], [0, 0, 1], [0, 0, 1], [0, 0, 1], [0, 0, 1], [0, 0, 1], [0, 0, 1], [0, 0, 1], [1, 0, 0], [0, 0, 1], [0, 0, 1], [0, 0, 1], [0, 0, 1], [0, 0, 1], [0, 0, 1], [0, 0, 1], [0, 0, 1], [0, 0, 1], [0, 0, 1], [0, 0, 1], [0, 0, 1], [0, 0, 1], [0, 0, 1], [0, 0, 1], [0, 0, 1], [0, 0, 1]], "S4": [[0, 0, 1], [0, 0, 1], [0, 0, 1], [0, 0, 1], [0, 0, 1], [0, 0, 1], [0, 0, 1], [0, 0, 1], [0, 0, 1], [0, 0, 1], [0, 0, 1], [0, 0, 1], [0, 0, 1], [0, 0, 1], [0, 0, 1], [0, 0, 1], [0, 0, 1], [0, 0, 1], [0, 0, 1], [0, 0, 1], [0, 0, 1], [0, 0, 1]]}, "pred_probs": {"R1": [4.282275767764077e-06, 4.4117682591604535e-06, 0.9999912977218628], "R3": [0.9999984502792358, 5.245753413873899e-07, 7.926760190457571e-07, 2.752745160705672e-07], "S2s1": [2.310958961970755e-06, 2.6114621505257674e-06, 4.293236088415142e-06, 3.103670451309881e-06, 3.965462383348495e-06, 3.958547949878266e-06, 3.217343873984646e-06, 2.632087216625223e-06, 2.557071638875641e-06, 3.4392560337437317e-06, 4.215950411889935e-06, 5.874479484191397e-06, 3.9412429941876326e-06, 1.401000645273598e-06, 4.019283551315311e-06, 8.41424935060786e-06, 1.982673438760685e-06, 0.9999381303787231], "B1s1": [6.123023467807798e-06, 5.928901828156086e-06, 8.879132110450882e-06, 2.342171455893549e-06, 0.9999767541885376], "TS1s1": [0.9999977350234985, 3.81850099984149e-07, 6.180920877341123e-07, 1.3852715596840426e-07, 3.332115738885477e-07, 1.4153403071759385e-07, 3.284337708464591e-07, 3.26743929690565e-07], "K1": [0.9999996423721313, 1.272300238497337e-07, 2.2852010772567155e-07], "T1s1": [1.1123179319838528e-06, 8.043182333494769e-07, 0.9999971389770508, 9.79922219812579e-07], "P4": [2.0756597507443075e-07, 9.827180491583931e-08, 7.295519566241637e-08, 0.9999979734420776, 2.0148705459632765e-07, 1.4095135725256114e-07, 2.2087088780153863e-07, 1.7132762764049403e-07, 1.5797037633547006e-07, 8.31553563784837e-08, 1.226539865228915e-07, 2.373011227518873e-07, 3.6574613204720663e-07], "EM1": [2.439737954773591e-06, 2.867887360480381e-06, 1.7401667946614907e-06, 0.9999898672103882, 3.1375591333926423e-06], "TM1": [6.634147098338872e-07, 5.550808168663934e-07, 0.9999978542327881, 3.200369178557594e-07, 2.872789650609775e-07, 3.6629552369049634e-07], "I1s2": [[4.5468138409887615e-07, 2.171668995742948e-07, 0.9999992847442627], [2.6153176690968394e-07, 1.9974405063294398e-07, 0.9999995231628418], [3.085578725858795e-07, 2.3556054884465993e-07, 0.9999994039535522], [3.467190765604755e-07, 4.999992597731762e-07, 0.9999991655349731], [1.836926912801573e-07, 3.2281437256642675e-07, 0.9999995231628418], [4.2939865352309425e-07, 4.757072815664287e-07, 0.9999990463256836], [3.1803446631784027e-07, 4.3939178340224316e-07, 0.9999992847442627], [2.7862162710334815e-07, 2.8019351816510607e-07, 0.9999994039535522], [1.411162173781122e-07, 1.8609408414249629e-07, 0.9999996423721313], [2.6552569920568203e-07, 1.0228261970723906e-07, 0.9999996423721313], [0.9999929666519165, 4.052876192872645e-06, 2.9641978471772745e-06], [3.208763814654958e-07, 2.0684562684891716e-07, 0.9999995231628418], [2.5989916707658267e-07, 3.077332735301752e-07, 0.9999994039535522], [3.802404648922675e-07, 3.9956472619451233e-07, 0.9999991655349731], [1.9223091385356383e-07, 1.679723169445424e-07, 0.9999996423721313], [1.1942391608954495e-07, 9.379646570550904e-08, 0.9999997615814209], [3.2222283152805176e-07, 2.9018025315963314e-07, 0.9999994039535522], [3.297440116512007e-07, 1.7961944820399367e-07, 0.9999995231628418], [5.030837542108202e-07, 5.212806399867986e-07, 0.999998927116394], [1.9398426331918017e-07, 3.4636948953448154e-07, 0.9999994039535522], [2.1712989450861642e-07, 2.527434901367087e-07, 0.9999995231628418], [6.631004794144246e-07, 2.8332405577202735e-07, 0.9999990463256836], [1.9814366680748208e-07, 4.833489697375626e-07, 0.9999992847442627], [1.2637893576084025e-07, 7.79124675887033e-08, 0.9999997615814209], [1.416057671121962e-06, 1.3846860724697763e-07, 0.9999984502792358], [2.071186315788509e-07, 2.1837379904354748e-07, 0.9999995231628418], [3.7877757108617516e-07, 3.074067365105293e-07, 0.9999992847442627], [1.5037724665489804e-07, 2.572409982803947e-07, 0.9999996423721313]], "S4": [[6.238717560336227e-06, 1.924677917486406e-06, 0.9999918937683105], [5.967045808574767e-07, 5.785599910268502e-07, 0.9999988079071045], [4.868479663855396e-07, 8.276699077214289e-07, 0.9999986886978149], [4.3587624531937763e-07, 6.49199819235946e-07, 0.999998927116394], [7.946330811137159e-07, 1.0603592954794294e-06, 0.9999980926513672], [5.516487817658344e-07, 1.0299739869878977e-06, 0.9999984502792358], [5.150660626895842e-07, 6.010183710714045e-07, 0.999998927116394], [6.101744816078281e-07, 4.545815102119377e-07, 0.999998927116394], [5.789064516648068e-07, 7.953233875923615e-07, 0.9999985694885254], [4.849472361456719e-07, 7.465376370419108e-07, 0.9999988079071045], [4.953206484969996e-07, 1.1200996823390597e-06, 0.9999983310699463], [9.88940541901684e-07, 8.972749583335826e-07, 0.9999980926513672], [7.072933954077598e-07, 1.1345670145601616e-06, 0.9999982118606567], [5.132829414833395e-07, 9.193880146085576e-07, 0.9999985694885254], [4.3231833046775137e-07, 8.378639790862508e-07, 0.9999986886978149], [7.300979518731765e-07, 5.124833819536434e-07, 0.9999988079071045], [4.816172918253869e-07, 5.766359549852496e-07, 0.999998927116394], [2.41127366962246e-07, 4.935407105222112e-07, 0.9999992847442627], [8.171138006218825e-07, 9.652326298237313e-07, 0.9999982118606567], [5.091268917567504e-07, 7.78320668359811e-07, 0.9999986886978149], [5.408339802670525e-07, 9.493597303844581e-07, 0.9999984502792358], [7.690294410167553e-07, 1.2225021919221035e-06, 0.9999979734420776]]}, "infer_command_tokens": ["I1s2_0_2", "I1s2_1_2", "I1s2_2_2", "I1s2_3_2", "I1s2_4_2", "I1s2_5_2", "I1s2_6_2", "I1s2_7_2", "I1s2_8_2", "I1s2_9_2", "I1s2_10_0", "I1s2_11_2", "I1s2_12_2", "I1s2_13_2", "I1s2_14_2", "I1s2_15_2", "I1s2_16_2", "I1s2_17_2", "I1s2_18_2", "I1s2_19_2", "I1s2_20_2", "I1s2_21_2", "I1s2_22_2", "I1s2_23_2", "I1s2_24_2", "I1s2_25_2", "I1s2_26_2", "I1s2_27_2", "I4_28", "C1_4", "R1_2", "R3_0", "S2s1_17", "S4_0_2", "S4_1_2", "S4_2_2", "S4_3_2", "S4_4_2", "S4_5_2", "S4_6_2", "S4_7_2", "S4_8_2", "S4_9_2", "S4_10_2", "S4_11_2", "S4_12_2", "S4_13_2", "S4_14_2", "S4_15_2", "S4_16_2", "S4_17_2", "S4_18_2", "S4_19_2", "S4_20_2", "S4_21_2", "B1s1_4", "TS1s1_0", "K1_0", "T1s1_2", "P4_3", "ST1_14", "EM1_3", "TM1_2"]}