{"text": "The music's choice of minor key creates a captivating and memorable experience that is enhanced by the use of a fast rhythm. The song, which lasts 31 ~ 45 seconds, utilizes a 4/4 time signature to maintain a consistent beat throughout. The addition of grand piano and strings further enhances the musical composition and adds to the overall appeal of the song. Together, these elements come together to create a dynamic and engaging musical experience. This song has a moderate beat.", "pred_labels": {"R1": [0, 0, 1], "R3": [0, 1, 0, 0], "S2s1": [0, 0, 0, 0, 0, 0, 0, 0, 0, 0, 0, 0, 0, 0, 0, 0, 0, 1], "B1s1": [0, 0, 0, 0, 1], "TS1s1": [1, 0, 0, 0, 0, 0, 0, 0], "K1": [0, 1, 0], "T1s1": [0, 0, 1, 0], "P4": [0, 0, 0, 0, 0, 0, 0, 0, 0, 0, 0, 0, 1], "EM1": [0, 0, 0, 0, 1], "TM1": [0, 0, 1, 0, 0, 0], "I1s2": [[1, 0, 0], [0, 0, 1], [0, 0, 1], [0, 0, 1], [0, 0, 1], [0, 0, 1], [0, 0, 1], [0, 0, 1], [0, 0, 1], [0, 0, 1], [1, 0, 0], [0, 0, 1], [0, 0, 1], [0, 0, 1], [0, 0, 1], [0, 0, 1], [0, 0, 1], [0, 0, 1], [0, 0, 1], [0, 0, 1], [0, 0, 1], [0, 0, 1], [0, 0, 1], [0, 0, 1], [0, 0, 1], [0, 0, 1], [0, 0, 1], [0, 0, 1]], "S4": [[0, 0, 1], [0, 0, 1], [0, 0, 1], [0, 0, 1], [0, 0, 1], [0, 0, 1], [0, 0, 1], [0, 0, 1], [0, 0, 1], [0, 0, 1], [0, 0, 1], [0, 0, 1], [0, 0, 1], [0, 0, 1], [0, 0, 1], [0, 0, 1], [0, 0, 1], [0, 0, 1], [0, 0, 1], [0, 0, 1], [0, 0, 1], [0, 0, 1]]}, "pred_probs": {"R1": [4.191279913356993e-06, 4.303073637856869e-06, 0.9999915361404419], "R3": [7.25838731341355e-07, 0.9999969005584717, 1.0790272426675074e-06, 1.3501274906957406e-06], "S2s1": [2.5311660465376917e-06, 2.5624317459005397e-06, 4.404058472573524e-06, 2.99003227155481e-06, 3.7588517898257123e-06, 4.18475292462972e-06, 3.1335239327745512e-06, 2.781493549264269e-06, 2.959080575237749e-06, 3.1242138902598526e-06, 4.8766851250547916e-06, 5.04341142004705e-06, 3.701698460645275e-06, 1.3860390026820824e-06, 4.176675247435924e-06, 9.335527465736959e-06, 2.022485659836093e-06, 0.9999369382858276], "B1s1": [6.87721740177949e-06, 5.235005573922535e-06, 9.252737072529271e-06, 2.2448004983743886e-06, 0.999976396560669], "TS1s1": [0.9999977350234985, 3.4554705052869394e-07, 5.497681740962435e-07, 1.6123573232107447e-07, 3.048857593057619e-07, 1.4156805150378204e-07, 3.370172123595694e-07, 3.411316811252618e-07], "K1": [3.796270675593405e-07, 0.9999992847442627, 3.445084644226881e-07], "T1s1": [1.7854848692877567e-06, 8.3431626762831e-07, 0.9999964237213135, 1.0020763738793903e-06], "P4": [4.1988852217400563e-07, 3.95201112723953e-07, 3.889331026130094e-07, 4.590756645939109e-07, 7.186293373706576e-07, 2.558684002451628e-07, 5.383891448218492e-07, 2.429688095162419e-07, 4.3576429220593127e-07, 4.796540338247723e-07, 3.103599510723143e-07, 4.2755763729473983e-07, 0.9999948740005493], "EM1": [3.844216280413093e-06, 2.8982735784666147e-06, 7.763589565001894e-06, 1.992240322579164e-05, 0.9999655485153198], "TM1": [6.549044542225602e-07, 4.679369283167034e-07, 0.9999978542327881, 3.1937804578774376e-07, 3.10887287469086e-07, 3.186539743182948e-07], "I1s2": [[0.9999942779541016, 2.666236468940042e-06, 3.0636317660537316e-06], [2.2011968781043834e-07, 2.2055718318370054e-07, 0.9999995231628418], [3.1979030268303177e-07, 2.4936167619671323e-07, 0.9999994039535522], [2.802915162192221e-07, 6.271669690249837e-07, 0.9999990463256836], [1.9434163789355807e-07, 3.944693958146672e-07, 0.9999994039535522], [4.3871713728549366e-07, 5.267151550469862e-07, 0.9999990463256836], [3.996782993453962e-07, 4.7582622642039496e-07, 0.9999991655349731], [2.8111287520005135e-07, 2.766717841495847e-07, 0.9999994039535522], [1.343272373333093e-07, 2.0179430748612504e-07, 0.9999996423721313], [2.3592662046212354e-07, 1.148814874341042e-07, 0.9999996423721313], [0.9999920129776001, 4.119673121749656e-06, 3.798812940658536e-06], [3.7404214481284725e-07, 2.105534662177888e-07, 0.9999994039535522], [2.2166547353208443e-07, 4.094547136901383e-07, 0.9999994039535522], [5.329127361619612e-07, 4.750037305711885e-07, 0.9999990463256836], [2.4382507035625167e-07, 2.3667905679758405e-07, 0.9999995231628418], [1.261631439319899e-07, 1.3148550692676508e-07, 0.9999997615814209], [2.9754227170997183e-07, 3.3654146136541385e-07, 0.9999994039535522], [2.5289273253292777e-07, 2.19204025597719e-07, 0.9999995231628418], [4.872377417086682e-07, 6.508759611278947e-07, 0.9999988079071045], [1.5353633386894217e-07, 3.5133319897795445e-07, 0.9999995231628418], [2.9989277550157567e-07, 3.2571747965448594e-07, 0.9999994039535522], [6.642188168370922e-07, 3.0822334906588367e-07, 0.9999990463256836], [2.8876675628453086e-07, 5.190162823964783e-07, 0.9999991655349731], [1.206494886218934e-07, 9.223631991517323e-08, 0.9999997615814209], [1.2628861441044137e-06, 1.5565728972433135e-07, 0.9999985694885254], [2.227596382908814e-07, 2.3503952206738177e-07, 0.9999995231628418], [3.147648328649666e-07, 3.429340438287909e-07, 0.9999992847442627], [1.615358371509501e-07, 2.724068224324583e-07, 0.9999995231628418]], "S4": [[4.5241531552164815e-06, 1.531125235487707e-06, 0.9999939203262329], [6.052765115782677e-07, 5.35102969934087e-07, 0.9999988079071045], [4.4337915028336283e-07, 6.608132707697223e-07, 0.999998927116394], [4.49700422677779e-07, 6.383125423781166e-07, 0.999998927116394], [8.146123491314938e-07, 9.194700965053926e-07, 0.9999982118606567], [5.525107553694397e-07, 8.663224093652389e-07, 0.9999985694885254], [6.029811174812494e-07, 5.528170845536806e-07, 0.9999988079071045], [5.849591957485245e-07, 4.795265340362675e-07, 0.999998927116394], [6.1854427713115e-07, 7.591431767650647e-07, 0.9999985694885254], [5.083007295070274e-07, 6.374596068781102e-07, 0.9999988079071045], [5.235124262981117e-07, 9.521761512587545e-07, 0.9999985694885254], [1.0927258244919358e-06, 8.483724514007918e-07, 0.9999980926513672], [6.929412847966887e-07, 1.1925260423595319e-06, 0.9999980926513672], [5.249813739283127e-07, 8.252202974290412e-07, 0.9999986886978149], [4.6213119730964536e-07, 8.187773232748441e-07, 0.9999986886978149], [7.40979487545701e-07, 5.180364723855746e-07, 0.9999986886978149], [5.067514621259761e-07, 5.4671858151778e-07, 0.999998927116394], [2.3541005589322594e-07, 4.843424221689929e-07, 0.9999992847442627], [8.511667601851514e-07, 9.390672062181693e-07, 0.9999982118606567], [5.169073347133235e-07, 7.956891749927308e-07, 0.9999986886978149], [5.546388024413318e-07, 9.165192409454903e-07, 0.9999985694885254], [7.998013415999594e-07, 1.1677218481054297e-06, 0.9999979734420776]]}, "infer_command_tokens": ["I1s2_0_0", "I1s2_1_2", "I1s2_2_2", "I1s2_3_2", "I1s2_4_2", "I1s2_5_2", "I1s2_6_2", "I1s2_7_2", "I1s2_8_2", "I1s2_9_2", "I1s2_10_0", "I1s2_11_2", "I1s2_12_2", "I1s2_13_2", "I1s2_14_2", "I1s2_15_2", "I1s2_16_2", "I1s2_17_2", "I1s2_18_2", "I1s2_19_2", "I1s2_20_2", "I1s2_21_2", "I1s2_22_2", "I1s2_23_2", "I1s2_24_2", "I1s2_25_2", "I1s2_26_2", "I1s2_27_2", "I4_28", "C1_4", "R1_2", "R3_1", "S2s1_17", "S4_0_2", "S4_1_2", "S4_2_2", "S4_3_2", "S4_4_2", "S4_5_2", "S4_6_2", "S4_7_2", "S4_8_2", "S4_9_2", "S4_10_2", "S4_11_2", "S4_12_2", "S4_13_2", "S4_14_2", "S4_15_2", "S4_16_2", "S4_17_2", "S4_18_2", "S4_19_2", "S4_20_2", "S4_21_2", "B1s1_4", "TS1s1_0", "K1_1", "T1s1_2", "P4_12", "ST1_14", "EM1_4", "TM1_2"]}