{"text": "The music's limited pitch range of 4 octaves allows for a greater emphasis on the nuances of tone and phrasing, while the major key provides a powerful and memorable sound. With a running time of about 20 seconds, the song's tempo is carefully balanced\u2014not too fast or too slow. The distinct sound of this music is brought to life through the skilled use of piano, saxophone, drum and bass, and it follows a 4/4 time signature. With its quick beat, this song epitomizes the quintessential sound of religious.", "pred_labels": {"R1": [0, 0, 1], "R3": [0, 1, 0, 0], "S2s1": [0, 0, 0, 0, 0, 0, 0, 0, 0, 0, 0, 0, 0, 0, 0, 0, 0, 1], "B1s1": [0, 0, 0, 0, 1], "TS1s1": [1, 0, 0, 0, 0, 0, 0, 0], "K1": [1, 0, 0], "T1s1": [0, 0, 1, 0], "P4": [0, 0, 0, 0, 1, 0, 0, 0, 0, 0, 0, 0, 0], "EM1": [0, 0, 0, 0, 1], "TM1": [0, 1, 0, 0, 0, 0], "I1s2": [[1, 0, 0], [0, 0, 1], [0, 0, 1], [0, 0, 1], [0, 0, 1], [1, 0, 0], [0, 0, 1], [0, 0, 1], [0, 0, 1], [0, 0, 1], [0, 0, 1], [0, 0, 1], [0, 0, 1], [0, 0, 1], [0, 0, 1], [0, 0, 1], [0, 0, 1], [1, 0, 0], [0, 0, 1], [0, 0, 1], [0, 0, 1], [0, 0, 1], [0, 0, 1], [0, 0, 1], [0, 0, 1], [0, 0, 1], [0, 0, 1], [1, 0, 0]], "S4": [[0, 0, 1], [0, 0, 1], [0, 0, 1], [1, 0, 0], [0, 0, 1], [0, 0, 1], [0, 0, 1], [0, 0, 1], [0, 0, 1], [0, 0, 1], [0, 0, 1], [0, 0, 1], [0, 0, 1], [0, 0, 1], [0, 0, 1], [0, 0, 1], [0, 0, 1], [0, 0, 1], [0, 0, 1], [0, 0, 1], [0, 0, 1], [0, 0, 1]]}, "pred_probs": {"R1": [4.322655968280742e-06, 4.183820237813052e-06, 0.9999915361404419], "R3": [1.6090875760710333e-06, 0.9999966621398926, 5.997292760184791e-07, 1.2137461453676224e-06], "S2s1": [2.42570217778848e-06, 2.931088602053933e-06, 4.885177986579947e-06, 3.274440587119898e-06, 3.699929038702976e-06, 4.215292847220553e-06, 3.1517838579020463e-06, 3.094202611464425e-06, 3.1597680845152354e-06, 3.001352979481453e-06, 4.977103799319593e-06, 4.794492724613519e-06, 3.6344681575428694e-06, 1.3514489864974166e-06, 4.303190053178696e-06, 9.558085366734304e-06, 1.7317354377155425e-06, 0.9999356269836426], "B1s1": [6.475157533714082e-06, 4.995741619495675e-06, 9.522622349322774e-06, 2.1442590423248475e-06, 0.9999768733978271], "TS1s1": [0.9999978542327881, 2.9425964953588846e-07, 5.398860025707108e-07, 1.540511647135645e-07, 2.9877611495976453e-07, 1.477506827995967e-07, 3.542262732025847e-07, 3.9124969930526277e-07], "K1": [0.9999996423721313, 1.1890523410329479e-07, 2.2294221935226233e-07], "T1s1": [2.3026755116006825e-06, 8.779458653407346e-07, 0.9999959468841553, 7.831298489691108e-07], "P4": [2.0261265376575466e-07, 7.716182892636425e-08, 7.368508647687122e-08, 6.493056758927196e-08, 0.9999984502792358, 8.648409988154526e-08, 1.1846196912301821e-07, 1.4780573565076338e-07, 1.132429616745867e-07, 1.8296098858172627e-07, 1.4277021875841456e-07, 1.0237657477318862e-07, 2.2229018270536471e-07], "EM1": [2.0547818166960496e-06, 1.8777570858219406e-06, 4.903261469735298e-06, 6.575402494490845e-06, 0.999984622001648], "TM1": [2.0059049177234556e-07, 0.9999986886978149, 3.206821475032484e-07, 2.099069433825207e-07, 2.0912688114549383e-07, 2.1397104887910245e-07], "I1s2": [[0.9999932050704956, 2.774237373159849e-06, 4.013169473182643e-06], [1.9575385579173599e-07, 2.652384125667595e-07, 0.9999995231628418], [4.598457508109277e-07, 3.631187439623318e-07, 0.9999991655349731], [5.309647690410202e-07, 3.198837248419295e-06, 0.9999963045120239], [5.694165565728326e-07, 1.508732452748518e-06, 0.9999979734420776], [0.9999929666519165, 3.294603857284528e-06, 3.745028607227141e-06], [4.072825845469197e-07, 6.279844910750398e-07, 0.999998927116394], [2.692814291549439e-07, 2.759555286502291e-07, 0.9999994039535522], [1.9069833001594816e-07, 5.488522560881393e-07, 0.9999992847442627], [2.4395882292083115e-07, 2.5032454686879646e-07, 0.9999995231628418], [3.6936495462214225e-07, 6.697731009808194e-07, 0.999998927116394], [4.79821608223574e-07, 5.024628535466036e-07, 0.9999990463256836], [4.3085861989311525e-07, 1.320284468420141e-06, 0.9999982118606567], [1.2422466397765675e-06, 2.6726311261882074e-06, 0.9999960660934448], [3.7505080285882286e-07, 3.9480201508013124e-07, 0.9999992847442627], [2.4142607912835956e-07, 3.4460711617612105e-07, 0.9999994039535522], [5.85589532420272e-07, 1.0270215398122673e-06, 0.9999983310699463], [0.9999933242797852, 2.4568448679929134e-06, 4.1911553125828505e-06], [5.674766612173698e-07, 8.13817564448982e-07, 0.9999985694885254], [1.6379087242057722e-07, 4.018788217763358e-07, 0.9999994039535522], [2.3858416398070403e-07, 6.641168397436559e-07, 0.9999990463256836], [7.604289180562773e-07, 3.3555710388100124e-07, 0.999998927116394], [4.25683708726865e-07, 7.392629868263612e-07, 0.9999988079071045], [2.224435604603059e-07, 1.5246926921008708e-07, 0.9999996423721313], [1.7294900089837029e-06, 2.107898637859762e-07, 0.9999980926513672], [2.6993706114808447e-07, 4.4464965753832075e-07, 0.9999992847442627], [5.281593189465639e-07, 1.2918137599626789e-06, 0.9999982118606567], [0.9999936819076538, 2.4843272967700614e-06, 3.8483558455482125e-06]], "S4": [[8.25414463179186e-06, 2.4577088879595976e-06, 0.9999892711639404], [5.874312023479433e-07, 5.856110760760203e-07, 0.9999988079071045], [4.989002491129213e-07, 6.883017817926884e-07, 0.9999988079071045], [0.999987006187439, 1.0271681276208255e-05, 2.747134431047016e-06], [8.197214924621221e-07, 1.0166421589019592e-06, 0.9999982118606567], [5.889320391361252e-07, 9.992127161240205e-07, 0.9999984502792358], [6.91138552610937e-07, 6.805539101151226e-07, 0.9999985694885254], [5.723968570237048e-07, 4.785388227901421e-07, 0.999998927116394], [6.3152225493468e-07, 8.147555945470231e-07, 0.9999985694885254], [5.22479069786641e-07, 7.213079129542166e-07, 0.9999988079071045], [5.820796218358737e-07, 9.623669257052825e-07, 0.9999984502792358], [1.1430565791670233e-06, 7.953336194077565e-07, 0.9999980926513672], [6.698070933452982e-07, 1.2569965974762454e-06, 0.9999980926513672], [5.215316036810691e-07, 8.721333983885415e-07, 0.9999985694885254], [4.583687314152485e-07, 7.939177635307715e-07, 0.9999986886978149], [1.2344344213488512e-06, 8.179845849554113e-07, 0.9999979734420776], [7.149452585508698e-07, 9.597821417628438e-07, 0.9999983310699463], [2.2936301036224904e-07, 5.769898621110769e-07, 0.9999991655349731], [7.801975243637571e-07, 1.0093617675011046e-06, 0.9999982118606567], [5.446503337225295e-07, 7.534367796324659e-07, 0.9999986886978149], [5.039665893491474e-07, 9.623541927794577e-07, 0.9999985694885254], [8.26133145892527e-07, 1.1925942544621648e-06, 0.9999979734420776]]}, "infer_command_tokens": ["I1s2_0_0", "I1s2_1_2", "I1s2_2_2", "I1s2_3_2", "I1s2_4_2", "I1s2_5_0", "I1s2_6_2", "I1s2_7_2", "I1s2_8_2", "I1s2_9_2", "I1s2_10_2", "I1s2_11_2", "I1s2_12_2", "I1s2_13_2", "I1s2_14_2", "I1s2_15_2", "I1s2_16_2", "I1s2_17_0", "I1s2_18_2", "I1s2_19_2", "I1s2_20_2", "I1s2_21_2", "I1s2_22_2", "I1s2_23_2", "I1s2_24_2", "I1s2_25_2", "I1s2_26_2", "I1s2_27_0", "I4_28", "C1_4", "R1_2", "R3_1", "S2s1_17", "S4_0_2", "S4_1_2", "S4_2_2", "S4_3_0", "S4_4_2", "S4_5_2", "S4_6_2", "S4_7_2", "S4_8_2", "S4_9_2", "S4_10_2", "S4_11_2", "S4_12_2", "S4_13_2", "S4_14_2", "S4_15_2", "S4_16_2", "S4_17_2", "S4_18_2", "S4_19_2", "S4_20_2", "S4_21_2", "B1s1_4", "TS1s1_0", "K1_0", "T1s1_2", "P4_4", "ST1_14", "EM1_4", "TM1_1"]}