{"text": "The compact pitch range of 5 octaves results in a focused and impactful musical performance composed in the major key, playing for 1 ~ 15 seconds. The rhythm in this song is incredibly stimulating, and the music should feature grand piano, strings, drum and bass. It features a 4/4 meter and is played at a quick pace, evoking suspense. The song structure is made up of about 6 bars.", "pred_labels": {"R1": [0, 0, 1], "R3": [0, 0, 1, 0], "S2s1": [0, 0, 0, 0, 0, 0, 0, 0, 0, 0, 0, 0, 0, 0, 0, 0, 0, 1], "B1s1": [0, 1, 0, 0, 0], "TS1s1": [1, 0, 0, 0, 0, 0, 0, 0], "K1": [1, 0, 0], "T1s1": [0, 0, 1, 0], "P4": [0, 0, 0, 0, 0, 1, 0, 0, 0, 0, 0, 0, 0], "EM1": [0, 1, 0, 0, 0], "TM1": [1, 0, 0, 0, 0, 0], "I1s2": [[1, 0, 0], [0, 0, 1], [0, 0, 1], [0, 0, 1], [0, 0, 1], [1, 0, 0], [0, 0, 1], [0, 0, 1], [0, 0, 1], [0, 0, 1], [1, 0, 0], [0, 0, 1], [0, 0, 1], [0, 0, 1], [0, 0, 1], [0, 0, 1], [0, 0, 1], [0, 0, 1], [0, 0, 1], [0, 0, 1], [0, 0, 1], [0, 0, 1], [0, 0, 1], [0, 0, 1], [0, 0, 1], [0, 0, 1], [0, 0, 1], [1, 0, 0]], "S4": [[0, 0, 1], [0, 0, 1], [0, 0, 1], [0, 0, 1], [0, 0, 1], [0, 0, 1], [0, 0, 1], [0, 0, 1], [0, 0, 1], [0, 0, 1], [0, 0, 1], [0, 0, 1], [0, 0, 1], [0, 0, 1], [0, 0, 1], [0, 0, 1], [0, 0, 1], [0, 0, 1], [0, 0, 1], [0, 0, 1], [0, 0, 1], [0, 0, 1]]}, "pred_probs": {"R1": [4.452494522411143e-06, 3.835264578810893e-06, 0.9999916553497314], "R3": [7.706315159339283e-07, 1.5035559499665396e-06, 0.9999971389770508, 5.472715542964579e-07], "S2s1": [2.467883632562007e-06, 2.387433596595656e-06, 4.607717073668027e-06, 3.2526800168852787e-06, 3.823762654064922e-06, 3.831866706605069e-06, 3.2986099540721625e-06, 3.2615453164908104e-06, 2.7812679945782293e-06, 2.8437150376703357e-06, 4.667365374189103e-06, 5.083956239104737e-06, 3.89232809538953e-06, 1.287223881263344e-06, 4.509318841883214e-06, 9.922967365127988e-06, 1.857507754721155e-06, 0.9999359846115112], "B1s1": [7.956386411933636e-07, 0.9999961853027344, 8.311401984428812e-07, 9.853087021838292e-07, 1.1503474297569483e-06], "TS1s1": [0.9999972581863403, 3.94049664009799e-07, 8.987481123767793e-07, 1.4259138936267846e-07, 3.2927411552918784e-07, 1.4397903669305379e-07, 3.280204055045033e-07, 4.2910764364023635e-07], "K1": [0.9999996423721313, 1.1817674305802939e-07, 2.2465712845587404e-07], "T1s1": [1.7225394230990787e-06, 9.627855206417735e-07, 0.999996542930603, 6.835582553321728e-07], "P4": [1.2220260714457254e-07, 2.745120184499683e-07, 2.545799020481354e-07, 3.4257178072039096e-07, 7.921008915445782e-08, 0.9999979734420776, 1.5710845957528363e-07, 1.1007935540874314e-07, 8.224710512649835e-08, 1.2783416991624108e-07, 2.442965012505738e-07, 1.0605528899532146e-07, 1.0188077226302994e-07], "EM1": [1.6026835510274395e-05, 0.9999593496322632, 5.507586138264742e-06, 1.0555204426054843e-05, 8.547196557628922e-06], "TM1": [0.9999988079071045, 2.1319318932455644e-07, 2.6374144113106013e-07, 2.857401000255777e-07, 2.056150805174184e-07, 2.6711870759754675e-07], "I1s2": [[0.9999940395355225, 2.9125124001438962e-06, 3.0894532301317668e-06], [1.9520800265127036e-07, 2.9300449000402295e-07, 0.9999995231628418], [3.3274469046773447e-07, 2.9944752100163896e-07, 0.9999994039535522], [5.672933980349626e-07, 3.393890438019298e-06, 0.9999960660934448], [5.105638365421328e-07, 1.5031542943688692e-06, 0.9999979734420776], [0.999992847442627, 3.436575298110256e-06, 3.753999862965429e-06], [4.551410768272035e-07, 6.672580070699041e-07, 0.999998927116394], [2.4290250166814076e-07, 3.700124295846763e-07, 0.9999994039535522], [2.0940538547620235e-07, 6.807684940213221e-07, 0.9999991655349731], [2.3084497513536917e-07, 2.4047659508141805e-07, 0.9999995231628418], [0.9999915361404419, 4.145366801822092e-06, 4.308428287913557e-06], [5.253525046100549e-07, 6.311304900918913e-07, 0.9999988079071045], [4.5290724415281147e-07, 1.7395153690813459e-06, 0.9999978542327881], [1.1576031511140172e-06, 2.6708223686000565e-06, 0.9999961853027344], [2.1292369467573735e-07, 3.4038967555716226e-07, 0.9999994039535522], [2.0817745394197118e-07, 4.1983517462540476e-07, 0.9999994039535522], [5.883771905246249e-07, 1.1499121228553122e-06, 0.9999982118606567], [2.561615701779374e-07, 3.468673241968645e-07, 0.9999994039535522], [4.330979095357179e-07, 7.72281509853201e-07, 0.9999988079071045], [1.40226745770633e-07, 4.257667853835301e-07, 0.9999994039535522], [2.222674453378204e-07, 6.03183821112907e-07, 0.9999991655349731], [6.889678161314805e-07, 3.125554144389753e-07, 0.9999990463256836], [2.2071172622872837e-07, 7.186056336649926e-07, 0.9999990463256836], [1.6193858698443364e-07, 1.5139214326609363e-07, 0.9999996423721313], [2.2059159618947888e-06, 2.3666754600526474e-07, 0.999997615814209], [2.4394759634560614e-07, 4.598896623519977e-07, 0.9999992847442627], [5.368742677092087e-07, 1.3267861049826024e-06, 0.9999980926513672], [0.9999933242797852, 2.571208142398973e-06, 4.057804744661553e-06]], "S4": [[6.435967407014687e-06, 1.9719102510862285e-06, 0.9999915361404419], [5.683704102921183e-07, 6.371313929776079e-07, 0.9999988079071045], [4.618704281256214e-07, 6.77948662541894e-07, 0.9999988079071045], [4.5027417172605055e-07, 6.034150032974139e-07, 0.999998927116394], [8.36777587664983e-07, 1.002433805297187e-06, 0.9999982118606567], [5.959195732430089e-07, 1.1275762972218217e-06, 0.9999983310699463], [6.23371363417391e-07, 5.901196118429652e-07, 0.9999988079071045], [5.477926379171549e-07, 5.055042038293323e-07, 0.999998927116394], [6.307103035396722e-07, 8.333017831319012e-07, 0.9999985694885254], [4.825216137760435e-07, 5.756041332460882e-07, 0.999998927116394], [5.100895350551582e-07, 9.83963559519907e-07, 0.9999984502792358], [1.0570284985078615e-06, 8.184099442587467e-07, 0.9999980926513672], [6.69901510264026e-07, 1.3950779020888149e-06, 0.9999979734420776], [5.377640377446369e-07, 9.569106396156712e-07, 0.9999984502792358], [3.859211687995412e-07, 8.053419264797412e-07, 0.9999988079071045], [1.237745664184331e-06, 8.590490097049042e-07, 0.9999978542327881], [7.765764848954859e-07, 1.0184102166022058e-06, 0.9999982118606567], [2.1491742074886133e-07, 5.897091455153713e-07, 0.9999991655349731], [7.650838256267889e-07, 1.0486257906450192e-06, 0.9999982118606567], [5.45491388947994e-07, 7.317031531783869e-07, 0.9999986886978149], [5.094115067549865e-07, 8.557609589843196e-07, 0.9999986886978149], [6.994386012593168e-07, 1.0992355328198755e-06, 0.9999982118606567]]}, "infer_command_tokens": ["I1s2_0_0", "I1s2_1_2", "I1s2_2_2", "I1s2_3_2", "I1s2_4_2", "I1s2_5_0", "I1s2_6_2", "I1s2_7_2", "I1s2_8_2", "I1s2_9_2", "I1s2_10_0", "I1s2_11_2", "I1s2_12_2", "I1s2_13_2", "I1s2_14_2", "I1s2_15_2", "I1s2_16_2", "I1s2_17_2", "I1s2_18_2", "I1s2_19_2", "I1s2_20_2", "I1s2_21_2", "I1s2_22_2", "I1s2_23_2", "I1s2_24_2", "I1s2_25_2", "I1s2_26_2", "I1s2_27_0", "I4_28", "C1_4", "R1_2", "R3_2", "S2s1_17", "S4_0_2", "S4_1_2", "S4_2_2", "S4_3_2", "S4_4_2", "S4_5_2", "S4_6_2", "S4_7_2", "S4_8_2", "S4_9_2", "S4_10_2", "S4_11_2", "S4_12_2", "S4_13_2", "S4_14_2", "S4_15_2", "S4_16_2", "S4_17_2", "S4_18_2", "S4_19_2", "S4_20_2", "S4_21_2", "B1s1_1", "TS1s1_0", "K1_0", "T1s1_2", "P4_5", "ST1_14", "EM1_1", "TM1_0"]}