{"text": "The music's limited pitch range of 6 octaves allows for a greater emphasis on the nuances of tone and phrasing, while its use of major key creates a rich and dynamic sonic palette. The song has a playtime of about 40 seconds and features a tempo that is very soothing and peaceful. To fully capture the essence of the music, grand piano, strings, drum and bass should be included. The 4/4 time signature is used in the music, and the song's beat is balanced across its about 15 bars. Through its composition, the music expresses rejuvenate and invites the listener on a journey of sound and feeling.", "pred_labels": {"R1": [0, 0, 1], "R3": [1, 0, 0, 0], "S2s1": [0, 0, 0, 0, 0, 0, 0, 0, 0, 0, 0, 0, 0, 0, 0, 0, 0, 1], "B1s1": [0, 0, 0, 1, 0], "TS1s1": [1, 0, 0, 0, 0, 0, 0, 0], "K1": [1, 0, 0], "T1s1": [0, 1, 0, 0], "P4": [0, 0, 0, 0, 0, 0, 1, 0, 0, 0, 0, 0, 0], "EM1": [0, 0, 0, 1, 0], "TM1": [0, 0, 1, 0, 0, 0], "I1s2": [[1, 0, 0], [0, 0, 1], [0, 0, 1], [0, 0, 1], [0, 0, 1], [1, 0, 0], [0, 0, 1], [0, 0, 1], [0, 0, 1], [0, 0, 1], [1, 0, 0], [0, 0, 1], [0, 0, 1], [0, 0, 1], [0, 0, 1], [0, 0, 1], [0, 0, 1], [0, 0, 1], [0, 0, 1], [0, 0, 1], [0, 0, 1], [0, 0, 1], [0, 0, 1], [0, 0, 1], [0, 0, 1], [0, 0, 1], [0, 0, 1], [1, 0, 0]], "S4": [[0, 0, 1], [0, 0, 1], [0, 0, 1], [0, 0, 1], [0, 0, 1], [0, 0, 1], [0, 0, 1], [0, 0, 1], [0, 0, 1], [0, 0, 1], [0, 0, 1], [0, 0, 1], [0, 0, 1], [0, 0, 1], [0, 0, 1], [0, 0, 1], [0, 0, 1], [0, 0, 1], [0, 0, 1], [0, 0, 1], [0, 0, 1], [0, 0, 1]]}, "pred_probs": {"R1": [4.594367055688053e-06, 3.6903645650454564e-06, 0.999991774559021], "R3": [0.9999985694885254, 3.8201179108909855e-07, 7.270655828506278e-07, 3.197006890331977e-07], "S2s1": [2.4529051643185085e-06, 2.40580584431882e-06, 4.5797028178640176e-06, 3.211918055967544e-06, 3.913922682841076e-06, 3.9608971746929456e-06, 3.515776370477397e-06, 3.1875183594820555e-06, 2.727568016780424e-06, 2.856880655599525e-06, 4.903431999991881e-06, 5.198295184527524e-06, 3.822006419795798e-06, 1.297515495934931e-06, 4.2762089833559e-06, 9.497078281128779e-06, 1.8320758954359917e-06, 0.9999363422393799], "B1s1": [9.68101630860474e-07, 1.1416765346439206e-06, 9.536171887702949e-07, 0.9999964237213135, 4.84669101297186e-07], "TS1s1": [0.9999977350234985, 3.28365814539211e-07, 5.833813361277862e-07, 1.4866456865547661e-07, 3.0422472718782956e-07, 1.4817992166626937e-07, 3.5712298540602205e-07, 3.651222186817904e-07], "K1": [0.9999996423721313, 1.1953488865401596e-07, 2.2849636138744245e-07], "T1s1": [6.626847266488767e-07, 0.999996542930603, 8.119421863739262e-07, 1.91020080819726e-06], "P4": [1.49607870980617e-07, 4.764162042647513e-08, 2.81811090019346e-08, 8.136358786714482e-08, 7.527557954745134e-08, 1.0721246468392565e-07, 0.9999990463256836, 3.398681158728323e-08, 8.466657419603507e-08, 1.100366446848966e-07, 8.864776646078099e-08, 9.150921442824256e-08, 1.2191311782316916e-07], "EM1": [3.700031584230601e-06, 1.6964924043350038e-06, 1.567093818266585e-06, 0.9999890327453613, 4.0356048884859774e-06], "TM1": [5.953308459538675e-07, 4.3119311499140167e-07, 0.9999979734420776, 3.677976110338932e-07, 2.85186416704164e-07, 3.2799971450003795e-07], "I1s2": [[0.9999945163726807, 2.5538354293530574e-06, 2.9727914352406515e-06], [1.9005585727427388e-07, 2.565493559814058e-07, 0.9999995231628418], [3.899390605965891e-07, 3.466066971213877e-07, 0.9999992847442627], [5.472274438034219e-07, 2.8587999167939415e-06, 0.999996542930603], [5.096031827633851e-07, 1.2591983704624e-06, 0.9999982118606567], [0.999992847442627, 2.9987068046466447e-06, 4.143372279941104e-06], [5.020464755034482e-07, 6.741923357367341e-07, 0.9999988079071045], [2.541736989769561e-07, 2.830319658642111e-07, 0.9999994039535522], [2.2692144341363019e-07, 4.999740781386208e-07, 0.9999992847442627], [2.5174685447382217e-07, 2.1064548150206974e-07, 0.9999995231628418], [0.9999918937683105, 3.861679488181835e-06, 4.2914443838526495e-06], [5.358404564503871e-07, 5.879345508219558e-07, 0.999998927116394], [4.679012874930777e-07, 1.5047492070152657e-06, 0.9999979734420776], [1.3046578715147916e-06, 2.1459909476106986e-06, 0.999996542930603], [2.9796191824971174e-07, 3.6004087178298505e-07, 0.9999992847442627], [2.4574185886194755e-07, 3.9334804569080006e-07, 0.9999994039535522], [5.925353434577119e-07, 8.78457399267063e-07, 0.9999985694885254], [3.4528576975390024e-07, 3.067364673370321e-07, 0.9999994039535522], [4.987459760741331e-07, 8.306272434310813e-07, 0.9999986886978149], [1.5073347015004401e-07, 3.4200789400529175e-07, 0.9999995231628418], [2.0276650047890143e-07, 5.546037868953135e-07, 0.9999992847442627], [7.008620741544291e-07, 3.100565209024353e-07, 0.9999990463256836], [2.3835514184611384e-07, 6.586508334294194e-07, 0.9999990463256836], [1.6515758716195705e-07, 1.3794169717584737e-07, 0.9999996423721313], [2.0640297861973522e-06, 2.003941403927456e-07, 0.9999977350234985], [2.3038131757857627e-07, 4.388745935557381e-07, 0.9999992847442627], [5.006010610486555e-07, 9.838219057201059e-07, 0.9999985694885254], [0.9999933242797852, 2.578936346253613e-06, 4.097809778613737e-06]], "S4": [[5.6955486797960475e-06, 1.8207523453384056e-06, 0.9999924898147583], [5.392006414695061e-07, 5.542561893889797e-07, 0.999998927116394], [4.795525683221058e-07, 6.329768211799092e-07, 0.999998927116394], [4.5168357587499486e-07, 6.244490009521542e-07, 0.999998927116394], [8.101004027594172e-07, 9.197445933750714e-07, 0.9999982118606567], [5.447925559565192e-07, 9.50133255628316e-07, 0.9999984502792358], [5.892372882954078e-07, 5.970837264612783e-07, 0.9999988079071045], [5.480806066771038e-07, 5.229197768130689e-07, 0.999998927116394], [6.473213716162718e-07, 7.80058712734899e-07, 0.9999985694885254], [5.205423576626345e-07, 7.011253160271735e-07, 0.9999988079071045], [4.974282319381018e-07, 9.697920404505567e-07, 0.9999985694885254], [1.1033733926524292e-06, 8.189361437871412e-07, 0.9999980926513672], [6.767878630853374e-07, 1.3277743846629164e-06, 0.9999979734420776], [5.383402594816289e-07, 9.769796633918304e-07, 0.9999984502792358], [4.247092704190436e-07, 7.2928793315441e-07, 0.9999988079071045], [1.4337121001517517e-06, 9.437891321795178e-07, 0.999997615814209], [7.372152595053194e-07, 9.594600669515785e-07, 0.9999983310699463], [2.2579392577881663e-07, 5.609592790278839e-07, 0.9999991655349731], [7.681500733269786e-07, 1.0241839163427358e-06, 0.9999982118606567], [5.450847311294638e-07, 7.233040832943516e-07, 0.9999986886978149], [5.276817773847142e-07, 9.322956771029567e-07, 0.9999985694885254], [7.705976940997061e-07, 1.1340119954184047e-06, 0.9999980926513672]]}, "infer_command_tokens": ["I1s2_0_0", "I1s2_1_2", "I1s2_2_2", "I1s2_3_2", "I1s2_4_2", "I1s2_5_0", "I1s2_6_2", "I1s2_7_2", "I1s2_8_2", "I1s2_9_2", "I1s2_10_0", "I1s2_11_2", "I1s2_12_2", "I1s2_13_2", "I1s2_14_2", "I1s2_15_2", "I1s2_16_2", "I1s2_17_2", "I1s2_18_2", "I1s2_19_2", "I1s2_20_2", "I1s2_21_2", "I1s2_22_2", "I1s2_23_2", "I1s2_24_2", "I1s2_25_2", "I1s2_26_2", "I1s2_27_0", "I4_28", "C1_4", "R1_2", "R3_0", "S2s1_17", "S4_0_2", "S4_1_2", "S4_2_2", "S4_3_2", "S4_4_2", "S4_5_2", "S4_6_2", "S4_7_2", "S4_8_2", "S4_9_2", "S4_10_2", "S4_11_2", "S4_12_2", "S4_13_2", "S4_14_2", "S4_15_2", "S4_16_2", "S4_17_2", "S4_18_2", "S4_19_2", "S4_20_2", "S4_21_2", "B1s1_3", "TS1s1_0", "K1_0", "T1s1_1", "P4_6", "ST1_14", "EM1_3", "TM1_2"]}