{"text": "This music offers a diverse and dynamic listening experience with a pitch range spanning 4 octaves. The major key provides a powerful and memorable sound, complemented by the highly intense rhythm and the use of voice, sound effect, strings and bass in the musical composition. The 4/4 time signature is used in the song, which has a runtime of 31 ~ 45 seconds and is played at a moderate pace. The music is steeped in the traditions of Latin style, making for a compelling and engaging musical experience.", "pred_labels": {"R1": [0, 0, 1], "R3": [0, 0, 1, 0], "S2s1": [0, 0, 0, 0, 0, 0, 0, 0, 0, 0, 0, 0, 0, 0, 0, 0, 0, 1], "B1s1": [0, 0, 0, 0, 1], "TS1s1": [1, 0, 0, 0, 0, 0, 0, 0], "K1": [1, 0, 0], "T1s1": [0, 1, 0, 0], "P4": [0, 0, 0, 0, 1, 0, 0, 0, 0, 0, 0, 0, 0], "EM1": [0, 0, 0, 0, 1], "TM1": [0, 0, 1, 0, 0, 0], "I1s2": [[0, 0, 1], [0, 0, 1], [0, 0, 1], [0, 0, 1], [0, 0, 1], [1, 0, 0], [0, 0, 1], [0, 0, 1], [0, 0, 1], [0, 0, 1], [1, 0, 0], [1, 0, 0], [0, 0, 1], [0, 0, 1], [0, 0, 1], [0, 0, 1], [0, 0, 1], [0, 0, 1], [0, 0, 1], [0, 0, 1], [0, 0, 1], [0, 0, 1], [0, 0, 1], [0, 0, 1], [0, 0, 1], [0, 0, 1], [1, 0, 0], [0, 0, 1]], "S4": [[0, 0, 1], [0, 0, 1], [0, 0, 1], [0, 0, 1], [0, 0, 1], [0, 0, 1], [0, 0, 1], [0, 0, 1], [1, 0, 0], [0, 0, 1], [0, 0, 1], [0, 0, 1], [0, 0, 1], [0, 0, 1], [0, 0, 1], [0, 0, 1], [0, 0, 1], [0, 0, 1], [0, 0, 1], [0, 0, 1], [0, 0, 1], [0, 0, 1]]}, "pred_probs": {"R1": [4.334915956860641e-06, 4.254092800692888e-06, 0.9999914169311523], "R3": [1.1767768910431187e-06, 1.1977355143244495e-06, 0.9999967813491821, 8.780387474871532e-07], "S2s1": [2.9476348117896123e-06, 2.7036949177272618e-06, 4.510377948463429e-06, 3.2751140679465607e-06, 3.849066615657648e-06, 4.327011083660182e-06, 4.033940967929084e-06, 3.2050420486484654e-06, 2.9901668767706724e-06, 3.128221578663215e-06, 5.530875569093041e-06, 4.466034624783788e-06, 3.5039633985434193e-06, 1.3109223573337658e-06, 4.244359388394514e-06, 9.991024853661656e-06, 1.6596773093624506e-06, 0.9999343156814575], "B1s1": [6.602303983527236e-06, 4.743376848637126e-06, 9.984795724449214e-06, 2.3827142285881564e-06, 0.9999762773513794], "TS1s1": [0.9999978542327881, 3.248248106046958e-07, 5.846412136634171e-07, 1.5684389609305072e-07, 2.9035695092716196e-07, 1.2889735501175892e-07, 3.212472279301437e-07, 3.770262537727831e-07], "K1": [0.9999996423721313, 1.2801737625522946e-07, 2.1370492220285087e-07], "T1s1": [1.1930142136407085e-06, 0.9999972581863403, 8.888891898095608e-07, 7.511255262215855e-07], "P4": [2.1804491723287356e-07, 1.0248810156099353e-07, 7.958431780252795e-08, 7.031011506342111e-08, 0.9999982118606567, 7.999964424243444e-08, 1.3931602893535455e-07, 1.8046897309886845e-07, 1.3831903800110013e-07, 2.1681343298496358e-07, 1.682378893974601e-07, 1.121103565537851e-07, 2.635901523717621e-07], "EM1": [2.401716756139649e-06, 2.1528296656470047e-06, 5.281684025248978e-06, 1.3552041309594642e-05, 0.999976634979248], "TM1": [7.216182211777777e-07, 4.0757626607046404e-07, 0.9999978542327881, 3.2671155736352375e-07, 3.015723848420748e-07, 3.5455039437692903e-07], "I1s2": [[3.178652718816011e-07, 3.6149899074189307e-07, 0.9999992847442627], [2.1344214928831207e-07, 2.7601663532550447e-07, 0.9999995231628418], [4.6674395548507164e-07, 4.077159871940239e-07, 0.9999991655349731], [5.032452463638037e-07, 2.8335489332675934e-06, 0.9999966621398926], [3.811362319083855e-07, 1.0422244258734281e-06, 0.9999985694885254], [0.9999920129776001, 3.565262886695564e-06, 4.357753368822159e-06], [5.13706652327528e-07, 6.901184974594798e-07, 0.9999988079071045], [3.083048909502395e-07, 3.213693844372756e-07, 0.9999994039535522], [2.500850939668453e-07, 7.052732371448656e-07, 0.9999990463256836], [2.528237530441402e-07, 1.9980387833129498e-07, 0.9999995231628418], [0.999990701675415, 4.059025286551332e-06, 5.1924489525845274e-06], [0.9999923706054688, 2.1420030407171e-06, 5.5282384892052505e-06], [3.602953881909343e-07, 1.3433455023914576e-06, 0.9999983310699463], [9.049921914083825e-07, 1.9923211311834166e-06, 0.9999971389770508], [2.2709660640884977e-07, 3.2965058949230297e-07, 0.9999994039535522], [2.2402231536489126e-07, 3.5355691352378926e-07, 0.9999994039535522], [6.738296178809833e-07, 9.222779908668599e-07, 0.9999984502792358], [3.043409435576905e-07, 4.057525302414433e-07, 0.9999992847442627], [4.114791067877377e-07, 7.032160169728741e-07, 0.999998927116394], [1.8305976823285164e-07, 4.0919590560406505e-07, 0.9999994039535522], [2.618735095438751e-07, 8.533195909876667e-07, 0.999998927116394], [9.741830808707164e-07, 3.883523049807991e-07, 0.9999986886978149], [2.284349847059275e-07, 8.900103694031714e-07, 0.999998927116394], [2.4810094600979937e-07, 1.461705920746681e-07, 0.9999996423721313], [2.0416239294718252e-06, 2.1308015618615173e-07, 0.9999977350234985], [2.164769199453076e-07, 3.9245512084562506e-07, 0.9999994039535522], [0.9999904632568359, 3.671228796520154e-06, 5.893911293242127e-06], [1.5460084057394852e-07, 3.3010712741088355e-07, 0.9999995231628418]], "S4": [[5.894803962291917e-06, 1.9569129108276684e-06, 0.9999921321868896], [5.976989427836088e-07, 6.668736318715673e-07, 0.9999986886978149], [4.218271669742535e-07, 7.972006983436586e-07, 0.9999988079071045], [4.783174745170982e-07, 7.107076953616343e-07, 0.9999988079071045], [8.624871838947001e-07, 9.537963023831253e-07, 0.9999982118606567], [5.832462761645729e-07, 1.4441045550483977e-06, 0.9999979734420776], [7.288858796528075e-07, 7.257534662130638e-07, 0.9999985694885254], [6.198631581355585e-07, 4.927006216348673e-07, 0.999998927116394], [0.9999685287475586, 2.619382576085627e-05, 5.238130142970476e-06], [5.581846380664501e-07, 6.308711135716294e-07, 0.9999988079071045], [5.019504101255734e-07, 1.2398323860907112e-06, 0.9999982118606567], [1.1196464129170636e-06, 8.592727454015403e-07, 0.9999979734420776], [7.015360097284429e-07, 1.4198593589753727e-06, 0.9999978542327881], [5.43668363661709e-07, 1.0124103937414475e-06, 0.9999984502792358], [4.535070274869213e-07, 9.261386253456294e-07, 0.9999985694885254], [1.2795791235475917e-06, 7.542284379269404e-07, 0.9999979734420776], [5.598126904260425e-07, 7.562139785477484e-07, 0.9999986886978149], [2.3187222097931226e-07, 5.043386863690102e-07, 0.9999992847442627], [8.652387464280764e-07, 1.0322481784896809e-06, 0.9999980926513672], [5.50886511518911e-07, 8.304576226692006e-07, 0.9999985694885254], [6.374949066412228e-07, 1.4473557712335605e-06, 0.9999979734420776], [7.760357902952819e-07, 1.259888904314721e-06, 0.9999979734420776]]}, "infer_command_tokens": ["I1s2_0_2", "I1s2_1_2", "I1s2_2_2", "I1s2_3_2", "I1s2_4_2", "I1s2_5_0", "I1s2_6_2", "I1s2_7_2", "I1s2_8_2", "I1s2_9_2", "I1s2_10_0", "I1s2_11_0", "I1s2_12_2", "I1s2_13_2", "I1s2_14_2", "I1s2_15_2", "I1s2_16_2", "I1s2_17_2", "I1s2_18_2", "I1s2_19_2", "I1s2_20_2", "I1s2_21_2", "I1s2_22_2", "I1s2_23_2", "I1s2_24_2", "I1s2_25_2", "I1s2_26_0", "I1s2_27_2", "I4_28", "C1_4", "R1_2", "R3_2", "S2s1_17", "S4_0_2", "S4_1_2", "S4_2_2", "S4_3_2", "S4_4_2", "S4_5_2", "S4_6_2", "S4_7_2", "S4_8_0", "S4_9_2", "S4_10_2", "S4_11_2", "S4_12_2", "S4_13_2", "S4_14_2", "S4_15_2", "S4_16_2", "S4_17_2", "S4_18_2", "S4_19_2", "S4_20_2", "S4_21_2", "B1s1_4", "TS1s1_0", "K1_0", "T1s1_1", "P4_4", "ST1_14", "EM1_4", "TM1_2"]}