{"text": "The unique and resonant sound of this music is conveyed through its use of the minor key and the grand piano and strings used to create it. With a fast tempo and sullenness-laden projection, this song consists of about 14 bars, bringing together a complete musical experience that is both powerful and memorable. Its pitch range is within 2 octaves.", "pred_labels": {"R1": [0, 0, 1], "R3": [0, 0, 0, 1], "S2s1": [0, 0, 0, 0, 0, 0, 0, 0, 0, 0, 0, 0, 0, 0, 0, 0, 0, 1], "B1s1": [0, 0, 0, 1, 0], "TS1s1": [0, 0, 0, 0, 0, 0, 0, 1], "K1": [0, 1, 0], "T1s1": [0, 0, 1, 0], "P4": [0, 0, 1, 0, 0, 0, 0, 0, 0, 0, 0, 0, 0], "EM1": [0, 0, 1, 0, 0], "TM1": [0, 0, 0, 0, 0, 1], "I1s2": [[1, 0, 0], [0, 0, 1], [0, 0, 1], [0, 0, 1], [0, 0, 1], [0, 0, 1], [0, 0, 1], [0, 0, 1], [0, 0, 1], [0, 0, 1], [1, 0, 0], [0, 0, 1], [0, 0, 1], [0, 0, 1], [0, 0, 1], [0, 0, 1], [0, 0, 1], [0, 0, 1], [0, 0, 1], [0, 0, 1], [0, 0, 1], [0, 0, 1], [0, 0, 1], [0, 0, 1], [0, 0, 1], [0, 0, 1], [0, 0, 1], [0, 0, 1]], "S4": [[0, 0, 1], [0, 0, 1], [0, 0, 1], [0, 0, 1], [0, 0, 1], [0, 0, 1], [0, 0, 1], [0, 0, 1], [0, 0, 1], [0, 0, 1], [0, 0, 1], [0, 0, 1], [0, 0, 1], [0, 0, 1], [0, 0, 1], [0, 0, 1], [0, 0, 1], [0, 0, 1], [0, 0, 1], [0, 0, 1], [0, 0, 1], [0, 0, 1]]}, "pred_probs": {"R1": [4.368936515675159e-06, 4.2376409510325175e-06, 0.9999914169311523], "R3": [1.3469185660142102e-06, 1.1158011830048054e-06, 1.8177981928602094e-06, 0.9999957084655762], "S2s1": [2.5773954348551342e-06, 2.597763568701339e-06, 4.554458428174257e-06, 3.2289110549754696e-06, 3.3297021673206473e-06, 3.910512532456778e-06, 3.139031377941137e-06, 2.960261326734326e-06, 2.386701453360729e-06, 2.8107547223044094e-06, 4.74832404506742e-06, 5.238141966401599e-06, 3.7119446005817736e-06, 1.1909977502000402e-06, 4.192235792288557e-06, 8.37245079310378e-06, 1.7969865666600526e-06, 0.9999392032623291], "B1s1": [1.000110160020995e-06, 9.027817213791423e-07, 7.722563850620645e-07, 0.9999967813491821, 5.643195777338406e-07], "TS1s1": [7.016180916252779e-07, 1.2865544931628392e-06, 9.041420980793191e-07, 1.8327211819268996e-06, 8.657542025503062e-07, 1.6764111023803707e-06, 5.137658808962442e-05, 0.999941349029541], "K1": [3.3418527323192393e-07, 0.9999992847442627, 3.9371764160023304e-07], "T1s1": [2.041445895883953e-06, 8.180424515558116e-07, 0.9999963045120239, 8.699259410605009e-07], "P4": [9.442428705597194e-08, 1.963900899681903e-07, 0.9999990463256836, 4.5033026196961146e-08, 5.3919379183753335e-08, 9.608795181748064e-08, 1.5949332521358883e-08, 5.261541247136847e-08, 7.571028959318937e-08, 1.438225751826394e-07, 9.590650051904959e-08, 7.083419006903569e-08, 9.776805853789483e-08], "EM1": [4.10795337302261e-06, 2.122177193086827e-06, 0.9999889135360718, 3.1127299280342413e-06, 1.8025289136858191e-06], "TM1": [3.316739878300723e-07, 6.751974979124498e-07, 3.7783294715154625e-07, 6.023088303663826e-07, 8.512619587008885e-08, 0.9999979734420776], "I1s2": [[0.9999942779541016, 2.7156797841598745e-06, 3.036820544366492e-06], [2.046168106062396e-07, 2.546813107073831e-07, 0.9999995231628418], [2.6301148636775906e-07, 2.545837105571991e-07, 0.9999995231628418], [2.443622122427769e-07, 8.316404205288563e-07, 0.999998927116394], [1.9700560471846984e-07, 4.6370576001208974e-07, 0.9999992847442627], [3.8750488329242216e-07, 5.965818559161562e-07, 0.9999990463256836], [2.8141968755335256e-07, 5.282177539811528e-07, 0.9999991655349731], [2.2420077527840476e-07, 3.4769598755701736e-07, 0.9999994039535522], [1.0794278892944931e-07, 2.353971240154351e-07, 0.9999996423721313], [1.8728927386746363e-07, 1.3596327619325166e-07, 0.9999996423721313], [0.9999908208847046, 4.7524927140329964e-06, 4.386166892800247e-06], [3.27061229654646e-07, 2.6832779553842556e-07, 0.9999994039535522], [1.9289986141757254e-07, 5.454755864775507e-07, 0.9999992847442627], [3.8861475104567944e-07, 6.135198304946243e-07, 0.9999990463256836], [1.5180793866420572e-07, 2.4214324412241695e-07, 0.9999996423721313], [1.1507481900707717e-07, 1.471136243935689e-07, 0.9999997615814209], [2.571570689724467e-07, 3.89622414331825e-07, 0.9999994039535522], [2.2524812948176987e-07, 3.151769760734169e-07, 0.9999994039535522], [4.012027261524054e-07, 6.949994713068008e-07, 0.999998927116394], [1.4255648750349792e-07, 4.1821795093710534e-07, 0.9999994039535522], [2.0203130191021046e-07, 3.5890067806576553e-07, 0.9999994039535522], [5.389550210566085e-07, 3.142171465242427e-07, 0.9999991655349731], [1.8911615029537643e-07, 6.152894229671801e-07, 0.9999991655349731], [1.0095997282633107e-07, 1.1070447669681016e-07, 0.9999997615814209], [1.2265178384041064e-06, 1.7339142743821867e-07, 0.9999985694885254], [1.9368334847058577e-07, 2.517922155220731e-07, 0.9999995231628418], [3.2173764452636533e-07, 4.347372453139542e-07, 0.9999992847442627], [1.3331214177014772e-07, 3.3417705935789854e-07, 0.9999995231628418]], "S4": [[4.917635124002118e-06, 1.6538423324163887e-06, 0.9999934434890747], [5.727932830268401e-07, 6.075759415580251e-07, 0.9999988079071045], [4.235532742313808e-07, 7.292455279639398e-07, 0.9999988079071045], [4.638364998754696e-07, 6.544363486682414e-07, 0.999998927116394], [7.93780316143966e-07, 1.0338304718970903e-06, 0.9999982118606567], [5.320771379047073e-07, 8.830654678604333e-07, 0.9999985694885254], [6.735548367942101e-07, 5.581090363193653e-07, 0.9999988079071045], [5.241880103312724e-07, 5.406305376709497e-07, 0.999998927116394], [6.089646831242135e-07, 6.013410143168585e-07, 0.9999988079071045], [4.577598247124115e-07, 6.995183525759785e-07, 0.9999988079071045], [5.18855131304008e-07, 1.0305979003533139e-06, 0.9999984502792358], [1.1638795740509522e-06, 7.957584671203222e-07, 0.9999980926513672], [7.809470616848557e-07, 1.140775111707626e-06, 0.9999980926513672], [5.033004413235176e-07, 8.781759675002832e-07, 0.9999985694885254], [4.032218328120507e-07, 8.201520813599927e-07, 0.9999988079071045], [9.712330211186782e-07, 6.120181410551595e-07, 0.9999984502792358], [4.900641670246841e-07, 5.764693469245685e-07, 0.999998927116394], [2.2001050581366144e-07, 5.035907975070586e-07, 0.9999992847442627], [8.345643323082186e-07, 1.0475340559423785e-06, 0.9999980926513672], [5.079062361801334e-07, 8.007208407434518e-07, 0.9999986886978149], [5.030182705922925e-07, 9.020208153742715e-07, 0.9999985694885254], [7.033911515463842e-07, 1.1779337683037738e-06, 0.9999980926513672]]}, "infer_command_tokens": ["I1s2_0_0", "I1s2_1_2", "I1s2_2_2", "I1s2_3_2", "I1s2_4_2", "I1s2_5_2", "I1s2_6_2", "I1s2_7_2", "I1s2_8_2", "I1s2_9_2", "I1s2_10_0", "I1s2_11_2", "I1s2_12_2", "I1s2_13_2", "I1s2_14_2", "I1s2_15_2", "I1s2_16_2", "I1s2_17_2", "I1s2_18_2", "I1s2_19_2", "I1s2_20_2", "I1s2_21_2", "I1s2_22_2", "I1s2_23_2", "I1s2_24_2", "I1s2_25_2", "I1s2_26_2", "I1s2_27_2", "I4_28", "C1_4", "R1_2", "R3_3", "S2s1_17", "S4_0_2", "S4_1_2", "S4_2_2", "S4_3_2", "S4_4_2", "S4_5_2", "S4_6_2", "S4_7_2", "S4_8_2", "S4_9_2", "S4_10_2", "S4_11_2", "S4_12_2", "S4_13_2", "S4_14_2", "S4_15_2", "S4_16_2", "S4_17_2", "S4_18_2", "S4_19_2", "S4_20_2", "S4_21_2", "B1s1_3", "TS1s1_7", "K1_1", "T1s1_2", "P4_2", "ST1_14", "EM1_2", "TM1_5"]}