{"text": "With a pitch range spanning 3 octaves, this music offers a diverse and dynamic listening experience, while the minor key gives it a special emotional quality. The song is 31 ~ 45 seconds in length and features a moderate and consistent rhythm. The addition of synthesizer, voice, bass and flute enhances the overall musical composition, while the meter of the music is 4/4. With a moderate pace, the music serves as a quintessential example of the new age genre.", "pred_labels": {"R1": [0, 0, 1], "R3": [0, 1, 0, 0], "S2s1": [0, 0, 0, 0, 0, 0, 0, 0, 0, 0, 0, 0, 0, 0, 0, 0, 0, 1], "B1s1": [0, 0, 0, 0, 1], "TS1s1": [1, 0, 0, 0, 0, 0, 0, 0], "K1": [0, 1, 0], "T1s1": [0, 1, 0, 0], "P4": [0, 0, 0, 1, 0, 0, 0, 0, 0, 0, 0, 0, 0], "EM1": [0, 0, 0, 0, 1], "TM1": [0, 0, 1, 0, 0, 0], "I1s2": [[0, 0, 1], [0, 0, 1], [0, 0, 1], [0, 0, 1], [0, 0, 1], [1, 0, 0], [0, 0, 1], [0, 0, 1], [0, 0, 1], [0, 0, 1], [0, 0, 1], [1, 0, 0], [0, 0, 1], [0, 0, 1], [0, 0, 1], [0, 0, 1], [0, 0, 1], [0, 0, 1], [0, 0, 1], [0, 0, 1], [0, 0, 1], [0, 0, 1], [1, 0, 0], [0, 0, 1], [1, 0, 0], [0, 0, 1], [0, 0, 1], [0, 0, 1]], "S4": [[1, 0, 0], [0, 0, 1], [0, 0, 1], [0, 0, 1], [0, 0, 1], [0, 0, 1], [0, 0, 1], [0, 0, 1], [0, 0, 1], [0, 0, 1], [0, 0, 1], [0, 0, 1], [0, 0, 1], [0, 0, 1], [0, 0, 1], [0, 0, 1], [0, 0, 1], [0, 0, 1], [0, 0, 1], [0, 0, 1], [0, 0, 1], [0, 0, 1]]}, "pred_probs": {"R1": [4.2222927731927484e-06, 4.1574662645871285e-06, 0.9999916553497314], "R3": [4.803117690244108e-07, 0.9999977350234985, 1.0516206430111197e-06, 6.773294671802432e-07], "S2s1": [2.6625227746990277e-06, 2.6355219233664684e-06, 4.962449111189926e-06, 3.069523245358141e-06, 3.768901024159277e-06, 4.197061571176164e-06, 3.400050900381757e-06, 3.0550263545592315e-06, 2.7656485599436564e-06, 2.9264185741340043e-06, 5.110466645419365e-06, 4.7267785703297704e-06, 3.611605052356026e-06, 1.1907743555639172e-06, 3.949096480937442e-06, 1.0251855201204307e-05, 2.0168722585367505e-06, 0.9999356269836426], "B1s1": [6.048944214853691e-06, 5.24118422617903e-06, 8.980194252217188e-06, 2.4969131118268706e-06, 0.9999772310256958], "TS1s1": [0.999997615814209, 3.4641809065760754e-07, 6.997577770562202e-07, 1.4040298879081092e-07, 3.1799086741557403e-07, 1.5418149246215762e-07, 3.2664948435012775e-07, 3.711667488914827e-07], "K1": [3.2866333299352846e-07, 0.9999992847442627, 3.880545023093873e-07], "T1s1": [9.12306916234229e-07, 0.9999972581863403, 8.947491778599215e-07, 8.423598387707898e-07], "P4": [2.1814345529946877e-07, 1.2066998067439272e-07, 7.033209925566553e-08, 0.9999979734420776, 1.8983799066063511e-07, 1.2514590252976632e-07, 2.4439134449494304e-07, 1.6887585729818966e-07, 1.763046810765445e-07, 7.954362502005097e-08, 1.313936337510313e-07, 2.752079524270812e-07, 3.384095919045649e-07], "EM1": [2.4211281015595887e-06, 3.3033838917617686e-06, 5.489086106535979e-06, 1.609548598935362e-05, 0.9999727010726929], "TM1": [6.084133019612636e-07, 4.65280379557953e-07, 0.9999979734420776, 3.4739252896542894e-07, 2.868212902740197e-07, 3.3355757977915346e-07], "I1s2": [[2.92358009801319e-07, 2.845863775746693e-07, 0.9999994039535522], [1.9076387047789467e-07, 2.646322911914467e-07, 0.9999995231628418], [3.1187212812255893e-07, 3.6379262269292667e-07, 0.9999992847442627], [6.016866223035322e-07, 3.1390311505674617e-06, 0.9999963045120239], [5.63058733860089e-07, 2.0618788312276592e-06, 0.9999973773956299], [0.999991774559021, 3.681913767650258e-06, 4.519864887697622e-06], [4.021754307359515e-07, 5.649293370879604e-07, 0.9999990463256836], [2.473961160376348e-07, 2.923674742305593e-07, 0.9999994039535522], [1.3815414945383964e-07, 5.098697215544234e-07, 0.9999994039535522], [2.24186891273348e-07, 2.467157003138709e-07, 0.9999995231628418], [4.566878146761155e-07, 1.2053758382535307e-06, 0.9999983310699463], [0.999992847442627, 1.8524723373047891e-06, 5.197017344471533e-06], [4.6989208613013034e-07, 1.5192537148323026e-06, 0.9999979734420776], [1.2405779443724896e-06, 3.02009084407473e-06, 0.9999957084655762], [2.3330183296366158e-07, 3.3538259458509856e-07, 0.9999994039535522], [2.5144711912616913e-07, 3.5528816511032346e-07, 0.9999994039535522], [5.842200607730774e-07, 1.1636190038188943e-06, 0.9999982118606567], [2.806361010243563e-07, 2.5757159960448917e-07, 0.9999994039535522], [4.380276550364215e-07, 6.984145102251205e-07, 0.9999988079071045], [1.6536368718789163e-07, 4.082818065853644e-07, 0.9999994039535522], [2.3162661477726942e-07, 8.836832421366125e-07, 0.999998927116394], [6.673247980870656e-07, 3.641093826445285e-07, 0.999998927116394], [0.9999932050704956, 2.891269787141937e-06, 3.947821369365556e-06], [1.506165148157379e-07, 1.573088610484774e-07, 0.9999996423721313], [0.9999921321868896, 2.7095609311800217e-06, 5.111891368869692e-06], [2.1949874451365758e-07, 4.22455457282922e-07, 0.9999994039535522], [4.658413672586903e-07, 1.0519535180719686e-06, 0.9999984502792358], [1.4568836093076243e-07, 3.4746398114293697e-07, 0.9999995231628418]], "S4": [[0.9999785423278809, 4.945281034451909e-06, 1.6526060790056363e-05], [5.782092102890601e-07, 5.879961690880009e-07, 0.9999988079071045], [4.328650220486452e-07, 7.054284765217744e-07, 0.9999988079071045], [4.7449205453631293e-07, 6.541973220919317e-07, 0.999998927116394], [7.556024570476438e-07, 8.034767233766615e-07, 0.9999984502792358], [5.60846501684864e-07, 1.1253299589952803e-06, 0.9999983310699463], [6.300887207544292e-07, 6.238179821593803e-07, 0.9999986886978149], [5.58392969196575e-07, 4.370209012449777e-07, 0.9999990463256836], [6.433223234125762e-07, 7.874441507738084e-07, 0.9999985694885254], [4.910578468297899e-07, 6.161453711683862e-07, 0.999998927116394], [4.970369786860829e-07, 1.0715704092945089e-06, 0.9999984502792358], [1.0977237252518535e-06, 7.648123414583097e-07, 0.9999980926513672], [6.927622280272772e-07, 1.2255443380126962e-06, 0.9999980926513672], [5.425744689091516e-07, 9.46249542721489e-07, 0.9999985694885254], [5.451595370686846e-07, 9.356919576930522e-07, 0.9999985694885254], [1.1223106639590696e-06, 7.989224855009525e-07, 0.9999980926513672], [8.52058406053402e-07, 1.02154808701016e-06, 0.9999980926513672], [2.186896921330117e-07, 5.535628133657156e-07, 0.9999992847442627], [7.526815579694812e-07, 9.823149866861058e-07, 0.9999982118606567], [5.332404953151126e-07, 8.190764333448897e-07, 0.9999986886978149], [6.005107593409775e-07, 1.3813768191539566e-06, 0.9999979734420776], [7.910807653388474e-07, 1.1426566288719187e-06, 0.9999980926513672]]}, "infer_command_tokens": ["I1s2_0_2", "I1s2_1_2", "I1s2_2_2", "I1s2_3_2", "I1s2_4_2", "I1s2_5_0", "I1s2_6_2", "I1s2_7_2", "I1s2_8_2", "I1s2_9_2", "I1s2_10_2", "I1s2_11_0", "I1s2_12_2", "I1s2_13_2", "I1s2_14_2", "I1s2_15_2", "I1s2_16_2", "I1s2_17_2", "I1s2_18_2", "I1s2_19_2", "I1s2_20_2", "I1s2_21_2", "I1s2_22_0", "I1s2_23_2", "I1s2_24_0", "I1s2_25_2", "I1s2_26_2", "I1s2_27_2", "I4_28", "C1_4", "R1_2", "R3_1", "S2s1_17", "S4_0_0", "S4_1_2", "S4_2_2", "S4_3_2", "S4_4_2", "S4_5_2", "S4_6_2", "S4_7_2", "S4_8_2", "S4_9_2", "S4_10_2", "S4_11_2", "S4_12_2", "S4_13_2", "S4_14_2", "S4_15_2", "S4_16_2", "S4_17_2", "S4_18_2", "S4_19_2", "S4_20_2", "S4_21_2", "B1s1_4", "TS1s1_0", "K1_1", "T1s1_1", "P4_3", "ST1_14", "EM1_4", "TM1_2"]}