{"text": "This music offers a unique and memorable listening experience with its pitch range of 4 octaves and captivating choice of major. The track, 16 ~ 30 seconds long, showcases a comfortably moderate rhythm and is played at a rapid pace. Featuring piano and strings, the music follows a 4/4 meter, evoking an relaxation nature throughout.", "pred_labels": {"R1": [0, 0, 1], "R3": [0, 1, 0, 0], "S2s1": [0, 0, 0, 0, 0, 0, 0, 0, 0, 0, 0, 0, 0, 0, 0, 0, 0, 1], "B1s1": [0, 0, 0, 0, 1], "TS1s1": [1, 0, 0, 0, 0, 0, 0, 0], "K1": [1, 0, 0], "T1s1": [0, 0, 1, 0], "P4": [0, 0, 0, 0, 1, 0, 0, 0, 0, 0, 0, 0, 0], "EM1": [0, 0, 0, 1, 0], "TM1": [0, 1, 0, 0, 0, 0], "I1s2": [[1, 0, 0], [0, 0, 1], [0, 0, 1], [0, 0, 1], [0, 0, 1], [0, 0, 1], [0, 0, 1], [0, 0, 1], [0, 0, 1], [0, 0, 1], [1, 0, 0], [0, 0, 1], [0, 0, 1], [0, 0, 1], [0, 0, 1], [0, 0, 1], [0, 0, 1], [0, 0, 1], [0, 0, 1], [0, 0, 1], [0, 0, 1], [0, 0, 1], [0, 0, 1], [0, 0, 1], [0, 0, 1], [0, 0, 1], [0, 0, 1], [0, 0, 1]], "S4": [[0, 0, 1], [0, 0, 1], [0, 0, 1], [0, 0, 1], [0, 0, 1], [0, 0, 1], [0, 0, 1], [0, 0, 1], [0, 0, 1], [0, 0, 1], [0, 0, 1], [0, 0, 1], [0, 0, 1], [0, 0, 1], [0, 0, 1], [0, 0, 1], [0, 0, 1], [0, 0, 1], [0, 0, 1], [0, 0, 1], [0, 0, 1], [0, 0, 1]]}, "pred_probs": {"R1": [4.376458946353523e-06, 4.1805969885899685e-06, 0.9999914169311523], "R3": [4.924706900055753e-07, 0.999997615814209, 9.507080562798365e-07, 9.796639233172755e-07], "S2s1": [2.3384020551020512e-06, 2.4112232495099306e-06, 4.405364052217919e-06, 3.265151917730691e-06, 4.0621716834721155e-06, 4.015339982288424e-06, 3.411231091376976e-06, 2.9793095563945826e-06, 2.968081844301196e-06, 3.1175527510640677e-06, 4.540725512924837e-06, 5.586146926361835e-06, 3.845029823423829e-06, 1.3656296005137847e-06, 4.2669475988077465e-06, 8.940942279878072e-06, 1.8331901401325013e-06, 0.9999368190765381], "B1s1": [7.186157290561823e-06, 5.438324478745926e-06, 8.97249992704019e-06, 2.007949660765007e-06, 0.999976396560669], "TS1s1": [0.9999973773956299, 4.114580747227592e-07, 9.571760983817512e-07, 1.4653679158982413e-07, 3.1021866675473575e-07, 1.5986424273251032e-07, 3.331472555601067e-07, 4.1109214521384274e-07], "K1": [0.9999996423721313, 1.0794196469987583e-07, 2.6999688884643547e-07], "T1s1": [1.2609222039827728e-06, 1.148869159806054e-06, 0.9999967813491821, 8.293481528198754e-07], "P4": [2.0280981516407337e-07, 9.296739733599679e-08, 7.557835601801344e-08, 7.716888461573035e-08, 0.9999983310699463, 7.658894674023031e-08, 1.1609206040930076e-07, 1.6171227912309405e-07, 1.1074930483800927e-07, 2.1443490538786136e-07, 1.5448908641246817e-07, 1.1265052535236464e-07, 2.303947184145727e-07], "EM1": [2.7005423817172414e-06, 2.0361062524898443e-06, 1.973945472855121e-06, 0.9999903440475464, 2.945860842373804e-06], "TM1": [2.063194699530868e-07, 0.9999988079071045, 3.0041127274671453e-07, 2.1963096230592782e-07, 1.7758613068963314e-07, 1.9842211429477175e-07], "I1s2": [[0.9999940395355225, 2.9064967748126946e-06, 3.092846327490406e-06], [2.089253143822134e-07, 2.458541530359071e-07, 0.9999995231628418], [2.93413251029051e-07, 2.6594199198370916e-07, 0.9999994039535522], [2.528655613787123e-07, 7.995108148861618e-07, 0.999998927116394], [1.8673600266083668e-07, 4.4265013343647297e-07, 0.9999994039535522], [3.9586703337590734e-07, 5.816432349092793e-07, 0.9999990463256836], [3.669277646167757e-07, 5.244566523288086e-07, 0.9999991655349731], [2.7242913347436115e-07, 3.4221503142362053e-07, 0.9999994039535522], [1.3327348824532237e-07, 2.91230463744796e-07, 0.9999995231628418], [2.3876935983935255e-07, 1.3325241354777972e-07, 0.9999996423721313], [0.9999910593032837, 4.542124315776164e-06, 4.391684797155904e-06], [3.5785791396847344e-07, 2.3672056670420716e-07, 0.9999994039535522], [2.5551298676873557e-07, 6.042719746801595e-07, 0.9999991655349731], [4.1607194134485326e-07, 5.934099363003043e-07, 0.9999990463256836], [2.3071424948284402e-07, 2.646610539613903e-07, 0.9999995231628418], [1.1019067613915468e-07, 1.2731064202853304e-07, 0.9999997615814209], [2.9570773563136754e-07, 4.1579599496799347e-07, 0.9999992847442627], [2.434184693811403e-07, 2.9453411798385787e-07, 0.9999994039535522], [4.3122349779878277e-07, 7.282613978532027e-07, 0.9999988079071045], [1.5708575062944874e-07, 4.422914798851707e-07, 0.9999994039535522], [2.3700134477167012e-07, 3.666483507913654e-07, 0.9999994039535522], [6.990190399847052e-07, 3.441612363985769e-07, 0.999998927116394], [2.583683453849517e-07, 6.721984391333535e-07, 0.9999990463256836], [1.3997974690482806e-07, 1.1241329644917641e-07, 0.9999997615814209], [1.1325341802148614e-06, 1.8428613657306414e-07, 0.9999986886978149], [2.0301789049881336e-07, 2.4818683641569805e-07, 0.9999995231628418], [3.3929612186511804e-07, 4.0872356521504116e-07, 0.9999992847442627], [1.7563502296980005e-07, 3.0366524583769205e-07, 0.9999995231628418]], "S4": [[5.781239451607689e-06, 2.1579769509116886e-06, 0.9999920129776001], [5.58934061700711e-07, 7.028712616374833e-07, 0.9999986886978149], [4.545961758140038e-07, 7.155240382417105e-07, 0.9999988079071045], [4.273710203506198e-07, 6.292332273005741e-07, 0.999998927116394], [7.774375490043894e-07, 1.0648558372849948e-06, 0.9999982118606567], [5.985292546029086e-07, 1.0781235459944583e-06, 0.9999983310699463], [6.21419701474224e-07, 6.392846785274742e-07, 0.9999986886978149], [5.59576847081189e-07, 5.024005531595321e-07, 0.999998927116394], [6.110793151492544e-07, 7.416525136250129e-07, 0.9999986886978149], [5.008481593904435e-07, 6.119092859080411e-07, 0.999998927116394], [5.173233716959658e-07, 1.1159595487697516e-06, 0.9999983310699463], [1.0577978173387237e-06, 9.245654268852377e-07, 0.9999979734420776], [6.929616915840597e-07, 1.38153882289771e-06, 0.9999979734420776], [5.419993840405368e-07, 9.128058877649892e-07, 0.9999985694885254], [4.243343312282377e-07, 8.566003657506371e-07, 0.9999986886978149], [8.546052185920416e-07, 5.44015904324624e-07, 0.9999985694885254], [5.041181907472492e-07, 5.784436325484421e-07, 0.999998927116394], [2.287974041337293e-07, 4.937021458317759e-07, 0.9999992847442627], [8.260860795417102e-07, 1.0127616860700073e-06, 0.9999982118606567], [5.408625156633207e-07, 8.215720299631357e-07, 0.9999986886978149], [5.499206281456281e-07, 9.782746701603173e-07, 0.9999984502792358], [7.687831384828314e-07, 1.1894208000740036e-06, 0.9999980926513672]]}, "infer_command_tokens": ["I1s2_0_0", "I1s2_1_2", "I1s2_2_2", "I1s2_3_2", "I1s2_4_2", "I1s2_5_2", "I1s2_6_2", "I1s2_7_2", "I1s2_8_2", "I1s2_9_2", "I1s2_10_0", "I1s2_11_2", "I1s2_12_2", "I1s2_13_2", "I1s2_14_2", "I1s2_15_2", "I1s2_16_2", "I1s2_17_2", "I1s2_18_2", "I1s2_19_2", "I1s2_20_2", "I1s2_21_2", "I1s2_22_2", "I1s2_23_2", "I1s2_24_2", "I1s2_25_2", "I1s2_26_2", "I1s2_27_2", "I4_28", "C1_4", "R1_2", "R3_1", "S2s1_17", "S4_0_2", "S4_1_2", "S4_2_2", "S4_3_2", "S4_4_2", "S4_5_2", "S4_6_2", "S4_7_2", "S4_8_2", "S4_9_2", "S4_10_2", "S4_11_2", "S4_12_2", "S4_13_2", "S4_14_2", "S4_15_2", "S4_16_2", "S4_17_2", "S4_18_2", "S4_19_2", "S4_20_2", "S4_21_2", "B1s1_4", "TS1s1_0", "K1_0", "T1s1_2", "P4_4", "ST1_14", "EM1_3", "TM1_1"]}