{"text": "This music is rooted in the conventions of classical music and is composed in the major key. Its pitch range is within 4 octaves, and the beat is very gentle and calming. The music is based on a 3/4 time signature and is played at a moderate rate. Overall, this song offers a soothing and relaxing listening experience that showcases the beauty and artistry of classical music. The song's length is 31 ~ 45 seconds and the music mimics Mozart's style. The musical composition of the song is designed to replicate the distinct style of Mozart, while also adhering to a specific length of 31 ~ 45 seconds. By mimicking the artist's style, the song is able to capture the essence of their unique sound and create a cohesive listening experience for fans. Additionally, the specific length of the song ensures that it fits within the parameters of traditional song structures and can be easily played on various platforms and mediums.", "pred_labels": {"R1": [0, 0, 1], "R3": [1, 0, 0, 0], "S2s1": [0, 1, 0, 0, 0, 0, 0, 0, 0, 0, 0, 0, 0, 0, 0, 0, 0, 0], "B1s1": [0, 0, 0, 0, 1], "TS1s1": [0, 0, 1, 0, 0, 0, 0, 0], "K1": [1, 0, 0], "T1s1": [0, 1, 0, 0], "P4": [0, 0, 0, 0, 1, 0, 0, 0, 0, 0, 0, 0, 0], "EM1": [0, 0, 0, 0, 1], "TM1": [0, 0, 1, 0, 0, 0], "I1s2": [[0, 0, 1], [0, 0, 1], [0, 0, 1], [0, 0, 1], [0, 0, 1], [0, 0, 1], [0, 0, 1], [0, 0, 1], [0, 0, 1], [0, 0, 1], [0, 0, 1], [0, 0, 1], [0, 0, 1], [0, 0, 1], [0, 0, 1], [0, 0, 1], [0, 0, 1], [0, 0, 1], [0, 0, 1], [0, 0, 1], [0, 0, 1], [0, 0, 1], [0, 0, 1], [0, 0, 1], [0, 0, 1], [0, 0, 1], [0, 0, 1], [0, 0, 1]], "S4": [[0, 0, 1], [0, 0, 1], [0, 0, 1], [0, 0, 1], [0, 0, 1], [0, 0, 1], [0, 0, 1], [0, 0, 1], [0, 0, 1], [0, 0, 1], [0, 0, 1], [1, 0, 0], [0, 0, 1], [0, 0, 1], [0, 0, 1], [0, 0, 1], [0, 0, 1], [0, 0, 1], [0, 0, 1], [0, 0, 1], [0, 0, 1], [0, 0, 1]]}, "pred_probs": {"R1": [4.26872429670766e-06, 4.122469817957608e-06, 0.9999916553497314], "R3": [0.9999980926513672, 6.389899454006809e-07, 7.000805339885119e-07, 6.011783852954977e-07], "S2s1": [2.067452442133799e-06, 0.9999551773071289, 1.8093675180352875e-06, 2.8099714199925074e-06, 4.687673822445504e-07, 2.69719180323591e-06, 2.3348952709056903e-06, 2.2707649804942776e-06, 2.9755760806438047e-06, 3.086167680521612e-06, 5.144920123711927e-06, 3.6521134916256415e-06, 3.804390189543483e-06, 3.967735665355576e-06, 3.1398030841955915e-06, 2.3957359189807903e-06, 1.1815802736236947e-06, 1.0710491551435553e-06], "B1s1": [6.2844669628248084e-06, 5.439935648610117e-06, 8.135668394970708e-06, 2.1489884147740668e-06, 0.9999779462814331], "TS1s1": [2.935922225333343e-07, 3.1631168440071633e-07, 0.9999978542327881, 2.4678396925992274e-07, 4.727548059690889e-07, 3.0255554861469136e-07, 2.4847557256180153e-07, 2.6760852733787033e-07], "K1": [0.9999996423721313, 1.268880822635765e-07, 2.3844441443543474e-07], "T1s1": [9.324719485448441e-07, 0.9999969005584717, 8.912758175938507e-07, 1.275136241929431e-06], "P4": [1.969079619357217e-07, 8.118929173406286e-08, 7.721055794718268e-08, 6.813144892703349e-08, 0.9999984502792358, 1.0804049566104368e-07, 1.1161048973917786e-07, 1.653502863518952e-07, 9.689288305025912e-08, 1.756103955585786e-07, 1.582888131679283e-07, 1.0329333122172102e-07, 2.045046301191178e-07], "EM1": [3.4808260807039915e-06, 4.098541921848664e-06, 4.584737325785682e-06, 1.520826481282711e-05, 0.9999725818634033], "TM1": [6.370536880240252e-07, 4.321436506415921e-07, 0.9999979734420776, 3.394274017409771e-07, 2.870856405934319e-07, 3.543865148003533e-07], "I1s2": [[5.807985417050077e-07, 2.8945990493411955e-07, 0.9999991655349731], [2.475490532560798e-07, 1.9170821019542927e-07, 0.9999995231628418], [3.772476304675365e-07, 2.842063508978754e-07, 0.9999992847442627], [3.6340006204227393e-07, 5.003851697438222e-07, 0.9999991655349731], [2.2420248058097059e-07, 3.5732321634895925e-07, 0.9999994039535522], [5.594354774984822e-07, 5.077542937215185e-07, 0.999998927116394], [5.227911401561869e-07, 5.258222586235206e-07, 0.999998927116394], [2.646014252150053e-07, 3.0330804179357074e-07, 0.9999994039535522], [1.3758709371813893e-07, 1.7187402079343883e-07, 0.9999996423721313], [2.711048239234515e-07, 9.597280126172336e-08, 0.9999996423721313], [3.2501125701855926e-07, 2.7160368176737393e-07, 0.9999994039535522], [3.4227477385684324e-07, 2.527143010411237e-07, 0.9999994039535522], [1.9352658853222238e-07, 3.178320184815675e-07, 0.9999995231628418], [4.21988261223305e-07, 3.8944662605899794e-07, 0.9999991655349731], [2.1197938337991218e-07, 1.8628655595875898e-07, 0.9999996423721313], [1.1647048836493923e-07, 9.779461151993019e-08, 0.9999997615814209], [3.0933716743675177e-07, 3.2627585255795566e-07, 0.9999994039535522], [3.5436204370853375e-07, 1.4160583816646977e-07, 0.9999995231628418], [4.825846531275602e-07, 5.383857342167175e-07, 0.999998927116394], [1.7520474671073316e-07, 3.1687957857684523e-07, 0.9999995231628418], [3.1310383974414435e-07, 3.35544143581501e-07, 0.9999994039535522], [9.129332170232374e-07, 3.35905752990584e-07, 0.9999988079071045], [2.371708944792772e-07, 5.156659312888223e-07, 0.9999992847442627], [1.1586249826223138e-07, 8.639666049248262e-08, 0.9999997615814209], [1.8058525483866106e-06, 1.5447402290647005e-07, 0.9999980926513672], [2.4064362946774054e-07, 2.0007043133318803e-07, 0.9999995231628418], [3.4712874708020536e-07, 2.6236759254061326e-07, 0.9999994039535522], [1.19965207545647e-07, 2.5734209430083865e-07, 0.9999996423721313]], "S4": [[4.086793978785863e-06, 1.332829469902208e-06, 0.9999946355819702], [5.531678652914707e-07, 5.577892920882732e-07, 0.999998927116394], [4.895007350569358e-07, 7.917590210126946e-07, 0.9999986886978149], [4.379411961963342e-07, 7.827401304894011e-07, 0.9999988079071045], [8.263571089628385e-07, 9.326003578280506e-07, 0.9999982118606567], [5.516861847354448e-07, 9.290818070439855e-07, 0.9999985694885254], [6.248855584090052e-07, 6.454019398915989e-07, 0.9999986886978149], [5.983321784697182e-07, 4.799753696715925e-07, 0.999998927116394], [5.900643600398325e-07, 7.084569233484217e-07, 0.9999986886978149], [5.346275884221541e-07, 6.412387278942333e-07, 0.9999988079071045], [5.093463073535531e-07, 1.0949961506412365e-06, 0.9999984502792358], [0.9999790191650391, 1.6923266230151057e-05, 4.01840543418075e-06], [7.027663286862662e-07, 1.0722991419243044e-06, 0.9999982118606567], [4.79035463740729e-07, 9.206242452819424e-07, 0.9999985694885254], [3.899931471096352e-07, 8.81777964423236e-07, 0.9999986886978149], [1.0109112054124125e-06, 4.6175802026482415e-07, 0.9999985694885254], [5.054714620200684e-07, 5.188543354961439e-07, 0.999998927116394], [2.2462599247319304e-07, 5.186042244531563e-07, 0.9999992847442627], [8.291357858070114e-07, 9.010507255879929e-07, 0.9999982118606567], [5.092351784696802e-07, 7.917711286609119e-07, 0.9999986886978149], [6.631985343119595e-07, 1.2957964372617425e-06, 0.9999980926513672], [7.92195010035357e-07, 1.187829184345901e-06, 0.9999979734420776]]}, "infer_command_tokens": ["I1s2_0_2", "I1s2_1_2", "I1s2_2_2", "I1s2_3_2", "I1s2_4_2", "I1s2_5_2", "I1s2_6_2", "I1s2_7_2", "I1s2_8_2", "I1s2_9_2", "I1s2_10_2", "I1s2_11_2", "I1s2_12_2", "I1s2_13_2", "I1s2_14_2", "I1s2_15_2", "I1s2_16_2", "I1s2_17_2", "I1s2_18_2", "I1s2_19_2", "I1s2_20_2", "I1s2_21_2", "I1s2_22_2", "I1s2_23_2", "I1s2_24_2", "I1s2_25_2", "I1s2_26_2", "I1s2_27_2", "I4_28", "C1_4", "R1_2", "R3_0", "S2s1_1", "S4_0_2", "S4_1_2", "S4_2_2", "S4_3_2", "S4_4_2", "S4_5_2", "S4_6_2", "S4_7_2", "S4_8_2", "S4_9_2", "S4_10_2", "S4_11_0", "S4_12_2", "S4_13_2", "S4_14_2", "S4_15_2", "S4_16_2", "S4_17_2", "S4_18_2", "S4_19_2", "S4_20_2", "S4_21_2", "B1s1_4", "TS1s1_2", "K1_0", "T1s1_1", "P4_4", "ST1_14", "EM1_4", "TM1_2"]}