{"text": "With its use of the minor key, this music conveys a unique and resonant sound, while its meter is defined by the 4/4. Enriched by the inclusion of piano and strings, the music projects a profound animation throughout its about 10 bars.", "pred_labels": {"R1": [0, 0, 1], "R3": [0, 0, 0, 1], "S2s1": [0, 0, 0, 0, 0, 0, 0, 0, 0, 0, 0, 0, 0, 0, 0, 0, 0, 1], "B1s1": [0, 0, 1, 0, 0], "TS1s1": [1, 0, 0, 0, 0, 0, 0, 0], "K1": [0, 1, 0], "T1s1": [0, 0, 0, 1], "P4": [0, 0, 0, 0, 0, 0, 0, 0, 0, 0, 0, 0, 1], "EM1": [1, 0, 0, 0, 0], "TM1": [0, 0, 0, 0, 0, 1], "I1s2": [[1, 0, 0], [0, 0, 1], [0, 0, 1], [0, 0, 1], [0, 0, 1], [0, 0, 1], [0, 0, 1], [0, 0, 1], [0, 0, 1], [0, 0, 1], [1, 0, 0], [0, 0, 1], [0, 0, 1], [0, 0, 1], [0, 0, 1], [0, 0, 1], [0, 0, 1], [0, 0, 1], [0, 0, 1], [0, 0, 1], [0, 0, 1], [0, 0, 1], [0, 0, 1], [0, 0, 1], [0, 0, 1], [0, 0, 1], [0, 0, 1], [0, 0, 1]], "S4": [[0, 0, 1], [0, 0, 1], [0, 0, 1], [0, 0, 1], [0, 0, 1], [0, 0, 1], [0, 0, 1], [0, 0, 1], [0, 0, 1], [0, 0, 1], [0, 0, 1], [0, 0, 1], [0, 0, 1], [0, 0, 1], [0, 0, 1], [0, 0, 1], [0, 0, 1], [0, 0, 1], [0, 0, 1], [0, 0, 1], [0, 0, 1], [0, 0, 1]]}, "pred_probs": {"R1": [4.284116130293114e-06, 3.960980848205509e-06, 0.999991774559021], "R3": [3.615813511714805e-06, 1.7099923752539326e-06, 6.420546014851425e-06, 0.9999881982803345], "S2s1": [2.6446953143022256e-06, 2.494011823728215e-06, 5.244388376013376e-06, 3.230456286473782e-06, 3.886408649123041e-06, 4.279324912204174e-06, 3.256749778302037e-06, 3.2486750569660217e-06, 2.7568046334636165e-06, 3.100294861724251e-06, 5.158387011761079e-06, 5.85436146138818e-06, 3.883455974573735e-06, 1.2663394954870455e-06, 5.1475653890520334e-06, 9.302689250034746e-06, 1.987065161301871e-06, 0.9999332427978516], "B1s1": [1.3150613540346967e-06, 1.231864530382154e-06, 0.9999958276748657, 6.306430577751598e-07, 1.0952701359201455e-06], "TS1s1": [0.9999967813491821, 4.844400791625958e-07, 1.1586099617488799e-06, 1.3861438219464617e-07, 3.467143017132912e-07, 1.8201082241375843e-07, 3.5018919675167126e-07, 4.2137077116422006e-07], "K1": [4.111301734610606e-07, 0.9999992847442627, 4.0886001784201653e-07], "T1s1": [1.9308549781271722e-06, 1.1431974371589604e-06, 1.493258878326742e-06, 0.9999954700469971], "P4": [4.56821766192661e-07, 4.332474645707407e-07, 4.1476843648524664e-07, 4.603137711001182e-07, 7.083900754878414e-07, 2.604597852950974e-07, 5.356166070669133e-07, 2.684167270672333e-07, 3.834514359368768e-07, 5.102639306642232e-07, 3.256138541019027e-07, 3.9177243138510676e-07, 0.9999949932098389], "EM1": [0.9999655485153198, 2.030491486948449e-05, 3.1450770165974973e-06, 5.727094958274392e-06, 5.322136075847084e-06], "TM1": [3.783610509344726e-07, 7.06438186170999e-07, 4.5713980512118724e-07, 7.34721027129126e-07, 9.287464308727067e-08, 0.999997615814209], "I1s2": [[0.9999923706054688, 2.8474739792727632e-06, 4.748033006762853e-06], [2.088063979499566e-07, 2.6458988600097655e-07, 0.9999995231628418], [3.515704918299889e-07, 2.8118259365328413e-07, 0.9999994039535522], [2.566135322012997e-07, 7.614630135321931e-07, 0.999998927116394], [2.5948850179702276e-07, 4.896737664239481e-07, 0.9999992847442627], [4.766627057506412e-07, 5.93237302837224e-07, 0.999998927116394], [4.1006342144100927e-07, 5.347424121282529e-07, 0.9999990463256836], [2.772052880573028e-07, 2.879242515518854e-07, 0.9999994039535522], [1.7994298673329467e-07, 3.0268333262029046e-07, 0.9999995231628418], [2.4150878630280204e-07, 1.3188586933665647e-07, 0.9999996423721313], [0.9999911785125732, 4.169002295384416e-06, 4.590772732626647e-06], [4.2568274238874437e-07, 2.2708751146183204e-07, 0.9999994039535522], [2.4133603915288404e-07, 5.223308221502521e-07, 0.9999992847442627], [4.931438866151439e-07, 6.266832315304782e-07, 0.999998927116394], [2.735204418513604e-07, 2.9236301202217874e-07, 0.9999994039535522], [1.3811295218602027e-07, 1.6622402654320467e-07, 0.9999996423721313], [3.019420660166361e-07, 3.5149201949025155e-07, 0.9999994039535522], [2.4366957518395793e-07, 2.634347140428872e-07, 0.9999995231628418], [4.603655838764098e-07, 7.3288208568556e-07, 0.9999988079071045], [1.5292124544430408e-07, 4.0250478150483104e-07, 0.9999994039535522], [3.1104252684599487e-07, 3.929741581032431e-07, 0.9999992847442627], [7.42286715649243e-07, 3.4469402976355923e-07, 0.999998927116394], [2.573912922798627e-07, 6.324110017885687e-07, 0.9999991655349731], [1.3066461690414144e-07, 1.1609588312921915e-07, 0.9999997615814209], [1.6787205368018476e-06, 1.8019052561157878e-07, 0.9999980926513672], [2.2991517312220822e-07, 2.779841565825336e-07, 0.9999995231628418], [3.811826445598854e-07, 4.331240859301033e-07, 0.9999991655349731], [1.675099667863833e-07, 3.241513866214518e-07, 0.9999995231628418]], "S4": [[4.21217237089877e-06, 1.526163373455347e-06, 0.9999942779541016], [5.96695485910459e-07, 5.976676789032354e-07, 0.9999988079071045], [4.4572615820470673e-07, 6.550932312165969e-07, 0.999998927116394], [4.7084532184271666e-07, 6.472067752838484e-07, 0.999998927116394], [8.595785629950115e-07, 1.012948018797033e-06, 0.9999980926513672], [5.32774777184386e-07, 9.240159783985291e-07, 0.9999985694885254], [6.93835090714856e-07, 6.057112500457151e-07, 0.9999986886978149], [5.20683443028247e-07, 6.015281428517483e-07, 0.999998927116394], [6.204533065101714e-07, 6.622906880693336e-07, 0.9999986886978149], [4.827074917557184e-07, 7.283753120645997e-07, 0.9999988079071045], [5.264442393126956e-07, 9.533800948702265e-07, 0.9999985694885254], [1.1371330401743762e-06, 8.887220133146911e-07, 0.9999979734420776], [7.189448183453351e-07, 1.322498292211094e-06, 0.9999979734420776], [5.254460688774998e-07, 1.0678774060579599e-06, 0.9999984502792358], [4.484283522288024e-07, 8.779935569691588e-07, 0.9999986886978149], [8.557241244488978e-07, 5.288858915264427e-07, 0.9999985694885254], [4.571108149775682e-07, 5.452627647173358e-07, 0.9999990463256836], [2.2284521605797636e-07, 5.220046546128287e-07, 0.9999992847442627], [9.138392442764598e-07, 1.0844164535228629e-06, 0.9999979734420776], [5.741309223594726e-07, 7.666998271815828e-07, 0.9999986886978149], [5.261340447759721e-07, 1.0236236676064436e-06, 0.9999984502792358], [7.258216783156968e-07, 1.221326670020062e-06, 0.9999980926513672]]}, "infer_command_tokens": ["I1s2_0_0", "I1s2_1_2", "I1s2_2_2", "I1s2_3_2", "I1s2_4_2", "I1s2_5_2", "I1s2_6_2", "I1s2_7_2", "I1s2_8_2", "I1s2_9_2", "I1s2_10_0", "I1s2_11_2", "I1s2_12_2", "I1s2_13_2", "I1s2_14_2", "I1s2_15_2", "I1s2_16_2", "I1s2_17_2", "I1s2_18_2", "I1s2_19_2", "I1s2_20_2", "I1s2_21_2", "I1s2_22_2", "I1s2_23_2", "I1s2_24_2", "I1s2_25_2", "I1s2_26_2", "I1s2_27_2", "I4_28", "C1_4", "R1_2", "R3_3", "S2s1_17", "S4_0_2", "S4_1_2", "S4_2_2", "S4_3_2", "S4_4_2", "S4_5_2", "S4_6_2", "S4_7_2", "S4_8_2", "S4_9_2", "S4_10_2", "S4_11_2", "S4_12_2", "S4_13_2", "S4_14_2", "S4_15_2", "S4_16_2", "S4_17_2", "S4_18_2", "S4_19_2", "S4_20_2", "S4_21_2", "B1s1_2", "TS1s1_0", "K1_1", "T1s1_3", "P4_12", "ST1_14", "EM1_0", "TM1_5"]}