{"text": "This 16 ~ 30-second song has a unique flavor thanks to the addition of the major key. The music is in 4/4.", "pred_labels": {"R1": [0, 0, 1], "R3": [0, 0, 0, 1], "S2s1": [0, 0, 0, 0, 0, 0, 0, 0, 0, 0, 0, 0, 0, 0, 0, 0, 0, 1], "B1s1": [0, 0, 0, 0, 1], "TS1s1": [1, 0, 0, 0, 0, 0, 0, 0], "K1": [1, 0, 0], "T1s1": [0, 0, 0, 1], "P4": [0, 0, 0, 0, 0, 0, 0, 0, 0, 0, 0, 0, 1], "EM1": [0, 0, 0, 0, 1], "TM1": [0, 1, 0, 0, 0, 0], "I1s2": [[0, 0, 1], [0, 0, 1], [0, 0, 1], [0, 0, 1], [0, 0, 1], [0, 0, 1], [0, 0, 1], [0, 0, 1], [0, 0, 1], [0, 0, 1], [0, 0, 1], [0, 0, 1], [0, 0, 1], [0, 0, 1], [0, 0, 1], [0, 0, 1], [0, 0, 1], [0, 0, 1], [0, 0, 1], [0, 0, 1], [0, 0, 1], [0, 0, 1], [0, 0, 1], [0, 0, 1], [0, 0, 1], [0, 0, 1], [0, 0, 1], [0, 0, 1]], "S4": [[0, 0, 1], [0, 0, 1], [0, 0, 1], [0, 0, 1], [0, 0, 1], [0, 0, 1], [0, 0, 1], [0, 0, 1], [0, 0, 1], [0, 0, 1], [0, 0, 1], [0, 0, 1], [0, 0, 1], [0, 0, 1], [0, 0, 1], [0, 0, 1], [0, 0, 1], [0, 0, 1], [0, 0, 1], [0, 0, 1], [0, 0, 1], [0, 0, 1]]}, "pred_probs": {"R1": [4.246202934155008e-06, 4.794959295395529e-06, 0.9999909400939941], "R3": [3.60931403520226e-06, 1.8707364688452799e-06, 6.7810183281835634e-06, 0.9999877214431763], "S2s1": [3.0035514555493137e-06, 3.1235745154845063e-06, 5.512093594006728e-06, 3.629244247349561e-06, 5.10421614308143e-06, 5.143994258105522e-06, 3.735232439794345e-06, 3.3688486382743577e-06, 2.7959915769315558e-06, 4.104925210413057e-06, 5.60396074433811e-06, 6.557138021889841e-06, 4.6895688683434855e-06, 1.6610662214588956e-06, 5.552216407522792e-06, 1.0025931260315701e-05, 2.494868567737285e-06, 0.9999239444732666], "B1s1": [9.141301234194543e-06, 6.448235581046902e-06, 1.2870516002294607e-05, 2.968096850963775e-06, 0.9999685287475586], "TS1s1": [0.9999959468841553, 6.566800152540964e-07, 1.643365976633504e-06, 1.5794431362792238e-07, 3.9420214648089313e-07, 2.1179008058425097e-07, 4.059280627188855e-07, 5.490389298756781e-07], "K1": [0.9999996423721313, 1.2856966691288108e-07, 2.8479223601607373e-07], "T1s1": [2.0193449472571956e-06, 8.461950642413285e-07, 2.5387848836544435e-06, 0.9999946355819702], "P4": [4.902507839688042e-07, 4.6040921120038547e-07, 4.44642807906348e-07, 4.865353275818052e-07, 7.652436693206255e-07, 2.6511591499911447e-07, 6.132139560577343e-07, 3.1888023954707023e-07, 4.749045672269858e-07, 6.459478072429192e-07, 2.2442641522957274e-07, 4.342767851994722e-07, 0.9999943971633911], "EM1": [2.8512326935015153e-06, 2.9427785648294957e-06, 7.911884495115373e-06, 3.574645961634815e-05, 0.9999505281448364], "TM1": [2.1190020049743907e-07, 0.999998927116394, 3.475910546058003e-07, 1.7735395374529617e-07, 1.958799771273334e-07, 1.631116361977547e-07], "I1s2": [[3.190394011198805e-07, 2.721691885199107e-07, 0.9999994039535522], [3.289480901003117e-07, 2.4420063482466503e-07, 0.9999994039535522], [3.527492822286149e-07, 2.458396011206787e-07, 0.9999994039535522], [4.828935971090687e-07, 6.068973448236648e-07, 0.999998927116394], [2.947704444977717e-07, 3.3842977131826046e-07, 0.9999994039535522], [5.906151727685938e-07, 5.130286240273563e-07, 0.999998927116394], [4.828384021493548e-07, 5.207073172641685e-07, 0.9999990463256836], [3.110751833901304e-07, 2.728196477619349e-07, 0.9999994039535522], [2.5480838417024643e-07, 2.095784594757788e-07, 0.9999995231628418], [2.495320643447485e-07, 1.2363409496174427e-07, 0.9999996423721313], [3.9812056229493464e-07, 2.6199899139101035e-07, 0.9999992847442627], [4.1125528582597326e-07, 2.440865500830114e-07, 0.9999994039535522], [3.0489150049106684e-07, 2.916601147262554e-07, 0.9999994039535522], [5.317608042787469e-07, 4.584016721764783e-07, 0.9999990463256836], [3.064347424697189e-07, 2.4990518454615085e-07, 0.9999994039535522], [2.0921325472045282e-07, 1.3304517665346793e-07, 0.9999996423721313], [3.897829117249785e-07, 3.300903586023196e-07, 0.9999992847442627], [3.672051605008164e-07, 1.5368971162388334e-07, 0.9999995231628418], [5.961562692391453e-07, 5.633549449157726e-07, 0.9999988079071045], [3.2644848602103593e-07, 4.885877729066124e-07, 0.9999991655349731], [2.549848261423904e-07, 2.8488480552368856e-07, 0.9999994039535522], [6.798625804549374e-07, 3.4248259339619835e-07, 0.999998927116394], [2.242706500510394e-07, 5.620232741421205e-07, 0.9999991655349731], [1.371264062299815e-07, 1.0087412505299653e-07, 0.9999997615814209], [1.2105718951715971e-06, 1.555181370349601e-07, 0.9999986886978149], [2.659123765624827e-07, 2.6184221724179224e-07, 0.9999995231628418], [5.695382014891948e-07, 3.4920051916742523e-07, 0.9999990463256836], [1.8902173337664863e-07, 2.6655371243577974e-07, 0.9999995231628418]], "S4": [[4.2479023250052705e-06, 1.4681868378829677e-06, 0.9999942779541016], [7.587312325085804e-07, 8.441719501206535e-07, 0.9999984502792358], [5.295738105814962e-07, 8.886768227966968e-07, 0.9999985694885254], [5.031233740737662e-07, 7.794051271048374e-07, 0.9999986886978149], [1.0192878789894166e-06, 1.4469176221609814e-06, 0.9999974966049194], [6.615616712224437e-07, 1.3148045354682836e-06, 0.9999979734420776], [5.256968051980948e-07, 7.750852546450915e-07, 0.9999986886978149], [7.07491381035652e-07, 5.666644256052678e-07, 0.9999986886978149], [7.108544650691329e-07, 9.045929232343042e-07, 0.9999983310699463], [4.975742626811552e-07, 1.2202266361782677e-06, 0.9999983310699463], [6.209121465872158e-07, 1.396233187733742e-06, 0.9999979734420776], [1.102339069802838e-06, 1.247722025254916e-06, 0.999997615814209], [8.660629191581393e-07, 1.6918696701395675e-06, 0.9999974966049194], [6.102576435296214e-07, 1.5173610563579132e-06, 0.9999978542327881], [5.270861720418907e-07, 1.1212486015210743e-06, 0.9999983310699463], [7.772688945806294e-07, 5.620514116344566e-07, 0.9999986886978149], [5.547308887798863e-07, 7.7914802432133e-07, 0.9999986886978149], [2.774580423192674e-07, 6.778169563403935e-07, 0.9999990463256836], [1.1398980177546036e-06, 1.2252096439624438e-06, 0.999997615814209], [5.561388434216497e-07, 9.197642611979973e-07, 0.9999985694885254], [5.742927555729693e-07, 1.1350898603268433e-06, 0.9999983310699463], [7.915694482107938e-07, 1.5705619489381206e-06, 0.999997615814209]]}, "infer_command_tokens": ["I1s2_0_2", "I1s2_1_2", "I1s2_2_2", "I1s2_3_2", "I1s2_4_2", "I1s2_5_2", "I1s2_6_2", "I1s2_7_2", "I1s2_8_2", "I1s2_9_2", "I1s2_10_2", "I1s2_11_2", "I1s2_12_2", "I1s2_13_2", "I1s2_14_2", "I1s2_15_2", "I1s2_16_2", "I1s2_17_2", "I1s2_18_2", "I1s2_19_2", "I1s2_20_2", "I1s2_21_2", "I1s2_22_2", "I1s2_23_2", "I1s2_24_2", "I1s2_25_2", "I1s2_26_2", "I1s2_27_2", "I4_28", "C1_4", "R1_2", "R3_3", "S2s1_17", "S4_0_2", "S4_1_2", "S4_2_2", "S4_3_2", "S4_4_2", "S4_5_2", "S4_6_2", "S4_7_2", "S4_8_2", "S4_9_2", "S4_10_2", "S4_11_2", "S4_12_2", "S4_13_2", "S4_14_2", "S4_15_2", "S4_16_2", "S4_17_2", "S4_18_2", "S4_19_2", "S4_20_2", "S4_21_2", "B1s1_4", "TS1s1_0", "K1_0", "T1s1_3", "P4_12", "ST1_14", "EM1_4", "TM1_1"]}