{"text": "To create a cohesive and unified sound throughout the musical piece, a specific pitch range of 4 octaves can be used. This approach can be complemented by a slow and dynamic rhythm, which adds further depth and interest to the song. To achieve the desired musical effect, grand piano and strings should be featured prominently in the music. By combining these elements, a powerful and engaging musical composition can be created, which resonates with audiences and showcases the skill and creativity of the composer. The song spans approximately 13 ~ 16 bars.", "pred_labels": {"R1": [0, 0, 1], "R3": [0, 0, 1, 0], "S2s1": [0, 0, 0, 0, 0, 0, 0, 0, 0, 0, 0, 0, 0, 0, 0, 0, 0, 1], "B1s1": [0, 0, 0, 1, 0], "TS1s1": [0, 0, 0, 0, 0, 0, 0, 1], "K1": [0, 0, 1], "T1s1": [1, 0, 0, 0], "P4": [0, 0, 0, 0, 1, 0, 0, 0, 0, 0, 0, 0, 0], "EM1": [0, 0, 0, 0, 1], "TM1": [0, 0, 0, 0, 0, 1], "I1s2": [[1, 0, 0], [0, 0, 1], [0, 0, 1], [0, 0, 1], [0, 0, 1], [0, 0, 1], [0, 0, 1], [0, 0, 1], [0, 0, 1], [0, 0, 1], [1, 0, 0], [0, 0, 1], [0, 0, 1], [0, 0, 1], [0, 0, 1], [0, 0, 1], [0, 0, 1], [0, 0, 1], [0, 0, 1], [0, 0, 1], [0, 0, 1], [0, 0, 1], [0, 0, 1], [0, 0, 1], [0, 0, 1], [0, 0, 1], [0, 0, 1], [0, 0, 1]], "S4": [[0, 0, 1], [0, 0, 1], [0, 0, 1], [0, 0, 1], [0, 0, 1], [0, 0, 1], [0, 0, 1], [0, 0, 1], [0, 0, 1], [0, 0, 1], [0, 0, 1], [0, 0, 1], [0, 0, 1], [0, 0, 1], [0, 0, 1], [0, 0, 1], [0, 0, 1], [0, 0, 1], [0, 0, 1], [0, 0, 1], [0, 0, 1], [0, 0, 1]]}, "pred_probs": {"R1": [4.192883352516219e-06, 4.286436251277337e-06, 0.9999915361404419], "R3": [8.524021950506722e-07, 4.179803454462672e-06, 0.9999942779541016, 6.898975470903679e-07], "S2s1": [2.368132754781982e-06, 2.6210864234599285e-06, 4.594152414938435e-06, 3.2577636375208385e-06, 3.5146470054314705e-06, 4.010799329989823e-06, 3.2056113923317753e-06, 2.4584840048191836e-06, 2.4953662887128303e-06, 3.0812134355073795e-06, 4.162727691436885e-06, 5.2203736231604125e-06, 3.685142019094201e-06, 1.2356222214293666e-06, 4.1555877032806166e-06, 9.028784006659407e-06, 1.7348494338875753e-06, 0.9999393224716187], "B1s1": [9.61284513323335e-07, 1.0189543218075414e-06, 1.0894005981754162e-06, 0.9999964237213135, 4.574248748667742e-07], "TS1s1": [6.931504117346776e-07, 1.2220365306347958e-06, 9.466447750128282e-07, 1.8552584606368328e-06, 9.344710747427598e-07, 1.8464047570887487e-06, 4.940931830788031e-05, 0.9999431371688843], "K1": [7.039774914119334e-07, 1.4609320260206005e-06, 0.9999978542327881], "T1s1": [0.9999971389770508, 5.02467173646437e-07, 1.1463009741419228e-06, 1.1546152336450177e-06], "P4": [1.8528422174313164e-07, 8.685372421268767e-08, 7.397052570468077e-08, 6.827584542179466e-08, 0.9999984502792358, 8.495397452179532e-08, 1.1712819514286821e-07, 1.502783106843708e-07, 1.1864399596106523e-07, 2.016720941355743e-07, 1.4547356386174215e-07, 1.2064059262684168e-07, 2.2056325121866394e-07], "EM1": [2.1560372260864824e-06, 1.9124527170788497e-06, 3.7503973544517066e-06, 5.811277787870495e-06, 0.9999864101409912], "TM1": [3.878359393638675e-07, 7.604945722050616e-07, 4.6596051106462255e-07, 6.728304811076669e-07, 9.52786081143131e-08, 0.999997615814209], "I1s2": [[0.999994158744812, 2.8942988592461916e-06, 2.9231396183604375e-06], [2.3179732977496315e-07, 2.1528818194838095e-07, 0.9999995231628418], [3.2598472898826003e-07, 2.7106131028631353e-07, 0.9999994039535522], [2.5373134349138127e-07, 6.452292495850998e-07, 0.9999990463256836], [1.734749304205252e-07, 3.8612202502008586e-07, 0.9999994039535522], [3.9941423324307834e-07, 5.34506341409724e-07, 0.9999990463256836], [3.7416583609228837e-07, 5.058887495579256e-07, 0.9999991655349731], [2.5502885137029807e-07, 3.1439583381143166e-07, 0.9999994039535522], [1.0644578196661314e-07, 2.329330612838021e-07, 0.9999996423721313], [2.563444354564126e-07, 1.1145128553380346e-07, 0.9999996423721313], [0.9999909400939941, 4.316169452067697e-06, 4.768028247781331e-06], [3.740278771147132e-07, 2.302003707654876e-07, 0.9999994039535522], [1.88901310593792e-07, 4.863916274189251e-07, 0.9999992847442627], [4.7234482281055534e-07, 4.594463973717211e-07, 0.9999990463256836], [2.1739593591973971e-07, 2.1345009315609786e-07, 0.9999995231628418], [1.196909522604983e-07, 1.3221443850852665e-07, 0.9999997615814209], [2.774626182144857e-07, 3.5115294849674683e-07, 0.9999994039535522], [2.48888653686663e-07, 2.4254026698145026e-07, 0.9999995231628418], [4.491089669045323e-07, 5.801291536045028e-07, 0.999998927116394], [1.4224252709027496e-07, 3.919651589967543e-07, 0.9999995231628418], [2.1825302098932298e-07, 3.461694007000915e-07, 0.9999994039535522], [6.685983180432231e-07, 2.823648799221701e-07, 0.9999990463256836], [2.241372527578278e-07, 5.472560360431089e-07, 0.9999992847442627], [1.2180721853383147e-07, 9.766189634774491e-08, 0.9999997615814209], [1.3951650998933474e-06, 1.781410787771165e-07, 0.9999984502792358], [2.317637353144164e-07, 2.0734748318318452e-07, 0.9999995231628418], [3.230107381568814e-07, 3.7054775248179794e-07, 0.9999992847442627], [1.4341968324060872e-07, 2.862852852558717e-07, 0.9999995231628418]], "S4": [[4.264698418410262e-06, 1.4859468819850008e-06, 0.9999942779541016], [5.859227485416341e-07, 5.557275244427728e-07, 0.9999988079071045], [4.2773677932927967e-07, 6.631427140746382e-07, 0.999998927116394], [4.924557970298338e-07, 6.559808412021084e-07, 0.9999988079071045], [7.581509748888493e-07, 9.852976745605702e-07, 0.9999982118606567], [5.077744731352141e-07, 8.853742770043027e-07, 0.9999985694885254], [6.121572937445308e-07, 5.72634860418475e-07, 0.9999988079071045], [5.571747010435502e-07, 5.047604076935386e-07, 0.999998927116394], [5.612345717054268e-07, 7.139520903365337e-07, 0.9999986886978149], [5.178270612304914e-07, 6.642782182098017e-07, 0.9999988079071045], [5.219071681494825e-07, 1.014523149933666e-06, 0.9999984502792358], [1.1631206007223227e-06, 7.971294166964071e-07, 0.9999980926513672], [6.47744798243366e-07, 1.1601607639022404e-06, 0.9999982118606567], [4.703192360011599e-07, 8.352655527232855e-07, 0.9999986886978149], [3.7218234183455934e-07, 8.100722652670811e-07, 0.9999988079071045], [8.825064128359372e-07, 5.337095103641332e-07, 0.9999985694885254], [4.3660847381943313e-07, 5.593336709353025e-07, 0.9999990463256836], [2.333839148604966e-07, 5.401184921538515e-07, 0.9999992847442627], [7.910808790256851e-07, 9.938722769220476e-07, 0.9999982118606567], [4.942926352669019e-07, 8.014924901544873e-07, 0.9999986886978149], [5.362763317862118e-07, 9.212118357027066e-07, 0.9999985694885254], [6.986219318605436e-07, 1.1709447562679998e-06, 0.9999980926513672]]}, "infer_command_tokens": ["I1s2_0_0", "I1s2_1_2", "I1s2_2_2", "I1s2_3_2", "I1s2_4_2", "I1s2_5_2", "I1s2_6_2", "I1s2_7_2", "I1s2_8_2", "I1s2_9_2", "I1s2_10_0", "I1s2_11_2", "I1s2_12_2", "I1s2_13_2", "I1s2_14_2", "I1s2_15_2", "I1s2_16_2", "I1s2_17_2", "I1s2_18_2", "I1s2_19_2", "I1s2_20_2", "I1s2_21_2", "I1s2_22_2", "I1s2_23_2", "I1s2_24_2", "I1s2_25_2", "I1s2_26_2", "I1s2_27_2", "I4_28", "C1_4", "R1_2", "R3_2", "S2s1_17", "S4_0_2", "S4_1_2", "S4_2_2", "S4_3_2", "S4_4_2", "S4_5_2", "S4_6_2", "S4_7_2", "S4_8_2", "S4_9_2", "S4_10_2", "S4_11_2", "S4_12_2", "S4_13_2", "S4_14_2", "S4_15_2", "S4_16_2", "S4_17_2", "S4_18_2", "S4_19_2", "S4_20_2", "S4_21_2", "B1s1_3", "TS1s1_7", "K1_2", "T1s1_0", "P4_4", "ST1_14", "EM1_4", "TM1_5"]}