{"text": "This song is a true representation of the jazz genre, composed in the major key with a balanced beat and a very upbeat tempo.", "pred_labels": {"R1": [0, 0, 1], "R3": [0, 0, 1, 0], "S2s1": [0, 0, 0, 0, 0, 0, 0, 0, 0, 0, 0, 0, 0, 0, 0, 0, 0, 1], "B1s1": [0, 0, 0, 0, 1], "TS1s1": [0, 0, 0, 0, 0, 0, 0, 1], "K1": [1, 0, 0], "T1s1": [0, 1, 0, 0], "P4": [0, 0, 0, 0, 0, 0, 0, 0, 0, 0, 0, 0, 1], "EM1": [0, 0, 0, 0, 1], "TM1": [0, 0, 0, 0, 0, 1], "I1s2": [[0, 0, 1], [0, 0, 1], [0, 0, 1], [0, 0, 1], [0, 0, 1], [0, 0, 1], [0, 0, 1], [0, 0, 1], [0, 0, 1], [0, 0, 1], [0, 0, 1], [0, 0, 1], [0, 0, 1], [0, 0, 1], [0, 0, 1], [0, 0, 1], [0, 0, 1], [0, 0, 1], [0, 0, 1], [0, 0, 1], [0, 0, 1], [0, 0, 1], [0, 0, 1], [0, 0, 1], [0, 0, 1], [0, 0, 1], [0, 0, 1], [0, 0, 1]], "S4": [[0, 0, 1], [0, 0, 1], [0, 0, 1], [0, 0, 1], [0, 0, 1], [0, 0, 1], [0, 0, 1], [0, 0, 1], [0, 0, 1], [0, 0, 1], [1, 0, 0], [0, 0, 1], [0, 0, 1], [0, 0, 1], [0, 0, 1], [0, 0, 1], [0, 0, 1], [0, 0, 1], [0, 0, 1], [0, 0, 1], [0, 0, 1], [0, 0, 1]]}, "pred_probs": {"R1": [4.563683887681691e-06, 4.7972357606340665e-06, 0.9999905824661255], "R3": [6.803635415053577e-07, 3.273974471085239e-06, 0.9999954700469971, 5.522946366909309e-07], "S2s1": [3.0430937840719707e-06, 3.2230643682851223e-06, 6.589118584088283e-06, 3.6039889437233796e-06, 4.644311957235914e-06, 5.903451437916374e-06, 3.7722825254604686e-06, 3.3517571864649653e-06, 2.817145968947443e-06, 3.851382643915713e-06, 5.308900199452182e-06, 6.440742708946345e-06, 4.471313786780229e-06, 1.4230411125026876e-06, 5.101080205349717e-06, 9.802535714698024e-06, 2.3498146219935734e-06, 0.9999245405197144], "B1s1": [8.884877388481982e-06, 5.421378773462493e-06, 9.531945579510648e-06, 2.9643849757121643e-06, 0.9999731779098511], "TS1s1": [8.267871862699394e-07, 1.6689268704794813e-06, 1.2250346799191902e-06, 2.290993961651111e-06, 9.523034805170028e-07, 1.925109927469748e-06, 4.853969585383311e-05, 0.9999425411224365], "K1": [0.9999996423721313, 1.3093878692416183e-07, 2.6311485612495744e-07], "T1s1": [4.364770120446337e-06, 0.9999939203262329, 1.0533581189520191e-06, 6.525403364321392e-07], "P4": [5.186560088077385e-07, 5.237847631178738e-07, 4.5220724587125005e-07, 4.60576842442606e-07, 8.319046287397214e-07, 2.484362653376593e-07, 6.49811170205794e-07, 3.2887169254536275e-07, 4.449485402346909e-07, 6.135706485110859e-07, 3.330474100948777e-07, 4.6268871756183216e-07, 0.999994158744812], "EM1": [2.5223671400453895e-06, 3.159288780807401e-06, 5.8320179050497245e-06, 6.282714366534492e-06, 0.9999822378158569], "TM1": [4.950990728502802e-07, 8.549390599910112e-07, 6.325816457319888e-07, 7.46834018627851e-07, 1.1141338518427801e-07, 0.9999971389770508], "I1s2": [[3.2393006677011726e-07, 2.8960687359358417e-07, 0.9999994039535522], [3.118105951216421e-07, 2.7008334768652276e-07, 0.9999994039535522], [4.389369507862284e-07, 2.710811770612054e-07, 0.9999992847442627], [4.824264010494517e-07, 6.44298836505186e-07, 0.999998927116394], [2.6994584345629846e-07, 3.4587833397381473e-07, 0.9999994039535522], [5.216670615482144e-07, 4.996216489416838e-07, 0.999998927116394], [4.948111040903314e-07, 5.467310870699293e-07, 0.999998927116394], [3.3090199735852366e-07, 3.068265925776359e-07, 0.9999994039535522], [1.829870086567098e-07, 2.6544768161329557e-07, 0.9999995231628418], [2.569717878486699e-07, 1.427079041604884e-07, 0.9999996423721313], [4.2099142660845246e-07, 3.1210004181048134e-07, 0.9999992847442627], [4.1114310533885146e-07, 2.636899978369911e-07, 0.9999992847442627], [2.787268442716595e-07, 4.150309962369647e-07, 0.9999992847442627], [5.619523903988011e-07, 5.390078854361491e-07, 0.999998927116394], [3.3120792863883253e-07, 2.9336962370507536e-07, 0.9999994039535522], [1.6613957143363223e-07, 1.0136923123127417e-07, 0.9999997615814209], [3.99849909626937e-07, 3.526140233134356e-07, 0.9999992847442627], [3.8358186316145293e-07, 1.5310321543893224e-07, 0.9999994039535522], [6.238732908059319e-07, 6.777261774004728e-07, 0.9999986886978149], [2.116912156679973e-07, 5.008497510061716e-07, 0.9999992847442627], [2.9749116947641596e-07, 3.2118003900905023e-07, 0.9999994039535522], [7.814699074515374e-07, 3.5863294556293113e-07, 0.9999988079071045], [2.424388583222026e-07, 6.568812409568636e-07, 0.9999990463256836], [1.4863397268527478e-07, 1.0250507642695084e-07, 0.9999997615814209], [1.1468833918115706e-06, 1.716782520588822e-07, 0.9999986886978149], [2.7271974545328703e-07, 2.7236731625635e-07, 0.9999994039535522], [5.212220344219531e-07, 3.9223871795002196e-07, 0.9999990463256836], [1.7582172517904837e-07, 3.2158772000911995e-07, 0.9999995231628418]], "S4": [[3.6434187222766923e-06, 1.5198112350844895e-06, 0.9999948740005493], [6.978124247325468e-07, 8.329544698426616e-07, 0.9999984502792358], [5.076951197224844e-07, 7.941578132886207e-07, 0.9999986886978149], [4.964587105860119e-07, 8.424904649473319e-07, 0.9999986886978149], [9.433115906176681e-07, 1.151991682490916e-06, 0.9999978542327881], [7.060847337925225e-07, 1.4960349972170661e-06, 0.9999978542327881], [5.560868885368109e-07, 7.898992180344067e-07, 0.9999986886978149], [6.855098035885021e-07, 5.528170845536806e-07, 0.9999988079071045], [6.923741580067144e-07, 7.782211355333857e-07, 0.9999985694885254], [5.999471568429726e-07, 9.190889613819309e-07, 0.9999984502792358], [0.99998939037323, 6.627119091717759e-06, 3.989990091213258e-06], [1.1376163229215308e-06, 1.2397890714055393e-06, 0.999997615814209], [8.246419724855514e-07, 1.6097229718070594e-06, 0.999997615814209], [6.183800564940611e-07, 1.2590097639986197e-06, 0.9999980926513672], [6.63103605802462e-07, 1.2137779776821844e-06, 0.9999980926513672], [7.910714430181542e-07, 5.692681384061871e-07, 0.9999986886978149], [5.650260277434427e-07, 8.592544418206671e-07, 0.9999985694885254], [2.502974894014187e-07, 5.814630412714905e-07, 0.9999991655349731], [1.4169721680445946e-06, 1.0923375839411165e-06, 0.9999974966049194], [5.262384092930006e-07, 1.045570343194413e-06, 0.9999984502792358], [5.738493200624362e-07, 1.0711218010328594e-06, 0.9999983310699463], [7.3617934504e-07, 1.4685646192447166e-06, 0.9999978542327881]]}, "infer_command_tokens": ["I1s2_0_2", "I1s2_1_2", "I1s2_2_2", "I1s2_3_2", "I1s2_4_2", "I1s2_5_2", "I1s2_6_2", "I1s2_7_2", "I1s2_8_2", "I1s2_9_2", "I1s2_10_2", "I1s2_11_2", "I1s2_12_2", "I1s2_13_2", "I1s2_14_2", "I1s2_15_2", "I1s2_16_2", "I1s2_17_2", "I1s2_18_2", "I1s2_19_2", "I1s2_20_2", "I1s2_21_2", "I1s2_22_2", "I1s2_23_2", "I1s2_24_2", "I1s2_25_2", "I1s2_26_2", "I1s2_27_2", "I4_28", "C1_4", "R1_2", "R3_2", "S2s1_17", "S4_0_2", "S4_1_2", "S4_2_2", "S4_3_2", "S4_4_2", "S4_5_2", "S4_6_2", "S4_7_2", "S4_8_2", "S4_9_2", "S4_10_0", "S4_11_2", "S4_12_2", "S4_13_2", "S4_14_2", "S4_15_2", "S4_16_2", "S4_17_2", "S4_18_2", "S4_19_2", "S4_20_2", "S4_21_2", "B1s1_4", "TS1s1_7", "K1_0", "T1s1_1", "P4_12", "ST1_14", "EM1_4", "TM1_5"]}