{"text": "In creating music, it is important to consider various factors to produce a captivating piece. One such factor is the use of the minor key, which provides a powerful and memorable sound that can leave a lasting impression on the listener. Another important element is the tempo, which should be carefully chosen to fit the mood of the music. In the case of this song, the tempo is in the middle range, allowing for a balanced and comfortable listening experience. Additionally, the use of synth, bass and flute is essential in adding depth and complexity to the music, making it more interesting and enjoyable for the audience. The tempo of this song is moderate. The song spans approximately 13 ~ 16 bars.", "pred_labels": {"R1": [0, 0, 1], "R3": [0, 1, 0, 0], "S2s1": [0, 0, 0, 0, 0, 0, 0, 0, 0, 0, 0, 0, 0, 0, 0, 0, 0, 1], "B1s1": [0, 0, 0, 1, 0], "TS1s1": [0, 0, 0, 0, 0, 0, 0, 1], "K1": [0, 1, 0], "T1s1": [0, 1, 0, 0], "P4": [0, 0, 0, 0, 0, 0, 0, 0, 0, 0, 0, 0, 1], "EM1": [0, 0, 0, 0, 1], "TM1": [0, 0, 0, 0, 0, 1], "I1s2": [[0, 0, 1], [0, 0, 1], [0, 0, 1], [0, 0, 1], [0, 0, 1], [1, 0, 0], [0, 0, 1], [0, 0, 1], [0, 0, 1], [0, 0, 1], [0, 0, 1], [0, 0, 1], [0, 0, 1], [0, 0, 1], [0, 0, 1], [0, 0, 1], [0, 0, 1], [0, 0, 1], [0, 0, 1], [0, 0, 1], [0, 0, 1], [0, 0, 1], [1, 0, 0], [0, 0, 1], [1, 0, 0], [0, 0, 1], [0, 0, 1], [0, 0, 1]], "S4": [[0, 0, 1], [0, 0, 1], [0, 0, 1], [0, 0, 1], [0, 0, 1], [0, 0, 1], [0, 0, 1], [0, 0, 1], [0, 0, 1], [0, 0, 1], [0, 0, 1], [0, 0, 1], [0, 0, 1], [0, 0, 1], [0, 0, 1], [0, 0, 1], [0, 0, 1], [0, 0, 1], [0, 0, 1], [0, 0, 1], [0, 0, 1], [0, 0, 1]]}, "pred_probs": {"R1": [4.190864274278283e-06, 4.2587125790305436e-06, 0.9999915361404419], "R3": [1.5439461549249245e-06, 0.9999936819076538, 8.12089297141938e-07, 3.93723530578427e-06], "S2s1": [2.6472582703718217e-06, 2.707486601138953e-06, 4.908978098683292e-06, 3.0493245049001416e-06, 3.3942974368983414e-06, 4.5370502448349725e-06, 3.1908377877698513e-06, 2.6440818601258798e-06, 2.7966887046204647e-06, 2.89016338683723e-06, 4.8121296458703e-06, 5.181394953979179e-06, 3.949891379306791e-06, 1.3461983598972438e-06, 3.955648026021663e-06, 8.457503099634778e-06, 1.8388840317129507e-06, 0.9999376535415649], "B1s1": [1.005750732474553e-06, 1.140255221798725e-06, 1.258186330233002e-06, 0.9999961853027344, 4.1358828184456797e-07], "TS1s1": [7.207557928268216e-07, 1.2813228522645659e-06, 8.078512792053516e-07, 2.073417363135377e-06, 9.260223237106402e-07, 1.8300356714462396e-06, 6.0157919506309554e-05, 0.9999321699142456], "K1": [3.734796223398007e-07, 0.9999992847442627, 3.707336588831822e-07], "T1s1": [4.849776814808138e-06, 0.9999133348464966, 5.879411219211761e-06, 7.594651833642274e-05], "P4": [4.4595088866117294e-07, 4.520815650721488e-07, 4.6277500587166287e-07, 4.61551451280684e-07, 7.819184020263492e-07, 2.6715147782852e-07, 5.607668640550401e-07, 2.283908600020368e-07, 4.045088815018971e-07, 4.312480257340212e-07, 3.6083460486224794e-07, 4.4931610432286107e-07, 0.9999946355819702], "EM1": [2.1962353002891177e-06, 2.041485913650831e-06, 4.491909749049228e-06, 4.918571448797593e-06, 0.9999864101409912], "TM1": [3.536773363066459e-07, 7.403338031508611e-07, 4.628483054602839e-07, 6.965631769162428e-07, 7.995886619482917e-08, 0.999997615814209], "I1s2": [[3.3958713174797595e-07, 3.5985343060929154e-07, 0.9999992847442627], [1.7520808626159123e-07, 2.5819164761742286e-07, 0.9999995231628418], [4.6604876047240396e-07, 4.1309917264698015e-07, 0.9999991655349731], [7.540933211203082e-07, 4.0276941035699565e-06, 0.999995231628418], [5.474764179780323e-07, 2.9492748581105843e-06, 0.999996542930603], [0.9999914169311523, 3.9208521229738835e-06, 4.605244157573907e-06], [3.885891715071921e-07, 6.071995812817477e-07, 0.9999990463256836], [2.655096693615633e-07, 3.002633661708387e-07, 0.9999994039535522], [1.4278180060500745e-07, 4.521363337062212e-07, 0.9999994039535522], [2.0864538896603335e-07, 2.024132044198268e-07, 0.9999996423721313], [4.0209656049228215e-07, 1.1455166486484814e-06, 0.9999984502792358], [5.118727131048217e-07, 8.075067512436362e-07, 0.9999986886978149], [4.4722185066348175e-07, 1.8450269863024005e-06, 0.9999977350234985], [1.4486921600109781e-06, 2.7792177661467576e-06, 0.9999958276748657], [3.6725614904753456e-07, 4.837510232391651e-07, 0.9999991655349731], [2.3287215356049273e-07, 3.625952444963332e-07, 0.9999994039535522], [5.744997793044604e-07, 1.1739102774299681e-06, 0.9999982118606567], [3.150246072891605e-07, 2.5208075271621055e-07, 0.9999994039535522], [4.3259183257760014e-07, 7.24250526218384e-07, 0.9999988079071045], [1.4555462257703766e-07, 3.3920852615665353e-07, 0.9999995231628418], [2.410872639302397e-07, 8.413994123657176e-07, 0.999998927116394], [7.034682880657783e-07, 3.192730275713984e-07, 0.999998927116394], [0.9999932050704956, 3.041933041458833e-06, 3.650417284006835e-06], [1.3611872873298125e-07, 1.3121380959546514e-07, 0.9999997615814209], [0.9999924898147583, 2.8110518996982137e-06, 4.657042154576629e-06], [3.3015265898939106e-07, 5.303893431118922e-07, 0.9999991655349731], [4.979169148100482e-07, 1.302258510804677e-06, 0.9999982118606567], [1.319954492373654e-07, 3.118148015346378e-07, 0.9999995231628418]], "S4": [[4.68243024442927e-06, 1.986380993912462e-06, 0.9999933242797852], [5.588590283878148e-07, 5.241960252533318e-07, 0.999998927116394], [4.863023264078947e-07, 6.47945284981688e-07, 0.9999988079071045], [4.7173068651318317e-07, 6.79226104693953e-07, 0.9999988079071045], [8.928032002586406e-07, 9.519552008896426e-07, 0.9999982118606567], [5.663758315677114e-07, 9.777178320291569e-07, 0.9999984502792358], [7.112648745533079e-07, 6.711546234328125e-07, 0.9999985694885254], [5.831166731695703e-07, 5.013169470657886e-07, 0.999998927116394], [6.037089406163432e-07, 6.905930831635487e-07, 0.9999986886978149], [5.215088094701059e-07, 7.093087788234698e-07, 0.9999988079071045], [5.424140567811264e-07, 9.817673571888008e-07, 0.9999984502792358], [1.174947215076827e-06, 7.534197834502265e-07, 0.9999980926513672], [6.784760557820846e-07, 1.1144787777084275e-06, 0.9999982118606567], [5.400752911555173e-07, 9.510026188763732e-07, 0.9999984502792358], [5.865129537596658e-07, 8.336069754477649e-07, 0.9999985694885254], [1.2820451047446113e-06, 8.097702561826736e-07, 0.9999978542327881], [9.232402931047545e-07, 1.1525291938596638e-06, 0.9999979734420776], [2.2190738491190132e-07, 5.837176786371856e-07, 0.9999991655349731], [8.02584224857128e-07, 1.0753682317954372e-06, 0.9999980926513672], [5.349682510313869e-07, 8.262061896857631e-07, 0.9999986886978149], [5.691447881872591e-07, 1.0005162494053366e-06, 0.9999984502792358], [8.729167575438623e-07, 1.157440692622913e-06, 0.9999979734420776]]}, "infer_command_tokens": ["I1s2_0_2", "I1s2_1_2", "I1s2_2_2", "I1s2_3_2", "I1s2_4_2", "I1s2_5_0", "I1s2_6_2", "I1s2_7_2", "I1s2_8_2", "I1s2_9_2", "I1s2_10_2", "I1s2_11_2", "I1s2_12_2", "I1s2_13_2", "I1s2_14_2", "I1s2_15_2", "I1s2_16_2", "I1s2_17_2", "I1s2_18_2", "I1s2_19_2", "I1s2_20_2", "I1s2_21_2", "I1s2_22_0", "I1s2_23_2", "I1s2_24_0", "I1s2_25_2", "I1s2_26_2", "I1s2_27_2", "I4_28", "C1_4", "R1_2", "R3_1", "S2s1_17", "S4_0_2", "S4_1_2", "S4_2_2", "S4_3_2", "S4_4_2", "S4_5_2", "S4_6_2", "S4_7_2", "S4_8_2", "S4_9_2", "S4_10_2", "S4_11_2", "S4_12_2", "S4_13_2", "S4_14_2", "S4_15_2", "S4_16_2", "S4_17_2", "S4_18_2", "S4_19_2", "S4_20_2", "S4_21_2", "B1s1_3", "TS1s1_7", "K1_1", "T1s1_1", "P4_12", "ST1_14", "EM1_4", "TM1_5"]}