{"text": "The music in this song is played at a leisurely pace, with a pronounced rhythm that is hard to miss. The combination of the two creates a unique and pleasant listening experience, as the relaxed tempo allows the listener to fully appreciate the pronounced rhythm and its intricate details. Overall, this song's musical elements work together to create a beautiful and engaging piece that can be enjoyed by anyone who appreciates good music. Its pitch range is within 3 octaves.", "pred_labels": {"R1": [0, 0, 1], "R3": [0, 0, 1, 0], "S2s1": [0, 0, 0, 0, 0, 0, 0, 0, 0, 0, 0, 0, 0, 0, 0, 0, 0, 1], "B1s1": [0, 0, 0, 0, 1], "TS1s1": [0, 0, 0, 0, 0, 0, 0, 1], "K1": [0, 0, 1], "T1s1": [1, 0, 0, 0], "P4": [0, 0, 0, 1, 0, 0, 0, 0, 0, 0, 0, 0, 0], "EM1": [0, 0, 0, 0, 1], "TM1": [0, 0, 0, 0, 0, 1], "I1s2": [[0, 0, 1], [0, 0, 1], [0, 0, 1], [0, 0, 1], [0, 0, 1], [0, 0, 1], [0, 0, 1], [0, 0, 1], [0, 0, 1], [0, 0, 1], [0, 0, 1], [0, 0, 1], [0, 0, 1], [0, 0, 1], [0, 0, 1], [0, 0, 1], [0, 0, 1], [0, 0, 1], [0, 0, 1], [0, 0, 1], [0, 0, 1], [0, 0, 1], [0, 0, 1], [0, 0, 1], [0, 0, 1], [0, 0, 1], [0, 0, 1], [0, 0, 1]], "S4": [[0, 0, 1], [0, 0, 1], [0, 0, 1], [0, 0, 1], [0, 0, 1], [0, 0, 1], [0, 0, 1], [0, 0, 1], [0, 0, 1], [0, 0, 1], [0, 0, 1], [0, 0, 1], [0, 0, 1], [0, 0, 1], [0, 0, 1], [0, 0, 1], [0, 0, 1], [0, 0, 1], [0, 0, 1], [0, 0, 1], [0, 0, 1], [0, 0, 1]]}, "pred_probs": {"R1": [4.162369350524386e-06, 4.305281890992774e-06, 0.9999915361404419], "R3": [6.721114687024965e-07, 3.4652562135306653e-06, 0.9999955892562866, 2.226323942977615e-07], "S2s1": [2.2997908217803342e-06, 2.6217087452096166e-06, 4.425030965649057e-06, 3.200818355253432e-06, 3.618934670157614e-06, 4.406690550240455e-06, 3.2093614663608605e-06, 2.0171662526990985e-06, 2.3338741357292747e-06, 3.553873057171586e-06, 3.999298769485904e-06, 5.895532467548037e-06, 3.882387318299152e-06, 1.444610802536772e-06, 3.6969199754821602e-06, 8.012580110516865e-06, 2.049158638328663e-06, 0.9999393224716187], "B1s1": [6.1955406636116095e-06, 5.227826932241442e-06, 7.962829840835184e-06, 2.1821690552314976e-06, 0.9999784231185913], "TS1s1": [7.017696930233797e-07, 1.3718145055463538e-06, 1.042211010826577e-06, 1.9866690763592487e-06, 9.215672207574244e-07, 1.8444964098307537e-06, 4.747428829432465e-05, 0.9999446868896484], "K1": [5.548978947444994e-07, 1.2156269804108888e-06, 0.9999982118606567], "T1s1": [0.9999972581863403, 7.958906280691735e-07, 1.1299875950498972e-06, 8.501551178596856e-07], "P4": [2.7829190685224603e-07, 1.293649205535985e-07, 5.1981036364168176e-08, 0.9999977350234985, 2.157835865546076e-07, 1.511298961531793e-07, 2.8149446507086395e-07, 1.940858993521033e-07, 1.7293548637553613e-07, 8.297789122480026e-08, 1.2171223318091506e-07, 2.5566524186615425e-07, 3.928697651645052e-07], "EM1": [2.056463017652277e-06, 1.650006652198499e-06, 4.639617600332713e-06, 5.553541086555924e-06, 0.9999860525131226], "TM1": [3.9360512005259807e-07, 7.038121907498862e-07, 5.188912837184034e-07, 7.130184940251638e-07, 8.922761907115273e-08, 0.999997615814209], "I1s2": [[3.446711787091772e-07, 2.420598264052387e-07, 0.9999994039535522], [2.506931764401088e-07, 1.9964959108165203e-07, 0.9999995231628418], [3.290946040124254e-07, 2.507275667085196e-07, 0.9999994039535522], [3.6535297454065585e-07, 4.6595098979196337e-07, 0.9999991655349731], [1.7571997545928753e-07, 2.988424512295751e-07, 0.9999995231628418], [4.6825982735754224e-07, 4.123587871163181e-07, 0.9999991655349731], [4.07571377536442e-07, 4.230633408042195e-07, 0.9999991655349731], [2.642816525622038e-07, 2.770237301774614e-07, 0.9999994039535522], [1.1783654940700217e-07, 1.686032220504785e-07, 0.9999997615814209], [2.2626609563758393e-07, 9.829278013739895e-08, 0.9999996423721313], [3.178301426487451e-07, 2.558051619416801e-07, 0.9999994039535522], [3.6800511793444457e-07, 2.1500173374988663e-07, 0.9999994039535522], [2.1245881498543895e-07, 2.909639533754671e-07, 0.9999995231628418], [3.769559668853617e-07, 3.475182381862396e-07, 0.9999992847442627], [1.8342295504680806e-07, 1.6600841945546563e-07, 0.9999996423721313], [1.1805589394953131e-07, 8.632731152147244e-08, 0.9999997615814209], [3.2159809393306205e-07, 3.243455353185709e-07, 0.9999994039535522], [3.1971623570825614e-07, 1.4225554423319409e-07, 0.9999995231628418], [4.903184844806674e-07, 5.406542413766147e-07, 0.999998927116394], [1.6980081340989273e-07, 3.454728698670806e-07, 0.9999995231628418], [2.1944310901744757e-07, 2.5547191739860864e-07, 0.9999995231628418], [7.222247973004414e-07, 2.9560894176938746e-07, 0.999998927116394], [2.1371135972003685e-07, 4.617790239080932e-07, 0.9999992847442627], [1.3094106066091626e-07, 8.056341727069594e-08, 0.9999997615814209], [1.201843247145007e-06, 1.592753875456765e-07, 0.9999986886978149], [2.5272444759139034e-07, 1.9526088124166563e-07, 0.9999995231628418], [3.528475360781158e-07, 3.0029229947103886e-07, 0.9999994039535522], [1.371821127804651e-07, 2.6794378982231137e-07, 0.9999996423721313]], "S4": [[4.838449967792258e-06, 1.6017121424738434e-06, 0.9999935626983643], [6.08615721375827e-07, 5.638645461658598e-07, 0.9999988079071045], [4.461377898223873e-07, 7.363977374552633e-07, 0.9999988079071045], [4.5350373056862736e-07, 6.741255447195726e-07, 0.999998927116394], [8.508452538080746e-07, 1.017583940665645e-06, 0.9999980926513672], [5.80994822030334e-07, 9.952317441275227e-07, 0.9999984502792358], [5.691222213499714e-07, 5.894817718399281e-07, 0.9999988079071045], [6.112181836215314e-07, 4.102620891899278e-07, 0.999998927116394], [5.813341772409331e-07, 7.472612537640089e-07, 0.9999986886978149], [4.814762633031933e-07, 6.866214334877441e-07, 0.9999988079071045], [5.361990247365611e-07, 1.0546596058702562e-06, 0.9999984502792358], [1.1597245475059026e-06, 8.328761964548903e-07, 0.9999979734420776], [6.867807655908109e-07, 1.0974034694299917e-06, 0.9999982118606567], [5.17972182478843e-07, 8.820251196084428e-07, 0.9999985694885254], [3.9307442989411356e-07, 8.285782655548246e-07, 0.9999988079071045], [7.062268991830933e-07, 4.213431452626537e-07, 0.999998927116394], [4.902099703940621e-07, 5.493956791724486e-07, 0.999998927116394], [2.3334875720593118e-07, 5.083368819214229e-07, 0.9999992847442627], [8.90430726485647e-07, 9.715726037029526e-07, 0.9999980926513672], [4.951253345097939e-07, 8.716055504010001e-07, 0.9999986886978149], [5.738560275858617e-07, 9.033672085934086e-07, 0.9999985694885254], [7.280747809090826e-07, 1.211594508276903e-06, 0.9999980926513672]]}, "infer_command_tokens": ["I1s2_0_2", "I1s2_1_2", "I1s2_2_2", "I1s2_3_2", "I1s2_4_2", "I1s2_5_2", "I1s2_6_2", "I1s2_7_2", "I1s2_8_2", "I1s2_9_2", "I1s2_10_2", "I1s2_11_2", "I1s2_12_2", "I1s2_13_2", "I1s2_14_2", "I1s2_15_2", "I1s2_16_2", "I1s2_17_2", "I1s2_18_2", "I1s2_19_2", "I1s2_20_2", "I1s2_21_2", "I1s2_22_2", "I1s2_23_2", "I1s2_24_2", "I1s2_25_2", "I1s2_26_2", "I1s2_27_2", "I4_28", "C1_4", "R1_2", "R3_2", "S2s1_17", "S4_0_2", "S4_1_2", "S4_2_2", "S4_3_2", "S4_4_2", "S4_5_2", "S4_6_2", "S4_7_2", "S4_8_2", "S4_9_2", "S4_10_2", "S4_11_2", "S4_12_2", "S4_13_2", "S4_14_2", "S4_15_2", "S4_16_2", "S4_17_2", "S4_18_2", "S4_19_2", "S4_20_2", "S4_21_2", "B1s1_4", "TS1s1_7", "K1_2", "T1s1_0", "P4_3", "ST1_14", "EM1_4", "TM1_5"]}