{"text": "The song embodies the characteristics of rap and latin style, with major key adding a unique flavor to its music. You can count 13 ~ 16 bars in this song, and its running time is 31 ~ 45 seconds. The music is in 4/4.", "pred_labels": {"R1": [0, 0, 1], "R3": [0, 0, 0, 1], "S2s1": [0, 0, 0, 0, 0, 0, 0, 0, 0, 0, 0, 0, 0, 0, 0, 0, 0, 1], "B1s1": [0, 0, 0, 1, 0], "TS1s1": [1, 0, 0, 0, 0, 0, 0, 0], "K1": [1, 0, 0], "T1s1": [0, 0, 0, 1], "P4": [0, 0, 0, 0, 0, 0, 0, 0, 0, 0, 0, 0, 1], "EM1": [0, 0, 0, 0, 1], "TM1": [0, 0, 1, 0, 0, 0], "I1s2": [[0, 0, 1], [0, 0, 1], [0, 0, 1], [0, 0, 1], [0, 0, 1], [0, 0, 1], [0, 0, 1], [0, 0, 1], [0, 0, 1], [0, 0, 1], [0, 0, 1], [0, 0, 1], [0, 0, 1], [0, 0, 1], [0, 0, 1], [0, 0, 1], [0, 0, 1], [0, 0, 1], [0, 0, 1], [0, 0, 1], [0, 0, 1], [0, 0, 1], [0, 0, 1], [0, 0, 1], [0, 0, 1], [0, 0, 1], [0, 0, 1], [0, 0, 1]], "S4": [[0, 0, 1], [0, 0, 1], [1, 0, 0], [0, 0, 1], [0, 0, 1], [0, 0, 1], [0, 0, 1], [0, 0, 1], [1, 0, 0], [0, 0, 1], [0, 0, 1], [0, 0, 1], [0, 0, 1], [0, 0, 1], [0, 0, 1], [0, 0, 1], [0, 0, 1], [0, 0, 1], [0, 0, 1], [0, 0, 1], [0, 0, 1], [0, 0, 1]]}, "pred_probs": {"R1": [4.305616585043026e-06, 4.6776131057413295e-06, 0.9999910593032837], "R3": [1.463882017560536e-05, 4.249818448442966e-05, 7.795678538968787e-05, 0.999864935874939], "S2s1": [2.7242097075941274e-06, 2.5172726054734085e-06, 4.298394742363598e-06, 3.1000001854408765e-06, 4.010237262264127e-06, 4.433305093698436e-06, 3.4175045584561303e-06, 2.6267769044352463e-06, 2.759569952104357e-06, 3.4358210996288108e-06, 4.800358055945253e-06, 6.142023721622536e-06, 3.851843757729512e-06, 1.3819309288010118e-06, 4.512470241024857e-06, 8.299623004859313e-06, 2.027474920396344e-06, 0.999935507774353], "B1s1": [1.0911652452705312e-06, 8.510598377142742e-07, 8.722539064365264e-07, 0.999996542930603, 5.48599587091303e-07], "TS1s1": [0.9999972581863403, 4.092504752861714e-07, 8.999016927191406e-07, 1.4335125797515502e-07, 3.609498264722788e-07, 1.6352129250662983e-07, 3.769717409340956e-07, 4.1734290334716206e-07], "K1": [0.9999996423721313, 1.2802689752788865e-07, 2.861706605017389e-07], "T1s1": [2.9280458875291515e-06, 8.25527081360633e-07, 1.6293905673592235e-06, 0.9999946355819702], "P4": [4.6579833679061267e-07, 3.95330346236733e-07, 4.073092441103654e-07, 5.067952884019178e-07, 7.411935598611308e-07, 2.375059295900428e-07, 5.77191997308546e-07, 2.779960937004944e-07, 4.2718465920188464e-07, 5.260131388240552e-07, 2.4993238412207575e-07, 4.3722911868826486e-07, 0.9999947547912598], "EM1": [2.1238902263576165e-06, 2.339775619475404e-06, 5.823020728712436e-06, 1.021251046040561e-05, 0.9999794960021973], "TM1": [7.315943548746873e-07, 4.3545028916014417e-07, 0.9999978542327881, 3.389444032109168e-07, 3.075168422128627e-07, 2.9589011774078244e-07], "I1s2": [[2.6964585231326055e-07, 2.62425686514689e-07, 0.9999995231628418], [2.3541146276784275e-07, 2.649145756095095e-07, 0.9999995231628418], [3.3707758007039956e-07, 2.8312700806054636e-07, 0.9999994039535522], [3.834017832105019e-07, 6.24565871021332e-07, 0.9999990463256836], [2.546395307945204e-07, 3.3126227094726346e-07, 0.9999994039535522], [5.062241257292044e-07, 4.954245014232583e-07, 0.9999990463256836], [4.6530698227797984e-07, 5.816787052026484e-07, 0.999998927116394], [2.6172060074713954e-07, 3.1942451528266247e-07, 0.9999994039535522], [1.95993365537106e-07, 1.8427962800160458e-07, 0.9999996423721313], [2.2866574056479294e-07, 1.2502705715178308e-07, 0.9999996423721313], [3.4972990192727593e-07, 3.0026538411220827e-07, 0.9999994039535522], [3.192262738593854e-07, 2.5154761829071504e-07, 0.9999994039535522], [2.599452955109882e-07, 3.4373894663985993e-07, 0.9999994039535522], [4.185956754554354e-07, 5.501549367181724e-07, 0.9999990463256836], [2.1931130333996407e-07, 2.5680515136627946e-07, 0.9999995231628418], [1.7588949674518517e-07, 1.2350459144272463e-07, 0.9999996423721313], [3.4906676660284575e-07, 3.6720086882269243e-07, 0.9999992847442627], [2.8074373403796926e-07, 1.5940696584948455e-07, 0.9999995231628418], [4.696362907452567e-07, 5.864684453626978e-07, 0.999998927116394], [2.3175022079158225e-07, 4.059902209974098e-07, 0.9999994039535522], [2.4535523834856576e-07, 3.059033133467892e-07, 0.9999994039535522], [8.013381602722802e-07, 3.4541730542514415e-07, 0.9999988079071045], [2.1935973393283348e-07, 6.09666869877401e-07, 0.9999991655349731], [1.0601542754784532e-07, 9.886438334660852e-08, 0.9999997615814209], [1.8807858168656821e-06, 1.970665977069075e-07, 0.9999979734420776], [2.168927153434197e-07, 2.698967023206933e-07, 0.9999995231628418], [4.238282258484105e-07, 3.399688637273357e-07, 0.9999992847442627], [1.4103871137649548e-07, 2.9368905529736367e-07, 0.9999995231628418]], "S4": [[3.343613343531615e-06, 1.4382443396243616e-06, 0.999995231628418], [6.125478648755234e-07, 8.114677712001139e-07, 0.9999985694885254], [0.9999891519546509, 5.7277434279967565e-06, 5.172646069695475e-06], [4.835086997445615e-07, 6.908065870447899e-07, 0.9999988079071045], [8.89189266217727e-07, 9.833524927671533e-07, 0.9999980926513672], [5.647954139931244e-07, 1.0445079396959045e-06, 0.9999984502792358], [5.329446253199421e-07, 6.764296927030955e-07, 0.9999988079071045], [6.839798629698635e-07, 4.356651288617286e-07, 0.999998927116394], [0.9999711513519287, 2.3647020498174243e-05, 5.294080438034143e-06], [4.788057026416936e-07, 9.683105872682063e-07, 0.9999985694885254], [5.499898065863817e-07, 1.1671811535052257e-06, 0.9999983310699463], [1.0189501153945457e-06, 1.0102918395205052e-06, 0.9999979734420776], [6.99955535310437e-07, 1.5031986322355806e-06, 0.9999978542327881], [5.942799816693878e-07, 1.1030685982404975e-06, 0.9999983310699463], [4.779170126312238e-07, 9.884309974950156e-07, 0.9999985694885254], [7.868587204029609e-07, 4.819875698558462e-07, 0.9999986886978149], [5.303153329805355e-07, 6.664025704594678e-07, 0.9999988079071045], [2.7082407427769795e-07, 4.937233484270109e-07, 0.9999992847442627], [1.1478909982542973e-06, 1.2065630698998575e-06, 0.999997615814209], [5.82259588099987e-07, 7.959273489177576e-07, 0.9999985694885254], [5.594375238615612e-07, 1.6245393226199667e-06, 0.9999978542327881], [7.792083920321602e-07, 1.2737156112052617e-06, 0.9999979734420776]]}, "infer_command_tokens": ["I1s2_0_2", "I1s2_1_2", "I1s2_2_2", "I1s2_3_2", "I1s2_4_2", "I1s2_5_2", "I1s2_6_2", "I1s2_7_2", "I1s2_8_2", "I1s2_9_2", "I1s2_10_2", "I1s2_11_2", "I1s2_12_2", "I1s2_13_2", "I1s2_14_2", "I1s2_15_2", "I1s2_16_2", "I1s2_17_2", "I1s2_18_2", "I1s2_19_2", "I1s2_20_2", "I1s2_21_2", "I1s2_22_2", "I1s2_23_2", "I1s2_24_2", "I1s2_25_2", "I1s2_26_2", "I1s2_27_2", "I4_28", "C1_4", "R1_2", "R3_3", "S2s1_17", "S4_0_2", "S4_1_2", "S4_2_0", "S4_3_2", "S4_4_2", "S4_5_2", "S4_6_2", "S4_7_2", "S4_8_0", "S4_9_2", "S4_10_2", "S4_11_2", "S4_12_2", "S4_13_2", "S4_14_2", "S4_15_2", "S4_16_2", "S4_17_2", "S4_18_2", "S4_19_2", "S4_20_2", "S4_21_2", "B1s1_3", "TS1s1_0", "K1_0", "T1s1_3", "P4_12", "ST1_14", "EM1_4", "TM1_2"]}