{"text": "The 3/4 time signature is used in the music, as the song moves moderately for a duration of 31 ~ 45 seconds. The music should feature grand piano, strings, drum and bass to bring out the desired sound. This music is not suitable for dancing.", "pred_labels": {"R1": [0, 1, 0], "R3": [0, 0, 0, 1], "S2s1": [0, 0, 0, 0, 0, 0, 0, 0, 0, 0, 0, 0, 0, 0, 0, 0, 0, 1], "B1s1": [0, 0, 0, 0, 1], "TS1s1": [0, 0, 1, 0, 0, 0, 0, 0], "K1": [0, 0, 1], "T1s1": [0, 1, 0, 0], "P4": [0, 0, 0, 0, 0, 0, 0, 0, 0, 0, 0, 0, 1], "EM1": [0, 0, 0, 0, 1], "TM1": [0, 0, 1, 0, 0, 0], "I1s2": [[1, 0, 0], [0, 0, 1], [0, 0, 1], [0, 0, 1], [0, 0, 1], [1, 0, 0], [0, 0, 1], [0, 0, 1], [0, 0, 1], [0, 0, 1], [1, 0, 0], [0, 0, 1], [0, 0, 1], [0, 0, 1], [0, 0, 1], [0, 0, 1], [0, 0, 1], [0, 0, 1], [0, 0, 1], [0, 0, 1], [0, 0, 1], [0, 0, 1], [0, 0, 1], [0, 0, 1], [0, 0, 1], [0, 0, 1], [0, 0, 1], [1, 0, 0]], "S4": [[0, 0, 1], [0, 0, 1], [0, 0, 1], [0, 0, 1], [0, 0, 1], [0, 0, 1], [0, 0, 1], [0, 0, 1], [0, 0, 1], [0, 0, 1], [0, 0, 1], [0, 0, 1], [0, 0, 1], [0, 0, 1], [0, 0, 1], [0, 0, 1], [0, 0, 1], [0, 0, 1], [0, 0, 1], [0, 0, 1], [0, 0, 1], [0, 0, 1]]}, "pred_probs": {"R1": [3.1632196169084636e-06, 0.9999935626983643, 3.2742866551416228e-06], "R3": [2.7342198336555157e-06, 1.9210704067518236e-06, 3.7353502193582244e-06, 0.9999916553497314], "S2s1": [2.8133911200711736e-06, 2.7723635867005214e-06, 5.463870365929324e-06, 3.3508990782138426e-06, 4.462876404431881e-06, 4.620114850695245e-06, 3.5068358101852937e-06, 3.3480848742328817e-06, 2.884570221795002e-06, 3.256576746935025e-06, 5.824353138450533e-06, 5.098233032185817e-06, 3.839769760816125e-06, 1.372683868794411e-06, 5.1426504796836525e-06, 1.017505201161839e-05, 2.159048790417728e-06, 0.9999297857284546], "B1s1": [8.021788744372316e-06, 5.781294930784497e-06, 1.0436416232550982e-05, 2.6923135010292754e-06, 0.9999730587005615], "TS1s1": [2.703258985548018e-07, 4.0407599044556264e-07, 0.9999977350234985, 2.393892941654485e-07, 4.658405998725357e-07, 3.570044952994067e-07, 2.519106487852696e-07, 2.601506707833323e-07], "K1": [9.298179293182329e-07, 1.927380935740075e-06, 0.9999971389770508], "T1s1": [1.451019556952815e-06, 0.9999970197677612, 8.525549333171512e-07, 7.50037372654333e-07], "P4": [5.118955073157849e-07, 4.557680313155288e-07, 4.3691892415154143e-07, 4.4760915329788986e-07, 7.617124424541544e-07, 2.6572877231956227e-07, 5.581338200499886e-07, 3.09813032117745e-07, 4.450590438409563e-07, 6.109584660407563e-07, 2.851769806966331e-07, 4.136014126743248e-07, 0.9999945163726807], "EM1": [2.200579956479487e-06, 2.198826450694469e-06, 4.262694801582256e-06, 1.5042825907585211e-05, 0.9999762773513794], "TM1": [6.822356795055384e-07, 4.761228638017201e-07, 0.9999977350234985, 3.509675536861323e-07, 3.1823392987462285e-07, 3.378890198746376e-07], "I1s2": [[0.9999939203262329, 2.723072611843236e-06, 3.3561896088940557e-06], [2.123866948977593e-07, 2.9107718546583783e-07, 0.9999995231628418], [4.0064807649287104e-07, 3.5245804497208155e-07, 0.9999992847442627], [6.728082553308923e-07, 3.232003109587822e-06, 0.9999960660934448], [7.304050768652814e-07, 1.4738119489265955e-06, 0.9999978542327881], [0.999993085861206, 3.113140564892092e-06, 3.8113471418910194e-06], [6.541017114614078e-07, 6.175683324727288e-07, 0.9999986886978149], [2.9528700906666927e-07, 3.010903810718446e-07, 0.9999994039535522], [2.981940951940487e-07, 6.248428690014407e-07, 0.9999990463256836], [2.961152745228901e-07, 2.5139749482150364e-07, 0.9999994039535522], [0.9999910593032837, 4.163224730291404e-06, 4.78507445222931e-06], [6.199281301633164e-07, 5.707478862859716e-07, 0.9999988079071045], [5.309836978995008e-07, 1.919526994242915e-06, 0.9999974966049194], [1.5574036069665453e-06, 2.8168733479105867e-06, 0.9999955892562866], [3.953543341594923e-07, 4.6110784523989423e-07, 0.9999991655349731], [2.5924515512087964e-07, 3.74332614683226e-07, 0.9999994039535522], [5.881333891011309e-07, 8.542116916032683e-07, 0.9999985694885254], [3.3011619393619185e-07, 3.0419099061873567e-07, 0.9999994039535522], [5.681188781636592e-07, 8.771949637775833e-07, 0.9999985694885254], [1.4555321570242086e-07, 4.139427858262934e-07, 0.9999994039535522], [2.4275817622765317e-07, 5.604667876468739e-07, 0.9999991655349731], [8.194203360289976e-07, 3.437443183429423e-07, 0.9999988079071045], [2.973251014282141e-07, 8.465012797387317e-07, 0.9999988079071045], [1.8860004047382972e-07, 1.4029981798557856e-07, 0.9999996423721313], [1.7639290490478743e-06, 1.9227792336096172e-07, 0.9999980926513672], [2.7781553058048303e-07, 4.864927518610784e-07, 0.9999992847442627], [6.351096430989855e-07, 1.1709282716765301e-06, 0.9999982118606567], [0.9999923706054688, 2.669828973012045e-06, 4.957078544975957e-06]], "S4": [[5.379310550779337e-06, 1.7225034980583587e-06, 0.999992847442627], [6.604073519156373e-07, 6.591350825146947e-07, 0.9999986886978149], [4.7126485469561885e-07, 7.272432753779867e-07, 0.9999988079071045], [4.79852644730272e-07, 6.853516083538125e-07, 0.9999988079071045], [8.351606766154873e-07, 1.0791798104037298e-06, 0.9999980926513672], [6.164129899843829e-07, 1.1384971685401979e-06, 0.9999982118606567], [5.531007900572149e-07, 6.71888699343981e-07, 0.9999988079071045], [5.871494863640692e-07, 5.036722541262861e-07, 0.999998927116394], [6.934603788977256e-07, 9.259652529181039e-07, 0.9999983310699463], [4.3999031618113804e-07, 9.088961974157428e-07, 0.9999986886978149], [5.365805577639549e-07, 1.1510632020872436e-06, 0.9999983310699463], [1.0805215424625203e-06, 9.496644679529709e-07, 0.9999979734420776], [7.901921890152153e-07, 1.6305396002280759e-06, 0.999997615814209], [5.747924660681747e-07, 1.128400299421628e-06, 0.9999983310699463], [5.020056619287061e-07, 9.212126883539895e-07, 0.9999985694885254], [1.2218259826113353e-06, 1.091932631425152e-06, 0.9999977350234985], [8.629378385194286e-07, 1.1122891692139092e-06, 0.9999979734420776], [2.491528903192375e-07, 6.175297357913223e-07, 0.9999991655349731], [8.521346330780943e-07, 1.2631044228328392e-06, 0.9999978542327881], [4.911054247713764e-07, 9.029099032886734e-07, 0.9999985694885254], [5.144149781699525e-07, 9.749144282977795e-07, 0.9999985694885254], [7.700274409216945e-07, 1.3201291721998132e-06, 0.9999978542327881]]}, "infer_command_tokens": ["I1s2_0_0", "I1s2_1_2", "I1s2_2_2", "I1s2_3_2", "I1s2_4_2", "I1s2_5_0", "I1s2_6_2", "I1s2_7_2", "I1s2_8_2", "I1s2_9_2", "I1s2_10_0", "I1s2_11_2", "I1s2_12_2", "I1s2_13_2", "I1s2_14_2", "I1s2_15_2", "I1s2_16_2", "I1s2_17_2", "I1s2_18_2", "I1s2_19_2", "I1s2_20_2", "I1s2_21_2", "I1s2_22_2", "I1s2_23_2", "I1s2_24_2", "I1s2_25_2", "I1s2_26_2", "I1s2_27_0", "I4_28", "C1_4", "R1_1", "R3_3", "S2s1_17", "S4_0_2", "S4_1_2", "S4_2_2", "S4_3_2", "S4_4_2", "S4_5_2", "S4_6_2", "S4_7_2", "S4_8_2", "S4_9_2", "S4_10_2", "S4_11_2", "S4_12_2", "S4_13_2", "S4_14_2", "S4_15_2", "S4_16_2", "S4_17_2", "S4_18_2", "S4_19_2", "S4_20_2", "S4_21_2", "B1s1_4", "TS1s1_2", "K1_2", "T1s1_1", "P4_12", "ST1_14", "EM1_4", "TM1_2"]}