{"text": "This music's use of major key creates a rich and dynamic sonic palette, with a song length of 46 ~ 60 seconds. The tempo of this song is in the middle range, and it has a time signature of 4/4. grand piano, strings and bass are included in the music, contributing to its overall composition. The song moves at a moderate speed, resulting in an engaging musical experience. The song's sound is heavily influenced by the international genre, and the music covers about 14 bars.", "pred_labels": {"R1": [0, 0, 1], "R3": [0, 1, 0, 0], "S2s1": [0, 0, 0, 0, 0, 0, 0, 0, 0, 0, 0, 0, 0, 0, 0, 0, 0, 1], "B1s1": [0, 0, 0, 1, 0], "TS1s1": [1, 0, 0, 0, 0, 0, 0, 0], "K1": [1, 0, 0], "T1s1": [0, 1, 0, 0], "P4": [0, 0, 0, 0, 0, 0, 0, 0, 0, 0, 0, 0, 1], "EM1": [0, 0, 0, 0, 1], "TM1": [0, 0, 0, 1, 0, 0], "I1s2": [[1, 0, 0], [0, 0, 1], [0, 0, 1], [0, 0, 1], [0, 0, 1], [1, 0, 0], [0, 0, 1], [0, 0, 1], [0, 0, 1], [0, 0, 1], [1, 0, 0], [0, 0, 1], [0, 0, 1], [0, 0, 1], [0, 0, 1], [0, 0, 1], [0, 0, 1], [0, 0, 1], [0, 0, 1], [0, 0, 1], [0, 0, 1], [0, 0, 1], [0, 0, 1], [0, 0, 1], [0, 0, 1], [0, 0, 1], [0, 0, 1], [0, 0, 1]], "S4": [[0, 0, 1], [0, 0, 1], [0, 0, 1], [0, 0, 1], [1, 0, 0], [0, 0, 1], [0, 0, 1], [0, 0, 1], [0, 0, 1], [0, 0, 1], [0, 0, 1], [0, 0, 1], [0, 0, 1], [0, 0, 1], [0, 0, 1], [0, 0, 1], [0, 0, 1], [0, 0, 1], [0, 0, 1], [0, 0, 1], [0, 0, 1], [0, 0, 1]]}, "pred_probs": {"R1": [4.033414370496757e-06, 4.4075386540498585e-06, 0.9999915361404419], "R3": [1.0129309657713748e-06, 0.9999974966049194, 8.201361652027117e-07, 7.235025805130135e-07], "S2s1": [2.3740487904433394e-06, 2.6061670723720454e-06, 4.417249328980688e-06, 3.2583798201812897e-06, 3.592345365177607e-06, 4.027512659376953e-06, 3.1144445529207587e-06, 2.688554559426848e-06, 3.1437393772648647e-06, 2.7606870389718097e-06, 4.687214641307946e-06, 4.954869837092701e-06, 3.7057425288367085e-06, 1.4048279126654961e-06, 4.109921974304598e-06, 9.600275006960146e-06, 1.7805493826017482e-06, 0.9999377727508545], "B1s1": [1.1389046221665922e-06, 1.0232479326077737e-06, 8.187552111849072e-07, 0.999996542930603, 5.000108558306238e-07], "TS1s1": [0.9999978542327881, 3.388361449196964e-07, 4.772030024469132e-07, 1.5294025956791302e-07, 3.0642578963124834e-07, 1.3725671976771991e-07, 3.339598606544314e-07, 3.1238187148119323e-07], "K1": [0.9999996423721313, 1.1778440267562473e-07, 2.3546851934952429e-07], "T1s1": [1.964719331226661e-06, 0.999996542930603, 9.791846196094411e-07, 6.120887974248035e-07], "P4": [4.691956121405383e-07, 4.0997835526468407e-07, 4.4639602947427193e-07, 4.5108549784345087e-07, 7.650154998373182e-07, 2.550716828864097e-07, 5.470871542456734e-07, 2.5205409315276484e-07, 4.295020801237115e-07, 4.770090527017601e-07, 3.740286160791584e-07, 4.2769255514940596e-07, 0.9999947547912598], "EM1": [3.5123148336424492e-06, 3.1895501706458163e-06, 6.5188742155442014e-06, 1.9758119378820993e-05, 0.9999669790267944], "TM1": [4.2918765075228293e-07, 4.158992510383541e-07, 1.163874799203768e-06, 0.9999977350234985, 1.7158446041776187e-07, 1.2113959257931128e-07], "I1s2": [[0.999994158744812, 2.8032609407091513e-06, 2.966899501188891e-06], [1.8627304143592482e-07, 2.4319481894963246e-07, 0.9999995231628418], [3.821661778147245e-07, 3.249994335874362e-07, 0.9999992847442627], [5.052518190495903e-07, 3.1583933832735056e-06, 0.9999963045120239], [3.347451809077029e-07, 1.0151574088013149e-06, 0.9999986886978149], [0.9999922513961792, 3.4321058137720684e-06, 4.3376699068176094e-06], [3.1735456218484615e-07, 5.059640102444973e-07, 0.9999991655349731], [2.1358937374316156e-07, 3.1600350780536246e-07, 0.9999995231628418], [1.6663997826071864e-07, 5.737185801990563e-07, 0.9999992847442627], [1.915183673872889e-07, 1.6666990632074885e-07, 0.9999996423721313], [0.9999915361404419, 3.933414063794771e-06, 4.471157353691524e-06], [4.3923452608396474e-07, 6.066404125704139e-07, 0.999998927116394], [3.316440881917515e-07, 1.3304671711011906e-06, 0.9999983310699463], [1.0183396170759806e-06, 2.3516317924077157e-06, 0.9999966621398926], [2.6759434490486456e-07, 3.939242105843732e-07, 0.9999992847442627], [2.0741450157402141e-07, 4.2922806642309297e-07, 0.9999994039535522], [4.575581158405839e-07, 8.981701853372215e-07, 0.9999986886978149], [2.6672404374039616e-07, 3.114961373285041e-07, 0.9999994039535522], [4.5792180003445537e-07, 7.567731472590822e-07, 0.9999988079071045], [1.354833045752457e-07, 3.7854368883927236e-07, 0.9999995231628418], [2.0645380516270961e-07, 5.147304023012111e-07, 0.9999992847442627], [5.805100613542891e-07, 3.1069916417436616e-07, 0.9999991655349731], [2.1460344612478366e-07, 6.551545652655477e-07, 0.9999991655349731], [1.310337438553688e-07, 1.4711599760630634e-07, 0.9999997615814209], [1.1873135008499958e-06, 1.654869521416913e-07, 0.9999986886978149], [2.297582142318788e-07, 3.8664268231514143e-07, 0.9999994039535522], [4.2625558194231417e-07, 9.495038284512702e-07, 0.9999985694885254], [1.304657359924022e-07, 3.1230823083205905e-07, 0.9999995231628418]], "S4": [[3.409027158340905e-06, 1.2593377505254466e-06, 0.9999953508377075], [5.78355866309721e-07, 5.667839104717132e-07, 0.9999988079071045], [4.183904707133479e-07, 6.674361543446139e-07, 0.999998927116394], [4.4662911591331067e-07, 6.506551244456205e-07, 0.999998927116394], [0.9999864101409912, 7.006651685514953e-06, 6.536138698720606e-06], [5.100599196339317e-07, 8.734060656934162e-07, 0.9999985694885254], [6.154364768917731e-07, 5.874435373698361e-07, 0.9999988079071045], [5.475221769302152e-07, 4.3025949025832233e-07, 0.9999990463256836], [5.92094238527352e-07, 6.873282245578594e-07, 0.9999986886978149], [4.797391852662258e-07, 6.493323212453106e-07, 0.999998927116394], [4.946278409079241e-07, 9.777048717296566e-07, 0.9999985694885254], [1.1107744057881064e-06, 8.192251925720484e-07, 0.9999980926513672], [6.178254920996551e-07, 1.208515755024564e-06, 0.9999982118606567], [5.21579408996331e-07, 8.074597985796572e-07, 0.9999986886978149], [4.321538540352776e-07, 9.241676934834686e-07, 0.9999986886978149], [9.559436193740112e-07, 7.205038627944305e-07, 0.9999983310699463], [6.676396537841356e-07, 7.871407774473482e-07, 0.9999985694885254], [2.0744812445627758e-07, 5.232282660472265e-07, 0.9999992847442627], [7.015048595349072e-07, 9.552164783599437e-07, 0.9999983310699463], [5.097619464322634e-07, 7.306949214580527e-07, 0.9999988079071045], [6.051571972420788e-07, 1.2575326309161028e-06, 0.9999980926513672], [7.884161163929093e-07, 1.0720015097831492e-06, 0.9999980926513672]]}, "infer_command_tokens": ["I1s2_0_0", "I1s2_1_2", "I1s2_2_2", "I1s2_3_2", "I1s2_4_2", "I1s2_5_0", "I1s2_6_2", "I1s2_7_2", "I1s2_8_2", "I1s2_9_2", "I1s2_10_0", "I1s2_11_2", "I1s2_12_2", "I1s2_13_2", "I1s2_14_2", "I1s2_15_2", "I1s2_16_2", "I1s2_17_2", "I1s2_18_2", "I1s2_19_2", "I1s2_20_2", "I1s2_21_2", "I1s2_22_2", "I1s2_23_2", "I1s2_24_2", "I1s2_25_2", "I1s2_26_2", "I1s2_27_2", "I4_28", "C1_4", "R1_2", "R3_1", "S2s1_17", "S4_0_2", "S4_1_2", "S4_2_2", "S4_3_2", "S4_4_0", "S4_5_2", "S4_6_2", "S4_7_2", "S4_8_2", "S4_9_2", "S4_10_2", "S4_11_2", "S4_12_2", "S4_13_2", "S4_14_2", "S4_15_2", "S4_16_2", "S4_17_2", "S4_18_2", "S4_19_2", "S4_20_2", "S4_21_2", "B1s1_3", "TS1s1_0", "K1_0", "T1s1_1", "P4_12", "ST1_14", "EM1_4", "TM1_3"]}