{"text": "The music in this song is composed in the major key, featuring a highly intense rhythm and a time signature of 4/4. The song belongs to the rap and latin genre.", "pred_labels": {"R1": [0, 0, 1], "R3": [0, 0, 1, 0], "S2s1": [0, 0, 0, 0, 0, 0, 0, 0, 0, 0, 0, 0, 0, 0, 0, 0, 0, 1], "B1s1": [0, 0, 0, 0, 1], "TS1s1": [1, 0, 0, 0, 0, 0, 0, 0], "K1": [1, 0, 0], "T1s1": [0, 0, 0, 1], "P4": [0, 0, 0, 0, 0, 0, 0, 0, 0, 0, 0, 0, 1], "EM1": [0, 0, 0, 0, 1], "TM1": [0, 0, 0, 0, 0, 1], "I1s2": [[0, 0, 1], [0, 0, 1], [0, 0, 1], [0, 0, 1], [0, 0, 1], [0, 0, 1], [0, 0, 1], [0, 0, 1], [0, 0, 1], [0, 0, 1], [0, 0, 1], [0, 0, 1], [0, 0, 1], [0, 0, 1], [0, 0, 1], [0, 0, 1], [0, 0, 1], [0, 0, 1], [0, 0, 1], [0, 0, 1], [0, 0, 1], [0, 0, 1], [0, 0, 1], [0, 0, 1], [0, 0, 1], [0, 0, 1], [0, 0, 1], [0, 0, 1]], "S4": [[0, 0, 1], [0, 0, 1], [1, 0, 0], [0, 0, 1], [0, 0, 1], [0, 0, 1], [0, 0, 1], [0, 0, 1], [1, 0, 0], [0, 0, 1], [0, 0, 1], [0, 0, 1], [0, 0, 1], [0, 0, 1], [0, 0, 1], [0, 0, 1], [0, 0, 1], [0, 0, 1], [0, 0, 1], [0, 0, 1], [0, 0, 1], [0, 0, 1]]}, "pred_probs": {"R1": [4.3293584894854575e-06, 4.480678398977034e-06, 0.9999911785125732], "R3": [1.7749127891875105e-06, 1.8493205971026327e-06, 0.999995231628418, 1.2379324516587076e-06], "S2s1": [2.8576046133821364e-06, 3.1002116429590387e-06, 5.899764801142737e-06, 3.3427393191232113e-06, 4.078887741343351e-06, 5.4120441745908465e-06, 3.7211054859653814e-06, 3.0032354061404476e-06, 2.734046574914828e-06, 3.6554267808242003e-06, 5.248615707387216e-06, 5.8501859712123405e-06, 4.479581093619345e-06, 1.5161866713242489e-06, 4.9010459406417795e-06, 9.5732684712857e-06, 2.1890548396186205e-06, 0.99992835521698], "B1s1": [8.201205673685763e-06, 5.279359356791247e-06, 9.63232832873473e-06, 2.7380856408854015e-06, 0.9999741315841675], "TS1s1": [0.9999972581863403, 4.560536126518855e-07, 9.61819864642166e-07, 1.4363932621108688e-07, 3.7957886434014654e-07, 1.7636021709677152e-07, 3.839239752778667e-07, 4.137828568673285e-07], "K1": [0.9999996423721313, 1.3232416051778273e-07, 2.6752761073112197e-07], "T1s1": [2.6462635105417576e-06, 3.3901401366165373e-06, 2.9844102300558006e-06, 0.9999909400939941], "P4": [4.818765546588111e-07, 4.4088267259212444e-07, 4.3235937141616887e-07, 5.365569677451276e-07, 7.794954512974073e-07, 2.488707764314313e-07, 5.985782536299666e-07, 3.1208480777422665e-07, 4.3978496933050337e-07, 5.834694434270205e-07, 2.713915421281854e-07, 4.2960758150911715e-07, 0.9999943971633911], "EM1": [3.003147867275402e-06, 3.1783301892573945e-06, 7.831755283405073e-06, 2.190345367125701e-05, 0.9999641180038452], "TM1": [5.117958039591031e-07, 8.184020998669439e-07, 6.119058753029094e-07, 8.146114964802109e-07, 1.1211515271725148e-07, 0.9999971389770508], "I1s2": [[3.196674072114547e-07, 3.0039771559131623e-07, 0.9999994039535522], [2.83291740288405e-07, 2.5546069082338363e-07, 0.9999994039535522], [3.933172365577775e-07, 2.8444824806683755e-07, 0.9999992847442627], [3.9444663002541347e-07, 6.278281716731726e-07, 0.999998927116394], [2.695316823064786e-07, 3.4939918691634375e-07, 0.9999994039535522], [5.681233687937493e-07, 5.249083869784954e-07, 0.999998927116394], [6.734982207490248e-07, 6.266096193030535e-07, 0.9999986886978149], [2.8936446483385225e-07, 3.062302198486577e-07, 0.9999994039535522], [1.802224147695597e-07, 2.084496912857503e-07, 0.9999996423721313], [2.5599362629691313e-07, 1.237939670772903e-07, 0.9999996423721313], [3.9290858921958716e-07, 3.100350056683965e-07, 0.9999992847442627], [4.121044980820443e-07, 2.5060299435608613e-07, 0.9999992847442627], [3.0550211249646964e-07, 3.598126170345495e-07, 0.9999992847442627], [4.772932697960641e-07, 5.02209900332673e-07, 0.9999990463256836], [2.6275375830664416e-07, 2.671176275725884e-07, 0.9999995231628418], [2.150518270127577e-07, 1.6141666492330842e-07, 0.9999996423721313], [3.549826317339466e-07, 3.425411705393344e-07, 0.9999992847442627], [3.417939922201185e-07, 1.4477106446975085e-07, 0.9999995231628418], [5.491818342306942e-07, 6.013364668433496e-07, 0.9999988079071045], [2.706361215132347e-07, 4.880434403276013e-07, 0.9999992847442627], [2.634560019032506e-07, 3.174905316427612e-07, 0.9999994039535522], [1.0331231123927864e-06, 3.508875181523763e-07, 0.9999985694885254], [2.712153559514263e-07, 6.171023301249079e-07, 0.9999991655349731], [1.2447468122900318e-07, 1.0022952778854233e-07, 0.9999997615814209], [1.6567612419748912e-06, 1.6844465733356628e-07, 0.9999982118606567], [2.434057364553155e-07, 2.6059191782223934e-07, 0.9999995231628418], [5.162099228073203e-07, 4.0029127035268175e-07, 0.9999990463256836], [1.9287857355720917e-07, 2.58865213709214e-07, 0.9999995231628418]], "S4": [[4.063614596816478e-06, 1.537397110951133e-06, 0.9999943971633911], [6.703517669848225e-07, 8.340529689121468e-07, 0.9999984502792358], [0.9999896287918091, 5.422398771770531e-06, 5.035780304751825e-06], [5.257815018921974e-07, 7.619277084813803e-07, 0.9999986886978149], [1.027758798954892e-06, 1.158270947598794e-06, 0.9999978542327881], [6.636798843828728e-07, 1.3237574876256986e-06, 0.9999979734420776], [5.62438003726129e-07, 7.406128474940488e-07, 0.9999986886978149], [7.776351367283496e-07, 4.950026095684734e-07, 0.9999986886978149], [0.9999690055847168, 2.5690558686619624e-05, 5.187050192034803e-06], [5.63003595743794e-07, 8.757222076383187e-07, 0.9999985694885254], [6.009874482515443e-07, 1.2624038845387986e-06, 0.9999980926513672], [1.1003320423697005e-06, 1.1151045100632473e-06, 0.9999977350234985], [7.39169138341822e-07, 1.5028600728328456e-06, 0.9999977350234985], [5.686330268872553e-07, 1.2297194871280226e-06, 0.9999982118606567], [4.990251341041585e-07, 1.2243367564224172e-06, 0.9999983310699463], [7.661691938665172e-07, 5.069606459073839e-07, 0.9999986886978149], [5.408919037108717e-07, 7.355427555921779e-07, 0.9999986886978149], [3.0122382099762035e-07, 5.132078513270244e-07, 0.9999991655349731], [1.2293552344999625e-06, 1.1019575367754442e-06, 0.999997615814209], [5.943486485193716e-07, 8.790021297500061e-07, 0.9999985694885254], [5.5061411785573e-07, 1.446483679501398e-06, 0.9999979734420776], [8.138666203194589e-07, 1.358011104457546e-06, 0.9999978542327881]]}, "infer_command_tokens": ["I1s2_0_2", "I1s2_1_2", "I1s2_2_2", "I1s2_3_2", "I1s2_4_2", "I1s2_5_2", "I1s2_6_2", "I1s2_7_2", "I1s2_8_2", "I1s2_9_2", "I1s2_10_2", "I1s2_11_2", "I1s2_12_2", "I1s2_13_2", "I1s2_14_2", "I1s2_15_2", "I1s2_16_2", "I1s2_17_2", "I1s2_18_2", "I1s2_19_2", "I1s2_20_2", "I1s2_21_2", "I1s2_22_2", "I1s2_23_2", "I1s2_24_2", "I1s2_25_2", "I1s2_26_2", "I1s2_27_2", "I4_28", "C1_4", "R1_2", "R3_2", "S2s1_17", "S4_0_2", "S4_1_2", "S4_2_0", "S4_3_2", "S4_4_2", "S4_5_2", "S4_6_2", "S4_7_2", "S4_8_0", "S4_9_2", "S4_10_2", "S4_11_2", "S4_12_2", "S4_13_2", "S4_14_2", "S4_15_2", "S4_16_2", "S4_17_2", "S4_18_2", "S4_19_2", "S4_20_2", "S4_21_2", "B1s1_4", "TS1s1_0", "K1_0", "T1s1_3", "P4_12", "ST1_14", "EM1_4", "TM1_5"]}