{"text": "The music offers a unique and memorable listening experience with its pitch range of 3 octaves. It creates a rich and dynamic sonic palette through its use of minor key. Lasting 16 ~ 30 seconds, the song maintains a smooth and steady rhythm, played at a swift pace. The music features piano, synthesizer, drum and bass and follows the time signature of 4/4. Moreover, it is imbued with misery.", "pred_labels": {"R1": [0, 0, 1], "R3": [0, 1, 0, 0], "S2s1": [0, 0, 0, 0, 0, 0, 0, 0, 0, 0, 0, 0, 0, 0, 0, 0, 0, 1], "B1s1": [0, 0, 0, 0, 1], "TS1s1": [1, 0, 0, 0, 0, 0, 0, 0], "K1": [0, 1, 0], "T1s1": [0, 0, 1, 0], "P4": [0, 0, 0, 1, 0, 0, 0, 0, 0, 0, 0, 0, 0], "EM1": [0, 0, 1, 0, 0], "TM1": [0, 1, 0, 0, 0, 0], "I1s2": [[1, 0, 0], [0, 0, 1], [0, 0, 1], [0, 0, 1], [0, 0, 1], [1, 0, 0], [0, 0, 1], [0, 0, 1], [0, 0, 1], [0, 0, 1], [0, 0, 1], [0, 0, 1], [0, 0, 1], [0, 0, 1], [0, 0, 1], [0, 0, 1], [0, 0, 1], [0, 0, 1], [0, 0, 1], [0, 0, 1], [0, 0, 1], [0, 0, 1], [0, 0, 1], [0, 0, 1], [1, 0, 0], [0, 0, 1], [0, 0, 1], [1, 0, 0]], "S4": [[0, 0, 1], [0, 0, 1], [0, 0, 1], [0, 0, 1], [0, 0, 1], [0, 0, 1], [0, 0, 1], [0, 0, 1], [0, 0, 1], [0, 0, 1], [0, 0, 1], [0, 0, 1], [0, 0, 1], [0, 0, 1], [0, 0, 1], [0, 0, 1], [0, 0, 1], [0, 0, 1], [0, 0, 1], [0, 0, 1], [0, 0, 1], [0, 0, 1]]}, "pred_probs": {"R1": [4.4237440306460485e-06, 3.7199652069830336e-06, 0.9999918937683105], "R3": [6.838906756456709e-07, 0.9999973773956299, 8.149053769557213e-07, 1.071781866812671e-06], "S2s1": [2.552377736719791e-06, 2.6960024115396664e-06, 4.652711140806787e-06, 3.2123384698934387e-06, 3.5506482163327746e-06, 3.906663096131524e-06, 3.257030812164885e-06, 3.089779511356028e-06, 2.68657800006622e-06, 2.8124045456934255e-06, 5.444926955533447e-06, 4.419135620992165e-06, 3.7234078718029195e-06, 1.2947878076374764e-06, 4.278061624063412e-06, 1.0080101674247999e-05, 1.834588942983828e-06, 0.999936580657959], "B1s1": [6.598911568289623e-06, 5.164004051039228e-06, 9.449287063034717e-06, 2.3599102405569283e-06, 0.999976396560669], "TS1s1": [0.999997615814209, 3.8019379644538276e-07, 7.220372708616196e-07, 1.352674416921218e-07, 3.2844562269929156e-07, 1.551257184928545e-07, 3.6426553151613916e-07, 3.731286994934635e-07], "K1": [3.434695088344597e-07, 0.9999992847442627, 3.807557504842407e-07], "T1s1": [2.712161858653417e-06, 7.403798463201383e-07, 0.9999959468841553, 6.236907665879698e-07], "P4": [2.2092645224347507e-07, 1.3072717308659776e-07, 7.324938167130313e-08, 0.9999977350234985, 2.099509828212831e-07, 1.5228937400024734e-07, 2.352671799599193e-07, 1.8841433302441146e-07, 1.975309373847267e-07, 8.715385746427273e-08, 1.272719032385794e-07, 2.7918773071178293e-07, 4.174203240836505e-07], "EM1": [2.8386900794430403e-06, 2.1310540887498064e-06, 0.9999908208847046, 2.4570751975261373e-06, 1.647776912250265e-06], "TM1": [2.0395036415266077e-07, 0.9999986886978149, 3.2270142469315033e-07, 1.9032630405035889e-07, 1.9853661115121213e-07, 2.1315068465810327e-07], "I1s2": [[0.9999933242797852, 2.771990011751768e-06, 3.933499556296738e-06], [2.122818045791064e-07, 2.810196235714102e-07, 0.9999995231628418], [4.2717633164102153e-07, 3.649316226983501e-07, 0.9999991655349731], [6.450430873883306e-07, 3.697706688399194e-06, 0.9999957084655762], [7.253028684317542e-07, 1.8901673684013076e-06, 0.9999973773956299], [0.9999924898147583, 3.2933614875219064e-06, 4.172237368038623e-06], [3.9870445789347286e-07, 6.1098921833036e-07, 0.9999990463256836], [2.475976828009152e-07, 3.073279515319882e-07, 0.9999994039535522], [1.795703923335168e-07, 6.949784392418223e-07, 0.9999991655349731], [2.641644982759317e-07, 2.99215741961234e-07, 0.9999994039535522], [3.624554096859356e-07, 6.686842652925407e-07, 0.999998927116394], [5.090672061669466e-07, 6.782370860491937e-07, 0.9999988079071045], [6.108385832703789e-07, 1.7586171452421695e-06, 0.999997615814209], [1.3627089856527164e-06, 3.549836947058793e-06, 0.9999951124191284], [3.1808482958695095e-07, 4.325128202253836e-07, 0.9999992847442627], [2.517472807994636e-07, 4.3412987338342646e-07, 0.9999992847442627], [5.141637871020066e-07, 1.0369627716499963e-06, 0.9999984502792358], [3.0530935646311264e-07, 3.045837502213544e-07, 0.9999994039535522], [4.51550789648536e-07, 8.164817018041504e-07, 0.9999986886978149], [1.476807653943979e-07, 4.2060261762344453e-07, 0.9999994039535522], [2.4064971171355864e-07, 7.53674839870655e-07, 0.9999990463256836], [6.471476012848143e-07, 3.198978504315164e-07, 0.9999990463256836], [2.3175168450961792e-07, 7.396538421744481e-07, 0.9999990463256836], [1.4653738844572217e-07, 1.5244833662109158e-07, 0.9999996423721313], [0.9999921321868896, 2.7196133487450425e-06, 5.10907921125181e-06], [2.502779352653306e-07, 4.781621782967704e-07, 0.9999992847442627], [5.653864150190202e-07, 1.2176923291917774e-06, 0.9999982118606567], [0.9999926090240479, 2.6944517230731435e-06, 4.6958252823969815e-06]], "S4": [[6.944150300114416e-06, 2.3845898340368876e-06, 0.999990701675415], [5.585094413618208e-07, 6.067554636501882e-07, 0.9999988079071045], [4.5292674144548073e-07, 6.713750622111547e-07, 0.999998927116394], [4.4218074890522985e-07, 6.152059199848736e-07, 0.999998927116394], [8.508121140948788e-07, 9.425259577255929e-07, 0.9999982118606567], [6.264879743866913e-07, 1.1103107908638776e-06, 0.9999982118606567], [6.974478878873924e-07, 7.080535624481854e-07, 0.9999985694885254], [5.750533205173269e-07, 4.268847249022656e-07, 0.9999990463256836], [6.385461119862157e-07, 8.219606115744682e-07, 0.9999985694885254], [5.247321723800269e-07, 6.000424832564022e-07, 0.999998927116394], [5.128410407451156e-07, 9.859408010015613e-07, 0.9999984502792358], [1.1146966016895021e-06, 7.803946573403664e-07, 0.9999980926513672], [7.629253673258063e-07, 1.3238280871519237e-06, 0.9999978542327881], [5.768672508565942e-07, 9.488519481237745e-07, 0.9999984502792358], [7.286903951353452e-07, 9.682918289399822e-07, 0.9999983310699463], [1.2738685200019972e-06, 9.182193139167794e-07, 0.9999978542327881], [9.704684771350003e-07, 1.2480708164730459e-06, 0.9999977350234985], [2.3018077399683534e-07, 5.518991201824974e-07, 0.9999991655349731], [7.695666681684088e-07, 1.0108809647135786e-06, 0.9999982118606567], [5.578679065365577e-07, 7.806102075846866e-07, 0.9999986886978149], [5.732526346946543e-07, 9.903745876727044e-07, 0.9999984502792358], [7.530815082645859e-07, 1.0699731092245202e-06, 0.9999982118606567]]}, "infer_command_tokens": ["I1s2_0_0", "I1s2_1_2", "I1s2_2_2", "I1s2_3_2", "I1s2_4_2", "I1s2_5_0", "I1s2_6_2", "I1s2_7_2", "I1s2_8_2", "I1s2_9_2", "I1s2_10_2", "I1s2_11_2", "I1s2_12_2", "I1s2_13_2", "I1s2_14_2", "I1s2_15_2", "I1s2_16_2", "I1s2_17_2", "I1s2_18_2", "I1s2_19_2", "I1s2_20_2", "I1s2_21_2", "I1s2_22_2", "I1s2_23_2", "I1s2_24_0", "I1s2_25_2", "I1s2_26_2", "I1s2_27_0", "I4_28", "C1_4", "R1_2", "R3_1", "S2s1_17", "S4_0_2", "S4_1_2", "S4_2_2", "S4_3_2", "S4_4_2", "S4_5_2", "S4_6_2", "S4_7_2", "S4_8_2", "S4_9_2", "S4_10_2", "S4_11_2", "S4_12_2", "S4_13_2", "S4_14_2", "S4_15_2", "S4_16_2", "S4_17_2", "S4_18_2", "S4_19_2", "S4_20_2", "S4_21_2", "B1s1_4", "TS1s1_0", "K1_1", "T1s1_2", "P4_3", "ST1_14", "EM1_2", "TM1_1"]}