{"text": "The music's limited pitch range of 4 octaves allows for a greater emphasis on the nuances of tone and phrasing, while 2/4 sets the meter of the music. It incorporates trombone, strings, bass and horn to create a complete musical experience. With a slow pace and 13 ~ 16 bars, this music serves as a prime representation of the jazz style. This song has a moderate beat.", "pred_labels": {"R1": [0, 0, 1], "R3": [0, 1, 0, 0], "S2s1": [0, 0, 0, 0, 0, 0, 0, 0, 0, 0, 0, 0, 0, 0, 0, 0, 0, 1], "B1s1": [0, 0, 0, 1, 0], "TS1s1": [0, 1, 0, 0, 0, 0, 0, 0], "K1": [0, 0, 1], "T1s1": [1, 0, 0, 0], "P4": [0, 0, 0, 0, 1, 0, 0, 0, 0, 0, 0, 0, 0], "EM1": [0, 0, 0, 0, 1], "TM1": [0, 0, 0, 0, 0, 1], "I1s2": [[0, 0, 1], [0, 0, 1], [0, 0, 1], [0, 0, 1], [0, 0, 1], [1, 0, 0], [0, 0, 1], [0, 0, 1], [0, 0, 1], [0, 0, 1], [1, 0, 0], [0, 0, 1], [0, 0, 1], [1, 0, 0], [0, 0, 1], [1, 0, 0], [0, 0, 1], [0, 0, 1], [0, 0, 1], [0, 0, 1], [0, 0, 1], [0, 0, 1], [0, 0, 1], [0, 0, 1], [0, 0, 1], [0, 0, 1], [0, 0, 1], [0, 0, 1]], "S4": [[0, 0, 1], [0, 0, 1], [0, 0, 1], [0, 0, 1], [0, 0, 1], [0, 0, 1], [0, 0, 1], [0, 0, 1], [0, 0, 1], [0, 0, 1], [1, 0, 0], [0, 0, 1], [0, 0, 1], [0, 0, 1], [0, 0, 1], [0, 0, 1], [0, 0, 1], [0, 0, 1], [0, 0, 1], [0, 0, 1], [0, 0, 1], [0, 0, 1]]}, "pred_probs": {"R1": [4.301395165384747e-06, 4.1086618693952914e-06, 0.9999915361404419], "R3": [7.221121336442593e-07, 0.9999973773956299, 1.0499397831154056e-06, 8.507059305884468e-07], "S2s1": [2.3461379896616563e-06, 2.6670170427678386e-06, 5.218589649302885e-06, 3.1644892715121387e-06, 3.1048336950334487e-06, 4.335333414928755e-06, 3.1871741157374345e-06, 2.7688931822922314e-06, 2.728977733568172e-06, 2.8093579658161616e-06, 4.293055098969489e-06, 4.7833973439992405e-06, 3.688642664201325e-06, 1.329932842963899e-06, 3.749282313947333e-06, 8.148706911015324e-06, 1.6507584632563521e-06, 0.9999399185180664], "B1s1": [8.832483899823274e-07, 8.147410426317947e-07, 8.536783866475162e-07, 0.9999969005584717, 5.797126050310908e-07], "TS1s1": [2.3308780328079592e-07, 0.9999971389770508, 5.973572569928365e-07, 2.669764000984287e-07, 4.503158947954944e-07, 6.036901822881191e-07, 3.2483046652487246e-07, 3.6794463653677667e-07], "K1": [5.653815264849982e-07, 1.3925247230872628e-06, 0.9999980926513672], "T1s1": [0.9999972581863403, 7.610994430251594e-07, 8.52781226967636e-07, 1.1621727935562376e-06], "P4": [2.2463757431978593e-07, 8.866613399050038e-08, 8.048942845562124e-08, 8.013389418692896e-08, 0.9999983310699463, 6.724361156784653e-08, 1.0517400994558557e-07, 1.581576611897617e-07, 1.0810356343426974e-07, 2.0518932331015094e-07, 1.5328215852150606e-07, 1.0520049187334735e-07, 2.0881689977159112e-07], "EM1": [3.984670911449939e-06, 4.435169557837071e-06, 6.208948434505146e-06, 4.0571263525635004e-05, 0.999944806098938], "TM1": [3.918395918844908e-07, 7.397352987936756e-07, 4.456754538750829e-07, 7.018744554443401e-07, 9.227377262277514e-08, 0.999997615814209], "I1s2": [[2.9406035650936246e-07, 3.470529748028639e-07, 0.9999994039535522], [1.87614091373689e-07, 2.88593952291194e-07, 0.9999995231628418], [3.488484310310014e-07, 3.790095490785461e-07, 0.9999992847442627], [4.0090878883347614e-07, 3.0822302505839616e-06, 0.999996542930603], [3.7586283951895894e-07, 1.4336131926029339e-06, 0.9999982118606567], [0.9999920129776001, 3.92613401345443e-06, 4.0865843402571045e-06], [4.02016979705877e-07, 6.535955208164523e-07, 0.999998927116394], [2.303141428683375e-07, 2.901362847751443e-07, 0.9999995231628418], [1.6724683860047662e-07, 7.972868729666516e-07, 0.9999990463256836], [1.8364242748702964e-07, 2.0040445747326885e-07, 0.9999996423721313], [0.9999918937683105, 4.450258529686835e-06, 3.70941893379495e-06], [4.455264388525393e-07, 6.075238729863486e-07, 0.999998927116394], [3.2093541335598275e-07, 1.2400857940519927e-06, 0.9999984502792358], [0.9999940395355225, 2.698866182981874e-06, 3.2441355415357975e-06], [2.2052689985230245e-07, 3.151890552999248e-07, 0.9999995231628418], [0.9999909400939941, 3.8992634472378995e-06, 5.069889084552415e-06], [4.226767487125471e-07, 9.775333182915347e-07, 0.9999985694885254], [2.41446315385474e-07, 4.124756856072054e-07, 0.9999994039535522], [4.181152633009333e-07, 7.018559813332104e-07, 0.999998927116394], [1.5161650424033724e-07, 4.039468421979109e-07, 0.9999994039535522], [2.7758082410400675e-07, 7.136882231861819e-07, 0.9999990463256836], [6.264173748604662e-07, 3.2081715062304283e-07, 0.9999990463256836], [1.8395220990896632e-07, 8.532186939191888e-07, 0.999998927116394], [1.5727512447938352e-07, 1.348693245972754e-07, 0.9999997615814209], [2.1554817521973746e-06, 2.2728860926690686e-07, 0.999997615814209], [1.98271109752568e-07, 3.310026954750356e-07, 0.9999995231628418], [4.026768465337227e-07, 9.88058786788315e-07, 0.9999985694885254], [1.3837224344115384e-07, 4.4238302621124603e-07, 0.9999994039535522]], "S4": [[4.390022240841063e-06, 1.6990280755635467e-06, 0.9999939203262329], [5.483497602654097e-07, 5.992194473947166e-07, 0.9999988079071045], [4.2562570001791755e-07, 6.180933951327461e-07, 0.999998927116394], [4.599210967626277e-07, 6.467693651757145e-07, 0.999998927116394], [8.044726200751029e-07, 8.145254355440557e-07, 0.9999983310699463], [5.739276502936264e-07, 1.0234616638626903e-06, 0.9999984502792358], [6.660727649432374e-07, 6.104863814471173e-07, 0.9999986886978149], [5.971823497930018e-07, 4.5073988985677715e-07, 0.999998927116394], [6.120807256593253e-07, 6.860283292553504e-07, 0.9999986886978149], [5.194573873268382e-07, 5.407089247455588e-07, 0.999998927116394], [0.9999903440475464, 6.2975882428872865e-06, 3.3585085930099012e-06], [1.1831273241114104e-06, 7.74153932070476e-07, 0.9999980926513672], [6.031958150742867e-07, 1.2744035302603152e-06, 0.9999980926513672], [5.010310246689187e-07, 7.453090802300721e-07, 0.9999988079071045], [6.5016115513572e-07, 8.142196747940034e-07, 0.9999985694885254], [1.137013896368444e-06, 7.066171292535728e-07, 0.9999982118606567], [5.634774424834177e-07, 6.783735670978785e-07, 0.9999988079071045], [2.1851789711035963e-07, 4.873536454397254e-07, 0.9999992847442627], [8.350102689291816e-07, 8.976867889032292e-07, 0.9999982118606567], [5.060303465143079e-07, 7.719265227024152e-07, 0.9999986886978149], [5.364016715247999e-07, 9.508957532489148e-07, 0.9999985694885254], [7.155331331887282e-07, 1.0715498319768813e-06, 0.9999982118606567]]}, "infer_command_tokens": ["I1s2_0_2", "I1s2_1_2", "I1s2_2_2", "I1s2_3_2", "I1s2_4_2", "I1s2_5_0", "I1s2_6_2", "I1s2_7_2", "I1s2_8_2", "I1s2_9_2", "I1s2_10_0", "I1s2_11_2", "I1s2_12_2", "I1s2_13_0", "I1s2_14_2", "I1s2_15_0", "I1s2_16_2", "I1s2_17_2", "I1s2_18_2", "I1s2_19_2", "I1s2_20_2", "I1s2_21_2", "I1s2_22_2", "I1s2_23_2", "I1s2_24_2", "I1s2_25_2", "I1s2_26_2", "I1s2_27_2", "I4_28", "C1_4", "R1_2", "R3_1", "S2s1_17", "S4_0_2", "S4_1_2", "S4_2_2", "S4_3_2", "S4_4_2", "S4_5_2", "S4_6_2", "S4_7_2", "S4_8_2", "S4_9_2", "S4_10_0", "S4_11_2", "S4_12_2", "S4_13_2", "S4_14_2", "S4_15_2", "S4_16_2", "S4_17_2", "S4_18_2", "S4_19_2", "S4_20_2", "S4_21_2", "B1s1_3", "TS1s1_1", "K1_2", "T1s1_0", "P4_4", "ST1_14", "EM1_4", "TM1_5"]}