{"text": "This music is a prime example of international style, featuring a diverse and dynamic listening experience with a pitch range spanning 6 octaves. The captivating and memorable experience is further enhanced by the choice of minor key. The song lasts about 40 seconds and is performed at a moderate speed, with a very fast-paced tempo. The use of organ, guitar, bass, synth and drum is vital to the music, and it is composed in 4/4 meter. Overall, this music is a must-listen for anyone looking for a unique and engaging musical experience.", "pred_labels": {"R1": [0, 0, 1], "R3": [0, 0, 1, 0], "S2s1": [0, 0, 0, 0, 0, 0, 0, 0, 0, 0, 0, 0, 0, 0, 0, 0, 0, 1], "B1s1": [0, 0, 0, 0, 1], "TS1s1": [1, 0, 0, 0, 0, 0, 0, 0], "K1": [0, 1, 0], "T1s1": [0, 1, 0, 0], "P4": [0, 0, 0, 0, 0, 0, 1, 0, 0, 0, 0, 0, 0], "EM1": [0, 0, 0, 0, 1], "TM1": [0, 0, 1, 0, 0, 0], "I1s2": [[0, 0, 1], [0, 0, 1], [0, 0, 1], [1, 0, 0], [1, 0, 0], [1, 0, 0], [0, 0, 1], [0, 0, 1], [0, 0, 1], [0, 0, 1], [0, 0, 1], [0, 0, 1], [0, 0, 1], [0, 0, 1], [0, 0, 1], [0, 0, 1], [0, 0, 1], [0, 0, 1], [0, 0, 1], [0, 0, 1], [0, 0, 1], [0, 0, 1], [0, 0, 1], [0, 0, 1], [1, 0, 0], [0, 0, 1], [0, 0, 1], [1, 0, 0]], "S4": [[0, 0, 1], [0, 0, 1], [0, 0, 1], [0, 0, 1], [1, 0, 0], [0, 0, 1], [0, 0, 1], [0, 0, 1], [0, 0, 1], [0, 0, 1], [0, 0, 1], [0, 0, 1], [0, 0, 1], [0, 0, 1], [0, 0, 1], [0, 0, 1], [0, 0, 1], [0, 0, 1], [0, 0, 1], [0, 0, 1], [0, 0, 1], [0, 0, 1]]}, "pred_probs": {"R1": [4.313551016821293e-06, 4.157767307333415e-06, 0.9999915361404419], "R3": [9.6106271030294e-07, 1.7724759118209477e-06, 0.999996542930603, 7.163779400798376e-07], "S2s1": [2.7430066893430194e-06, 2.7287010198051576e-06, 4.375577645987505e-06, 3.2082916732179e-06, 3.5977898278360954e-06, 4.541994712781161e-06, 3.4341810533078387e-06, 3.4088798201992176e-06, 3.1680879146733787e-06, 2.871585820685141e-06, 5.483003405970521e-06, 4.740964413940674e-06, 3.889051640726393e-06, 1.2870013961219229e-06, 4.422572601470165e-06, 1.0147369721380528e-05, 1.8103905858879443e-06, 0.9999339580535889], "B1s1": [7.814876880729571e-06, 5.022566710977117e-06, 9.59791759669315e-06, 2.2151655230118195e-06, 0.999975323677063], "TS1s1": [0.999997615814209, 3.6735858088832174e-07, 6.594015644623141e-07, 1.3773976093034435e-07, 3.0527937155966356e-07, 1.5285783661056485e-07, 3.536530357450829e-07, 4.035648828448757e-07], "K1": [3.8722936324120383e-07, 0.9999992847442627, 3.5049478697146697e-07], "T1s1": [7.312091838684864e-07, 0.999997615814209, 7.62616764404811e-07, 1.0096981668539229e-06], "P4": [1.44737725804589e-07, 5.2130431527075416e-08, 2.800230980426477e-08, 7.479370367491356e-08, 7.426177717206883e-08, 9.82623546974537e-08, 0.9999990463256836, 3.4847115415459484e-08, 8.848525823168529e-08, 1.1717071402017609e-07, 8.41886347302534e-08, 9.568851311314575e-08, 1.1158032720004485e-07], "EM1": [2.1378086785261985e-06, 2.569084927017684e-06, 5.0328931138210464e-06, 8.650689778733067e-06, 0.9999816417694092], "TM1": [6.182396532494749e-07, 4.3783390424323443e-07, 0.9999979734420776, 3.595140469769831e-07, 2.8504473448265344e-07, 3.118714175798232e-07], "I1s2": [[2.993586747379595e-07, 3.806308654930035e-07, 0.9999992847442627], [2.4116283725561516e-07, 2.769241689293267e-07, 0.9999995231628418], [4.847041168432042e-07, 4.531557635800709e-07, 0.9999990463256836], [0.9999923706054688, 3.355048420417006e-06, 4.341813109931536e-06], [0.9999927282333374, 3.0407600206672214e-06, 4.19755724578863e-06], [0.999992847442627, 3.2350021683669183e-06, 3.9266201383725274e-06], [3.648313793291891e-07, 6.03625721851131e-07, 0.9999990463256836], [2.2134568666842824e-07, 3.0870651812620054e-07, 0.9999995231628418], [1.9948716101225727e-07, 7.850091492400679e-07, 0.9999990463256836], [2.4844493395903555e-07, 3.002064090651402e-07, 0.9999994039535522], [3.5727808267438377e-07, 6.634716669395857e-07, 0.999998927116394], [5.599119390353735e-07, 8.24945573185687e-07, 0.9999985694885254], [3.952447116262192e-07, 1.1623759519352461e-06, 0.9999984502792358], [1.6203849781959434e-06, 3.3139247079816414e-06, 0.9999951124191284], [3.9769281556800706e-07, 4.116546676868893e-07, 0.9999991655349731], [2.655377500104805e-07, 3.907651375811838e-07, 0.9999992847442627], [6.457439667428844e-07, 1.1447410770415445e-06, 0.9999982118606567], [2.97203655463818e-07, 3.2413711892331776e-07, 0.9999994039535522], [5.523605750568095e-07, 8.857830380293308e-07, 0.9999985694885254], [1.502510968975912e-07, 3.768981855500897e-07, 0.9999995231628418], [2.3876421550994564e-07, 6.517141173389973e-07, 0.9999991655349731], [6.992229941715777e-07, 3.455557191500702e-07, 0.999998927116394], [2.566355021826894e-07, 1.0844875077964389e-06, 0.9999986886978149], [2.1898861746194598e-07, 1.9106884963093762e-07, 0.9999996423721313], [0.9999929666519165, 2.492783778507146e-06, 4.536846972769126e-06], [2.5634409439589945e-07, 4.2340161598986015e-07, 0.9999992847442627], [5.353262508833723e-07, 1.1039810488000512e-06, 0.9999983310699463], [0.9999936819076538, 2.477702309988672e-06, 3.835787993011763e-06]], "S4": [[4.490521405386971e-06, 1.582210074957402e-06, 0.9999939203262329], [5.589911324932473e-07, 5.888165333090001e-07, 0.9999988079071045], [4.614601323282841e-07, 6.368684353219578e-07, 0.999998927116394], [6.480299816757906e-07, 6.036001991560624e-07, 0.9999988079071045], [0.9999879598617554, 6.067578397050966e-06, 5.901495569560211e-06], [5.600762733593001e-07, 1.168419657915365e-06, 0.9999983310699463], [6.521135560433322e-07, 6.81894846366049e-07, 0.9999986886978149], [5.579984190262621e-07, 5.001775207347237e-07, 0.999998927116394], [6.067466529202648e-07, 8.246506126852182e-07, 0.9999985694885254], [5.397330937739753e-07, 6.532925453939242e-07, 0.9999988079071045], [4.834841433876136e-07, 9.438575716558262e-07, 0.9999985694885254], [1.0445482985232957e-06, 8.373809805561905e-07, 0.9999980926513672], [7.441074103553547e-07, 1.3852552456228295e-06, 0.9999978542327881], [5.048203775004367e-07, 1.038326445268467e-06, 0.9999984502792358], [5.97958603520965e-07, 1.3386659247771604e-06, 0.9999980926513672], [1.3104405525155016e-06, 8.577490007155575e-07, 0.9999978542327881], [7.921611882011348e-07, 1.018740476865787e-06, 0.9999982118606567], [2.0514745813215995e-07, 5.693200932910258e-07, 0.9999992847442627], [7.974397817633871e-07, 1.0084698942591785e-06, 0.9999982118606567], [4.887361910732579e-07, 8.220266067837656e-07, 0.9999986886978149], [7.071957952575758e-07, 1.688866632321151e-06, 0.999997615814209], [8.307232519655372e-07, 1.247889031219529e-06, 0.9999979734420776]]}, "infer_command_tokens": ["I1s2_0_2", "I1s2_1_2", "I1s2_2_2", "I1s2_3_0", "I1s2_4_0", "I1s2_5_0", "I1s2_6_2", "I1s2_7_2", "I1s2_8_2", "I1s2_9_2", "I1s2_10_2", "I1s2_11_2", "I1s2_12_2", "I1s2_13_2", "I1s2_14_2", "I1s2_15_2", "I1s2_16_2", "I1s2_17_2", "I1s2_18_2", "I1s2_19_2", "I1s2_20_2", "I1s2_21_2", "I1s2_22_2", "I1s2_23_2", "I1s2_24_0", "I1s2_25_2", "I1s2_26_2", "I1s2_27_0", "I4_28", "C1_4", "R1_2", "R3_2", "S2s1_17", "S4_0_2", "S4_1_2", "S4_2_2", "S4_3_2", "S4_4_0", "S4_5_2", "S4_6_2", "S4_7_2", "S4_8_2", "S4_9_2", "S4_10_2", "S4_11_2", "S4_12_2", "S4_13_2", "S4_14_2", "S4_15_2", "S4_16_2", "S4_17_2", "S4_18_2", "S4_19_2", "S4_20_2", "S4_21_2", "B1s1_4", "TS1s1_0", "K1_1", "T1s1_1", "P4_6", "ST1_14", "EM1_4", "TM1_2"]}