{"text": "The compact pitch range of 3 octaves results in a focused and impactful musical performance, enhanced by the unique flavor added by the minor key. Lasting for 16 ~ 30 seconds, this song captivates with its tranquil and peaceful rhythm. The vital use of grand piano, drum and bass further enhances the music, which is in 4/4 and played at a swift pace, ultimately characterized by composure.", "pred_labels": {"R1": [0, 0, 1], "R3": [1, 0, 0, 0], "S2s1": [0, 0, 0, 0, 0, 0, 0, 0, 0, 0, 0, 0, 0, 0, 0, 0, 0, 1], "B1s1": [0, 0, 0, 0, 1], "TS1s1": [1, 0, 0, 0, 0, 0, 0, 0], "K1": [0, 1, 0], "T1s1": [0, 0, 1, 0], "P4": [0, 0, 0, 1, 0, 0, 0, 0, 0, 0, 0, 0, 0], "EM1": [0, 0, 0, 1, 0], "TM1": [0, 1, 0, 0, 0, 0], "I1s2": [[1, 0, 0], [0, 0, 1], [0, 0, 1], [0, 0, 1], [0, 0, 1], [1, 0, 0], [0, 0, 1], [0, 0, 1], [0, 0, 1], [0, 0, 1], [0, 0, 1], [0, 0, 1], [0, 0, 1], [0, 0, 1], [0, 0, 1], [0, 0, 1], [0, 0, 1], [0, 0, 1], [0, 0, 1], [0, 0, 1], [0, 0, 1], [0, 0, 1], [0, 0, 1], [0, 0, 1], [0, 0, 1], [0, 0, 1], [0, 0, 1], [1, 0, 0]], "S4": [[0, 0, 1], [0, 0, 1], [0, 0, 1], [0, 0, 1], [0, 0, 1], [0, 0, 1], [0, 0, 1], [0, 0, 1], [0, 0, 1], [0, 0, 1], [0, 0, 1], [0, 0, 1], [0, 0, 1], [0, 0, 1], [0, 0, 1], [0, 0, 1], [0, 0, 1], [0, 0, 1], [0, 0, 1], [0, 0, 1], [0, 0, 1], [0, 0, 1]]}, "pred_probs": {"R1": [4.438957148522604e-06, 3.922285486623878e-06, 0.9999916553497314], "R3": [0.9999986886978149, 5.415747637016466e-07, 4.941846896144853e-07, 2.605074485018122e-07], "S2s1": [2.5067174647119828e-06, 2.6522332063905196e-06, 4.806001015822403e-06, 3.20025060318585e-06, 3.912867214239668e-06, 4.302512479625875e-06, 3.2366776849812595e-06, 3.3809767501224997e-06, 2.868322326321504e-06, 3.017781409653253e-06, 5.552200946112862e-06, 4.952034032612573e-06, 3.7961210637149634e-06, 1.327074983237253e-06, 4.769301085616462e-06, 1.0185721293964889e-05, 1.8902487681771163e-06, 0.9999336004257202], "B1s1": [6.272144219110487e-06, 5.24790448253043e-06, 1.0026911695604213e-05, 2.473696440574713e-06, 0.9999759197235107], "TS1s1": [0.9999973773956299, 3.9849354038778984e-07, 8.675946219227626e-07, 1.4230599276743305e-07, 3.041088518784818e-07, 1.6235992461588467e-07, 3.5408592680141737e-07, 4.4211176941644226e-07], "K1": [3.736292626399518e-07, 0.9999992847442627, 3.771033902921772e-07], "T1s1": [1.7801161220631911e-06, 8.890141884876357e-07, 0.9999966621398926, 6.752699732714973e-07], "P4": [2.3680441074702685e-07, 1.2246462688381143e-07, 7.71210295624769e-08, 0.9999978542327881, 2.327585519878994e-07, 1.5842010725464206e-07, 2.55723534792196e-07, 1.7739570523644943e-07, 1.9265213779817714e-07, 9.644349319160028e-08, 1.5538903141987248e-07, 2.9257091682666214e-07, 4.057515639033227e-07], "EM1": [2.6551110750006046e-06, 2.1149221538507845e-06, 2.223571073045605e-06, 0.9999899864196777, 3.032191443708143e-06], "TM1": [2.162695835750128e-07, 0.9999986886978149, 3.223120472739538e-07, 2.0231361474998266e-07, 2.0280737089706236e-07, 2.2114673470241542e-07], "I1s2": [[0.9999938011169434, 2.739239107540925e-06, 3.4141364722017897e-06], [2.1641976388764306e-07, 2.851104170531471e-07, 0.9999995231628418], [3.8647601741104154e-07, 3.3385398978680314e-07, 0.9999992847442627], [6.132980843176483e-07, 3.2520724744244944e-06, 0.9999961853027344], [5.844762540618831e-07, 1.4729016584169585e-06, 0.9999979734420776], [0.9999932050704956, 3.004541667905869e-06, 3.8266189221758395e-06], [3.696441126521677e-07, 5.77078878905013e-07, 0.9999990463256836], [2.7582871098275064e-07, 2.884612797515729e-07, 0.9999994039535522], [2.156880469783573e-07, 4.598756504492485e-07, 0.9999992847442627], [2.301938195614639e-07, 2.173034800989626e-07, 0.9999995231628418], [3.2503658076166175e-07, 5.600158488050511e-07, 0.9999991655349731], [4.862959599449823e-07, 4.213343629544397e-07, 0.9999990463256836], [4.2860136773015256e-07, 1.1893486089320504e-06, 0.9999983310699463], [1.2178343240520917e-06, 2.138128593287547e-06, 0.9999966621398926], [3.695634802625136e-07, 3.6468813391365984e-07, 0.9999992847442627], [2.418622955246974e-07, 3.486502748728526e-07, 0.9999994039535522], [5.0862843181676e-07, 8.792620747044566e-07, 0.9999985694885254], [3.19632363243727e-07, 2.5168102979478135e-07, 0.9999994039535522], [5.295864866639022e-07, 7.994191832949582e-07, 0.9999986886978149], [1.6406211500452628e-07, 3.7782302797495504e-07, 0.9999994039535522], [2.454291347930848e-07, 5.476350111166539e-07, 0.9999991655349731], [6.537077865687024e-07, 3.2446979503220064e-07, 0.9999990463256836], [2.5222161070814764e-07, 5.816816042170103e-07, 0.9999991655349731], [1.5745821713153418e-07, 1.3462067727232352e-07, 0.9999997615814209], [1.6624334193693358e-06, 1.9090226999196602e-07, 0.9999980926513672], [2.2910268171472126e-07, 4.023754627269227e-07, 0.9999994039535522], [5.904379918320046e-07, 1.0436157253934653e-06, 0.9999983310699463], [0.9999932050704956, 2.5060135158128105e-06, 4.315269961807644e-06]], "S4": [[6.824598131061066e-06, 2.239790774183348e-06, 0.9999909400939941], [5.600466010946548e-07, 6.293327601269993e-07, 0.9999988079071045], [4.846115757572989e-07, 6.697857770632254e-07, 0.9999988079071045], [4.436845415511925e-07, 6.056605457160913e-07, 0.999998927116394], [8.437314704679011e-07, 9.90492367236584e-07, 0.9999982118606567], [5.96098004734813e-07, 1.131405610976799e-06, 0.9999983310699463], [6.40511927940679e-07, 6.82916606820072e-07, 0.9999986886978149], [5.594210392700916e-07, 5.310938036018342e-07, 0.999998927116394], [6.578137003998563e-07, 7.953567546792328e-07, 0.9999985694885254], [5.098489737065393e-07, 6.440013748942874e-07, 0.9999988079071045], [5.063319576947833e-07, 1.0444541658216622e-06, 0.9999984502792358], [9.888623253573314e-07, 8.704727747499419e-07, 0.9999980926513672], [7.31143188659189e-07, 1.3030432910454692e-06, 0.9999979734420776], [5.530774274120631e-07, 9.627469808037858e-07, 0.9999984502792358], [4.3266280158604786e-07, 7.653353009118291e-07, 0.9999988079071045], [1.2184028719275375e-06, 8.113086096273037e-07, 0.9999979734420776], [6.744094775967824e-07, 8.345128890141496e-07, 0.9999984502792358], [2.2508768893203523e-07, 5.419269086814893e-07, 0.9999992847442627], [7.742928573861718e-07, 1.0472236908753985e-06, 0.9999982118606567], [5.655107315760688e-07, 7.614889341311937e-07, 0.9999986886978149], [5.419610715762246e-07, 9.991640581574757e-07, 0.9999984502792358], [7.237977115437388e-07, 1.154892856902734e-06, 0.9999980926513672]]}, "infer_command_tokens": ["I1s2_0_0", "I1s2_1_2", "I1s2_2_2", "I1s2_3_2", "I1s2_4_2", "I1s2_5_0", "I1s2_6_2", "I1s2_7_2", "I1s2_8_2", "I1s2_9_2", "I1s2_10_2", "I1s2_11_2", "I1s2_12_2", "I1s2_13_2", "I1s2_14_2", "I1s2_15_2", "I1s2_16_2", "I1s2_17_2", "I1s2_18_2", "I1s2_19_2", "I1s2_20_2", "I1s2_21_2", "I1s2_22_2", "I1s2_23_2", "I1s2_24_2", "I1s2_25_2", "I1s2_26_2", "I1s2_27_0", "I4_28", "C1_4", "R1_2", "R3_0", "S2s1_17", "S4_0_2", "S4_1_2", "S4_2_2", "S4_3_2", "S4_4_2", "S4_5_2", "S4_6_2", "S4_7_2", "S4_8_2", "S4_9_2", "S4_10_2", "S4_11_2", "S4_12_2", "S4_13_2", "S4_14_2", "S4_15_2", "S4_16_2", "S4_17_2", "S4_18_2", "S4_19_2", "S4_20_2", "S4_21_2", "B1s1_4", "TS1s1_0", "K1_1", "T1s1_2", "P4_3", "ST1_14", "EM1_3", "TM1_1"]}