{"text": "This 31 ~ 45-second song is characterized by the use of a specific pitch range of 4 octaves, which creates a cohesive and unified sound throughout the musical piece. The rhythm in this song is truly electrifying, further enhancing its overall impact. The music is played in 4/4 and at a medium pace, contributing to its catchy and upbeat nature. Together, these elements work in harmony to create a vibrant and memorable musical composition.", "pred_labels": {"R1": [0, 0, 1], "R3": [0, 0, 1, 0], "S2s1": [0, 0, 0, 0, 0, 0, 0, 0, 0, 0, 0, 0, 0, 0, 0, 0, 0, 1], "B1s1": [0, 0, 0, 0, 1], "TS1s1": [1, 0, 0, 0, 0, 0, 0, 0], "K1": [0, 0, 1], "T1s1": [0, 1, 0, 0], "P4": [0, 0, 0, 0, 1, 0, 0, 0, 0, 0, 0, 0, 0], "EM1": [0, 0, 0, 0, 1], "TM1": [0, 0, 1, 0, 0, 0], "I1s2": [[0, 0, 1], [0, 0, 1], [0, 0, 1], [0, 0, 1], [0, 0, 1], [0, 0, 1], [0, 0, 1], [0, 0, 1], [0, 0, 1], [0, 0, 1], [0, 0, 1], [0, 0, 1], [0, 0, 1], [0, 0, 1], [0, 0, 1], [0, 0, 1], [0, 0, 1], [0, 0, 1], [0, 0, 1], [0, 0, 1], [0, 0, 1], [0, 0, 1], [0, 0, 1], [0, 0, 1], [0, 0, 1], [0, 0, 1], [0, 0, 1], [0, 0, 1]], "S4": [[0, 0, 1], [0, 0, 1], [0, 0, 1], [0, 0, 1], [0, 0, 1], [0, 0, 1], [0, 0, 1], [0, 0, 1], [0, 0, 1], [0, 0, 1], [0, 0, 1], [0, 0, 1], [0, 0, 1], [0, 0, 1], [0, 0, 1], [0, 0, 1], [0, 0, 1], [0, 0, 1], [0, 0, 1], [0, 0, 1], [0, 0, 1], [0, 0, 1]]}, "pred_probs": {"R1": [4.262377387931338e-06, 4.330820956965908e-06, 0.9999914169311523], "R3": [9.814619943426806e-07, 1.056198470905656e-06, 0.9999973773956299, 5.773063662672939e-07], "S2s1": [2.4863172711775405e-06, 2.6041896035167156e-06, 3.91569483326748e-06, 3.2818823001434794e-06, 3.820139227173058e-06, 4.405902473081369e-06, 3.423687985559809e-06, 2.5192887278535636e-06, 2.504365056665847e-06, 3.171803655277472e-06, 4.393084964249283e-06, 6.274244697124232e-06, 3.7053048345114803e-06, 1.3701497891815961e-06, 3.7341842471505515e-06, 8.60463023855118e-06, 2.0590289295796538e-06, 0.999937891960144], "B1s1": [6.522420335386414e-06, 5.351542313292157e-06, 8.42346253193682e-06, 2.0410884644661564e-06, 0.999977707862854], "TS1s1": [0.9999972581863403, 4.5526664393946703e-07, 9.98637119664636e-07, 1.3903836304507422e-07, 3.204279437341029e-07, 1.436246748198755e-07, 3.247177744469809e-07, 3.8780697764195793e-07], "K1": [5.054716893937439e-07, 1.074724650607095e-06, 0.9999984502792358], "T1s1": [2.0997290448576678e-06, 0.9999958276748657, 1.2709317616099725e-06, 6.749146450601984e-07], "P4": [1.9461850797597435e-07, 9.333784589671268e-08, 8.030325915342473e-08, 7.216470265802855e-08, 0.9999982118606567, 9.495084185573432e-08, 1.1797073540265046e-07, 1.832819265246144e-07, 1.1819404477364515e-07, 1.950830466057596e-07, 1.561535327709862e-07, 1.203047332865026e-07, 2.3176852437245543e-07], "EM1": [2.3804998363630148e-06, 2.654859372341889e-06, 4.9829582167149056e-06, 1.2780116776411887e-05, 0.9999772310256958], "TM1": [5.974785608486854e-07, 5.058789724898816e-07, 0.9999979734420776, 3.2579686148892506e-07, 2.9015407676524774e-07, 3.197797866505425e-07], "I1s2": [[3.144600100313255e-07, 2.4783534513517225e-07, 0.9999994039535522], [2.564417229677929e-07, 2.1542456352108275e-07, 0.9999995231628418], [2.956643356810673e-07, 2.587866845260578e-07, 0.9999994039535522], [3.074802918945352e-07, 4.94205210088694e-07, 0.9999991655349731], [1.6679581449352554e-07, 3.36862598260268e-07, 0.9999995231628418], [4.791352807842486e-07, 4.6818252030789154e-07, 0.9999990463256836], [3.803064601015649e-07, 4.6424730726357666e-07, 0.9999991655349731], [2.596370904939249e-07, 3.10306575102004e-07, 0.9999994039535522], [1.2451504005639435e-07, 1.8757009456749074e-07, 0.9999996423721313], [2.2237483676690317e-07, 1.11909471911531e-07, 0.9999996423721313], [3.0596430633522687e-07, 2.543880555094802e-07, 0.9999994039535522], [3.110040438514261e-07, 2.2116716991149588e-07, 0.9999995231628418], [2.3664088644181902e-07, 3.01852253414836e-07, 0.9999994039535522], [3.7738396940767416e-07, 4.111387568173086e-07, 0.9999991655349731], [1.9857732524997118e-07, 1.8139772350878047e-07, 0.9999996423721313], [1.1688798906561715e-07, 9.202702955235509e-08, 0.9999997615814209], [2.972765003050881e-07, 3.4950582517012663e-07, 0.9999994039535522], [2.8629401072066685e-07, 1.5432773636803176e-07, 0.9999995231628418], [4.724412576706527e-07, 5.400735290095326e-07, 0.9999990463256836], [1.914071248165783e-07, 3.794732776896126e-07, 0.9999994039535522], [2.0589111215940648e-07, 2.839178989688662e-07, 0.9999995231628418], [6.579144269380777e-07, 3.0726806699021836e-07, 0.9999990463256836], [1.9287999464268069e-07, 5.069696840109827e-07, 0.9999992847442627], [1.215313005786811e-07, 8.624157032954827e-08, 0.9999997615814209], [1.2741281807393534e-06, 1.59784121933626e-07, 0.9999985694885254], [2.0538553258120373e-07, 2.35083021493665e-07, 0.9999995231628418], [3.6504272316051356e-07, 2.955599995857483e-07, 0.9999992847442627], [1.2330168885910098e-07, 2.694248451007297e-07, 0.9999996423721313]], "S4": [[4.2851520447584335e-06, 1.6058029359555803e-06, 0.999994158744812], [5.935580702498555e-07, 5.867973413842265e-07, 0.9999988079071045], [4.4865856807518867e-07, 7.922659506220953e-07, 0.9999988079071045], [4.387638909975067e-07, 7.08086815848219e-07, 0.9999988079071045], [7.468149760825327e-07, 9.138761924987193e-07, 0.9999983310699463], [5.581269419963064e-07, 1.0301026804881985e-06, 0.9999984502792358], [5.547849468712229e-07, 6.092789703870949e-07, 0.9999988079071045], [6.014283258082287e-07, 4.606177128607669e-07, 0.999998927116394], [6.084079586798907e-07, 7.33610647785099e-07, 0.9999986886978149], [5.238131848273042e-07, 6.431102974602254e-07, 0.9999988079071045], [5.263186153570132e-07, 1.1033989721909165e-06, 0.9999983310699463], [1.0413090194560937e-06, 9.047566891240422e-07, 0.9999980926513672], [6.629689437431807e-07, 1.2386540220177267e-06, 0.9999980926513672], [5.012617521060747e-07, 9.514672001387225e-07, 0.9999985694885254], [4.0799545786285307e-07, 8.79766275829752e-07, 0.9999986886978149], [7.547097311544348e-07, 4.330248088990629e-07, 0.9999988079071045], [4.6574783141295484e-07, 5.863946057615976e-07, 0.999998927116394], [2.2860155013404437e-07, 5.325333631844842e-07, 0.9999992847442627], [8.097813974927703e-07, 9.629221722207149e-07, 0.9999982118606567], [5.173047838979983e-07, 8.196070098165364e-07, 0.9999986886978149], [5.499573489942122e-07, 9.636095228415797e-07, 0.9999984502792358], [7.322973942791577e-07, 1.2852550526076811e-06, 0.9999979734420776]]}, "infer_command_tokens": ["I1s2_0_2", "I1s2_1_2", "I1s2_2_2", "I1s2_3_2", "I1s2_4_2", "I1s2_5_2", "I1s2_6_2", "I1s2_7_2", "I1s2_8_2", "I1s2_9_2", "I1s2_10_2", "I1s2_11_2", "I1s2_12_2", "I1s2_13_2", "I1s2_14_2", "I1s2_15_2", "I1s2_16_2", "I1s2_17_2", "I1s2_18_2", "I1s2_19_2", "I1s2_20_2", "I1s2_21_2", "I1s2_22_2", "I1s2_23_2", "I1s2_24_2", "I1s2_25_2", "I1s2_26_2", "I1s2_27_2", "I4_28", "C1_4", "R1_2", "R3_2", "S2s1_17", "S4_0_2", "S4_1_2", "S4_2_2", "S4_3_2", "S4_4_2", "S4_5_2", "S4_6_2", "S4_7_2", "S4_8_2", "S4_9_2", "S4_10_2", "S4_11_2", "S4_12_2", "S4_13_2", "S4_14_2", "S4_15_2", "S4_16_2", "S4_17_2", "S4_18_2", "S4_19_2", "S4_20_2", "S4_21_2", "B1s1_4", "TS1s1_0", "K1_2", "T1s1_1", "P4_4", "ST1_14", "EM1_4", "TM1_2"]}