{"text": "This 31 ~ 45-second song's sound is steeped in the conventions of RnB and pop style.", "pred_labels": {"R1": [0, 0, 1], "R3": [0, 0, 0, 1], "S2s1": [0, 0, 0, 0, 0, 0, 0, 0, 0, 0, 0, 0, 0, 0, 0, 0, 0, 1], "B1s1": [0, 0, 0, 0, 1], "TS1s1": [0, 0, 0, 0, 0, 0, 0, 1], "K1": [0, 0, 1], "T1s1": [0, 0, 0, 1], "P4": [0, 0, 0, 0, 0, 0, 0, 0, 0, 0, 0, 0, 1], "EM1": [0, 0, 0, 0, 1], "TM1": [0, 0, 1, 0, 0, 0], "I1s2": [[0, 0, 1], [0, 0, 1], [0, 0, 1], [0, 0, 1], [0, 0, 1], [0, 0, 1], [0, 0, 1], [0, 0, 1], [0, 0, 1], [0, 0, 1], [0, 0, 1], [0, 0, 1], [0, 0, 1], [0, 0, 1], [0, 0, 1], [0, 0, 1], [0, 0, 1], [0, 0, 1], [0, 0, 1], [0, 0, 1], [0, 0, 1], [0, 0, 1], [0, 0, 1], [0, 0, 1], [0, 0, 1], [0, 0, 1], [0, 0, 1], [0, 0, 1]], "S4": [[0, 0, 1], [0, 0, 1], [0, 0, 1], [0, 0, 1], [0, 0, 1], [0, 0, 1], [0, 0, 1], [1, 0, 0], [0, 0, 1], [0, 0, 1], [0, 0, 1], [0, 0, 1], [0, 0, 1], [1, 0, 0], [0, 0, 1], [0, 0, 1], [0, 0, 1], [0, 0, 1], [0, 0, 1], [0, 0, 1], [0, 0, 1], [0, 0, 1]]}, "pred_probs": {"R1": [4.5119491005607415e-06, 4.8273836910084356e-06, 0.999990701675415], "R3": [1.0344332622480579e-05, 6.809183832956478e-05, 3.705355993588455e-05, 0.9998844861984253], "S2s1": [3.0146611607051454e-06, 3.2512029974895995e-06, 6.0909096646355465e-06, 3.6723724861076334e-06, 4.890669970336603e-06, 5.380516995501239e-06, 3.7468289519893005e-06, 3.5312416457600193e-06, 3.084080390181043e-06, 3.920876679330831e-06, 5.229104772297433e-06, 7.122590432118159e-06, 4.873089892498683e-06, 1.5345181054726709e-06, 5.3178473535808735e-06, 1.0537475645833183e-05, 2.388387201790465e-06, 0.9999223947525024], "B1s1": [9.113933629123494e-06, 6.745201517333044e-06, 1.2776751646015327e-05, 2.8511424261523644e-06, 0.9999685287475586], "TS1s1": [7.775877861604386e-07, 1.5679507896493305e-06, 1.1629230129983625e-06, 2.3104580577637535e-06, 9.47576381804538e-07, 1.908762897073757e-06, 7.457592437276617e-05, 0.9999167919158936], "K1": [8.026774480640597e-07, 1.3278489632284618e-06, 0.9999978542327881], "T1s1": [2.8375845886330353e-06, 1.1579298870856292e-06, 2.7796584163297666e-06, 0.9999932050704956], "P4": [5.296656695463753e-07, 5.077545779386128e-07, 5.006301080356934e-07, 5.110848633194109e-07, 9.087061698664911e-07, 2.515164396754699e-07, 6.774688472432899e-07, 3.6194646213516535e-07, 4.7247522161342204e-07, 6.520070883198059e-07, 3.2333531407857663e-07, 5.283730502014805e-07, 0.9999936819076538], "EM1": [3.4627564673428424e-06, 2.96955113299191e-06, 7.587651452922728e-06, 6.363125066854991e-06, 0.9999796152114868], "TM1": [7.301466098397213e-07, 5.594673666564631e-07, 0.9999977350234985, 3.609334555676469e-07, 3.17288453288711e-07, 2.5631362632339005e-07], "I1s2": [[3.2925973414421605e-07, 2.766733473436034e-07, 0.9999994039535522], [3.6983956874792057e-07, 2.7242782607572735e-07, 0.9999994039535522], [3.850045118269918e-07, 2.896261719342874e-07, 0.9999992847442627], [4.677785625517572e-07, 6.498848961200565e-07, 0.999998927116394], [5.522439323613071e-07, 3.6826656923949486e-07, 0.9999990463256836], [7.031716791061626e-07, 5.308314712237916e-07, 0.9999988079071045], [4.063844301072095e-07, 5.121761432747007e-07, 0.9999990463256836], [2.871180981856014e-07, 2.997784065428277e-07, 0.9999994039535522], [2.306099844417986e-07, 2.180641303084485e-07, 0.9999995231628418], [2.6540669750829693e-07, 1.3696667622298264e-07, 0.9999996423721313], [4.0000708168008714e-07, 3.0835954589747416e-07, 0.9999992847442627], [3.765532312627329e-07, 2.630646065426845e-07, 0.9999994039535522], [2.3661110049033596e-07, 3.45629729281427e-07, 0.9999994039535522], [4.483754594275524e-07, 5.769456379312032e-07, 0.999998927116394], [2.979286932713876e-07, 3.0565485076294863e-07, 0.9999994039535522], [2.6853575718632783e-07, 1.1352727113944638e-07, 0.9999996423721313], [3.4732906328827085e-07, 3.6162865058031457e-07, 0.9999992847442627], [3.3513643415972183e-07, 1.556046100859021e-07, 0.9999995231628418], [5.882642426513485e-07, 6.289601515163668e-07, 0.9999988079071045], [2.163660468568196e-07, 5.307628612172266e-07, 0.9999992847442627], [2.640216791860439e-07, 2.7636878030534717e-07, 0.9999994039535522], [7.124505145839066e-07, 4.009946508176654e-07, 0.999998927116394], [2.4735260240049683e-07, 6.908475711497886e-07, 0.9999990463256836], [1.326706637883035e-07, 1.0964767227505945e-07, 0.9999997615814209], [2.021031377807958e-06, 1.8734698414846207e-07, 0.9999977350234985], [2.5787912250052614e-07, 2.7769374355557375e-07, 0.9999995231628418], [4.4500168883132574e-07, 3.4193050169051276e-07, 0.9999991655349731], [1.8841915050415992e-07, 4.3176240183129266e-07, 0.9999994039535522]], "S4": [[3.6791516322409734e-06, 1.6236576811934356e-06, 0.9999947547912598], [7.55126222884428e-07, 8.695022302163125e-07, 0.9999983310699463], [5.183626399229979e-07, 8.349732638635032e-07, 0.9999986886978149], [5.561377065532724e-07, 9.460256933380151e-07, 0.9999984502792358], [9.073961564354249e-07, 1.3411762438408914e-06, 0.9999977350234985], [7.097262937350024e-07, 1.4135472383713932e-06, 0.9999978542327881], [5.022666869081149e-07, 8.3576031784105e-07, 0.9999986886978149], [0.9999732971191406, 2.4557286451454274e-05, 2.131340124833514e-06], [7.002737447692198e-07, 8.698125384398736e-07, 0.9999984502792358], [5.128307520863018e-07, 1.152662662207149e-06, 0.9999983310699463], [6.021484750817763e-07, 1.5037606999612763e-06, 0.9999978542327881], [1.1133868156321114e-06, 1.5693126442783978e-06, 0.9999972581863403], [9.868648476185626e-07, 2.0959139419574058e-06, 0.9999969005584717], [0.9999709129333496, 2.4478407794958912e-05, 4.619529590854654e-06], [6.659694804511673e-07, 1.295250285693328e-06, 0.9999980926513672], [6.813461936872045e-07, 5.831121256960614e-07, 0.9999986886978149], [5.765504624832829e-07, 1.0003855095419567e-06, 0.9999984502792358], [2.652076602771558e-07, 6.393873377419368e-07, 0.9999990463256836], [1.6628404182483791e-06, 1.6011126717785373e-06, 0.9999967813491821], [5.621681680167967e-07, 1.0213146879323176e-06, 0.9999984502792358], [5.909368496759271e-07, 1.406754677191202e-06, 0.9999979734420776], [7.725207638031861e-07, 1.5688942767155822e-06, 0.999997615814209]]}, "infer_command_tokens": ["I1s2_0_2", "I1s2_1_2", "I1s2_2_2", "I1s2_3_2", "I1s2_4_2", "I1s2_5_2", "I1s2_6_2", "I1s2_7_2", "I1s2_8_2", "I1s2_9_2", "I1s2_10_2", "I1s2_11_2", "I1s2_12_2", "I1s2_13_2", "I1s2_14_2", "I1s2_15_2", "I1s2_16_2", "I1s2_17_2", "I1s2_18_2", "I1s2_19_2", "I1s2_20_2", "I1s2_21_2", "I1s2_22_2", "I1s2_23_2", "I1s2_24_2", "I1s2_25_2", "I1s2_26_2", "I1s2_27_2", "I4_28", "C1_4", "R1_2", "R3_3", "S2s1_17", "S4_0_2", "S4_1_2", "S4_2_2", "S4_3_2", "S4_4_2", "S4_5_2", "S4_6_2", "S4_7_0", "S4_8_2", "S4_9_2", "S4_10_2", "S4_11_2", "S4_12_2", "S4_13_0", "S4_14_2", "S4_15_2", "S4_16_2", "S4_17_2", "S4_18_2", "S4_19_2", "S4_20_2", "S4_21_2", "B1s1_4", "TS1s1_7", "K1_2", "T1s1_3", "P4_12", "ST1_14", "EM1_4", "TM1_2"]}