{"text": "The use of a specific pitch range of 4 octaves creates a cohesive and unified sound throughout the musical piece, while the major key gives this music a special emotional quality. With a duration of about 20 seconds, this track maintains a steady and moderate rhythm, featuring piano, saxophone, drum and bass as its prominent elements. The time signature of the music is 4/4, complementing its high-tempo nature, and the composition is steeped in the traditions of religious style.", "pred_labels": {"R1": [0, 0, 1], "R3": [0, 1, 0, 0], "S2s1": [0, 0, 0, 0, 0, 0, 0, 0, 0, 0, 0, 0, 0, 0, 0, 0, 0, 1], "B1s1": [0, 0, 0, 0, 1], "TS1s1": [1, 0, 0, 0, 0, 0, 0, 0], "K1": [1, 0, 0], "T1s1": [0, 0, 1, 0], "P4": [0, 0, 0, 0, 1, 0, 0, 0, 0, 0, 0, 0, 0], "EM1": [0, 0, 0, 0, 1], "TM1": [0, 1, 0, 0, 0, 0], "I1s2": [[1, 0, 0], [0, 0, 1], [0, 0, 1], [0, 0, 1], [0, 0, 1], [1, 0, 0], [0, 0, 1], [0, 0, 1], [0, 0, 1], [0, 0, 1], [0, 0, 1], [0, 0, 1], [0, 0, 1], [0, 0, 1], [0, 0, 1], [0, 0, 1], [0, 0, 1], [1, 0, 0], [0, 0, 1], [0, 0, 1], [0, 0, 1], [0, 0, 1], [0, 0, 1], [0, 0, 1], [0, 0, 1], [0, 0, 1], [0, 0, 1], [1, 0, 0]], "S4": [[0, 0, 1], [0, 0, 1], [0, 0, 1], [1, 0, 0], [0, 0, 1], [0, 0, 1], [0, 0, 1], [0, 0, 1], [0, 0, 1], [0, 0, 1], [0, 0, 1], [0, 0, 1], [0, 0, 1], [0, 0, 1], [0, 0, 1], [0, 0, 1], [0, 0, 1], [0, 0, 1], [0, 0, 1], [0, 0, 1], [0, 0, 1], [0, 0, 1]]}, "pred_probs": {"R1": [4.3401287257438526e-06, 4.164493475400377e-06, 0.9999915361404419], "R3": [4.205676304991357e-07, 0.9999972581863403, 1.0900562301685568e-06, 1.15478826501203e-06], "S2s1": [2.4456842311337823e-06, 2.960977553811972e-06, 5.0120529522246215e-06, 3.3506769341329345e-06, 3.742002036233316e-06, 4.177619302936364e-06, 3.2259952149615856e-06, 3.2800298868096434e-06, 3.128089701931458e-06, 3.0676719688926823e-06, 5.134332241141237e-06, 4.567188170767622e-06, 3.7122656522114994e-06, 1.361330873805855e-06, 4.65597531729145e-06, 1.0470012057339773e-05, 1.718210455692315e-06, 0.9999340772628784], "B1s1": [7.08572224539239e-06, 5.1255160542496014e-06, 9.760324246599339e-06, 2.1280065993778408e-06, 0.9999759197235107], "TS1s1": [0.999997615814209, 3.712821694534796e-07, 6.713377160849632e-07, 1.3242338070540427e-07, 3.201644460659736e-07, 1.4798162339957344e-07, 3.3211796335308463e-07, 3.584222270092141e-07], "K1": [0.9999996423721313, 1.2511580393947952e-07, 2.1733045230121206e-07], "T1s1": [1.9083179267909145e-06, 9.654306722950423e-07, 0.9999964237213135, 7.614110018039355e-07], "P4": [2.2618255002271326e-07, 7.988226258248687e-08, 7.791251022126744e-08, 7.485773778626026e-08, 0.9999984502792358, 7.457684603195958e-08, 1.1591341575467595e-07, 1.4609433662826632e-07, 1.1300033975203405e-07, 1.883293094806504e-07, 1.4794350988722726e-07, 1.0203523004292947e-07, 2.3119217473777098e-07], "EM1": [2.272914571221918e-06, 2.741867547229049e-06, 5.387384589994326e-06, 1.716768747428432e-05, 0.9999724626541138], "TM1": [2.0252421961686196e-07, 0.9999986886978149, 3.377562620698882e-07, 2.231251414741564e-07, 1.922142303101282e-07, 1.9718348198694002e-07], "I1s2": [[0.999992847442627, 3.1115105230128393e-06, 4.030335730931256e-06], [2.062771073951808e-07, 2.797276295041229e-07, 0.9999995231628418], [4.2353406115580583e-07, 3.7258806173667836e-07, 0.9999991655349731], [5.593751666310709e-07, 3.415108267290634e-06, 0.9999960660934448], [6.110047934271279e-07, 1.5863092812651303e-06, 0.9999978542327881], [0.9999924898147583, 3.4602655887283618e-06, 4.018655090476386e-06], [4.126647468183364e-07, 6.345017027342692e-07, 0.999998927116394], [2.6346782533437363e-07, 3.252351064020331e-07, 0.9999994039535522], [2.457476284689619e-07, 6.544088932969316e-07, 0.9999990463256836], [2.841684363374952e-07, 3.166333044646308e-07, 0.9999994039535522], [3.7200035762907646e-07, 7.144917617551982e-07, 0.999998927116394], [5.165525749362132e-07, 6.642902690146002e-07, 0.9999988079071045], [4.879426569459611e-07, 1.6431434914920828e-06, 0.9999978542327881], [1.2995601537113544e-06, 3.198468448317726e-06, 0.9999954700469971], [2.9667265266652976e-07, 4.058709635046398e-07, 0.9999992847442627], [2.2917697606317233e-07, 3.7555980725301197e-07, 0.9999994039535522], [6.297603931670892e-07, 1.3106982805766165e-06, 0.9999980926513672], [0.9999934434890747, 2.558147343734163e-06, 4.094009455002379e-06], [5.245069019110815e-07, 8.763320806792763e-07, 0.9999985694885254], [1.6829488913572277e-07, 4.3966639395875973e-07, 0.9999994039535522], [2.6342073056184745e-07, 7.553081786682014e-07, 0.999998927116394], [7.67919175359566e-07, 3.3749748240552435e-07, 0.999998927116394], [3.7009689890510344e-07, 7.705195912421914e-07, 0.9999988079071045], [2.480675789229281e-07, 1.7302488686254947e-07, 0.9999995231628418], [1.894139927571814e-06, 2.377561827415775e-07, 0.9999978542327881], [2.6643164119377616e-07, 4.6827329924781225e-07, 0.9999992847442627], [5.495859909387946e-07, 1.3456609622153337e-06, 0.9999980926513672], [0.9999934434890747, 2.601358119136421e-06, 3.9313022170972545e-06]], "S4": [[8.15742077975301e-06, 2.528063532736269e-06, 0.9999892711639404], [5.888221608074673e-07, 6.457307222262898e-07, 0.9999988079071045], [5.123831101627729e-07, 7.394236831714807e-07, 0.9999986886978149], [0.9999884366989136, 8.942120075516868e-06, 2.599782646939275e-06], [8.068143984019116e-07, 1.0292864089933573e-06, 0.9999982118606567], [6.370726168825058e-07, 1.2932408708365983e-06, 0.9999980926513672], [6.369951961460174e-07, 6.571654580511677e-07, 0.9999986886978149], [5.920080070609401e-07, 5.117503292240144e-07, 0.999998927116394], [6.613280447709258e-07, 8.188123388208624e-07, 0.9999985694885254], [4.996258553546795e-07, 6.614266112592304e-07, 0.9999988079071045], [5.801288693874085e-07, 9.47651926708204e-07, 0.9999984502792358], [1.085484313989582e-06, 8.213067417273123e-07, 0.9999980926513672], [6.434287911361025e-07, 1.2532859727798495e-06, 0.9999980926513672], [5.569242489400494e-07, 9.636775075705373e-07, 0.9999984502792358], [4.429179796261451e-07, 8.678738367962069e-07, 0.9999986886978149], [1.3152006204109057e-06, 8.304222660626692e-07, 0.9999978542327881], [8.213364139919577e-07, 1.145680130321125e-06, 0.9999979734420776], [2.3693303319305414e-07, 6.42251222870982e-07, 0.9999991655349731], [7.918190476630116e-07, 1.0254564131173538e-06, 0.9999982118606567], [5.308101549417188e-07, 7.843825073905464e-07, 0.9999986886978149], [5.024644451623317e-07, 9.882509175440646e-07, 0.9999984502792358], [8.120927645904885e-07, 1.2708835583907785e-06, 0.9999979734420776]]}, "infer_command_tokens": ["I1s2_0_0", "I1s2_1_2", "I1s2_2_2", "I1s2_3_2", "I1s2_4_2", "I1s2_5_0", "I1s2_6_2", "I1s2_7_2", "I1s2_8_2", "I1s2_9_2", "I1s2_10_2", "I1s2_11_2", "I1s2_12_2", "I1s2_13_2", "I1s2_14_2", "I1s2_15_2", "I1s2_16_2", "I1s2_17_0", "I1s2_18_2", "I1s2_19_2", "I1s2_20_2", "I1s2_21_2", "I1s2_22_2", "I1s2_23_2", "I1s2_24_2", "I1s2_25_2", "I1s2_26_2", "I1s2_27_0", "I4_28", "C1_4", "R1_2", "R3_1", "S2s1_17", "S4_0_2", "S4_1_2", "S4_2_2", "S4_3_0", "S4_4_2", "S4_5_2", "S4_6_2", "S4_7_2", "S4_8_2", "S4_9_2", "S4_10_2", "S4_11_2", "S4_12_2", "S4_13_2", "S4_14_2", "S4_15_2", "S4_16_2", "S4_17_2", "S4_18_2", "S4_19_2", "S4_20_2", "S4_21_2", "B1s1_4", "TS1s1_0", "K1_0", "T1s1_2", "P4_4", "ST1_14", "EM1_4", "TM1_1"]}