{"text": "This track runs for 31 ~ 45 seconds and features a very pronounced rhythm, with the vital use of grand piano and strings throughout. It is performed at a rapid pace and is divided into 13 ~ 16 bars. Its pitch range is within 5 octaves.", "pred_labels": {"R1": [0, 0, 1], "R3": [0, 0, 1, 0], "S2s1": [0, 0, 0, 0, 0, 0, 0, 0, 0, 0, 0, 0, 0, 0, 0, 0, 0, 1], "B1s1": [0, 0, 0, 1, 0], "TS1s1": [0, 0, 0, 0, 0, 0, 0, 1], "K1": [0, 0, 1], "T1s1": [0, 0, 1, 0], "P4": [0, 0, 0, 0, 0, 1, 0, 0, 0, 0, 0, 0, 0], "EM1": [0, 0, 0, 0, 1], "TM1": [0, 0, 1, 0, 0, 0], "I1s2": [[1, 0, 0], [0, 0, 1], [0, 0, 1], [0, 0, 1], [0, 0, 1], [0, 0, 1], [0, 0, 1], [0, 0, 1], [0, 0, 1], [0, 0, 1], [1, 0, 0], [0, 0, 1], [0, 0, 1], [0, 0, 1], [0, 0, 1], [0, 0, 1], [0, 0, 1], [0, 0, 1], [0, 0, 1], [0, 0, 1], [0, 0, 1], [0, 0, 1], [0, 0, 1], [0, 0, 1], [0, 0, 1], [0, 0, 1], [0, 0, 1], [0, 0, 1]], "S4": [[0, 0, 1], [0, 0, 1], [0, 0, 1], [0, 0, 1], [0, 0, 1], [0, 0, 1], [0, 0, 1], [0, 0, 1], [0, 0, 1], [0, 0, 1], [0, 0, 1], [0, 0, 1], [0, 0, 1], [0, 0, 1], [0, 0, 1], [0, 0, 1], [0, 0, 1], [0, 0, 1], [0, 0, 1], [0, 0, 1], [0, 0, 1], [0, 0, 1]]}, "pred_probs": {"R1": [4.966855613020016e-06, 4.477544734982075e-06, 0.9999905824661255], "R3": [7.863228574933601e-07, 1.1728731124094338e-06, 0.9999974966049194, 5.546287411561934e-07], "S2s1": [2.9473471840901766e-06, 2.463321607137914e-06, 5.0989447117899545e-06, 3.308379064037581e-06, 4.691538833867526e-06, 4.456366696103942e-06, 3.5316563753440278e-06, 3.3533362966409186e-06, 2.728685331021552e-06, 3.5213247429055627e-06, 4.676413482229691e-06, 6.013041002006503e-06, 4.092903509445023e-06, 1.3009000667807413e-06, 4.8925462579063606e-06, 9.60153920459561e-06, 2.2066190012992593e-06, 0.9999310970306396], "B1s1": [9.55443852035387e-07, 1.0404610293335281e-06, 1.501347696830635e-06, 0.9999960660934448, 4.5928641156933736e-07], "TS1s1": [7.922410532046342e-07, 1.4695831396238646e-06, 1.0919765145445126e-06, 2.20736842493352e-06, 8.610453505752957e-07, 1.6614440028206445e-06, 5.32347294210922e-05, 0.9999387264251709], "K1": [1.0287014902132796e-06, 1.7203982451974298e-06, 0.9999972581863403], "T1s1": [1.6409647969339858e-06, 9.343000897388265e-07, 0.9999966621398926, 6.798227900617348e-07], "P4": [1.3142285126832576e-07, 2.6924436724584666e-07, 2.0700498737369344e-07, 3.8181343597898376e-07, 7.664065293511158e-08, 0.9999980926513672, 1.1320232573552858e-07, 1.4450381513597677e-07, 7.98263357637552e-08, 1.222457512994879e-07, 2.197294719508136e-07, 9.991403970843749e-08, 9.912099585562828e-08], "EM1": [2.2645474018645473e-05, 2.526595926610753e-05, 9.961543582903687e-06, 8.500900548824575e-06, 0.9999336004257202], "TM1": [6.5651965996949e-07, 6.010256470290187e-07, 0.9999977350234985, 3.3863838666547963e-07, 2.958770721761539e-07, 3.2451794140797574e-07], "I1s2": [[0.9999939203262329, 2.879755356843816e-06, 3.169746605635737e-06], [2.479549721101648e-07, 2.526516595935391e-07, 0.9999995231628418], [3.243987407586246e-07, 2.6253377427565283e-07, 0.9999994039535522], [3.034855069472542e-07, 8.327197065227665e-07, 0.9999988079071045], [2.324736243508596e-07, 4.153232282533281e-07, 0.9999994039535522], [5.1309081072759e-07, 5.876732984688715e-07, 0.999998927116394], [3.668675958579115e-07, 4.892321499028185e-07, 0.9999991655349731], [3.009695035416371e-07, 3.515741582305054e-07, 0.9999994039535522], [1.8368358212228486e-07, 2.909644933879463e-07, 0.9999995231628418], [2.764666078292066e-07, 1.626184342740089e-07, 0.9999995231628418], [0.9999904632568359, 4.532718321570428e-06, 5.011494522477733e-06], [3.4909808732663805e-07, 2.568188506302249e-07, 0.9999994039535522], [2.530460676553048e-07, 5.663546289724763e-07, 0.9999991655349731], [5.153273718860873e-07, 6.675169288428151e-07, 0.9999988079071045], [3.1688642820881796e-07, 3.4454100727998593e-07, 0.9999992847442627], [1.3083869987440266e-07, 1.2935359450239048e-07, 0.9999997615814209], [3.5183404634153703e-07, 4.213690090182354e-07, 0.9999992847442627], [2.363075992661834e-07, 2.6797161467584374e-07, 0.9999995231628418], [4.5261060677148635e-07, 6.961323038012779e-07, 0.9999988079071045], [1.6640892397390417e-07, 4.11659073051851e-07, 0.9999994039535522], [2.44466292542711e-07, 3.6012536952512164e-07, 0.9999994039535522], [5.50115089481551e-07, 3.9016887853904336e-07, 0.9999990463256836], [2.4490205419169797e-07, 7.882250656621181e-07, 0.999998927116394], [1.3127639419963089e-07, 1.1508283392913654e-07, 0.9999997615814209], [1.4463504385275883e-06, 1.659828683386877e-07, 0.9999983310699463], [1.9913446180908068e-07, 2.5992869723268086e-07, 0.9999995231628418], [3.717653669355059e-07, 3.777610118049779e-07, 0.9999992847442627], [1.957368453986419e-07, 3.861754294121056e-07, 0.9999994039535522]], "S4": [[3.843836566375103e-06, 1.6479197029184434e-06, 0.9999945163726807], [6.389976192622271e-07, 7.266372108460928e-07, 0.9999986886978149], [4.592517655055417e-07, 7.891026712059102e-07, 0.9999988079071045], [4.320513653510716e-07, 6.948271789042337e-07, 0.999998927116394], [7.487702760045067e-07, 1.1116773066532915e-06, 0.9999980926513672], [5.782904963780311e-07, 1.0458475117047783e-06, 0.9999983310699463], [5.729795589104469e-07, 6.390177986759227e-07, 0.9999988079071045], [6.016777547301899e-07, 5.581377990893088e-07, 0.9999988079071045], [6.100154337218555e-07, 8.002169238352508e-07, 0.9999985694885254], [4.767980783526582e-07, 8.229835657402873e-07, 0.9999986886978149], [5.348138643057609e-07, 1.2090218888261006e-06, 0.9999982118606567], [1.0310220659448532e-06, 1.0882214382945676e-06, 0.9999978542327881], [8.152117061399622e-07, 1.7028706906785374e-06, 0.9999974966049194], [5.609652475868643e-07, 1.1337430123603554e-06, 0.9999983310699463], [4.6646331952615583e-07, 1.0351250239182264e-06, 0.9999984502792358], [9.162744163404568e-07, 6.194208594934025e-07, 0.9999984502792358], [5.295895562085207e-07, 7.172142204581178e-07, 0.9999988079071045], [2.3100304247236636e-07, 5.239807592261059e-07, 0.9999992847442627], [8.731565230846172e-07, 1.1151686294397223e-06, 0.9999979734420776], [5.360364525586192e-07, 9.693970923763118e-07, 0.9999984502792358], [5.509779157364392e-07, 1.0201250688623986e-06, 0.9999984502792358], [7.273217192960146e-07, 1.2989463584744954e-06, 0.9999979734420776]]}, "infer_command_tokens": ["I1s2_0_0", "I1s2_1_2", "I1s2_2_2", "I1s2_3_2", "I1s2_4_2", "I1s2_5_2", "I1s2_6_2", "I1s2_7_2", "I1s2_8_2", "I1s2_9_2", "I1s2_10_0", "I1s2_11_2", "I1s2_12_2", "I1s2_13_2", "I1s2_14_2", "I1s2_15_2", "I1s2_16_2", "I1s2_17_2", "I1s2_18_2", "I1s2_19_2", "I1s2_20_2", "I1s2_21_2", "I1s2_22_2", "I1s2_23_2", "I1s2_24_2", "I1s2_25_2", "I1s2_26_2", "I1s2_27_2", "I4_28", "C1_4", "R1_2", "R3_2", "S2s1_17", "S4_0_2", "S4_1_2", "S4_2_2", "S4_3_2", "S4_4_2", "S4_5_2", "S4_6_2", "S4_7_2", "S4_8_2", "S4_9_2", "S4_10_2", "S4_11_2", "S4_12_2", "S4_13_2", "S4_14_2", "S4_15_2", "S4_16_2", "S4_17_2", "S4_18_2", "S4_19_2", "S4_20_2", "S4_21_2", "B1s1_3", "TS1s1_7", "K1_2", "T1s1_2", "P4_5", "ST1_14", "EM1_4", "TM1_2"]}