{"text": "The music in this piece is characterized by a 4/4 time signature, and the sound is steeped in the conventions of jazz style. Throughout the musical performance, various piano, drum, guitar and bass are utilized to create a dynamic and engaging experience for the listener. The song's structure follows about 15 bars and has a very powerful and driving beat.", "pred_labels": {"R1": [0, 0, 1], "R3": [0, 0, 1, 0], "S2s1": [0, 0, 0, 0, 0, 0, 0, 0, 0, 0, 0, 0, 0, 0, 0, 0, 0, 1], "B1s1": [0, 0, 0, 1, 0], "TS1s1": [1, 0, 0, 0, 0, 0, 0, 0], "K1": [0, 0, 1], "T1s1": [0, 0, 0, 1], "P4": [0, 0, 0, 0, 0, 0, 0, 0, 0, 0, 0, 0, 1], "EM1": [0, 0, 0, 0, 1], "TM1": [0, 0, 0, 0, 0, 1], "I1s2": [[1, 0, 0], [0, 0, 1], [0, 0, 1], [0, 0, 1], [1, 0, 0], [1, 0, 0], [0, 0, 1], [0, 0, 1], [0, 0, 1], [0, 0, 1], [0, 0, 1], [0, 0, 1], [0, 0, 1], [0, 0, 1], [0, 0, 1], [0, 0, 1], [0, 0, 1], [0, 0, 1], [0, 0, 1], [0, 0, 1], [0, 0, 1], [0, 0, 1], [0, 0, 1], [0, 0, 1], [0, 0, 1], [0, 0, 1], [0, 0, 1], [1, 0, 0]], "S4": [[0, 0, 1], [0, 0, 1], [0, 0, 1], [0, 0, 1], [0, 0, 1], [0, 0, 1], [0, 0, 1], [0, 0, 1], [0, 0, 1], [0, 0, 1], [1, 0, 0], [0, 0, 1], [0, 0, 1], [0, 0, 1], [0, 0, 1], [0, 0, 1], [0, 0, 1], [0, 0, 1], [0, 0, 1], [0, 0, 1], [0, 0, 1], [0, 0, 1]]}, "pred_probs": {"R1": [4.329393505031476e-06, 3.961150468967389e-06, 0.9999916553497314], "R3": [7.658541107957717e-07, 2.0541501726256683e-06, 0.999996542930603, 5.402983447311271e-07], "S2s1": [2.6802788397617405e-06, 2.716845983741223e-06, 5.030030024499865e-06, 3.3771796097425977e-06, 3.761355628739693e-06, 4.571786575979786e-06, 3.2905923035286833e-06, 3.1339102406491293e-06, 2.8264091724850005e-06, 2.800581341944053e-06, 5.484365374286426e-06, 4.71996600026614e-06, 3.7551371860899962e-06, 1.3247821470940835e-06, 4.505803644860862e-06, 1.008126127999276e-05, 1.797864001673588e-06, 0.9999343156814575], "B1s1": [1.099332507692452e-06, 8.82644542343769e-07, 6.959782581361651e-07, 0.9999967813491821, 5.97941834712401e-07], "TS1s1": [0.9999974966049194, 4.5687954752793303e-07, 6.025101129125687e-07, 1.638080533439279e-07, 3.1656026067139464e-07, 1.7831546017532673e-07, 3.8067230434535304e-07, 4.3116989445479703e-07], "K1": [1.407963509336696e-06, 2.783538775474881e-06, 0.9999958276748657], "T1s1": [3.2162422485271236e-06, 8.541167630937707e-07, 1.630919769013417e-06, 0.9999942779541016], "P4": [4.700291924564226e-07, 4.3876349309357465e-07, 3.7275390241120476e-07, 4.826637223231955e-07, 7.348564281528525e-07, 2.445272286877298e-07, 4.964156801179342e-07, 2.896047419653769e-07, 3.98216798203066e-07, 4.96994061904843e-07, 3.015036611486721e-07, 3.9787062178220367e-07, 0.9999949932098389], "EM1": [2.5253536932723364e-06, 2.7403386866353685e-06, 7.567804004793288e-06, 2.125964056176599e-05, 0.9999659061431885], "TM1": [3.8611349850725674e-07, 7.456812909367727e-07, 5.156368274583656e-07, 8.924185408432095e-07, 1.0279891426989707e-07, 0.9999973773956299], "I1s2": [[0.9999939203262329, 2.885044295908301e-06, 3.2559785267949337e-06], [2.0585731874689372e-07, 3.313191427878337e-07, 0.9999994039535522], [4.79106518014305e-07, 4.06090805427084e-07, 0.9999991655349731], [6.403530505849631e-07, 3.607594862842234e-06, 0.9999957084655762], [0.9999926090240479, 3.4180222883151146e-06, 3.978740096499678e-06], [0.9999927282333374, 3.27790189658117e-06, 4.0824465941113885e-06], [5.641898610520002e-07, 7.312657430702529e-07, 0.9999986886978149], [2.4016856059461134e-07, 3.2793698778732505e-07, 0.9999994039535522], [3.263655230512086e-07, 1.0448717375766137e-06, 0.9999985694885254], [3.4512208912929054e-07, 4.04316381263925e-07, 0.9999992847442627], [4.074930473052518e-07, 8.743604098526703e-07, 0.9999986886978149], [7.021560577413766e-07, 1.0721099670263357e-06, 0.9999982118606567], [5.13273334945552e-07, 1.655182927606802e-06, 0.9999978542327881], [1.4524777043334325e-06, 4.202547188469907e-06, 0.9999943971633911], [4.221597009745892e-07, 5.88077000429621e-07, 0.9999990463256836], [2.3613407051925606e-07, 4.5975986040502903e-07, 0.9999992847442627], [6.860115036033676e-07, 1.3152886140233022e-06, 0.9999979734420776], [3.327992885715503e-07, 3.22423858278853e-07, 0.9999994039535522], [5.481497851178574e-07, 1.1079753221565625e-06, 0.9999983310699463], [1.5319494650611887e-07, 4.464785661184578e-07, 0.9999994039535522], [2.958376228434645e-07, 9.17531338018307e-07, 0.9999988079071045], [6.827155516475614e-07, 3.7465744640030607e-07, 0.999998927116394], [3.005868052241567e-07, 1.3815315469400957e-06, 0.9999983310699463], [1.9601127121404716e-07, 2.2789481590734795e-07, 0.9999995231628418], [1.9155484096700093e-06, 2.670978176411154e-07, 0.9999978542327881], [3.6718819274028647e-07, 6.151174716251262e-07, 0.9999990463256836], [5.869474648534379e-07, 1.3339798670131131e-06, 0.9999980926513672], [0.9999924898147583, 2.696873252716614e-06, 4.726127826870652e-06]], "S4": [[4.663117124437122e-06, 1.9951503418269567e-06, 0.9999933242797852], [5.418579576144111e-07, 6.46283979222062e-07, 0.9999988079071045], [4.3778044300779584e-07, 6.579438718290476e-07, 0.999998927116394], [4.583216366427223e-07, 6.57311090890289e-07, 0.999998927116394], [9.701318504085066e-07, 1.0300982467015274e-06, 0.9999979734420776], [7.006368036854838e-07, 1.3756606449533137e-06, 0.9999979734420776], [7.024114552223182e-07, 6.710989168823289e-07, 0.9999985694885254], [6.282905360421864e-07, 5.217162879489479e-07, 0.9999988079071045], [6.878840963508992e-07, 8.620531843916979e-07, 0.9999984502792358], [4.7563375460413226e-07, 5.88792488542822e-07, 0.999998927116394], [0.9999891519546509, 7.222939075290924e-06, 3.5221873986301944e-06], [1.1114462949990411e-06, 8.484743716508092e-07, 0.9999980926513672], [7.166677846726088e-07, 1.5131976169868722e-06, 0.9999977350234985], [5.555656343858573e-07, 1.134730609919643e-06, 0.9999983310699463], [4.855265274272824e-07, 8.634455639366934e-07, 0.9999986886978149], [1.5496281093874131e-06, 1.171949293166108e-06, 0.9999972581863403], [1.0427136203361442e-06, 1.3628358601636137e-06, 0.999997615814209], [2.4334968884431873e-07, 6.719247380715387e-07, 0.9999990463256836], [1.0083014103656751e-06, 1.074043893822818e-06, 0.9999979734420776], [5.310156439009006e-07, 8.534584594599437e-07, 0.9999985694885254], [5.973903967060323e-07, 1.2091452390450286e-06, 0.9999982118606567], [7.391383292087994e-07, 1.287465693167178e-06, 0.9999979734420776]]}, "infer_command_tokens": ["I1s2_0_0", "I1s2_1_2", "I1s2_2_2", "I1s2_3_2", "I1s2_4_0", "I1s2_5_0", "I1s2_6_2", "I1s2_7_2", "I1s2_8_2", "I1s2_9_2", "I1s2_10_2", "I1s2_11_2", "I1s2_12_2", "I1s2_13_2", "I1s2_14_2", "I1s2_15_2", "I1s2_16_2", "I1s2_17_2", "I1s2_18_2", "I1s2_19_2", "I1s2_20_2", "I1s2_21_2", "I1s2_22_2", "I1s2_23_2", "I1s2_24_2", "I1s2_25_2", "I1s2_26_2", "I1s2_27_0", "I4_28", "C1_4", "R1_2", "R3_2", "S2s1_17", "S4_0_2", "S4_1_2", "S4_2_2", "S4_3_2", "S4_4_2", "S4_5_2", "S4_6_2", "S4_7_2", "S4_8_2", "S4_9_2", "S4_10_0", "S4_11_2", "S4_12_2", "S4_13_2", "S4_14_2", "S4_15_2", "S4_16_2", "S4_17_2", "S4_18_2", "S4_19_2", "S4_20_2", "S4_21_2", "B1s1_3", "TS1s1_0", "K1_2", "T1s1_3", "P4_12", "ST1_14", "EM1_4", "TM1_5"]}