{"text": "The music in question has a limited pitch range of 6 octaves, which in turn allows for a greater emphasis on the nuances of tone and phrasing. The song itself progresses through 13 ~ 16 bars and has a duration of about 20 seconds. Additionally, the music is based on a 4/4 time signature, giving it a distinct rhythmic structure. Overall, these elements combine to create a unique musical experience that is both technically precise and aesthetically pleasing to the ear. The song with its quick beat and invigorating rhythm creates an energizing experience for the listener.", "pred_labels": {"R1": [0, 0, 1], "R3": [0, 0, 1, 0], "S2s1": [0, 0, 0, 0, 0, 0, 0, 0, 0, 0, 0, 0, 0, 0, 0, 0, 0, 1], "B1s1": [0, 0, 0, 1, 0], "TS1s1": [1, 0, 0, 0, 0, 0, 0, 0], "K1": [0, 0, 1], "T1s1": [0, 0, 1, 0], "P4": [0, 0, 0, 0, 0, 0, 1, 0, 0, 0, 0, 0, 0], "EM1": [0, 0, 0, 0, 1], "TM1": [0, 1, 0, 0, 0, 0], "I1s2": [[0, 0, 1], [0, 0, 1], [0, 0, 1], [0, 0, 1], [0, 0, 1], [0, 0, 1], [0, 0, 1], [0, 0, 1], [0, 0, 1], [0, 0, 1], [0, 0, 1], [0, 0, 1], [0, 0, 1], [0, 0, 1], [0, 0, 1], [0, 0, 1], [0, 0, 1], [0, 0, 1], [0, 0, 1], [0, 0, 1], [0, 0, 1], [0, 0, 1], [0, 0, 1], [0, 0, 1], [0, 0, 1], [0, 0, 1], [0, 0, 1], [0, 0, 1]], "S4": [[0, 0, 1], [0, 0, 1], [0, 0, 1], [0, 0, 1], [0, 0, 1], [0, 0, 1], [0, 0, 1], [0, 0, 1], [0, 0, 1], [0, 0, 1], [0, 0, 1], [0, 0, 1], [0, 0, 1], [0, 0, 1], [0, 0, 1], [0, 0, 1], [0, 0, 1], [0, 0, 1], [0, 0, 1], [0, 0, 1], [0, 0, 1], [0, 0, 1]]}, "pred_probs": {"R1": [4.1369148675585166e-06, 4.412138878251426e-06, 0.9999914169311523], "R3": [4.5911755819361133e-07, 1.5399402855109656e-06, 0.9999973773956299, 6.112160804150335e-07], "S2s1": [2.144034169759834e-06, 2.352547653572401e-06, 3.9420683606294915e-06, 3.1720028346171603e-06, 3.5038485748373205e-06, 4.0171480577555485e-06, 3.238262479499099e-06, 2.2564802293345565e-06, 2.462579459461267e-06, 3.1139304610405816e-06, 3.948344328819076e-06, 5.72573435420054e-06, 3.86275951314019e-06, 1.3780029348708922e-06, 3.874233243550407e-06, 8.300164154206868e-06, 1.9779743070102995e-06, 0.9999406337738037], "B1s1": [9.497697419647011e-07, 1.0038448863269878e-06, 1.3340678606255096e-06, 0.9999963045120239, 4.026106523724593e-07], "TS1s1": [0.999997615814209, 4.0034603898675414e-07, 7.503483061555016e-07, 1.3489990635662252e-07, 3.360485720804718e-07, 1.41562765065828e-07, 3.2408831884822575e-07, 3.405549762192095e-07], "K1": [4.4728963644047326e-07, 1.008861772788805e-06, 0.9999985694885254], "T1s1": [1.690895828687644e-06, 7.456929438376392e-07, 0.9999967813491821, 8.14510201507801e-07], "P4": [1.4623853417106147e-07, 4.358103211643538e-08, 2.662526199515014e-08, 8.268003170996963e-08, 7.47906980791413e-08, 1.1232511099024123e-07, 0.999998927116394, 3.2195742960539064e-08, 1.0037828701570106e-07, 1.336964317033562e-07, 8.875011303643987e-08, 1.0202010258808514e-07, 1.1583125569814001e-07], "EM1": [2.607562691991916e-06, 2.731709855652298e-06, 6.110788490332197e-06, 1.312819767917972e-05, 0.9999754428863525], "TM1": [1.930254711624002e-07, 0.9999988079071045, 2.6754142368190514e-07, 2.1183753062814503e-07, 2.173333797372834e-07, 2.062592585616585e-07], "I1s2": [[3.2199704946833663e-07, 2.461952988142002e-07, 0.9999994039535522], [2.4631742689962266e-07, 2.0608206341421464e-07, 0.9999995231628418], [3.376779602604074e-07, 2.3350015965206694e-07, 0.9999994039535522], [3.228579998904024e-07, 4.495950918226299e-07, 0.9999992847442627], [1.6633293853374198e-07, 3.106746930825466e-07, 0.9999995231628418], [4.5773117562930565e-07, 4.344445585502399e-07, 0.9999991655349731], [3.781570967476e-07, 4.643438273888023e-07, 0.9999991655349731], [2.3350951039446954e-07, 3.0390509664357523e-07, 0.9999994039535522], [1.2258028903033846e-07, 1.846608626010493e-07, 0.9999996423721313], [2.0771742015313066e-07, 1.0177372899988768e-07, 0.9999996423721313], [3.0861230015943875e-07, 2.474664313467656e-07, 0.9999994039535522], [3.3415406619496935e-07, 2.258945670519097e-07, 0.9999994039535522], [2.648842212238378e-07, 2.984670572914183e-07, 0.9999994039535522], [3.7811059883097187e-07, 3.6897748145747755e-07, 0.9999992847442627], [1.6319887663485133e-07, 1.6032295491186233e-07, 0.9999996423721313], [1.1574852720741546e-07, 9.588845983898864e-08, 0.9999997615814209], [3.030897346434358e-07, 3.1798566624274827e-07, 0.9999994039535522], [3.1171995829026855e-07, 1.501881996546217e-07, 0.9999995231628418], [4.88391094677354e-07, 4.780156928063661e-07, 0.9999990463256836], [1.7448473954573274e-07, 3.2428124541183934e-07, 0.9999995231628418], [2.1939288785688404e-07, 2.6683554210649163e-07, 0.9999995231628418], [6.480715342149779e-07, 2.7821423032037274e-07, 0.9999990463256836], [1.7250981443339697e-07, 4.388637648844451e-07, 0.9999994039535522], [1.3116202524088294e-07, 7.945794067154566e-08, 0.9999997615814209], [1.2133458540120046e-06, 1.466770669367179e-07, 0.9999986886978149], [2.3994124376258696e-07, 2.100246518921267e-07, 0.9999995231628418], [3.5869945236299827e-07, 3.22226810567372e-07, 0.9999992847442627], [1.3414903321518068e-07, 2.455973628912034e-07, 0.9999996423721313]], "S4": [[6.2436806729238015e-06, 1.9479673483147053e-06, 0.999991774559021], [5.973423071736761e-07, 5.761395414083381e-07, 0.9999988079071045], [4.1799876271397807e-07, 7.445765959346318e-07, 0.9999988079071045], [4.546465390831145e-07, 6.38276048903208e-07, 0.999998927116394], [8.178653274626413e-07, 1.0479118373041274e-06, 0.9999980926513672], [5.375886757974513e-07, 8.843700811667077e-07, 0.9999985694885254], [5.66191829420859e-07, 5.678860475200054e-07, 0.9999988079071045], [5.709358106287254e-07, 4.355359521923674e-07, 0.9999990463256836], [5.895030312785821e-07, 7.248363544931635e-07, 0.9999986886978149], [5.18061199272779e-07, 7.153288947847614e-07, 0.9999988079071045], [5.339343829291465e-07, 1.0566641321929637e-06, 0.9999984502792358], [1.1873466974066105e-06, 8.189196591956716e-07, 0.9999979734420776], [7.032958819763735e-07, 1.1699312381097116e-06, 0.9999980926513672], [4.849069341616996e-07, 8.850890367284592e-07, 0.9999986886978149], [3.5737343750952277e-07, 8.673476941112312e-07, 0.9999988079071045], [7.666370720471605e-07, 4.7088119004001783e-07, 0.9999988079071045], [4.610519965808635e-07, 5.504404612111102e-07, 0.9999990463256836], [2.2746417016605847e-07, 5.516234296010225e-07, 0.9999991655349731], [7.830943786757416e-07, 9.266614142688923e-07, 0.9999983310699463], [5.140403231962409e-07, 7.870793297115597e-07, 0.9999986886978149], [4.881180757365655e-07, 8.693326094544318e-07, 0.9999986886978149], [7.153665819714661e-07, 1.1424746162447263e-06, 0.9999980926513672]]}, "infer_command_tokens": ["I1s2_0_2", "I1s2_1_2", "I1s2_2_2", "I1s2_3_2", "I1s2_4_2", "I1s2_5_2", "I1s2_6_2", "I1s2_7_2", "I1s2_8_2", "I1s2_9_2", "I1s2_10_2", "I1s2_11_2", "I1s2_12_2", "I1s2_13_2", "I1s2_14_2", "I1s2_15_2", "I1s2_16_2", "I1s2_17_2", "I1s2_18_2", "I1s2_19_2", "I1s2_20_2", "I1s2_21_2", "I1s2_22_2", "I1s2_23_2", "I1s2_24_2", "I1s2_25_2", "I1s2_26_2", "I1s2_27_2", "I4_28", "C1_4", "R1_2", "R3_2", "S2s1_17", "S4_0_2", "S4_1_2", "S4_2_2", "S4_3_2", "S4_4_2", "S4_5_2", "S4_6_2", "S4_7_2", "S4_8_2", "S4_9_2", "S4_10_2", "S4_11_2", "S4_12_2", "S4_13_2", "S4_14_2", "S4_15_2", "S4_16_2", "S4_17_2", "S4_18_2", "S4_19_2", "S4_20_2", "S4_21_2", "B1s1_3", "TS1s1_0", "K1_2", "T1s1_2", "P4_6", "ST1_14", "EM1_4", "TM1_1"]}