{"text": "The music in this piece is characterized by a 4/4 time signature, and the sound is steeped in the conventions of rap style. Throughout the musical performance, various ethnic instrument, drum and bass are utilized to create a dynamic and engaging experience for the listener. The music playing has a moderate speed, yet the rhythm in the song is truly electrifying.", "pred_labels": {"R1": [0, 0, 1], "R3": [0, 0, 1, 0], "S2s1": [0, 0, 0, 0, 0, 0, 0, 0, 0, 0, 0, 0, 0, 0, 0, 0, 0, 1], "B1s1": [0, 0, 0, 0, 1], "TS1s1": [1, 0, 0, 0, 0, 0, 0, 0], "K1": [0, 0, 1], "T1s1": [0, 1, 0, 0], "P4": [0, 0, 0, 0, 0, 0, 0, 0, 0, 0, 0, 0, 1], "EM1": [0, 0, 0, 0, 1], "TM1": [0, 0, 0, 0, 0, 1], "I1s2": [[0, 0, 1], [0, 0, 1], [0, 0, 1], [0, 0, 1], [0, 0, 1], [1, 0, 0], [0, 0, 1], [0, 0, 1], [0, 0, 1], [0, 0, 1], [0, 0, 1], [0, 0, 1], [0, 0, 1], [0, 0, 1], [0, 0, 1], [0, 0, 1], [0, 0, 1], [0, 0, 1], [0, 0, 1], [0, 0, 1], [0, 0, 1], [0, 0, 1], [0, 0, 1], [0, 0, 1], [0, 0, 1], [1, 0, 0], [0, 0, 1], [1, 0, 0]], "S4": [[0, 0, 1], [0, 0, 1], [1, 0, 0], [0, 0, 1], [0, 0, 1], [0, 0, 1], [0, 0, 1], [0, 0, 1], [0, 0, 1], [0, 0, 1], [0, 0, 1], [0, 0, 1], [0, 0, 1], [0, 0, 1], [0, 0, 1], [0, 0, 1], [0, 0, 1], [0, 0, 1], [0, 0, 1], [0, 0, 1], [0, 0, 1], [0, 0, 1]]}, "pred_probs": {"R1": [4.223199539410416e-06, 4.018019808427198e-06, 0.999991774559021], "R3": [9.763543857843615e-07, 1.0824185210367432e-06, 0.9999973773956299, 6.011056825627747e-07], "S2s1": [2.587557219158043e-06, 2.7069152110925643e-06, 5.016631803300697e-06, 3.4569745821499964e-06, 3.765598876270815e-06, 4.620061645255191e-06, 3.512860985210864e-06, 2.8235056106495904e-06, 2.7376381694921292e-06, 2.8628703603317263e-06, 5.426916686701588e-06, 4.800005172000965e-06, 3.687965090648504e-06, 1.3517453680833569e-06, 4.4316143430478405e-06, 9.707546269055456e-06, 1.8774785530695226e-06, 0.9999345541000366], "B1s1": [8.038217856665142e-06, 4.572135367197916e-06, 8.637808605271857e-06, 2.4736998511798447e-06, 0.9999762773513794], "TS1s1": [0.9999974966049194, 4.891305138698954e-07, 6.688906637464243e-07, 1.5874277892180544e-07, 2.930888456376124e-07, 1.5692658905663848e-07, 3.811289275290619e-07, 4.198439853553282e-07], "K1": [1.3968930261398782e-06, 2.146668293789844e-06, 0.9999964237213135], "T1s1": [1.551561467749707e-06, 0.9999967813491821, 9.428608791495208e-07, 6.631830729020294e-07], "P4": [4.461777507458464e-07, 4.0797132783154666e-07, 3.8539184288310935e-07, 4.5256996372700087e-07, 7.589275696773257e-07, 2.52670474765182e-07, 5.672159204550553e-07, 2.715664493280201e-07, 4.0028464809438447e-07, 5.095737947158341e-07, 2.853049352324888e-07, 4.3349166389816673e-07, 0.9999948740005493], "EM1": [2.7229489205637947e-06, 2.6892116693488788e-06, 7.212575383164221e-06, 1.9797476852545515e-05, 0.9999675750732422], "TM1": [4.5247256252878287e-07, 8.01416263129795e-07, 6.059101451683091e-07, 9.40159338824742e-07, 1.2113106606648216e-07, 0.9999970197677612], "I1s2": [[3.406107680348214e-07, 3.7660348084500583e-07, 0.9999992847442627], [2.1410714623470994e-07, 3.4182721719844267e-07, 0.9999994039535522], [5.63321293611807e-07, 4.351585687345505e-07, 0.9999990463256836], [6.532595193675661e-07, 3.455202431723592e-06, 0.9999959468841553], [5.92043591041147e-07, 1.3944940064902767e-06, 0.9999979734420776], [0.9999921321868896, 3.2144139368028846e-06, 4.632818672689609e-06], [7.883728017077374e-07, 8.016864398996404e-07, 0.9999984502792358], [2.615157654872746e-07, 2.979565465466294e-07, 0.9999994039535522], [3.013623199876747e-07, 5.863242904524668e-07, 0.9999991655349731], [3.5807332210424647e-07, 3.5341324178261857e-07, 0.9999992847442627], [4.2105713760065555e-07, 6.691869884889456e-07, 0.999998927116394], [7.060475581965875e-07, 7.577652354484599e-07, 0.9999985694885254], [5.377416982810246e-07, 1.6607756379016791e-06, 0.9999978542327881], [1.2355262697383296e-06, 2.6744414753920864e-06, 0.9999960660934448], [4.247150684477674e-07, 5.130277145326545e-07, 0.9999990463256836], [2.5149145699288056e-07, 4.22407055111762e-07, 0.9999992847442627], [6.295377943388303e-07, 1.0187872021560906e-06, 0.9999983310699463], [3.6987273688282585e-07, 2.70669687552072e-07, 0.9999994039535522], [5.514847316590021e-07, 8.587612683186308e-07, 0.9999985694885254], [1.7048182598955464e-07, 3.5854426982950827e-07, 0.9999995231628418], [2.5184519358845137e-07, 6.762879252164566e-07, 0.9999990463256836], [8.055201305978699e-07, 3.669381669624272e-07, 0.9999988079071045], [2.330731092570204e-07, 8.774696880209376e-07, 0.999998927116394], [2.2126761223262292e-07, 1.829585869472794e-07, 0.9999996423721313], [2.111933099513408e-06, 2.3824139816497336e-07, 0.999997615814209], [0.9999953508377075, 1.6442837704744306e-06, 3.012952220160514e-06], [5.90490913054964e-07, 1.133962427957158e-06, 0.9999983310699463], [0.9999916553497314, 2.7551441235118546e-06, 5.654940650856588e-06]], "S4": [[5.5936857279448304e-06, 2.209306330769323e-06, 0.9999922513961792], [5.735125796491047e-07, 6.573679911525687e-07, 0.9999988079071045], [0.9999876022338867, 4.850757250096649e-06, 7.477537565137027e-06], [6.957247933314648e-07, 6.480120191554306e-07, 0.9999986886978149], [1.0392470812803367e-06, 1.0727335393312387e-06, 0.9999978542327881], [7.000350024100044e-07, 1.4343621614898439e-06, 0.9999978542327881], [6.887008225930913e-07, 7.81210360401019e-07, 0.9999985694885254], [6.594119099645468e-07, 4.2936994759656955e-07, 0.999998927116394], [6.624927095799649e-07, 7.807798851899861e-07, 0.9999985694885254], [4.806385618394415e-07, 6.773799441361916e-07, 0.9999988079071045], [5.74509726902761e-07, 1.1380446949260659e-06, 0.9999983310699463], [1.135018123932241e-06, 8.549405947633204e-07, 0.9999979734420776], [7.184848413999134e-07, 1.482605853198038e-06, 0.9999978542327881], [5.409623327068402e-07, 1.0693061085476074e-06, 0.9999983310699463], [4.622880851457012e-07, 9.493263632975868e-07, 0.9999985694885254], [1.3956988595964503e-06, 9.468362804909702e-07, 0.999997615814209], [7.166928526203264e-07, 8.986325497062353e-07, 0.9999983310699463], [2.4248259933301597e-07, 5.453023277368629e-07, 0.9999991655349731], [1.1322179034323199e-06, 1.0211836070084246e-06, 0.9999978542327881], [5.383284360505058e-07, 9.521043011773145e-07, 0.9999984502792358], [5.238159133114095e-07, 1.086047859644168e-06, 0.9999983310699463], [7.858615731493046e-07, 1.1574740028663655e-06, 0.9999980926513672]]}, "infer_command_tokens": ["I1s2_0_2", "I1s2_1_2", "I1s2_2_2", "I1s2_3_2", "I1s2_4_2", "I1s2_5_0", "I1s2_6_2", "I1s2_7_2", "I1s2_8_2", "I1s2_9_2", "I1s2_10_2", "I1s2_11_2", "I1s2_12_2", "I1s2_13_2", "I1s2_14_2", "I1s2_15_2", "I1s2_16_2", "I1s2_17_2", "I1s2_18_2", "I1s2_19_2", "I1s2_20_2", "I1s2_21_2", "I1s2_22_2", "I1s2_23_2", "I1s2_24_2", "I1s2_25_0", "I1s2_26_2", "I1s2_27_0", "I4_28", "C1_4", "R1_2", "R3_2", "S2s1_17", "S4_0_2", "S4_1_2", "S4_2_0", "S4_3_2", "S4_4_2", "S4_5_2", "S4_6_2", "S4_7_2", "S4_8_2", "S4_9_2", "S4_10_2", "S4_11_2", "S4_12_2", "S4_13_2", "S4_14_2", "S4_15_2", "S4_16_2", "S4_17_2", "S4_18_2", "S4_19_2", "S4_20_2", "S4_21_2", "B1s1_4", "TS1s1_0", "K1_2", "T1s1_1", "P4_12", "ST1_14", "EM1_4", "TM1_5"]}