{"text": "This music offers a diverse and dynamic listening experience with a pitch range spanning 3 octaves. The song also has a smooth and steady rhythm, complementing the music's overall sound. Additionally, the music is played in 4/4 time signature, adding to its unique style and structure. Overall, this combination of pitch range, rhythm, and time signature creates an enjoyable and memorable musical experience for listeners.", "pred_labels": {"R1": [0, 0, 1], "R3": [0, 1, 0, 0], "S2s1": [0, 0, 0, 0, 0, 0, 0, 0, 0, 0, 0, 0, 0, 0, 0, 0, 0, 1], "B1s1": [0, 0, 0, 0, 1], "TS1s1": [1, 0, 0, 0, 0, 0, 0, 0], "K1": [0, 0, 1], "T1s1": [0, 0, 0, 1], "P4": [0, 0, 0, 1, 0, 0, 0, 0, 0, 0, 0, 0, 0], "EM1": [0, 0, 0, 0, 1], "TM1": [0, 0, 0, 0, 0, 1], "I1s2": [[0, 0, 1], [0, 0, 1], [0, 0, 1], [0, 0, 1], [0, 0, 1], [0, 0, 1], [0, 0, 1], [0, 0, 1], [0, 0, 1], [0, 0, 1], [0, 0, 1], [0, 0, 1], [0, 0, 1], [0, 0, 1], [0, 0, 1], [0, 0, 1], [0, 0, 1], [0, 0, 1], [0, 0, 1], [0, 0, 1], [0, 0, 1], [0, 0, 1], [0, 0, 1], [0, 0, 1], [0, 0, 1], [0, 0, 1], [0, 0, 1], [0, 0, 1]], "S4": [[0, 0, 1], [0, 0, 1], [0, 0, 1], [0, 0, 1], [0, 0, 1], [0, 0, 1], [0, 0, 1], [0, 0, 1], [0, 0, 1], [0, 0, 1], [0, 0, 1], [0, 0, 1], [0, 0, 1], [0, 0, 1], [0, 0, 1], [0, 0, 1], [0, 0, 1], [0, 0, 1], [0, 0, 1], [0, 0, 1], [0, 0, 1], [0, 0, 1]]}, "pred_probs": {"R1": [4.142912530369358e-06, 4.343635737313889e-06, 0.9999915361404419], "R3": [4.676351750276808e-07, 0.9999974966049194, 8.48719878376869e-07, 1.206619231197692e-06], "S2s1": [2.391149109826074e-06, 2.65392623077787e-06, 4.572319994622376e-06, 3.0993264772405382e-06, 3.5523789847502485e-06, 4.435428763827076e-06, 3.240028718209942e-06, 2.429397227388108e-06, 2.31690705732035e-06, 3.391802465557703e-06, 4.133099537284579e-06, 5.517959380085813e-06, 3.7121897094039014e-06, 1.4868193147776765e-06, 3.794738859141944e-06, 7.811348041286692e-06, 1.958009988811682e-06, 0.9999394416809082], "B1s1": [6.691145244985819e-06, 5.181330834602704e-06, 7.921220458229072e-06, 2.4057840164459776e-06, 0.9999778270721436], "TS1s1": [0.999997615814209, 3.948107689666358e-07, 7.568227715637477e-07, 1.4164852757403423e-07, 3.128841967736662e-07, 1.4542254689331457e-07, 3.452205987741763e-07, 3.5464904613036197e-07], "K1": [4.907007564725063e-07, 1.353468292109028e-06, 0.9999982118606567], "T1s1": [2.015571681113215e-06, 1.0767475941975135e-06, 1.5973478184605483e-06, 0.9999953508377075], "P4": [2.0082579510471987e-07, 1.1814172751201113e-07, 6.154326825935641e-08, 0.9999979734420776, 1.8141247437597485e-07, 1.1575350811199314e-07, 1.984242175012696e-07, 1.7639533211877279e-07, 1.645791769533389e-07, 7.456771555780506e-08, 1.2392723647280945e-07, 2.4867733827704797e-07, 3.692522625442507e-07], "EM1": [3.5441933050606167e-06, 3.181945885444293e-06, 6.6166840042569675e-06, 2.053469688689802e-05, 0.9999661445617676], "TM1": [3.903707579411275e-07, 6.982392619647726e-07, 5.09722497099574e-07, 7.290485086741683e-07, 9.189562888423097e-08, 0.999997615814209], "I1s2": [[3.229525589176774e-07, 2.5519429414089245e-07, 0.9999994039535522], [2.3014946748389775e-07, 2.0727374305806734e-07, 0.9999995231628418], [3.1332098160419264e-07, 2.350679721985216e-07, 0.9999994039535522], [3.355130218096747e-07, 4.5564499373540457e-07, 0.9999991655349731], [1.6133908786741813e-07, 3.359364200150594e-07, 0.9999995231628418], [4.748560513689881e-07, 4.527428245637566e-07, 0.9999990463256836], [3.196542479599884e-07, 4.5790363856212934e-07, 0.9999991655349731], [2.4868151626833424e-07, 3.274894595506339e-07, 0.9999994039535522], [1.1525570897674697e-07, 1.7531208129639708e-07, 0.9999997615814209], [2.0795388877559162e-07, 1.1101995056606029e-07, 0.9999996423721313], [3.1865869232206023e-07, 2.6137016106986266e-07, 0.9999994039535522], [3.308726661543915e-07, 2.166917312251826e-07, 0.9999994039535522], [2.553350384459918e-07, 2.695659020446328e-07, 0.9999995231628418], [3.664697203475953e-07, 3.83237363621447e-07, 0.9999992847442627], [1.729120810978202e-07, 1.7045648803559743e-07, 0.9999996423721313], [1.1083948692203194e-07, 9.642197795756147e-08, 0.9999997615814209], [2.737996851465141e-07, 3.5302795708958e-07, 0.9999994039535522], [3.018398899712338e-07, 1.6422100657109695e-07, 0.9999995231628418], [4.290425295039313e-07, 5.338537789612019e-07, 0.9999990463256836], [1.7745740876762284e-07, 3.8002664837222255e-07, 0.9999994039535522], [2.120855100429253e-07, 2.5490732014077366e-07, 0.9999995231628418], [6.375801149260951e-07, 2.9641211085618124e-07, 0.9999990463256836], [1.8647598665211262e-07, 4.905202217742044e-07, 0.9999992847442627], [1.15755810270457e-07, 8.4041730019635e-08, 0.9999997615814209], [1.0904644796028151e-06, 1.4376193746556964e-07, 0.9999988079071045], [2.060828734329334e-07, 2.0635820874304045e-07, 0.9999996423721313], [3.4816648053492827e-07, 2.840064325937419e-07, 0.9999994039535522], [1.1406707756123069e-07, 2.889144923301501e-07, 0.9999996423721313]], "S4": [[4.573249043460237e-06, 1.5851036323510925e-06, 0.9999938011169434], [5.585025064647198e-07, 5.767552693214384e-07, 0.9999988079071045], [4.3918089431826957e-07, 6.827702350165055e-07, 0.999998927116394], [4.468693930448353e-07, 6.177539830787282e-07, 0.999998927116394], [7.954415082167543e-07, 9.11810332127061e-07, 0.9999983310699463], [5.7163066458088e-07, 9.598152246326208e-07, 0.9999984502792358], [6.251264608181373e-07, 6.155785285955062e-07, 0.9999988079071045], [5.969585572529468e-07, 4.2226190544170095e-07, 0.999998927116394], [5.505620492840535e-07, 6.581132083738339e-07, 0.9999988079071045], [5.202491024647315e-07, 6.39604934349336e-07, 0.9999988079071045], [5.21028937328083e-07, 9.960112947737798e-07, 0.9999984502792358], [1.1647034625639208e-06, 7.923673592813429e-07, 0.9999980926513672], [6.426745926546573e-07, 1.0875091902562417e-06, 0.9999982118606567], [4.943553335579054e-07, 7.923467251202965e-07, 0.9999986886978149], [3.948534015307814e-07, 7.604432994412491e-07, 0.9999988079071045], [7.008152351772878e-07, 4.295358166928054e-07, 0.999998927116394], [4.867561642640794e-07, 5.40557323347457e-07, 0.999998927116394], [2.353521466602615e-07, 4.990522484149551e-07, 0.9999992847442627], [7.597209901177848e-07, 9.222303560818546e-07, 0.9999983310699463], [5.16520003657206e-07, 8.322289772877411e-07, 0.9999986886978149], [5.150659490027465e-07, 7.997035709195188e-07, 0.9999986886978149], [7.506154702241474e-07, 1.2291129678487778e-06, 0.9999979734420776]]}, "infer_command_tokens": ["I1s2_0_2", "I1s2_1_2", "I1s2_2_2", "I1s2_3_2", "I1s2_4_2", "I1s2_5_2", "I1s2_6_2", "I1s2_7_2", "I1s2_8_2", "I1s2_9_2", "I1s2_10_2", "I1s2_11_2", "I1s2_12_2", "I1s2_13_2", "I1s2_14_2", "I1s2_15_2", "I1s2_16_2", "I1s2_17_2", "I1s2_18_2", "I1s2_19_2", "I1s2_20_2", "I1s2_21_2", "I1s2_22_2", "I1s2_23_2", "I1s2_24_2", "I1s2_25_2", "I1s2_26_2", "I1s2_27_2", "I4_28", "C1_4", "R1_2", "R3_1", "S2s1_17", "S4_0_2", "S4_1_2", "S4_2_2", "S4_3_2", "S4_4_2", "S4_5_2", "S4_6_2", "S4_7_2", "S4_8_2", "S4_9_2", "S4_10_2", "S4_11_2", "S4_12_2", "S4_13_2", "S4_14_2", "S4_15_2", "S4_16_2", "S4_17_2", "S4_18_2", "S4_19_2", "S4_20_2", "S4_21_2", "B1s1_4", "TS1s1_0", "K1_2", "T1s1_3", "P4_3", "ST1_14", "EM1_4", "TM1_5"]}