{"text": "This quintessential example of the international sound has a pitch range within 4 octaves and uses the major key to create a rich and dynamic sonic palette. The song has a duration of 46 ~ 60 seconds and features a balanced beat with a tempo that is just right. The music is in 4/4.", "pred_labels": {"R1": [0, 0, 1], "R3": [0, 1, 0, 0], "S2s1": [0, 0, 0, 0, 0, 0, 0, 0, 0, 0, 0, 0, 0, 0, 0, 0, 0, 1], "B1s1": [0, 0, 0, 0, 1], "TS1s1": [1, 0, 0, 0, 0, 0, 0, 0], "K1": [1, 0, 0], "T1s1": [0, 1, 0, 0], "P4": [0, 0, 0, 0, 1, 0, 0, 0, 0, 0, 0, 0, 0], "EM1": [0, 0, 0, 0, 1], "TM1": [0, 0, 0, 1, 0, 0], "I1s2": [[0, 0, 1], [0, 0, 1], [0, 0, 1], [0, 0, 1], [0, 0, 1], [0, 0, 1], [0, 0, 1], [0, 0, 1], [0, 0, 1], [0, 0, 1], [0, 0, 1], [0, 0, 1], [0, 0, 1], [0, 0, 1], [0, 0, 1], [0, 0, 1], [0, 0, 1], [0, 0, 1], [0, 0, 1], [0, 0, 1], [0, 0, 1], [0, 0, 1], [0, 0, 1], [0, 0, 1], [0, 0, 1], [0, 0, 1], [0, 0, 1], [0, 0, 1]], "S4": [[0, 0, 1], [0, 0, 1], [0, 0, 1], [0, 0, 1], [1, 0, 0], [0, 0, 1], [0, 0, 1], [0, 0, 1], [0, 0, 1], [0, 0, 1], [0, 0, 1], [0, 0, 1], [0, 0, 1], [0, 0, 1], [0, 0, 1], [0, 0, 1], [0, 0, 1], [0, 0, 1], [0, 0, 1], [0, 0, 1], [0, 0, 1], [0, 0, 1]]}, "pred_probs": {"R1": [4.228847046761075e-06, 4.5562160266854335e-06, 0.9999911785125732], "R3": [1.0299939958713367e-06, 0.9999959468841553, 1.157095198323077e-06, 1.826713742048014e-06], "S2s1": [2.483531034158659e-06, 2.6762129436974647e-06, 4.21347522205906e-06, 3.4082345337083098e-06, 3.783507054322399e-06, 3.977158485213295e-06, 3.2899213238124503e-06, 2.7202631827094592e-06, 2.8944214136572555e-06, 3.0766000236326363e-06, 4.712725058197975e-06, 5.866854280611733e-06, 3.724106818481232e-06, 1.4638503671449143e-06, 3.966215899708914e-06, 8.447723303106613e-06, 1.8434873254591366e-06, 0.9999372959136963], "B1s1": [7.410916168737458e-06, 5.061503998149419e-06, 8.493303539580666e-06, 2.2161896140460158e-06, 0.9999768733978271], "TS1s1": [0.9999971389770508, 4.5412051008497656e-07, 1.002689032247872e-06, 1.3734984349866863e-07, 3.175055667270499e-07, 1.5964087651809677e-07, 3.6950874005015066e-07, 4.3043186792601773e-07], "K1": [0.9999996423721313, 1.1390770993102706e-07, 2.438407022964384e-07], "T1s1": [2.3862467060098425e-06, 0.9999957084655762, 8.534665880688408e-07, 1.0356178563597496e-06], "P4": [2.0853389059993788e-07, 1.0300075814484444e-07, 8.64395488520131e-08, 7.415555813850006e-08, 0.9999982118606567, 9.556696056733927e-08, 1.2391591042160144e-07, 1.9166792242231168e-07, 1.1006615352471272e-07, 2.150359250663314e-07, 1.563934830528524e-07, 1.164904190886773e-07, 2.455225285302731e-07], "EM1": [2.7903511181648355e-06, 3.674513436635607e-06, 6.167964329506503e-06, 2.0017816495965235e-05, 0.9999673366546631], "TM1": [3.592536472751817e-07, 3.541165938258928e-07, 1.0020828540291404e-06, 0.9999980926513672, 1.5114912343960896e-07, 1.0604559008697834e-07], "I1s2": [[3.0922626592655433e-07, 2.7722643380911904e-07, 0.9999994039535522], [2.7140563929606287e-07, 2.3535309878752741e-07, 0.9999995231628418], [3.218021049633535e-07, 2.688457243493758e-07, 0.9999994039535522], [3.645587014489138e-07, 5.303872399053944e-07, 0.9999990463256836], [1.8230994669465872e-07, 3.376232484697539e-07, 0.9999995231628418], [5.430426881503081e-07, 5.148637001184397e-07, 0.999998927116394], [3.0748793733437196e-07, 4.868194309892715e-07, 0.9999991655349731], [2.81019083558931e-07, 3.1927316967994557e-07, 0.9999994039535522], [1.2152526096542715e-07, 2.643266157065227e-07, 0.9999996423721313], [2.1431517893688579e-07, 1.210051863154149e-07, 0.9999996423721313], [3.242199682063074e-07, 2.792981774746295e-07, 0.9999994039535522], [2.94843829351521e-07, 2.642841820943431e-07, 0.9999994039535522], [2.5823322857831954e-07, 3.3647825148364063e-07, 0.9999994039535522], [3.9979266830414417e-07, 4.4690020217785786e-07, 0.9999991655349731], [2.3182651887054817e-07, 2.178660309937186e-07, 0.9999995231628418], [1.4187840235990734e-07, 1.0853531051679965e-07, 0.9999997615814209], [3.2063158528217173e-07, 3.5303193612890027e-07, 0.9999992847442627], [2.695034311273048e-07, 1.6081831688552484e-07, 0.9999995231628418], [5.067133201919205e-07, 5.945246357441647e-07, 0.999998927116394], [2.0142952905644051e-07, 3.975465574512782e-07, 0.9999994039535522], [2.05285473953154e-07, 2.946009942661476e-07, 0.9999995231628418], [7.848885275052453e-07, 3.185576815667446e-07, 0.999998927116394], [1.988486246773391e-07, 5.434189347397478e-07, 0.9999992847442627], [1.3103648655032885e-07, 9.502328168764507e-08, 0.9999997615814209], [1.075012164619693e-06, 1.7230649973498657e-07, 0.9999988079071045], [2.2767063967421564e-07, 2.2649578568234574e-07, 0.9999995231628418], [4.603837169270264e-07, 3.525460670061875e-07, 0.9999991655349731], [1.1777216002428759e-07, 2.950171449356276e-07, 0.9999996423721313]], "S4": [[4.189924766251352e-06, 1.5076969930305495e-06, 0.9999942779541016], [5.702489715986303e-07, 6.565309718098433e-07, 0.9999988079071045], [4.4458835191107937e-07, 7.675734536860546e-07, 0.9999988079071045], [4.401968851652782e-07, 7.282954470611003e-07, 0.9999988079071045], [0.999983549118042, 9.854998097580392e-06, 6.5204681050090585e-06], [6.080636580918508e-07, 1.1454465038696071e-06, 0.9999982118606567], [5.752281708737428e-07, 6.703769486193778e-07, 0.9999988079071045], [5.704372370018973e-07, 4.622521032615623e-07, 0.999998927116394], [6.446981046792644e-07, 7.797745524840138e-07, 0.9999985694885254], [4.93536674639472e-07, 7.364455427705252e-07, 0.9999988079071045], [5.344023747966276e-07, 1.326328060713422e-06, 0.9999980926513672], [1.0561426506683347e-06, 9.69638790593308e-07, 0.9999979734420776], [6.874110454191396e-07, 1.256563905371877e-06, 0.9999980926513672], [5.237940285951481e-07, 1.0149460649699904e-06, 0.9999984502792358], [4.4038230839760217e-07, 1.0617947054925025e-06, 0.9999984502792358], [8.087868650363816e-07, 4.909921358375868e-07, 0.9999986886978149], [5.02763271015283e-07, 6.69879057113576e-07, 0.9999988079071045], [2.36142156495589e-07, 5.510781306838908e-07, 0.9999991655349731], [9.151369226856332e-07, 1.063055606209673e-06, 0.9999979734420776], [5.1009493517995e-07, 9.049641676028841e-07, 0.9999985694885254], [6.797089326937567e-07, 1.3755189911535126e-06, 0.9999979734420776], [7.459064477188804e-07, 1.2537221891761874e-06, 0.9999979734420776]]}, "infer_command_tokens": ["I1s2_0_2", "I1s2_1_2", "I1s2_2_2", "I1s2_3_2", "I1s2_4_2", "I1s2_5_2", "I1s2_6_2", "I1s2_7_2", "I1s2_8_2", "I1s2_9_2", "I1s2_10_2", "I1s2_11_2", "I1s2_12_2", "I1s2_13_2", "I1s2_14_2", "I1s2_15_2", "I1s2_16_2", "I1s2_17_2", "I1s2_18_2", "I1s2_19_2", "I1s2_20_2", "I1s2_21_2", "I1s2_22_2", "I1s2_23_2", "I1s2_24_2", "I1s2_25_2", "I1s2_26_2", "I1s2_27_2", "I4_28", "C1_4", "R1_2", "R3_1", "S2s1_17", "S4_0_2", "S4_1_2", "S4_2_2", "S4_3_2", "S4_4_0", "S4_5_2", "S4_6_2", "S4_7_2", "S4_8_2", "S4_9_2", "S4_10_2", "S4_11_2", "S4_12_2", "S4_13_2", "S4_14_2", "S4_15_2", "S4_16_2", "S4_17_2", "S4_18_2", "S4_19_2", "S4_20_2", "S4_21_2", "B1s1_4", "TS1s1_0", "K1_0", "T1s1_1", "P4_4", "ST1_14", "EM1_4", "TM1_3"]}