{"text": "The music conveys unwind, and the major key gives it a special emotional quality. This song consists of 13 ~ 16 bars, and its rhythm is really lively. The tempo of this song is rapid.", "pred_labels": {"R1": [0, 0, 1], "R3": [0, 0, 1, 0], "S2s1": [0, 0, 0, 0, 0, 0, 0, 0, 0, 0, 0, 0, 0, 0, 0, 0, 0, 1], "B1s1": [0, 0, 0, 1, 0], "TS1s1": [0, 0, 0, 0, 0, 0, 0, 1], "K1": [1, 0, 0], "T1s1": [0, 0, 1, 0], "P4": [0, 0, 0, 0, 0, 0, 0, 0, 0, 0, 0, 0, 1], "EM1": [0, 0, 0, 1, 0], "TM1": [0, 0, 0, 0, 0, 1], "I1s2": [[0, 0, 1], [0, 0, 1], [0, 0, 1], [0, 0, 1], [0, 0, 1], [0, 0, 1], [0, 0, 1], [0, 0, 1], [0, 0, 1], [0, 0, 1], [0, 0, 1], [0, 0, 1], [0, 0, 1], [0, 0, 1], [0, 0, 1], [0, 0, 1], [0, 0, 1], [0, 0, 1], [0, 0, 1], [0, 0, 1], [0, 0, 1], [0, 0, 1], [0, 0, 1], [0, 0, 1], [0, 0, 1], [0, 0, 1], [0, 0, 1], [0, 0, 1]], "S4": [[0, 0, 1], [0, 0, 1], [0, 0, 1], [0, 0, 1], [0, 0, 1], [0, 0, 1], [0, 0, 1], [0, 0, 1], [0, 0, 1], [0, 0, 1], [0, 0, 1], [0, 0, 1], [0, 0, 1], [0, 0, 1], [0, 0, 1], [0, 0, 1], [0, 0, 1], [0, 0, 1], [0, 0, 1], [0, 0, 1], [0, 0, 1], [0, 0, 1]]}, "pred_probs": {"R1": [4.299937245377805e-06, 4.583466761687305e-06, 0.9999910593032837], "R3": [9.94956735667074e-07, 1.7339879150313209e-06, 0.9999966621398926, 6.124105880189745e-07], "S2s1": [2.5980948521464597e-06, 2.674041070349631e-06, 5.125883035361767e-06, 3.243801756980247e-06, 4.263580194674432e-06, 4.669373083743267e-06, 3.2288053262163885e-06, 2.7287717330182204e-06, 2.4961314011306968e-06, 3.598095872803242e-06, 4.29668762080837e-06, 6.68763686917373e-06, 4.339834049460478e-06, 1.381064635097573e-06, 4.397988959681243e-06, 8.020803761610296e-06, 2.2330200408759993e-06, 0.9999340772628784], "B1s1": [1.0597469781714608e-06, 1.0569934829618433e-06, 8.713408874427842e-07, 0.9999964237213135, 5.567760013036605e-07], "TS1s1": [7.357683102782175e-07, 1.4722686501045246e-06, 1.036445496538363e-06, 2.19370735976554e-06, 9.292400022786751e-07, 1.7736945210344857e-06, 4.424470171215944e-05, 0.9999476671218872], "K1": [0.9999996423721313, 1.212414133533457e-07, 2.6676610787035315e-07], "T1s1": [6.166190360090695e-06, 7.676579230064817e-07, 0.9999924898147583, 6.04000604198518e-07], "P4": [4.5791645675308246e-07, 4.19641907001278e-07, 4.281018561869132e-07, 4.5299566409084946e-07, 7.455989816662623e-07, 2.470756896855164e-07, 6.143731638985628e-07, 2.7072678676631767e-07, 4.3002216898457846e-07, 5.599375185738609e-07, 2.727008165948064e-07, 3.9394873851961165e-07, 0.9999947547912598], "EM1": [2.3916895770526025e-06, 1.6622964267298812e-06, 1.6669000615365803e-06, 0.9999899864196777, 4.3502664084371645e-06], "TM1": [3.9765424730831e-07, 7.579205885122065e-07, 5.019749664825213e-07, 7.267645969477599e-07, 7.988477079834411e-08, 0.9999974966049194], "I1s2": [[2.940273020612949e-07, 2.403064911504771e-07, 0.9999995231628418], [2.7415768499849946e-07, 2.2037468738744792e-07, 0.9999995231628418], [3.6118888147029793e-07, 2.365443094731745e-07, 0.9999994039535522], [4.2959035795320233e-07, 5.532608042813081e-07, 0.9999990463256836], [2.3003711646651936e-07, 3.0088571634223626e-07, 0.9999995231628418], [4.90254933538381e-07, 4.579551102779078e-07, 0.9999990463256836], [4.351221036813513e-07, 4.53116939524989e-07, 0.9999991655349731], [3.056618425034685e-07, 2.9185684979893267e-07, 0.9999994039535522], [1.56857055344517e-07, 1.7652773465215432e-07, 0.9999996423721313], [2.3301660689867276e-07, 1.194675292026659e-07, 0.9999996423721313], [3.664830217076087e-07, 2.6973918920703e-07, 0.9999994039535522], [3.7356727489168406e-07, 2.2223994733394647e-07, 0.9999994039535522], [2.454015657349373e-07, 3.124776810636831e-07, 0.9999994039535522], [4.310583392452827e-07, 4.0954992641673016e-07, 0.9999991655349731], [2.3382597191812238e-07, 2.015250402109814e-07, 0.9999995231628418], [1.444464601263462e-07, 9.171039749844567e-08, 0.9999997615814209], [3.496945453207445e-07, 2.9386467303993413e-07, 0.9999994039535522], [3.1914657938614255e-07, 1.3319726122063003e-07, 0.9999995231628418], [5.338837922863604e-07, 5.690761213372753e-07, 0.999998927116394], [1.9012998109246837e-07, 3.6144317050457175e-07, 0.9999994039535522], [2.446776363740355e-07, 2.680731086002197e-07, 0.9999995231628418], [7.059124982333742e-07, 3.0441026410699124e-07, 0.9999990463256836], [2.2633896890056349e-07, 5.344249416339153e-07, 0.9999992847442627], [1.206195747727179e-07, 9.228805453176392e-08, 0.9999997615814209], [1.2539237559394678e-06, 1.38376876179791e-07, 0.9999985694885254], [2.3819687555715063e-07, 2.548557631598669e-07, 0.9999995231628418], [4.456208841929765e-07, 3.7678231024074194e-07, 0.9999991655349731], [1.870805874659709e-07, 2.4282678623421816e-07, 0.9999995231628418]], "S4": [[4.638401605916442e-06, 1.5224788967316272e-06, 0.9999938011169434], [6.950675697225961e-07, 6.756571906407771e-07, 0.9999986886978149], [4.6928113306421437e-07, 8.855618602865434e-07, 0.9999986886978149], [4.819476089323871e-07, 7.438243301294278e-07, 0.9999988079071045], [8.726676128389954e-07, 1.3583477311840397e-06, 0.9999977350234985], [6.043077860340418e-07, 1.104085299630242e-06, 0.9999983310699463], [5.134044727128639e-07, 6.77479420119198e-07, 0.9999988079071045], [6.27859890300897e-07, 4.837103233512607e-07, 0.999998927116394], [6.629995823459467e-07, 7.649600775039289e-07, 0.9999985694885254], [4.48572876621256e-07, 1.0355832955610822e-06, 0.9999985694885254], [5.909628839617653e-07, 1.1895025409103255e-06, 0.9999982118606567], [1.0857976349143428e-06, 1.1238172419325565e-06, 0.9999977350234985], [7.649376243534789e-07, 1.4286991927292547e-06, 0.9999978542327881], [5.608780497823318e-07, 1.1243055269005708e-06, 0.9999983310699463], [4.673748037475889e-07, 1.084472728507535e-06, 0.9999984502792358], [7.6686512784363e-07, 4.858897000303841e-07, 0.9999986886978149], [5.171539214643417e-07, 6.903673011038336e-07, 0.9999988079071045], [2.582993943178735e-07, 5.873775421605387e-07, 0.9999991655349731], [9.82011101768876e-07, 1.2064414249834954e-06, 0.9999978542327881], [5.053763061368954e-07, 9.311814324064471e-07, 0.9999985694885254], [5.158370868230122e-07, 1.0118775435330463e-06, 0.9999984502792358], [7.490800726372981e-07, 1.3448164963847375e-06, 0.9999978542327881]]}, "infer_command_tokens": ["I1s2_0_2", "I1s2_1_2", "I1s2_2_2", "I1s2_3_2", "I1s2_4_2", "I1s2_5_2", "I1s2_6_2", "I1s2_7_2", "I1s2_8_2", "I1s2_9_2", "I1s2_10_2", "I1s2_11_2", "I1s2_12_2", "I1s2_13_2", "I1s2_14_2", "I1s2_15_2", "I1s2_16_2", "I1s2_17_2", "I1s2_18_2", "I1s2_19_2", "I1s2_20_2", "I1s2_21_2", "I1s2_22_2", "I1s2_23_2", "I1s2_24_2", "I1s2_25_2", "I1s2_26_2", "I1s2_27_2", "I4_28", "C1_4", "R1_2", "R3_2", "S2s1_17", "S4_0_2", "S4_1_2", "S4_2_2", "S4_3_2", "S4_4_2", "S4_5_2", "S4_6_2", "S4_7_2", "S4_8_2", "S4_9_2", "S4_10_2", "S4_11_2", "S4_12_2", "S4_13_2", "S4_14_2", "S4_15_2", "S4_16_2", "S4_17_2", "S4_18_2", "S4_19_2", "S4_20_2", "S4_21_2", "B1s1_3", "TS1s1_7", "K1_0", "T1s1_2", "P4_12", "ST1_14", "EM1_3", "TM1_5"]}