{"text": "The use of the major key in this music creates a distinct atmosphere, while the comfortably moderate rhythm of the song adds to its overall appeal. Together, these elements combine to create a unique and memorable listening experience that can be enjoyed by music lovers of all kinds. The key choice helps set the mood and tone of the music, while the steady rhythm keeps the listener engaged and invested in the song's unfolding narrative. Overall, this music showcases the power of careful attention to detail in both musical composition and performance, making it a standout example of its genre.", "pred_labels": {"R1": [0, 0, 1], "R3": [0, 1, 0, 0], "S2s1": [0, 0, 0, 0, 0, 0, 0, 0, 0, 0, 0, 0, 0, 0, 0, 0, 0, 1], "B1s1": [0, 0, 0, 0, 1], "TS1s1": [0, 0, 0, 0, 0, 0, 0, 1], "K1": [1, 0, 0], "T1s1": [0, 0, 0, 1], "P4": [0, 0, 0, 0, 0, 0, 0, 0, 0, 0, 0, 0, 1], "EM1": [0, 0, 0, 0, 1], "TM1": [0, 0, 0, 0, 0, 1], "I1s2": [[0, 0, 1], [0, 0, 1], [0, 0, 1], [0, 0, 1], [0, 0, 1], [0, 0, 1], [0, 0, 1], [0, 0, 1], [0, 0, 1], [0, 0, 1], [0, 0, 1], [0, 0, 1], [0, 0, 1], [0, 0, 1], [0, 0, 1], [0, 0, 1], [0, 0, 1], [0, 0, 1], [0, 0, 1], [0, 0, 1], [0, 0, 1], [0, 0, 1], [0, 0, 1], [0, 0, 1], [0, 0, 1], [0, 0, 1], [0, 0, 1], [0, 0, 1]], "S4": [[0, 0, 1], [0, 0, 1], [0, 0, 1], [0, 0, 1], [0, 0, 1], [0, 0, 1], [0, 0, 1], [0, 0, 1], [0, 0, 1], [0, 0, 1], [0, 0, 1], [0, 0, 1], [0, 0, 1], [0, 0, 1], [0, 0, 1], [0, 0, 1], [0, 0, 1], [0, 0, 1], [0, 0, 1], [0, 0, 1], [0, 0, 1], [0, 0, 1]]}, "pred_probs": {"R1": [4.09940184908919e-06, 4.278725555195706e-06, 0.9999916553497314], "R3": [5.752854121965356e-07, 0.9999972581863403, 1.2975946219739853e-06, 8.298770239889564e-07], "S2s1": [2.489553480700124e-06, 2.700599225136102e-06, 4.534421350399498e-06, 2.9654001991730183e-06, 3.821593054453842e-06, 4.597739916789578e-06, 3.337136377012939e-06, 2.2886620172357652e-06, 2.5130234462267254e-06, 3.7264678667270346e-06, 4.1973594306909945e-06, 5.979263278277358e-06, 3.812659770119353e-06, 1.4829807923888438e-06, 3.7995780530764023e-06, 7.918713890830986e-06, 1.938420382430195e-06, 0.999937891960144], "B1s1": [6.3051420511328615e-06, 5.219390459387796e-06, 8.065714609983843e-06, 2.4384087282669498e-06, 0.9999779462814331], "TS1s1": [6.927160711711622e-07, 1.3932354931966984e-06, 9.860759746516123e-07, 2.062753765130765e-06, 9.125905648943444e-07, 1.8521325273468392e-06, 4.915785393677652e-05, 0.9999428987503052], "K1": [0.9999996423721313, 1.1589497717068298e-07, 2.3777339208663761e-07], "T1s1": [2.3854331629991066e-06, 9.237512017534755e-07, 2.3968809728103224e-06, 0.9999942779541016], "P4": [4.235500341565057e-07, 3.8142943026286957e-07, 3.9511519389634486e-07, 4.168861096331966e-07, 7.307716032300959e-07, 2.429097492040455e-07, 5.664121545123635e-07, 2.2765094342958037e-07, 3.946738331706001e-07, 4.4282595013100945e-07, 3.819539529104077e-07, 4.0949316826299764e-07, 0.9999949932098389], "EM1": [2.09155564334651e-06, 1.903921884149895e-06, 4.202947820886038e-06, 5.200024588702945e-06, 0.9999866485595703], "TM1": [3.364561678154132e-07, 6.776124337193323e-07, 4.941512088407762e-07, 6.632476470258553e-07, 7.910906418828745e-08, 0.9999977350234985], "I1s2": [[3.625399358497816e-07, 2.542653305681597e-07, 0.9999994039535522], [2.4103960072352493e-07, 1.9682310892221722e-07, 0.9999995231628418], [3.619412609623396e-07, 2.380456010087073e-07, 0.9999994039535522], [3.7972509403516597e-07, 5.165349534763664e-07, 0.9999990463256836], [1.8500651322028716e-07, 2.938366776561452e-07, 0.9999995231628418], [4.848150751968205e-07, 4.358829244210938e-07, 0.9999990463256836], [4.45407096094641e-07, 4.5080400923325215e-07, 0.9999990463256836], [2.7866894924954977e-07, 2.9887635832892556e-07, 0.9999994039535522], [1.3374003060562245e-07, 1.569076317764484e-07, 0.9999997615814209], [2.3902475732029416e-07, 1.0149439333417831e-07, 0.9999996423721313], [3.316959862331714e-07, 2.4886773530852224e-07, 0.9999994039535522], [3.3313969538539823e-07, 2.1534791017074895e-07, 0.9999994039535522], [2.010000770269471e-07, 2.907514726757654e-07, 0.9999995231628418], [4.2052673165926535e-07, 3.6294494520916487e-07, 0.9999991655349731], [2.0000598510705458e-07, 1.752502214458218e-07, 0.9999996423721313], [1.1893734352952379e-07, 9.437448511562252e-08, 0.9999997615814209], [3.603558695886022e-07, 3.030055779618124e-07, 0.9999992847442627], [3.196821012352302e-07, 1.410540448887332e-07, 0.9999995231628418], [5.233558226791502e-07, 5.065721779828891e-07, 0.999998927116394], [1.691451245733333e-07, 3.3605303428885236e-07, 0.9999995231628418], [2.6182073042946286e-07, 2.6690017307373637e-07, 0.9999995231628418], [8.029455216274073e-07, 3.00066005820554e-07, 0.999998927116394], [2.2518065634358209e-07, 4.7312127549048455e-07, 0.9999992847442627], [1.2076114330739074e-07, 8.463289447036004e-08, 0.9999997615814209], [1.2108132523280801e-06, 1.5290552823898906e-07, 0.9999986886978149], [2.515308494821511e-07, 2.1066315980533545e-07, 0.9999995231628418], [3.720860206612997e-07, 3.0414798857236747e-07, 0.9999992847442627], [1.3778340246517473e-07, 2.2277026801020838e-07, 0.9999996423721313]], "S4": [[4.558427917800145e-06, 1.4185844747771625e-06, 0.9999940395355225], [6.339578817460279e-07, 5.532907039196289e-07, 0.9999988079071045], [4.5912653945379134e-07, 7.751681323497905e-07, 0.9999988079071045], [4.619136007022462e-07, 6.939773697922647e-07, 0.9999988079071045], [8.763300343161973e-07, 1.0610482377160224e-06, 0.9999980926513672], [5.794565254291228e-07, 9.777420473255916e-07, 0.9999984502792358], [5.745647513322183e-07, 6.190679187056958e-07, 0.9999988079071045], [6.216023962224426e-07, 4.501608259488421e-07, 0.999998927116394], [6.03862133630173e-07, 7.624939257766528e-07, 0.9999986886978149], [4.7373143274853646e-07, 7.809490512045159e-07, 0.9999986886978149], [5.488727197189291e-07, 1.0841044968401548e-06, 0.9999983310699463], [1.1191874591531814e-06, 8.340686008523335e-07, 0.9999980926513672], [6.844380209258816e-07, 1.1213007837795885e-06, 0.9999982118606567], [5.21572872003162e-07, 9.442726423003478e-07, 0.9999985694885254], [4.2493738305893203e-07, 7.8851138596292e-07, 0.9999988079071045], [8.016897368179343e-07, 4.985766963727656e-07, 0.9999986886978149], [5.061477281742555e-07, 6.027265158081718e-07, 0.999998927116394], [2.381250396865653e-07, 5.275477406030404e-07, 0.9999992847442627], [9.097021234083513e-07, 1.0200382121183793e-06, 0.9999980926513672], [5.091657158118323e-07, 8.17450143131282e-07, 0.9999986886978149], [5.486483019012667e-07, 9.285033684136579e-07, 0.9999985694885254], [7.737796181572776e-07, 1.2792667121175327e-06, 0.9999979734420776]]}, "infer_command_tokens": ["I1s2_0_2", "I1s2_1_2", "I1s2_2_2", "I1s2_3_2", "I1s2_4_2", "I1s2_5_2", "I1s2_6_2", "I1s2_7_2", "I1s2_8_2", "I1s2_9_2", "I1s2_10_2", "I1s2_11_2", "I1s2_12_2", "I1s2_13_2", "I1s2_14_2", "I1s2_15_2", "I1s2_16_2", "I1s2_17_2", "I1s2_18_2", "I1s2_19_2", "I1s2_20_2", "I1s2_21_2", "I1s2_22_2", "I1s2_23_2", "I1s2_24_2", "I1s2_25_2", "I1s2_26_2", "I1s2_27_2", "I4_28", "C1_4", "R1_2", "R3_1", "S2s1_17", "S4_0_2", "S4_1_2", "S4_2_2", "S4_3_2", "S4_4_2", "S4_5_2", "S4_6_2", "S4_7_2", "S4_8_2", "S4_9_2", "S4_10_2", "S4_11_2", "S4_12_2", "S4_13_2", "S4_14_2", "S4_15_2", "S4_16_2", "S4_17_2", "S4_18_2", "S4_19_2", "S4_20_2", "S4_21_2", "B1s1_4", "TS1s1_7", "K1_0", "T1s1_3", "P4_12", "ST1_14", "EM1_4", "TM1_5"]}