{"text": "The music's limited pitch range of 5 octaves allows for a greater emphasis on the nuances of tone and phrasing, while the minor key provides a powerful and memorable sound. With a running time of about 40 seconds, the song's tempo is carefully balanced\u2014not too fast or too slow. The distinct sound of this music is brought to life through the skilled use of piano, percussion, strings and violin, and it follows a 4/4 time signature. With its quick beat, this song epitomizes the quintessential sound of easy listening.", "pred_labels": {"R1": [0, 0, 1], "R3": [0, 1, 0, 0], "S2s1": [0, 0, 0, 0, 0, 0, 0, 0, 0, 0, 0, 0, 0, 0, 0, 0, 0, 1], "B1s1": [0, 0, 0, 0, 1], "TS1s1": [1, 0, 0, 0, 0, 0, 0, 0], "K1": [0, 1, 0], "T1s1": [0, 0, 1, 0], "P4": [0, 0, 0, 0, 0, 1, 0, 0, 0, 0, 0, 0, 0], "EM1": [0, 0, 0, 0, 1], "TM1": [0, 0, 1, 0, 0, 0], "I1s2": [[1, 0, 0], [0, 0, 1], [1, 0, 0], [0, 0, 1], [0, 0, 1], [0, 0, 1], [1, 0, 0], [0, 0, 1], [0, 0, 1], [0, 0, 1], [1, 0, 0], [0, 0, 1], [0, 0, 1], [0, 0, 1], [0, 0, 1], [0, 0, 1], [0, 0, 1], [0, 0, 1], [0, 0, 1], [0, 0, 1], [0, 0, 1], [0, 0, 1], [0, 0, 1], [0, 0, 1], [0, 0, 1], [0, 0, 1], [0, 0, 1], [0, 0, 1]], "S4": [[0, 0, 1], [0, 0, 1], [0, 0, 1], [0, 0, 1], [0, 0, 1], [1, 0, 0], [0, 0, 1], [0, 0, 1], [0, 0, 1], [0, 0, 1], [0, 0, 1], [0, 0, 1], [0, 0, 1], [0, 0, 1], [0, 0, 1], [0, 0, 1], [0, 0, 1], [0, 0, 1], [0, 0, 1], [0, 0, 1], [0, 0, 1], [0, 0, 1]]}, "pred_probs": {"R1": [4.296230144973379e-06, 4.090451056981692e-06, 0.9999916553497314], "R3": [1.6585192952334182e-06, 0.9999964237213135, 6.223874038369104e-07, 1.3041029660598724e-06], "S2s1": [2.5952506348403404e-06, 2.7819751267088577e-06, 4.6306749936775304e-06, 2.994982196469209e-06, 3.66233416571049e-06, 3.96718860429246e-06, 3.264506176492432e-06, 3.159602101732162e-06, 3.0565356610168237e-06, 3.015137508555199e-06, 4.659331352740992e-06, 4.86297722090967e-06, 3.7997212984919315e-06, 1.2070232742189546e-06, 4.367217570688808e-06, 9.584390681993682e-06, 1.840215190895833e-06, 0.9999364614486694], "B1s1": [6.680197202513227e-06, 4.9966083679464646e-06, 7.475731308659306e-06, 2.1874870981264394e-06, 0.9999786615371704], "TS1s1": [0.9999979734420776, 2.799303047140711e-07, 4.837569349547266e-07, 1.5528001995335217e-07, 3.284445142526238e-07, 1.5477556303267193e-07, 3.747821608612867e-07, 3.5262669939584157e-07], "K1": [3.2110619940795004e-07, 0.9999992847442627, 3.595529562971933e-07], "T1s1": [2.481915089447284e-06, 8.733945833228063e-07, 0.9999959468841553, 7.517903100051626e-07], "P4": [1.0859000099117111e-07, 2.690849498776515e-07, 2.3567528728563047e-07, 4.005948710528173e-07, 7.53683124798954e-08, 0.9999980926513672, 1.4132260162114108e-07, 1.2469570265238872e-07, 8.121605787891895e-08, 1.1508417685490713e-07, 2.350239469706139e-07, 9.858308658294845e-08, 1.017693023186439e-07], "EM1": [2.114767994498834e-06, 1.8765778122542542e-06, 4.451725544640794e-06, 5.741407676396193e-06, 0.9999858140945435], "TM1": [5.828404141539067e-07, 4.816320711142907e-07, 0.9999980926513672, 3.456091519637994e-07, 2.6323667157157615e-07, 2.8901521886837145e-07], "I1s2": [[0.9999936819076538, 2.756303274509264e-06, 3.5643167848320445e-06], [2.047189013865136e-07, 3.0508874715451384e-07, 0.9999995231628418], [0.9999945163726807, 2.683537559278193e-06, 2.706502073124284e-06], [2.392189344391227e-07, 1.5252119283104548e-06, 0.9999982118606567], [2.1436741803881887e-07, 5.044252588959353e-07, 0.9999992847442627], [4.185700674952386e-07, 6.747752081537328e-07, 0.999998927116394], [0.9999946355819702, 3.723915369846509e-06, 1.6156162701008725e-06], [2.4761419581409427e-07, 2.9525969580390665e-07, 0.9999994039535522], [1.2495225121256226e-07, 7.810700139998517e-07, 0.9999990463256836], [1.9169434040122724e-07, 1.3944529086984403e-07, 0.9999996423721313], [0.9999926090240479, 3.991011453763349e-06, 3.4342317576374626e-06], [3.2119902471094974e-07, 3.1367108022095636e-07, 0.9999994039535522], [2.20433662434516e-07, 6.247756232369284e-07, 0.9999991655349731], [3.9598660350748105e-07, 7.873376830502821e-07, 0.9999988079071045], [2.7379732614463137e-07, 2.8128292228757346e-07, 0.9999994039535522], [9.232132924807956e-08, 1.6586979256771883e-07, 0.9999997615814209], [2.827683545092441e-07, 4.6036271328375733e-07, 0.9999992847442627], [2.5548456505930517e-07, 2.8253089112695307e-07, 0.9999994039535522], [4.5890377009527583e-07, 6.615711640733934e-07, 0.999998927116394], [1.3415487387646863e-07, 4.041337149374158e-07, 0.9999994039535522], [2.9309495630513993e-07, 3.8897783838365285e-07, 0.9999992847442627], [7.604519964843348e-07, 3.737074507625948e-07, 0.9999988079071045], [3.0747560231247917e-07, 6.583374556612398e-07, 0.9999990463256836], [1.2064833754266147e-07, 1.2346667688234447e-07, 0.9999997615814209], [1.3029866750002839e-06, 1.975875818516215e-07, 0.9999984502792358], [1.9456454936062073e-07, 2.6865609470405616e-07, 0.9999995231628418], [2.569995558587834e-07, 6.535706802424102e-07, 0.9999990463256836], [1.4713897655838082e-07, 3.5082896943094966e-07, 0.9999995231628418]], "S4": [[5.431481440609787e-06, 2.2211645500647137e-06, 0.9999923706054688], [5.235914386503282e-07, 5.895093977414945e-07, 0.999998927116394], [4.2786652443282946e-07, 6.891090720273496e-07, 0.999998927116394], [4.233029642364272e-07, 6.37222001387272e-07, 0.999998927116394], [7.194196882664983e-07, 9.142353292190819e-07, 0.9999983310699463], [0.9999825954437256, 8.439971679763403e-06, 8.888308911991771e-06], [6.393024705175776e-07, 5.678936076947139e-07, 0.9999988079071045], [5.75891306198173e-07, 4.5861369812882913e-07, 0.999998927116394], [5.778359195574012e-07, 7.564101451862371e-07, 0.9999986886978149], [5.24351946751267e-07, 7.196815090537712e-07, 0.9999988079071045], [5.213231020206877e-07, 1.092106231226353e-06, 0.9999983310699463], [1.1575014013942564e-06, 8.445983326055284e-07, 0.9999979734420776], [6.853994705124933e-07, 1.2266996236576233e-06, 0.9999980926513672], [5.032309218222508e-07, 6.997719310675166e-07, 0.9999988079071045], [4.83916039684118e-07, 6.80563118748978e-07, 0.9999988079071045], [8.772660748945782e-07, 5.659396151713736e-07, 0.9999985694885254], [4.914185751658806e-07, 5.474568638419441e-07, 0.999998927116394], [2.0204804229706497e-07, 5.253752988210181e-07, 0.9999992847442627], [7.404147481793188e-07, 9.919160675053718e-07, 0.9999982118606567], [5.543913630390307e-07, 7.832037454136298e-07, 0.9999986886978149], [6.359459803206846e-07, 1.325087851000717e-06, 0.9999980926513672], [8.038758778639021e-07, 1.038793698171503e-06, 0.9999982118606567]]}, "infer_command_tokens": ["I1s2_0_0", "I1s2_1_2", "I1s2_2_0", "I1s2_3_2", "I1s2_4_2", "I1s2_5_2", "I1s2_6_0", "I1s2_7_2", "I1s2_8_2", "I1s2_9_2", "I1s2_10_0", "I1s2_11_2", "I1s2_12_2", "I1s2_13_2", "I1s2_14_2", "I1s2_15_2", "I1s2_16_2", "I1s2_17_2", "I1s2_18_2", "I1s2_19_2", "I1s2_20_2", "I1s2_21_2", "I1s2_22_2", "I1s2_23_2", "I1s2_24_2", "I1s2_25_2", "I1s2_26_2", "I1s2_27_2", "I4_28", "C1_4", "R1_2", "R3_1", "S2s1_17", "S4_0_2", "S4_1_2", "S4_2_2", "S4_3_2", "S4_4_2", "S4_5_0", "S4_6_2", "S4_7_2", "S4_8_2", "S4_9_2", "S4_10_2", "S4_11_2", "S4_12_2", "S4_13_2", "S4_14_2", "S4_15_2", "S4_16_2", "S4_17_2", "S4_18_2", "S4_19_2", "S4_20_2", "S4_21_2", "B1s1_4", "TS1s1_0", "K1_1", "T1s1_2", "P4_5", "ST1_14", "EM1_4", "TM1_2"]}