{"text": "The use of a specific pitch range of 5 octaves creates a cohesive and unified sound throughout the musical piece, while the minor key adds a distinct atmosphere. With a runtime of about 40 seconds, the song maintains a lively and upbeat tempo. The sound of the music is primarily generated by grand piano, synth, strings and bass, and it follows a time signature of 4/4. Played at a rapid pace, this music squarely falls within the electronic genre.", "pred_labels": {"R1": [0, 0, 1], "R3": [0, 0, 1, 0], "S2s1": [0, 0, 0, 0, 0, 0, 0, 0, 0, 0, 0, 0, 0, 0, 0, 0, 0, 1], "B1s1": [0, 0, 0, 0, 1], "TS1s1": [1, 0, 0, 0, 0, 0, 0, 0], "K1": [0, 1, 0], "T1s1": [0, 0, 1, 0], "P4": [0, 0, 0, 0, 0, 1, 0, 0, 0, 0, 0, 0, 0], "EM1": [0, 0, 0, 0, 1], "TM1": [0, 0, 1, 0, 0, 0], "I1s2": [[1, 0, 0], [0, 0, 1], [0, 0, 1], [0, 0, 1], [0, 0, 1], [1, 0, 0], [0, 0, 1], [0, 0, 1], [0, 0, 1], [0, 0, 1], [1, 0, 0], [0, 0, 1], [0, 0, 1], [0, 0, 1], [0, 0, 1], [0, 0, 1], [0, 0, 1], [0, 0, 1], [0, 0, 1], [0, 0, 1], [0, 0, 1], [0, 0, 1], [0, 0, 1], [0, 0, 1], [1, 0, 0], [0, 0, 1], [0, 0, 1], [0, 0, 1]], "S4": [[0, 0, 1], [1, 0, 0], [0, 0, 1], [0, 0, 1], [0, 0, 1], [0, 0, 1], [0, 0, 1], [0, 0, 1], [0, 0, 1], [0, 0, 1], [0, 0, 1], [0, 0, 1], [0, 0, 1], [0, 0, 1], [0, 0, 1], [0, 0, 1], [0, 0, 1], [0, 0, 1], [0, 0, 1], [0, 0, 1], [0, 0, 1], [0, 0, 1]]}, "pred_probs": {"R1": [4.333176093496149e-06, 4.1984649215009995e-06, 0.9999914169311523], "R3": [4.5387136538010964e-07, 2.43732893068227e-06, 0.9999966621398926, 4.276864444818784e-07], "S2s1": [2.7028108888771385e-06, 2.5886552066367585e-06, 4.277428615750978e-06, 3.0449209589278325e-06, 3.734374331543222e-06, 4.118485321669141e-06, 3.1750885227666004e-06, 3.035135932805133e-06, 2.8104598186473595e-06, 3.0317974051286e-06, 4.845034709433094e-06, 5.297911229718011e-06, 3.8679181670886464e-06, 1.2171676644356921e-06, 4.523806182987755e-06, 1.0219318028248381e-05, 2.0255013168934966e-06, 0.9999353885650635], "B1s1": [6.7099367697665e-06, 5.5386685744451825e-06, 9.965116987586953e-06, 2.148868588847108e-06, 0.9999756813049316], "TS1s1": [0.9999977350234985, 3.1722763083052996e-07, 6.11012922036025e-07, 1.3756701378042635e-07, 3.353110287207528e-07, 1.4501925704735186e-07, 3.2672369343345053e-07, 3.30351554111985e-07], "K1": [3.3070102745114127e-07, 0.9999992847442627, 3.9382317140734813e-07], "T1s1": [1.4471276017502532e-06, 1.0128413805432501e-06, 0.9999967813491821, 6.622785804211162e-07], "P4": [1.1811187050625449e-07, 2.6042178546958894e-07, 2.6580849521451455e-07, 4.3333676558177103e-07, 7.797536483167278e-08, 0.9999979734420776, 1.3612913107863278e-07, 1.194928529457684e-07, 7.802252355304518e-08, 1.2822769690501445e-07, 2.3138771609865216e-07, 1.005266767606372e-07, 1.054212077633565e-07], "EM1": [1.914042059070198e-06, 2.179572447857936e-06, 5.104223873786395e-06, 9.023502570926212e-06, 0.9999817609786987], "TM1": [6.211129175426322e-07, 5.360873274184996e-07, 0.9999979734420776, 3.909621852926648e-07, 2.8480835112532077e-07, 2.9796294143125124e-07], "I1s2": [[0.9999945163726807, 3.1565086828777567e-06, 2.4161756755347596e-06], [2.046437401759249e-07, 2.6231234073748055e-07, 0.9999995231628418], [3.099007983564661e-07, 3.556366152679402e-07, 0.9999992847442627], [4.5130283865546517e-07, 2.752904720182414e-06, 0.9999967813491821], [5.567295602304512e-07, 1.5694392914156197e-06, 0.9999978542327881], [0.9999926090240479, 3.60527928933152e-06, 3.7669813082175096e-06], [3.3296427659479377e-07, 5.402925467024033e-07, 0.9999991655349731], [2.295339527336182e-07, 3.173788343246997e-07, 0.9999994039535522], [1.6120122836582595e-07, 5.642176574838231e-07, 0.9999992847442627], [1.9136372486627806e-07, 1.864739118673242e-07, 0.9999996423721313], [0.9999924898147583, 4.028289822599618e-06, 3.510857368382858e-06], [4.6097147787804715e-07, 5.964492402199539e-07, 0.999998927116394], [5.037716164224548e-07, 1.772748532857804e-06, 0.9999977350234985], [1.1585076435949304e-06, 3.6183157590130577e-06, 0.999995231628418], [2.896943840369204e-07, 4.1497241909382865e-07, 0.9999992847442627], [2.592590249150817e-07, 2.7332279728398134e-07, 0.9999995231628418], [4.975501610715583e-07, 9.462134471505124e-07, 0.9999985694885254], [2.6240863348903076e-07, 3.278422298080841e-07, 0.9999994039535522], [4.69222072752018e-07, 7.865173756727017e-07, 0.9999986886978149], [1.4126200653663545e-07, 4.1042974885385775e-07, 0.9999994039535522], [2.195656918502209e-07, 6.349909540404042e-07, 0.9999991655349731], [6.702927066726261e-07, 3.3567366131137533e-07, 0.9999990463256836], [1.8209196639418224e-07, 7.57000691464782e-07, 0.9999990463256836], [1.6622783505226835e-07, 1.5940577213768847e-07, 0.9999996423721313], [0.9999926090240479, 3.03875617646554e-06, 4.4151324800623115e-06], [1.891872614123713e-07, 4.2741891093101003e-07, 0.9999994039535522], [4.297425277854927e-07, 1.0762078090920113e-06, 0.9999984502792358], [1.6203188124563894e-07, 3.437471605138853e-07, 0.9999995231628418]], "S4": [[4.638829068426276e-06, 1.8261381455886294e-06, 0.9999935626983643], [0.9999809265136719, 8.086795787676238e-06, 1.0920502063527238e-05], [4.240415591993951e-07, 6.793725901843573e-07, 0.999998927116394], [4.1347348656017857e-07, 6.363165994116571e-07, 0.999998927116394], [7.304410019060015e-07, 8.554621331313683e-07, 0.9999984502792358], [5.502731710294029e-07, 1.0508424566069152e-06, 0.9999984502792358], [6.067317031011044e-07, 5.376852527660958e-07, 0.9999988079071045], [5.738207278227492e-07, 4.391583274809818e-07, 0.9999990463256836], [6.064261697247275e-07, 7.69729922467377e-07, 0.9999985694885254], [4.924464747091406e-07, 5.951838488726935e-07, 0.999998927116394], [4.594176914451964e-07, 9.893033166008536e-07, 0.9999985694885254], [1.0931886436083005e-06, 8.280917995762138e-07, 0.9999980926513672], [6.938293495295511e-07, 1.2195167755635339e-06, 0.9999980926513672], [5.123195592204866e-07, 9.307499340138747e-07, 0.9999985694885254], [5.544145551539259e-07, 8.922664846977568e-07, 0.9999985694885254], [1.1517973916852497e-06, 8.889228979569452e-07, 0.9999979734420776], [8.239820772359963e-07, 1.0054075119114714e-06, 0.9999982118606567], [2.024578975579061e-07, 5.891537284696824e-07, 0.9999991655349731], [7.660270853193651e-07, 9.78497382675414e-07, 0.9999982118606567], [5.067963115834573e-07, 7.587697723465681e-07, 0.9999986886978149], [5.057542011854821e-07, 1.1460017503850395e-06, 0.9999983310699463], [7.557621870546427e-07, 1.1074341728090076e-06, 0.9999980926513672]]}, "infer_command_tokens": ["I1s2_0_0", "I1s2_1_2", "I1s2_2_2", "I1s2_3_2", "I1s2_4_2", "I1s2_5_0", "I1s2_6_2", "I1s2_7_2", "I1s2_8_2", "I1s2_9_2", "I1s2_10_0", "I1s2_11_2", "I1s2_12_2", "I1s2_13_2", "I1s2_14_2", "I1s2_15_2", "I1s2_16_2", "I1s2_17_2", "I1s2_18_2", "I1s2_19_2", "I1s2_20_2", "I1s2_21_2", "I1s2_22_2", "I1s2_23_2", "I1s2_24_0", "I1s2_25_2", "I1s2_26_2", "I1s2_27_2", "I4_28", "C1_4", "R1_2", "R3_2", "S2s1_17", "S4_0_2", "S4_1_0", "S4_2_2", "S4_3_2", "S4_4_2", "S4_5_2", "S4_6_2", "S4_7_2", "S4_8_2", "S4_9_2", "S4_10_2", "S4_11_2", "S4_12_2", "S4_13_2", "S4_14_2", "S4_15_2", "S4_16_2", "S4_17_2", "S4_18_2", "S4_19_2", "S4_20_2", "S4_21_2", "B1s1_4", "TS1s1_0", "K1_1", "T1s1_2", "P4_5", "ST1_14", "EM1_4", "TM1_2"]}