{"text": "The song embodies the characteristics of international style with a consistent and moderate beat, played at a moderate pace, while the major key adds a unique flavor to this music. Piano, strings and bass should be included in the music. This song has a duration of 46 ~ 60 seconds.", "pred_labels": {"R1": [0, 0, 1], "R3": [0, 1, 0, 0], "S2s1": [0, 0, 0, 0, 0, 0, 0, 0, 0, 0, 0, 0, 0, 0, 0, 0, 0, 1], "B1s1": [0, 0, 0, 0, 1], "TS1s1": [0, 0, 0, 0, 0, 0, 0, 1], "K1": [1, 0, 0], "T1s1": [0, 1, 0, 0], "P4": [0, 0, 0, 0, 0, 0, 0, 0, 0, 0, 0, 0, 1], "EM1": [0, 0, 0, 0, 1], "TM1": [0, 0, 0, 1, 0, 0], "I1s2": [[1, 0, 0], [0, 0, 1], [0, 0, 1], [0, 0, 1], [0, 0, 1], [1, 0, 0], [0, 0, 1], [0, 0, 1], [0, 0, 1], [0, 0, 1], [1, 0, 0], [0, 0, 1], [0, 0, 1], [0, 0, 1], [0, 0, 1], [0, 0, 1], [0, 0, 1], [0, 0, 1], [0, 0, 1], [0, 0, 1], [0, 0, 1], [0, 0, 1], [0, 0, 1], [0, 0, 1], [0, 0, 1], [0, 0, 1], [0, 0, 1], [0, 0, 1]], "S4": [[0, 0, 1], [0, 0, 1], [0, 0, 1], [0, 0, 1], [1, 0, 0], [0, 0, 1], [0, 0, 1], [0, 0, 1], [0, 0, 1], [0, 0, 1], [0, 0, 1], [0, 0, 1], [0, 0, 1], [0, 0, 1], [0, 0, 1], [0, 0, 1], [0, 0, 1], [0, 0, 1], [0, 0, 1], [0, 0, 1], [0, 0, 1], [0, 0, 1]]}, "pred_probs": {"R1": [4.2441733967280015e-06, 4.241996066411957e-06, 0.9999915361404419], "R3": [9.968033509721863e-07, 0.9999970197677612, 1.3712844975088956e-06, 6.163240868772846e-07], "S2s1": [2.613954166008625e-06, 2.7006492473446997e-06, 5.134020284458529e-06, 3.552520411176374e-06, 4.274464117770549e-06, 4.368345798866358e-06, 3.2673806344973855e-06, 3.2006960282160435e-06, 3.0334952043631347e-06, 2.9623822683788603e-06, 5.53849304196774e-06, 5.093989329907345e-06, 3.919338723790133e-06, 1.326874894402863e-06, 4.784461452800315e-06, 1.0587282304186374e-05, 1.7843103705672547e-06, 0.9999315738677979], "B1s1": [7.859431207180023e-06, 5.0588955673447344e-06, 9.30135229282314e-06, 2.3752184006298194e-06, 0.9999754428863525], "TS1s1": [7.144923870328057e-07, 1.4584906011805288e-06, 9.74192630565085e-07, 2.059953885691357e-06, 9.058815066964598e-07, 1.8366306449024705e-06, 4.839858229388483e-05, 0.9999436140060425], "K1": [0.9999996423721313, 1.2045632047374966e-07, 2.3033481966194813e-07], "T1s1": [8.210217856685631e-07, 0.9999972581863403, 8.385870842175791e-07, 1.0622683248584508e-06], "P4": [5.287002977638622e-07, 5.069200597063173e-07, 4.7387828772116336e-07, 4.742725252526725e-07, 7.80532843691617e-07, 2.454467846746411e-07, 6.743600806657923e-07, 3.142490356822236e-07, 4.907253696728731e-07, 6.69034932343493e-07, 3.1305822290050855e-07, 4.812168867829314e-07, 0.9999939203262329], "EM1": [2.6292229904356645e-06, 2.262038151457091e-06, 3.926440058421576e-06, 6.102437964727869e-06, 0.9999850988388062], "TM1": [3.937118151497998e-07, 4.045324999424338e-07, 1.2289287951716688e-06, 0.9999977350234985, 1.5269132802586682e-07, 1.2832161644382722e-07], "I1s2": [[0.9999933242797852, 2.8115530312788906e-06, 3.791195695157512e-06], [2.1952013185000396e-07, 2.670279855010449e-07, 0.9999995231628418], [4.944158717989922e-07, 4.0595833183942887e-07, 0.9999990463256836], [5.945433940723888e-07, 3.2718169222789584e-06, 0.9999961853027344], [4.249988876381394e-07, 1.0565845514065586e-06, 0.9999985694885254], [0.9999918937683105, 3.356000433996087e-06, 4.800262104254216e-06], [4.1629263591858034e-07, 5.76325419388013e-07, 0.9999990463256836], [2.747942460246122e-07, 3.375842538844154e-07, 0.9999994039535522], [2.218743730963979e-07, 6.147498083919345e-07, 0.9999991655349731], [2.3302679608150356e-07, 2.053087655440322e-07, 0.9999995231628418], [0.9999915361404419, 3.961029051424703e-06, 4.473178705666214e-06], [5.056107852396963e-07, 6.029225687598228e-07, 0.999998927116394], [4.395298844883655e-07, 1.7630205775276409e-06, 0.9999978542327881], [1.174218255073356e-06, 2.3866145966167096e-06, 0.9999964237213135], [4.0320466609955474e-07, 4.900778094452107e-07, 0.9999991655349731], [2.6297755084669916e-07, 3.7924391449450923e-07, 0.9999994039535522], [6.396125513674633e-07, 1.088742010324495e-06, 0.9999983310699463], [3.043444962713693e-07, 3.028057449228072e-07, 0.9999994039535522], [5.727269467570295e-07, 9.600935300113633e-07, 0.9999984502792358], [1.6067296826349775e-07, 4.428486022334255e-07, 0.9999994039535522], [2.741894888913521e-07, 5.672183647220663e-07, 0.9999991655349731], [7.599243190270499e-07, 3.4538638260528387e-07, 0.999998927116394], [2.6344355319452006e-07, 8.806402433947369e-07, 0.9999988079071045], [1.9486448366023978e-07, 1.6942702529831877e-07, 0.9999996423721313], [1.390775992149429e-06, 1.9759625047299778e-07, 0.9999984502792358], [2.847071414180391e-07, 4.3969737362203887e-07, 0.9999992847442627], [5.211974212215864e-07, 1.0076539638248505e-06, 0.9999984502792358], [1.6525146406820568e-07, 3.2531644933442294e-07, 0.9999995231628418]], "S4": [[3.458288574620383e-06, 1.4074631735638832e-06, 0.9999951124191284], [6.522640774164756e-07, 6.736588034073066e-07, 0.9999986886978149], [4.704520790710376e-07, 7.733752909189207e-07, 0.9999988079071045], [4.569106408780499e-07, 6.820952762609522e-07, 0.9999988079071045], [0.9999886751174927, 6.197838501975639e-06, 5.134788807481527e-06], [6.312312166301126e-07, 1.1617684094744618e-06, 0.9999982118606567], [6.486822599072184e-07, 6.685668267891742e-07, 0.9999986886978149], [5.756447762905736e-07, 5.017507760385342e-07, 0.999998927116394], [6.557930305461923e-07, 8.30450517241843e-07, 0.9999985694885254], [5.159809575161489e-07, 7.147356200221111e-07, 0.9999988079071045], [5.398027838054986e-07, 1.2331535117482417e-06, 0.9999982118606567], [1.0739793196989922e-06, 9.61205273597443e-07, 0.9999979734420776], [7.73569126977236e-07, 1.6398337265854934e-06, 0.999997615814209], [5.66863207041024e-07, 9.760594821273116e-07, 0.9999984502792358], [4.947457910020603e-07, 9.285582791562774e-07, 0.9999985694885254], [1.0232573686153046e-06, 8.466686267638579e-07, 0.9999980926513672], [6.778721513001074e-07, 9.067107953342202e-07, 0.9999984502792358], [2.30394903155684e-07, 5.677292165273684e-07, 0.9999991655349731], [8.82649032973859e-07, 9.803916327655315e-07, 0.9999980926513672], [5.266777520773758e-07, 8.66211678385298e-07, 0.9999985694885254], [6.619365535698307e-07, 1.3409234043137985e-06, 0.9999979734420776], [7.616698667334276e-07, 1.3323343637239304e-06, 0.9999978542327881]]}, "infer_command_tokens": ["I1s2_0_0", "I1s2_1_2", "I1s2_2_2", "I1s2_3_2", "I1s2_4_2", "I1s2_5_0", "I1s2_6_2", "I1s2_7_2", "I1s2_8_2", "I1s2_9_2", "I1s2_10_0", "I1s2_11_2", "I1s2_12_2", "I1s2_13_2", "I1s2_14_2", "I1s2_15_2", "I1s2_16_2", "I1s2_17_2", "I1s2_18_2", "I1s2_19_2", "I1s2_20_2", "I1s2_21_2", "I1s2_22_2", "I1s2_23_2", "I1s2_24_2", "I1s2_25_2", "I1s2_26_2", "I1s2_27_2", "I4_28", "C1_4", "R1_2", "R3_1", "S2s1_17", "S4_0_2", "S4_1_2", "S4_2_2", "S4_3_2", "S4_4_0", "S4_5_2", "S4_6_2", "S4_7_2", "S4_8_2", "S4_9_2", "S4_10_2", "S4_11_2", "S4_12_2", "S4_13_2", "S4_14_2", "S4_15_2", "S4_16_2", "S4_17_2", "S4_18_2", "S4_19_2", "S4_20_2", "S4_21_2", "B1s1_4", "TS1s1_7", "K1_0", "T1s1_1", "P4_12", "ST1_14", "EM1_4", "TM1_3"]}