{"text": "This music's use of minor key creates a rich and dynamic sonic palette with a pitch range within 3 octaves. The rhythm in this song is very relaxing and tranquil, and it has a time signature of 4/4. piano, drum and bass play an important role in the music, contributing to its overall sound. The music conveys rejuvenate and spans approximately about 15 bars.", "pred_labels": {"R1": [0, 0, 1], "R3": [1, 0, 0, 0], "S2s1": [0, 0, 0, 0, 0, 0, 0, 0, 0, 0, 0, 0, 0, 0, 0, 0, 0, 1], "B1s1": [0, 0, 0, 1, 0], "TS1s1": [1, 0, 0, 0, 0, 0, 0, 0], "K1": [0, 1, 0], "T1s1": [0, 0, 0, 1], "P4": [0, 0, 0, 1, 0, 0, 0, 0, 0, 0, 0, 0, 0], "EM1": [0, 0, 0, 1, 0], "TM1": [0, 0, 0, 0, 0, 1], "I1s2": [[1, 0, 0], [0, 0, 1], [0, 0, 1], [0, 0, 1], [0, 0, 1], [1, 0, 0], [0, 0, 1], [0, 0, 1], [0, 0, 1], [0, 0, 1], [0, 0, 1], [0, 0, 1], [0, 0, 1], [0, 0, 1], [0, 0, 1], [0, 0, 1], [0, 0, 1], [0, 0, 1], [0, 0, 1], [0, 0, 1], [0, 0, 1], [0, 0, 1], [0, 0, 1], [0, 0, 1], [0, 0, 1], [0, 0, 1], [0, 0, 1], [1, 0, 0]], "S4": [[0, 0, 1], [0, 0, 1], [0, 0, 1], [0, 0, 1], [0, 0, 1], [0, 0, 1], [0, 0, 1], [0, 0, 1], [0, 0, 1], [0, 0, 1], [0, 0, 1], [0, 0, 1], [0, 0, 1], [0, 0, 1], [0, 0, 1], [0, 0, 1], [0, 0, 1], [0, 0, 1], [0, 0, 1], [0, 0, 1], [0, 0, 1], [0, 0, 1]]}, "pred_probs": {"R1": [4.322602308093337e-06, 4.082219675183296e-06, 0.9999915361404419], "R3": [0.9999986886978149, 4.7430643235202297e-07, 6.044192559784278e-07, 2.9611419449793175e-07], "S2s1": [2.4954463242465863e-06, 2.6156692456424935e-06, 5.155484814167721e-06, 3.1314807529270183e-06, 3.5224172734160675e-06, 4.380300651973812e-06, 2.9018167424510466e-06, 3.216533741579042e-06, 2.588064944575308e-06, 2.803664983730414e-06, 4.754240762849804e-06, 5.003390469937585e-06, 3.855447630485287e-06, 1.2953875057064579e-06, 4.471472038858337e-06, 8.97305380931357e-06, 1.780228899406211e-06, 0.9999370574951172], "B1s1": [9.92626155493781e-07, 9.710088306746911e-07, 7.9400166441701e-07, 0.9999966621398926, 5.487121370606474e-07], "TS1s1": [0.9999978542327881, 3.3666037779767066e-07, 5.77987520955503e-07, 1.4197787834291375e-07, 2.9299673087734845e-07, 1.4724119523634727e-07, 3.378420103672397e-07, 3.496363092381216e-07], "K1": [3.876602079344593e-07, 0.9999992847442627, 3.6765885624845396e-07], "T1s1": [2.4494490844517713e-06, 1.066080926648283e-06, 1.5479569128729054e-06, 0.9999949932098389], "P4": [2.2957318890348688e-07, 1.0855972476520037e-07, 6.694973819776351e-08, 0.9999977350234985, 1.9384006577638502e-07, 1.401091509478647e-07, 2.5891657173815474e-07, 1.8041089333564742e-07, 1.9015323005078244e-07, 8.679519680754311e-08, 1.5763474436880642e-07, 2.903871063608676e-07, 3.718739947089489e-07], "EM1": [3.5369739634916186e-06, 1.7841233557192027e-06, 1.5944367532938486e-06, 0.9999889135360718, 4.219913989800261e-06], "TM1": [3.6181435802973283e-07, 7.383328579635418e-07, 4.416264687279181e-07, 6.73021133934526e-07, 8.252332861502509e-08, 0.9999977350234985], "I1s2": [[0.9999943971633911, 2.5298804757767357e-06, 3.0513999718095874e-06], [1.919108996162322e-07, 2.767201010556164e-07, 0.9999995231628418], [3.618187065512757e-07, 3.0368309467121435e-07, 0.9999992847442627], [5.864355330231774e-07, 3.204033191650524e-06, 0.9999961853027344], [5.44485942555184e-07, 1.334758735538344e-06, 0.9999980926513672], [0.9999926090240479, 2.9756195090158144e-06, 4.411756890476681e-06], [3.484101398498751e-07, 5.802542659694154e-07, 0.9999990463256836], [2.2575437697014422e-07, 2.8096388859921717e-07, 0.9999995231628418], [1.6569741490002343e-07, 4.845088028559985e-07, 0.9999994039535522], [2.324226642258509e-07, 2.2519616038607637e-07, 0.9999995231628418], [3.2197269206335477e-07, 6.309711011454056e-07, 0.9999990463256836], [4.857712383454782e-07, 4.714708552455704e-07, 0.9999990463256836], [4.296039719520195e-07, 1.2571204024425242e-06, 0.9999983310699463], [1.1596147260206635e-06, 2.1859498247067677e-06, 0.9999966621398926], [2.7638802180263156e-07, 3.5224638850195333e-07, 0.9999994039535522], [2.0725947535993328e-07, 3.3113278163909854e-07, 0.9999994039535522], [4.3035541352764994e-07, 7.581680847579264e-07, 0.9999988079071045], [2.985595983773237e-07, 2.3580872721140622e-07, 0.9999995231628418], [4.5513402824326477e-07, 8.036094527597015e-07, 0.9999986886978149], [1.4416939109196392e-07, 3.722514918536035e-07, 0.9999995231628418], [1.9835901809983625e-07, 4.965243647347961e-07, 0.9999992847442627], [6.799087373110524e-07, 3.1898636621008336e-07, 0.9999990463256836], [2.1954181761429936e-07, 5.728077212552307e-07, 0.9999991655349731], [1.406127410064073e-07, 1.4052815799914242e-07, 0.9999997615814209], [1.7053662304533646e-06, 1.6922942336350388e-07, 0.9999980926513672], [2.3116307090731425e-07, 4.0497323539057106e-07, 0.9999994039535522], [5.038324957240548e-07, 1.0401570307294605e-06, 0.9999984502792358], [0.9999938011169434, 2.499818492651684e-06, 3.6853850815532496e-06]], "S4": [[5.30291254108306e-06, 1.6952036503425916e-06, 0.9999929666519165], [5.430126179817307e-07, 5.665316393788089e-07, 0.999998927116394], [4.7531995051031117e-07, 5.902255111323029e-07, 0.999998927116394], [4.5231550416247046e-07, 6.114041184446251e-07, 0.999998927116394], [8.255451007244119e-07, 8.636791903882113e-07, 0.9999983310699463], [5.37474875272892e-07, 8.850020094541833e-07, 0.9999985694885254], [6.543300514749717e-07, 6.214783638824883e-07, 0.9999986886978149], [5.328359975464991e-07, 4.703893807800341e-07, 0.9999990463256836], [5.897155688217026e-07, 6.896893864904996e-07, 0.9999986886978149], [4.833017896999081e-07, 6.22818788542645e-07, 0.999998927116394], [5.078616140963277e-07, 9.482803875471291e-07, 0.9999985694885254], [1.1208976502530277e-06, 8.182390160982322e-07, 0.9999980926513672], [6.599839252885431e-07, 1.1175110330441385e-06, 0.9999982118606567], [5.185039526622859e-07, 8.625516443316883e-07, 0.9999985694885254], [4.3209834643676004e-07, 6.838265562691959e-07, 0.999998927116394], [1.1328543223498855e-06, 7.488788469345309e-07, 0.9999980926513672], [6.402241865544056e-07, 7.847617666811857e-07, 0.9999985694885254], [2.2533059507168218e-07, 5.172261694497138e-07, 0.9999992847442627], [7.60598140914226e-07, 9.202939850183611e-07, 0.9999983310699463], [5.314007580636826e-07, 6.990622409830394e-07, 0.9999988079071045], [5.162343086340115e-07, 9.252116797142662e-07, 0.9999985694885254], [7.260557026711467e-07, 1.0986360621245694e-06, 0.9999982118606567]]}, "infer_command_tokens": ["I1s2_0_0", "I1s2_1_2", "I1s2_2_2", "I1s2_3_2", "I1s2_4_2", "I1s2_5_0", "I1s2_6_2", "I1s2_7_2", "I1s2_8_2", "I1s2_9_2", "I1s2_10_2", "I1s2_11_2", "I1s2_12_2", "I1s2_13_2", "I1s2_14_2", "I1s2_15_2", "I1s2_16_2", "I1s2_17_2", "I1s2_18_2", "I1s2_19_2", "I1s2_20_2", "I1s2_21_2", "I1s2_22_2", "I1s2_23_2", "I1s2_24_2", "I1s2_25_2", "I1s2_26_2", "I1s2_27_0", "I4_28", "C1_4", "R1_2", "R3_0", "S2s1_17", "S4_0_2", "S4_1_2", "S4_2_2", "S4_3_2", "S4_4_2", "S4_5_2", "S4_6_2", "S4_7_2", "S4_8_2", "S4_9_2", "S4_10_2", "S4_11_2", "S4_12_2", "S4_13_2", "S4_14_2", "S4_15_2", "S4_16_2", "S4_17_2", "S4_18_2", "S4_19_2", "S4_20_2", "S4_21_2", "B1s1_3", "TS1s1_0", "K1_1", "T1s1_3", "P4_3", "ST1_14", "EM1_3", "TM1_5"]}