{"text": "The use of a specific pitch range of 5 octaves creates a cohesive and unified sound throughout the musical piece, while the minor key adds a distinct atmosphere. With a runtime of 16 ~ 30 seconds, the song maintains a lively and upbeat tempo. The sound of the music is primarily generated by guitar, bass, violin, flute, pipe and drum, and it follows a time signature of 4/4. Played at a rapid pace, this music squarely falls within the jazz genre.", "pred_labels": {"R1": [0, 0, 1], "R3": [0, 0, 1, 0], "S2s1": [0, 0, 0, 0, 0, 0, 0, 0, 0, 0, 0, 0, 0, 0, 0, 0, 0, 1], "B1s1": [0, 0, 0, 0, 1], "TS1s1": [1, 0, 0, 0, 0, 0, 0, 0], "K1": [0, 1, 0], "T1s1": [0, 0, 1, 0], "P4": [0, 0, 0, 0, 0, 1, 0, 0, 0, 0, 0, 0, 0], "EM1": [0, 0, 0, 0, 1], "TM1": [0, 1, 0, 0, 0, 0], "I1s2": [[0, 0, 1], [0, 0, 1], [0, 0, 1], [0, 0, 1], [1, 0, 0], [1, 0, 0], [1, 0, 0], [0, 0, 1], [0, 0, 1], [0, 0, 1], [0, 0, 1], [0, 0, 1], [0, 0, 1], [0, 0, 1], [0, 0, 1], [0, 0, 1], [0, 0, 1], [0, 0, 1], [0, 0, 1], [0, 0, 1], [0, 0, 1], [0, 0, 1], [1, 0, 0], [1, 0, 0], [0, 0, 1], [0, 0, 1], [0, 0, 1], [1, 0, 0]], "S4": [[0, 0, 1], [0, 0, 1], [0, 0, 1], [0, 0, 1], [0, 0, 1], [0, 0, 1], [0, 0, 1], [0, 0, 1], [0, 0, 1], [0, 0, 1], [1, 0, 0], [0, 0, 1], [0, 0, 1], [0, 0, 1], [0, 0, 1], [0, 0, 1], [0, 0, 1], [0, 0, 1], [0, 0, 1], [0, 0, 1], [0, 0, 1], [0, 0, 1]]}, "pred_probs": {"R1": [4.26114229412633e-06, 4.2306596697017085e-06, 0.9999915361404419], "R3": [3.966260635479557e-07, 2.394739112787647e-06, 0.9999967813491821, 4.3362976498428907e-07], "S2s1": [2.6940340376313543e-06, 2.8960762392671313e-06, 4.5707552089879755e-06, 3.225911314075347e-06, 3.835653387795901e-06, 4.331584023020696e-06, 3.2888872283365345e-06, 3.104492179772933e-06, 2.790268354146974e-06, 3.0849394079268677e-06, 5.279267043079017e-06, 4.780275958182756e-06, 3.996752639068291e-06, 1.2954759540662053e-06, 4.648214599001221e-06, 1.1164053830725607e-05, 2.0070408481842605e-06, 0.9999328851699829], "B1s1": [6.808308171457611e-06, 4.782980340678478e-06, 8.97089466889156e-06, 2.6548812002147315e-06, 0.9999767541885376], "TS1s1": [0.9999977350234985, 3.6520754065350047e-07, 6.34547518529871e-07, 1.4329269504287367e-07, 3.2816012662806315e-07, 1.6034894656513643e-07, 3.396569070446276e-07, 3.996960344920808e-07], "K1": [3.311930640848004e-07, 0.9999992847442627, 3.902675587141857e-07], "T1s1": [1.3973319710203214e-06, 1.0124937261934974e-06, 0.9999969005584717, 6.735066335750162e-07], "P4": [1.2080067790520843e-07, 2.37781605960663e-07, 2.512269645649212e-07, 3.9445603761123493e-07, 8.277541496681806e-08, 0.9999979734420776, 1.4160724504108657e-07, 1.2583222996909171e-07, 8.266354711849999e-08, 1.2913594105157244e-07, 2.273461490176487e-07, 9.776310605502658e-08, 1.1099054830765454e-07], "EM1": [2.0236464024492307e-06, 2.4981738988572033e-06, 4.879130301560508e-06, 8.184333637473173e-06, 0.9999823570251465], "TM1": [1.9399136874653777e-07, 0.9999988079071045, 2.969552781451057e-07, 1.9295589481771458e-07, 2.076556597785384e-07, 2.0086120855467016e-07], "I1s2": [[3.007731947946013e-07, 3.681876421524066e-07, 0.9999992847442627], [2.0423742341790785e-07, 2.7557791781873675e-07, 0.9999995231628418], [3.7146341469451727e-07, 3.5131168374391564e-07, 0.9999992847442627], [5.842473456141306e-07, 3.0626913485320983e-06, 0.9999963045120239], [0.9999927282333374, 3.0923879421607126e-06, 4.178461949777557e-06], [0.9999923706054688, 3.539148792697233e-06, 4.059597358718747e-06], [0.999994158744812, 4.225106749800034e-06, 1.6234988606811385e-06], [2.2059420246023365e-07, 3.1064774930200656e-07, 0.9999995231628418], [2.0308399939494848e-07, 8.171588774530392e-07, 0.999998927116394], [2.3014946748389775e-07, 2.5741275067048264e-07, 0.9999995231628418], [4.792441359313671e-07, 1.1683572438414558e-06, 0.9999983310699463], [5.542084977605555e-07, 7.993231179170834e-07, 0.9999986886978149], [5.20528658398689e-07, 1.3723966958423262e-06, 0.9999980926513672], [1.1333047496009385e-06, 2.8848135116277263e-06, 0.9999959468841553], [3.0206962264855974e-07, 3.8735606722184457e-07, 0.9999992847442627], [2.1047158327291982e-07, 3.0164767395035597e-07, 0.9999995231628418], [6.5946164795605e-07, 1.2241799822731991e-06, 0.9999980926513672], [3.083457613684004e-07, 2.40951777641385e-07, 0.9999994039535522], [4.700179658811976e-07, 7.338304612858337e-07, 0.9999988079071045], [1.5328978975048813e-07, 4.120039136523701e-07, 0.9999994039535522], [2.544427673001337e-07, 7.384753644146258e-07, 0.9999990463256836], [6.396068670255772e-07, 3.3530508858348185e-07, 0.9999990463256836], [0.9999935626983643, 2.8474530608946225e-06, 3.5843804653268307e-06], [0.9999939203262329, 3.987619493273087e-06, 2.1412406567833386e-06], [1.8378483446213068e-06, 2.411776449662284e-07, 0.9999979734420776], [2.3498746770655998e-07, 4.2099102870452043e-07, 0.9999992847442627], [5.240647737991821e-07, 1.176178443529352e-06, 0.9999983310699463], [0.9999933242797852, 2.6845941647479776e-06, 3.907864993379917e-06]], "S4": [[7.824056410754565e-06, 2.723844772845041e-06, 0.9999895095825195], [5.832500846736366e-07, 6.163751322674216e-07, 0.9999988079071045], [4.6277787646431534e-07, 6.405175554391462e-07, 0.999998927116394], [4.289213961783389e-07, 6.071346660974086e-07, 0.999998927116394], [8.300338549815933e-07, 8.486412639285845e-07, 0.9999983310699463], [6.152266678327578e-07, 1.2002597031823825e-06, 0.9999982118606567], [6.007849719935621e-07, 6.228140136954607e-07, 0.9999988079071045], [5.887177962904389e-07, 4.501535215695185e-07, 0.999998927116394], [6.097351388234529e-07, 7.960761649883352e-07, 0.9999985694885254], [4.844660566050152e-07, 6.135477974567038e-07, 0.999998927116394], [0.9999892711639404, 5.703161605197238e-06, 5.052509550296236e-06], [1.1584712638068595e-06, 7.837404609745136e-07, 0.9999980926513672], [7.166153181970003e-07, 1.2539708222902846e-06, 0.9999979734420776], [4.892384026788932e-07, 9.076617288883426e-07, 0.9999985694885254], [4.863839535573788e-07, 7.154803256526066e-07, 0.9999988079071045], [1.0260336011924664e-06, 7.855888952690293e-07, 0.9999982118606567], [1.0296697610101546e-06, 1.2034259952997672e-06, 0.9999977350234985], [2.1866046040486253e-07, 6.39711913663632e-07, 0.9999991655349731], [7.638372494511714e-07, 9.533862339594634e-07, 0.9999983310699463], [5.124583708493446e-07, 8.09813400337589e-07, 0.9999986886978149], [5.167524363969278e-07, 1.0043391966974013e-06, 0.9999984502792358], [7.547228619841917e-07, 1.1074996564275352e-06, 0.9999980926513672]]}, "infer_command_tokens": ["I1s2_0_2", "I1s2_1_2", "I1s2_2_2", "I1s2_3_2", "I1s2_4_0", "I1s2_5_0", "I1s2_6_0", "I1s2_7_2", "I1s2_8_2", "I1s2_9_2", "I1s2_10_2", "I1s2_11_2", "I1s2_12_2", "I1s2_13_2", "I1s2_14_2", "I1s2_15_2", "I1s2_16_2", "I1s2_17_2", "I1s2_18_2", "I1s2_19_2", "I1s2_20_2", "I1s2_21_2", "I1s2_22_0", "I1s2_23_0", "I1s2_24_2", "I1s2_25_2", "I1s2_26_2", "I1s2_27_0", "I4_28", "C1_4", "R1_2", "R3_2", "S2s1_17", "S4_0_2", "S4_1_2", "S4_2_2", "S4_3_2", "S4_4_2", "S4_5_2", "S4_6_2", "S4_7_2", "S4_8_2", "S4_9_2", "S4_10_0", "S4_11_2", "S4_12_2", "S4_13_2", "S4_14_2", "S4_15_2", "S4_16_2", "S4_17_2", "S4_18_2", "S4_19_2", "S4_20_2", "S4_21_2", "B1s1_4", "TS1s1_0", "K1_1", "T1s1_2", "P4_5", "ST1_14", "EM1_4", "TM1_1"]}