{"text": "The compact pitch range of 3 octaves results in a focused and impactful musical performance, enhanced by the powerful and memorable sound of the minor key. With a duration of about 40 seconds, the song captivates listeners with its energetic beat, while piano and drum add depth and texture to the composition. Following a 4/4 meter, the music maintains a medium tempo and fills the air with sadness.", "pred_labels": {"R1": [0, 0, 1], "R3": [0, 0, 1, 0], "S2s1": [0, 0, 0, 0, 0, 0, 0, 0, 0, 0, 0, 0, 0, 0, 0, 0, 0, 1], "B1s1": [0, 0, 0, 0, 1], "TS1s1": [1, 0, 0, 0, 0, 0, 0, 0], "K1": [0, 1, 0], "T1s1": [0, 1, 0, 0], "P4": [0, 0, 0, 1, 0, 0, 0, 0, 0, 0, 0, 0, 0], "EM1": [0, 0, 1, 0, 0], "TM1": [0, 0, 1, 0, 0, 0], "I1s2": [[1, 0, 0], [0, 0, 1], [0, 0, 1], [0, 0, 1], [0, 0, 1], [0, 0, 1], [0, 0, 1], [0, 0, 1], [0, 0, 1], [0, 0, 1], [0, 0, 1], [0, 0, 1], [0, 0, 1], [0, 0, 1], [0, 0, 1], [0, 0, 1], [0, 0, 1], [0, 0, 1], [0, 0, 1], [0, 0, 1], [0, 0, 1], [0, 0, 1], [0, 0, 1], [0, 0, 1], [0, 0, 1], [0, 0, 1], [0, 0, 1], [1, 0, 0]], "S4": [[0, 0, 1], [0, 0, 1], [0, 0, 1], [0, 0, 1], [0, 0, 1], [0, 0, 1], [0, 0, 1], [0, 0, 1], [0, 0, 1], [0, 0, 1], [0, 0, 1], [0, 0, 1], [0, 0, 1], [0, 0, 1], [0, 0, 1], [0, 0, 1], [0, 0, 1], [0, 0, 1], [0, 0, 1], [0, 0, 1], [0, 0, 1], [0, 0, 1]]}, "pred_probs": {"R1": [4.2282963477191515e-06, 4.1715293264132924e-06, 0.9999916553497314], "R3": [5.523716595234873e-07, 1.3297393479660968e-06, 0.999997615814209, 4.2682344769673364e-07], "S2s1": [2.4465532533213263e-06, 2.4898943138396135e-06, 4.50793686468387e-06, 3.2133643799170386e-06, 3.49783090314304e-06, 3.776902758545475e-06, 3.2171758448384935e-06, 2.9269876904436387e-06, 2.4911742002586834e-06, 2.945252845165669e-06, 5.1930733206972945e-06, 4.88800606035511e-06, 3.6259925764170475e-06, 1.3549099548981758e-06, 4.051179075759137e-06, 9.892451998894103e-06, 1.9475307908578543e-06, 0.9999374151229858], "B1s1": [5.824100753670791e-06, 5.257343218545429e-06, 8.713420356798451e-06, 2.1375913092924748e-06, 0.9999780654907227], "TS1s1": [0.9999972581863403, 3.865998507990298e-07, 8.961308708421711e-07, 1.491831795874532e-07, 3.120497069630801e-07, 1.672873821689791e-07, 3.6605715081350354e-07, 4.786713247995067e-07], "K1": [3.5237670203969174e-07, 0.9999992847442627, 3.7725843071712006e-07], "T1s1": [8.058538014665828e-07, 0.9999971389770508, 8.893682093003008e-07, 1.2011882972728927e-06], "P4": [2.239867313846844e-07, 1.158236315745853e-07, 6.34097290230784e-08, 0.9999979734420776, 1.8777650723222905e-07, 1.1952738532272633e-07, 2.2657646070456394e-07, 1.6511918943251658e-07, 1.653401113799191e-07, 8.433704579147161e-08, 1.310243789021115e-07, 2.523336490867223e-07, 3.382534146112448e-07], "EM1": [1.5714991832282976e-06, 1.3319840945769101e-06, 0.9999886751174927, 3.7300278563634492e-06, 4.732572961074766e-06], "TM1": [5.540818506233336e-07, 4.650063090139156e-07, 0.9999980926513672, 4.0776492937766307e-07, 2.758307289241202e-07, 2.88445505702839e-07], "I1s2": [[0.9999934434890747, 2.7308262815495254e-06, 3.795103111770004e-06], [2.3235794799347786e-07, 2.414233222225448e-07, 0.9999995231628418], [3.360264315688255e-07, 2.911235128522094e-07, 0.9999994039535522], [2.909446266130544e-07, 8.315769832734077e-07, 0.999998927116394], [3.0485796287393896e-07, 6.044609790478717e-07, 0.9999990463256836], [4.1853738252939365e-07, 5.086029659651103e-07, 0.9999990463256836], [3.2504340197192505e-07, 5.265630420581147e-07, 0.9999991655349731], [2.3136622928632278e-07, 3.03411667346154e-07, 0.9999995231628418], [1.283080308667195e-07, 2.1572762420873914e-07, 0.9999996423721313], [2.003849743914543e-07, 1.5771836103795067e-07, 0.9999996423721313], [2.7084735165772145e-07, 3.442776517204038e-07, 0.9999994039535522], [3.6053361895937996e-07, 2.3449901220828906e-07, 0.9999994039535522], [2.3258670012182847e-07, 5.088471652925364e-07, 0.9999992847442627], [4.836937819163722e-07, 5.221504011387879e-07, 0.9999990463256836], [2.577006341653032e-07, 2.298204719863861e-07, 0.9999995231628418], [1.1182478232285575e-07, 1.416261454778578e-07, 0.9999997615814209], [3.1155730084719835e-07, 4.4246016273064015e-07, 0.9999992847442627], [2.9835322834514955e-07, 1.8795076073274686e-07, 0.9999995231628418], [5.153931965651282e-07, 7.691473342674726e-07, 0.9999986886978149], [1.4504605871934473e-07, 3.992129222751828e-07, 0.9999994039535522], [2.035824451240842e-07, 4.269968201242591e-07, 0.9999994039535522], [6.83385849242768e-07, 3.384218700830388e-07, 0.999998927116394], [2.62060183331414e-07, 5.377541469897551e-07, 0.9999991655349731], [1.320828602047186e-07, 1.0113362236552348e-07, 0.9999997615814209], [1.5463773479496012e-06, 1.7980347877255554e-07, 0.9999983310699463], [2.0241239440110803e-07, 2.607589522085618e-07, 0.9999995231628418], [3.2514361691937665e-07, 3.8690305359523336e-07, 0.9999992847442627], [0.9999940395355225, 2.504410076653585e-06, 3.4981158023583703e-06]], "S4": [[4.9745913202059455e-06, 1.6723990938771749e-06, 0.9999933242797852], [5.200263899496349e-07, 5.811192522742203e-07, 0.999998927116394], [4.363353980352258e-07, 6.693031195936783e-07, 0.999998927116394], [4.6705508793820627e-07, 6.369145921780728e-07, 0.999998927116394], [7.740227374597453e-07, 8.632163712718466e-07, 0.9999983310699463], [5.45981038158061e-07, 9.489822900832223e-07, 0.9999984502792358], [5.646825229632668e-07, 5.515985321835615e-07, 0.999998927116394], [5.297665097714344e-07, 4.800994588549656e-07, 0.9999990463256836], [6.126904850134451e-07, 7.229206744341354e-07, 0.9999986886978149], [4.866386689172941e-07, 6.719880047967308e-07, 0.9999988079071045], [4.859725777350832e-07, 9.899715678329812e-07, 0.9999985694885254], [1.0230047564618872e-06, 8.141028615682444e-07, 0.9999982118606567], [7.002361144259339e-07, 1.2349773896858096e-06, 0.9999980926513672], [4.997829705644108e-07, 8.918606795305095e-07, 0.9999985694885254], [4.3185809772694483e-07, 7.896409215391031e-07, 0.9999988079071045], [7.576447842438938e-07, 4.747051605136221e-07, 0.9999988079071045], [4.512470468398533e-07, 5.194475534153753e-07, 0.9999990463256836], [2.1362619406772865e-07, 5.166626806385466e-07, 0.9999992847442627], [8.227563625951007e-07, 9.610331517251325e-07, 0.9999982118606567], [5.419756803348719e-07, 7.295723776223895e-07, 0.9999986886978149], [5.288404167913541e-07, 1.0067509492728277e-06, 0.9999984502792358], [7.141736659832532e-07, 1.1636954013738432e-06, 0.9999980926513672]]}, "infer_command_tokens": ["I1s2_0_0", "I1s2_1_2", "I1s2_2_2", "I1s2_3_2", "I1s2_4_2", "I1s2_5_2", "I1s2_6_2", "I1s2_7_2", "I1s2_8_2", "I1s2_9_2", "I1s2_10_2", "I1s2_11_2", "I1s2_12_2", "I1s2_13_2", "I1s2_14_2", "I1s2_15_2", "I1s2_16_2", "I1s2_17_2", "I1s2_18_2", "I1s2_19_2", "I1s2_20_2", "I1s2_21_2", "I1s2_22_2", "I1s2_23_2", "I1s2_24_2", "I1s2_25_2", "I1s2_26_2", "I1s2_27_0", "I4_28", "C1_4", "R1_2", "R3_2", "S2s1_17", "S4_0_2", "S4_1_2", "S4_2_2", "S4_3_2", "S4_4_2", "S4_5_2", "S4_6_2", "S4_7_2", "S4_8_2", "S4_9_2", "S4_10_2", "S4_11_2", "S4_12_2", "S4_13_2", "S4_14_2", "S4_15_2", "S4_16_2", "S4_17_2", "S4_18_2", "S4_19_2", "S4_20_2", "S4_21_2", "B1s1_4", "TS1s1_0", "K1_1", "T1s1_1", "P4_3", "ST1_14", "EM1_2", "TM1_2"]}