{"text": "This song, rooted in the conventions of classical music, has a pitch range within 4 octaves and moves at a fast rate despite the very laid-back tempo. The meter of the music is 3/4.", "pred_labels": {"R1": [0, 0, 1], "R3": [1, 0, 0, 0], "S2s1": [0, 0, 0, 0, 0, 0, 0, 0, 0, 0, 0, 0, 0, 0, 0, 0, 0, 1], "B1s1": [0, 0, 0, 0, 1], "TS1s1": [0, 0, 1, 0, 0, 0, 0, 0], "K1": [0, 0, 1], "T1s1": [0, 0, 1, 0], "P4": [0, 0, 0, 0, 1, 0, 0, 0, 0, 0, 0, 0, 0], "EM1": [0, 0, 0, 0, 1], "TM1": [0, 0, 0, 0, 0, 1], "I1s2": [[0, 0, 1], [0, 0, 1], [0, 0, 1], [0, 0, 1], [0, 0, 1], [0, 0, 1], [0, 0, 1], [0, 0, 1], [0, 0, 1], [0, 0, 1], [0, 0, 1], [0, 0, 1], [0, 0, 1], [0, 0, 1], [0, 0, 1], [0, 0, 1], [0, 0, 1], [0, 0, 1], [0, 0, 1], [0, 0, 1], [0, 0, 1], [0, 0, 1], [0, 0, 1], [0, 0, 1], [0, 0, 1], [0, 0, 1], [0, 0, 1], [0, 0, 1]], "S4": [[0, 0, 1], [0, 0, 1], [0, 0, 1], [0, 0, 1], [0, 0, 1], [0, 0, 1], [0, 0, 1], [0, 0, 1], [0, 0, 1], [0, 0, 1], [0, 0, 1], [1, 0, 0], [0, 0, 1], [0, 0, 1], [0, 0, 1], [0, 0, 1], [0, 0, 1], [0, 0, 1], [0, 0, 1], [0, 0, 1], [0, 0, 1], [0, 0, 1]]}, "pred_probs": {"R1": [4.312158580432879e-06, 4.61704985355027e-06, 0.9999910593032837], "R3": [0.9999979734420776, 5.981775643704168e-07, 9.59606040851213e-07, 4.71975994287277e-07], "S2s1": [2.587962399047683e-06, 3.0699652597832028e-06, 5.23873723068391e-06, 3.47606987816107e-06, 3.814877345575951e-06, 4.70945997221861e-06, 3.43912938660651e-06, 3.402156153242686e-06, 2.5882536647259258e-06, 3.5820814900944242e-06, 4.615680609276751e-06, 6.025990387570346e-06, 3.988923253928078e-06, 1.425893515261123e-06, 4.75980959890876e-06, 8.298136890516616e-06, 2.193356522184331e-06, 0.9999327659606934], "B1s1": [7.6447331593954e-06, 5.446266641229158e-06, 9.870713256532326e-06, 2.3229315502248937e-06, 0.9999747276306152], "TS1s1": [2.4548282340219885e-07, 3.258585934418079e-07, 0.9999977350234985, 2.3732256693165255e-07, 4.601254204317229e-07, 4.4815217847826716e-07, 2.1594705401639658e-07, 2.891361248202884e-07], "K1": [1.010354822028603e-06, 1.6831290849950165e-06, 0.9999972581863403], "T1s1": [1.576743898112909e-06, 8.466643635074433e-07, 0.9999969005584717, 7.613125490024686e-07], "P4": [3.0949342999520013e-07, 1.069786748075785e-07, 1.062133989648828e-07, 9.140114087813345e-08, 0.9999980926513672, 1.5112519236026856e-07, 1.2104747781904734e-07, 1.6224626619987248e-07, 1.0939931627262922e-07, 2.896517798944842e-07, 1.7905479410273983e-07, 1.0773549519171866e-07, 2.844560356152215e-07], "EM1": [2.7725996005756315e-06, 4.517337401921395e-06, 4.9245650188822765e-06, 2.2317413822747767e-05, 0.9999654293060303], "TM1": [5.02610532748804e-07, 9.286730460189574e-07, 5.288185889185115e-07, 7.101855885593977e-07, 9.11453312824051e-08, 0.9999972581863403], "I1s2": [[3.5945697618444683e-07, 2.420512998924096e-07, 0.9999994039535522], [2.554592413162027e-07, 2.133585041974584e-07, 0.9999995231628418], [3.516415461035649e-07, 2.594692602997384e-07, 0.9999994039535522], [4.190841877971252e-07, 5.301273517943628e-07, 0.9999990463256836], [2.8826383413615986e-07, 3.664347900667053e-07, 0.9999994039535522], [5.836196237396507e-07, 5.141851033840794e-07, 0.999998927116394], [5.200343480282754e-07, 5.340268671716331e-07, 0.999998927116394], [2.7296746907268243e-07, 2.9266317369547323e-07, 0.9999994039535522], [1.7786611294923205e-07, 2.0084988250346214e-07, 0.9999996423721313], [2.4319669478245487e-07, 1.2096607804323867e-07, 0.9999996423721313], [3.8783178979429067e-07, 2.7263234869678854e-07, 0.9999992847442627], [3.514957143124775e-07, 2.4683239985279215e-07, 0.9999994039535522], [2.523303805901378e-07, 4.253710130797117e-07, 0.9999992847442627], [3.863617337174219e-07, 4.556680153200432e-07, 0.9999991655349731], [2.738179887273873e-07, 2.405192560672731e-07, 0.9999995231628418], [1.3753870575783367e-07, 9.456079652636618e-08, 0.9999997615814209], [3.205704217634775e-07, 3.6273806358622096e-07, 0.9999992847442627], [3.069097260777198e-07, 1.5570999778447003e-07, 0.9999995231628418], [5.440140284918016e-07, 5.762544219578558e-07, 0.999998927116394], [2.1294520990977617e-07, 3.9403474261234805e-07, 0.9999994039535522], [3.530730054990272e-07, 3.5829944522447477e-07, 0.9999992847442627], [8.705530945007922e-07, 3.275151811976684e-07, 0.9999988079071045], [1.980484256591808e-07, 6.453333298850339e-07, 0.9999991655349731], [1.350014855461268e-07, 9.904273667871166e-08, 0.9999997615814209], [1.4537281458615325e-06, 1.5272928521881113e-07, 0.9999984502792358], [2.2272585908922338e-07, 2.3763394096931734e-07, 0.9999995231628418], [4.605220453868242e-07, 3.288582774985116e-07, 0.9999991655349731], [1.477768734048368e-07, 2.629866742154263e-07, 0.9999996423721313]], "S4": [[4.7979087867133785e-06, 1.696419190011511e-06, 0.9999935626983643], [6.487100563390413e-07, 7.505665848839271e-07, 0.9999985694885254], [4.726672955257527e-07, 8.662258323965943e-07, 0.9999986886978149], [4.532628565812047e-07, 7.795792384968081e-07, 0.9999988079071045], [7.965329018588818e-07, 1.1449975545474445e-06, 0.9999980926513672], [6.708106639052858e-07, 1.238622076016327e-06, 0.9999980926513672], [5.425941935754963e-07, 7.651848363821045e-07, 0.9999986886978149], [6.171816266942187e-07, 4.902497039438458e-07, 0.999998927116394], [6.018395311002678e-07, 7.676085260754917e-07, 0.9999986886978149], [4.915422096019029e-07, 8.199978651646234e-07, 0.9999986886978149], [5.257466568764357e-07, 1.3101697504680487e-06, 0.9999982118606567], [0.9999816417694092, 1.498463188909227e-05, 3.3011774576152675e-06], [7.394265821858426e-07, 1.4232133480618359e-06, 0.9999978542327881], [5.753847744927043e-07, 1.1844979326269822e-06, 0.9999982118606567], [4.218986759951804e-07, 1.0325252333132084e-06, 0.9999985694885254], [7.604279517181567e-07, 4.935728838972864e-07, 0.9999986886978149], [4.833196953768493e-07, 6.792941462663293e-07, 0.9999988079071045], [2.3583810104810254e-07, 5.694009246326459e-07, 0.9999991655349731], [1.031521605909802e-06, 1.0956598543998552e-06, 0.9999978542327881], [4.926985752717883e-07, 9.470394957133976e-07, 0.9999985694885254], [5.672766860698175e-07, 1.353181573904294e-06, 0.9999980926513672], [7.949465725687332e-07, 1.4702236512675881e-06, 0.9999977350234985]]}, "infer_command_tokens": ["I1s2_0_2", "I1s2_1_2", "I1s2_2_2", "I1s2_3_2", "I1s2_4_2", "I1s2_5_2", "I1s2_6_2", "I1s2_7_2", "I1s2_8_2", "I1s2_9_2", "I1s2_10_2", "I1s2_11_2", "I1s2_12_2", "I1s2_13_2", "I1s2_14_2", "I1s2_15_2", "I1s2_16_2", "I1s2_17_2", "I1s2_18_2", "I1s2_19_2", "I1s2_20_2", "I1s2_21_2", "I1s2_22_2", "I1s2_23_2", "I1s2_24_2", "I1s2_25_2", "I1s2_26_2", "I1s2_27_2", "I4_28", "C1_4", "R1_2", "R3_0", "S2s1_17", "S4_0_2", "S4_1_2", "S4_2_2", "S4_3_2", "S4_4_2", "S4_5_2", "S4_6_2", "S4_7_2", "S4_8_2", "S4_9_2", "S4_10_2", "S4_11_0", "S4_12_2", "S4_13_2", "S4_14_2", "S4_15_2", "S4_16_2", "S4_17_2", "S4_18_2", "S4_19_2", "S4_20_2", "S4_21_2", "B1s1_4", "TS1s1_2", "K1_2", "T1s1_2", "P4_4", "ST1_14", "EM1_4", "TM1_5"]}