{"text": "The use of a specific pitch range of 4 octaves creates a cohesive and unified sound throughout the musical piece, while the minor key adds a distinct atmosphere. With a runtime of about 20 seconds, the song maintains a lively and upbeat tempo. The sound of the music is primarily generated by drum, guitar, bass and flute, and it follows a time signature of 4/4. Played at a rapid pace, this music squarely falls within the jazz genre.", "pred_labels": {"R1": [0, 0, 1], "R3": [0, 0, 1, 0], "S2s1": [0, 0, 0, 0, 0, 0, 0, 0, 0, 0, 0, 0, 0, 0, 0, 0, 0, 1], "B1s1": [0, 0, 0, 0, 1], "TS1s1": [1, 0, 0, 0, 0, 0, 0, 0], "K1": [0, 1, 0], "T1s1": [0, 0, 1, 0], "P4": [0, 0, 0, 0, 1, 0, 0, 0, 0, 0, 0, 0, 0], "EM1": [0, 0, 0, 0, 1], "TM1": [0, 1, 0, 0, 0, 0], "I1s2": [[0, 0, 1], [0, 0, 1], [0, 0, 1], [0, 0, 1], [1, 0, 0], [1, 0, 0], [0, 0, 1], [0, 0, 1], [0, 0, 1], [0, 0, 1], [0, 0, 1], [0, 0, 1], [0, 0, 1], [0, 0, 1], [0, 0, 1], [0, 0, 1], [0, 0, 1], [0, 0, 1], [0, 0, 1], [0, 0, 1], [0, 0, 1], [0, 0, 1], [1, 0, 0], [0, 0, 1], [0, 0, 1], [0, 0, 1], [0, 0, 1], [1, 0, 0]], "S4": [[0, 0, 1], [0, 0, 1], [0, 0, 1], [0, 0, 1], [0, 0, 1], [0, 0, 1], [0, 0, 1], [0, 0, 1], [0, 0, 1], [0, 0, 1], [1, 0, 0], [0, 0, 1], [0, 0, 1], [0, 0, 1], [0, 0, 1], [0, 0, 1], [0, 0, 1], [0, 0, 1], [0, 0, 1], [0, 0, 1], [0, 0, 1], [0, 0, 1]]}, "pred_probs": {"R1": [4.221358722134028e-06, 4.162858203926589e-06, 0.9999916553497314], "R3": [4.113523459636781e-07, 2.1834812287124805e-06, 0.9999969005584717, 4.445018930709921e-07], "S2s1": [2.615628545754589e-06, 2.912383934017271e-06, 4.674986485042609e-06, 3.296508566563716e-06, 3.730260687007103e-06, 4.2726110223156866e-06, 3.2161949548026314e-06, 3.18017464451259e-06, 2.8726537948386976e-06, 2.970616151287686e-06, 5.401153430284467e-06, 4.732597517431714e-06, 3.91011872125091e-06, 1.3290042488733889e-06, 4.531614649749827e-06, 1.0680483683245257e-05, 1.9378785509616137e-06, 0.9999338388442993], "B1s1": [6.575279257958755e-06, 4.7947523853508756e-06, 8.694072676007636e-06, 2.636154704305227e-06, 0.9999773502349854], "TS1s1": [0.999997615814209, 3.509936448153894e-07, 6.577114959327446e-07, 1.442839732135326e-07, 3.199810123533098e-07, 1.5856622326282377e-07, 3.213130241874751e-07, 3.873705622936541e-07], "K1": [3.398058083803335e-07, 0.9999992847442627, 3.7785108020216285e-07], "T1s1": [1.368633547826903e-06, 1.0576524118732777e-06, 0.9999969005584717, 6.74903787967196e-07], "P4": [2.3331827492256707e-07, 9.050498306351074e-08, 9.159627722965524e-08, 7.041695226917e-08, 0.9999983310699463, 8.552837726938378e-08, 1.2863621634551237e-07, 1.7391637641139823e-07, 1.2061319409895077e-07, 2.2283947487267142e-07, 1.544479886206318e-07, 1.2076408495431679e-07, 2.6999060764865135e-07], "EM1": [2.15169870898535e-06, 2.603838993309182e-06, 5.097203938930761e-06, 1.0499627933313604e-05, 0.9999796152114868], "TM1": [1.9993696298570285e-07, 0.9999988079071045, 2.7910070343750704e-07, 2.016669640170221e-07, 2.079007686006662e-07, 1.8568123039131024e-07], "I1s2": [[2.891978283514618e-07, 3.3803976862145646e-07, 0.9999994039535522], [2.0938128386660537e-07, 2.5376826329193136e-07, 0.9999995231628418], [3.925329110643361e-07, 3.668928343358857e-07, 0.9999992847442627], [5.924197807871678e-07, 3.3036787954188185e-06, 0.9999960660934448], [0.9999929666519165, 3.1217114155879244e-06, 3.9310457395913545e-06], [0.9999921321868896, 3.671430931717623e-06, 4.205408004054334e-06], [4.011316150354105e-07, 5.786505994365143e-07, 0.9999990463256836], [2.196407535848266e-07, 3.0766815939387016e-07, 0.9999995231628418], [1.8741906160357757e-07, 7.639849286533718e-07, 0.9999990463256836], [2.3702352791588055e-07, 2.7308621497468266e-07, 0.9999995231628418], [4.323042617215833e-07, 9.840715620157425e-07, 0.9999985694885254], [5.553708319894213e-07, 8.241317459578568e-07, 0.9999985694885254], [4.899478653896949e-07, 1.4423114862438524e-06, 0.9999980926513672], [1.225510914082406e-06, 3.1699000828666613e-06, 0.9999955892562866], [3.3166179491672665e-07, 4.0881010932025674e-07, 0.9999992847442627], [2.168804797975099e-07, 3.406686630569311e-07, 0.9999994039535522], [6.152701530481863e-07, 1.0996927812811919e-06, 0.9999983310699463], [3.133959864953795e-07, 2.493847262030613e-07, 0.9999994039535522], [4.858396778217866e-07, 7.624736895195383e-07, 0.9999988079071045], [1.5868147329456406e-07, 3.976929292548448e-07, 0.9999994039535522], [2.58492775628838e-07, 7.655149829588481e-07, 0.999998927116394], [7.002140023359971e-07, 3.3918050235115516e-07, 0.999998927116394], [0.9999936819076538, 3.021876636921661e-06, 3.3243372854485642e-06], [1.9837668219224724e-07, 1.860518494822827e-07, 0.9999996423721313], [1.7416170976503054e-06, 2.25921596097578e-07, 0.9999979734420776], [2.46737300813038e-07, 3.8625165643679793e-07, 0.9999994039535522], [4.984690917808621e-07, 1.198790982925857e-06, 0.9999983310699463], [0.9999935626983643, 2.790477537928382e-06, 3.729082209247281e-06]], "S4": [[7.155974799388787e-06, 2.48413675763004e-06, 0.9999903440475464], [6.047906140338455e-07, 6.181381309033895e-07, 0.9999988079071045], [4.5976454998708505e-07, 6.38820438325638e-07, 0.999998927116394], [4.4219802930456353e-07, 6.775789529456233e-07, 0.999998927116394], [8.254293675236113e-07, 8.826492603475344e-07, 0.9999983310699463], [6.093866886658361e-07, 1.164058517133526e-06, 0.9999982118606567], [6.149078330963675e-07, 6.499269034065946e-07, 0.9999986886978149], [5.962849058960273e-07, 4.453297606232809e-07, 0.999998927116394], [5.955663482382079e-07, 7.721665724602644e-07, 0.9999986886978149], [5.016885893383005e-07, 6.146159989839362e-07, 0.999998927116394], [0.9999892711639404, 6.138318894954864e-06, 4.70705890620593e-06], [1.1317582675474114e-06, 8.07396190793952e-07, 0.9999980926513672], [7.171616971390904e-07, 1.2283139767532703e-06, 0.9999980926513672], [4.880826622866152e-07, 9.225701660398045e-07, 0.9999985694885254], [4.6823151933494955e-07, 7.526784315814439e-07, 0.9999988079071045], [1.0603421287669335e-06, 7.990726089701639e-07, 0.9999980926513672], [7.837398356969061e-07, 9.495306585449725e-07, 0.9999982118606567], [2.186817340543712e-07, 6.190132353367517e-07, 0.9999991655349731], [7.846956009416317e-07, 9.623759069654625e-07, 0.9999982118606567], [5.149009325577936e-07, 8.14399925275211e-07, 0.9999986886978149], [5.261922524368856e-07, 1.0183123322349275e-06, 0.9999984502792358], [7.58563146519009e-07, 1.1447103815953596e-06, 0.9999980926513672]]}, "infer_command_tokens": ["I1s2_0_2", "I1s2_1_2", "I1s2_2_2", "I1s2_3_2", "I1s2_4_0", "I1s2_5_0", "I1s2_6_2", "I1s2_7_2", "I1s2_8_2", "I1s2_9_2", "I1s2_10_2", "I1s2_11_2", "I1s2_12_2", "I1s2_13_2", "I1s2_14_2", "I1s2_15_2", "I1s2_16_2", "I1s2_17_2", "I1s2_18_2", "I1s2_19_2", "I1s2_20_2", "I1s2_21_2", "I1s2_22_0", "I1s2_23_2", "I1s2_24_2", "I1s2_25_2", "I1s2_26_2", "I1s2_27_0", "I4_28", "C1_4", "R1_2", "R3_2", "S2s1_17", "S4_0_2", "S4_1_2", "S4_2_2", "S4_3_2", "S4_4_2", "S4_5_2", "S4_6_2", "S4_7_2", "S4_8_2", "S4_9_2", "S4_10_0", "S4_11_2", "S4_12_2", "S4_13_2", "S4_14_2", "S4_15_2", "S4_16_2", "S4_17_2", "S4_18_2", "S4_19_2", "S4_20_2", "S4_21_2", "B1s1_4", "TS1s1_0", "K1_1", "T1s1_2", "P4_4", "ST1_14", "EM1_4", "TM1_1"]}