{"text": "With its use of the minor key, this music conveys a unique and resonant sound, while its meter is defined by the 4/4. Enriched by the inclusion of strings, drum, bass and pipe, the music projects a profound pessimism throughout its 13 ~ 16 bars. This song has a moderate beat.", "pred_labels": {"R1": [0, 0, 1], "R3": [0, 1, 0, 0], "S2s1": [0, 0, 0, 0, 0, 0, 0, 0, 0, 0, 0, 0, 0, 0, 0, 0, 0, 1], "B1s1": [0, 0, 0, 1, 0], "TS1s1": [1, 0, 0, 0, 0, 0, 0, 0], "K1": [0, 1, 0], "T1s1": [0, 0, 0, 1], "P4": [0, 0, 0, 0, 0, 0, 0, 0, 0, 0, 0, 0, 1], "EM1": [0, 0, 1, 0, 0], "TM1": [0, 0, 0, 0, 0, 1], "I1s2": [[0, 0, 1], [0, 0, 1], [0, 0, 1], [0, 0, 1], [0, 0, 1], [1, 0, 0], [0, 0, 1], [0, 0, 1], [0, 0, 1], [0, 0, 1], [1, 0, 0], [0, 0, 1], [0, 0, 1], [0, 0, 1], [0, 0, 1], [0, 0, 1], [0, 0, 1], [0, 0, 1], [0, 0, 1], [0, 0, 1], [0, 0, 1], [0, 0, 1], [0, 0, 1], [1, 0, 0], [0, 0, 1], [0, 0, 1], [0, 0, 1], [1, 0, 0]], "S4": [[0, 0, 1], [0, 0, 1], [0, 0, 1], [0, 0, 1], [0, 0, 1], [0, 0, 1], [0, 0, 1], [0, 0, 1], [0, 0, 1], [0, 0, 1], [0, 0, 1], [0, 0, 1], [0, 0, 1], [0, 0, 1], [0, 0, 1], [0, 0, 1], [0, 0, 1], [0, 0, 1], [0, 0, 1], [0, 0, 1], [0, 0, 1], [0, 0, 1]]}, "pred_probs": {"R1": [4.197857379040215e-06, 4.0543177419749554e-06, 0.999991774559021], "R3": [7.23268385627307e-07, 0.9999970197677612, 1.244529244104342e-06, 1.0203571036981884e-06], "S2s1": [2.7580260848480975e-06, 2.831539404724026e-06, 5.6268131629622076e-06, 3.5295042835059576e-06, 3.3542730761837447e-06, 4.365877430245746e-06, 3.2691677915863693e-06, 3.4120375858037733e-06, 2.5765311875147745e-06, 2.609905095596332e-06, 5.581523964792723e-06, 4.585836450132774e-06, 4.085956788912881e-06, 1.317931378252979e-06, 4.768583494296763e-06, 9.637003131501842e-06, 1.8837437210095231e-06, 0.9999338388442993], "B1s1": [1.0697397101466777e-06, 9.258638442588563e-07, 9.871055226540193e-07, 0.999996542930603, 4.827524549000373e-07], "TS1s1": [0.9999972581863403, 4.496160386224801e-07, 9.461156764700718e-07, 1.401958229507727e-07, 3.272111825936008e-07, 1.7334589585971116e-07, 3.4321473663112556e-07, 4.0552887980993546e-07], "K1": [3.4636283885447483e-07, 0.9999992847442627, 4.023630992833205e-07], "T1s1": [2.6964969492837554e-06, 9.73271312432189e-07, 1.3525168469641358e-06, 0.9999949932098389], "P4": [4.224022518428683e-07, 4.3727078491428983e-07, 4.3216323319938965e-07, 4.5257678493726416e-07, 7.941439434944186e-07, 2.637926570514537e-07, 5.708124604097975e-07, 2.5889357857522555e-07, 4.4492372808235814e-07, 5.175908768251247e-07, 3.357029072503792e-07, 4.515300418006518e-07, 0.9999946355819702], "EM1": [3.989589004049776e-06, 1.32625780224771e-06, 0.9999880790710449, 3.33576713273942e-06, 3.1888357625575736e-06], "TM1": [3.490285962470807e-07, 7.06340586020815e-07, 4.315402293286752e-07, 7.04082196989475e-07, 8.944726914705825e-08, 0.9999977350234985], "I1s2": [[3.1685380008639186e-07, 3.933236030206899e-07, 0.9999992847442627], [1.843379777710652e-07, 3.2416252793154854e-07, 0.9999995231628418], [3.8209583408388426e-07, 3.7679856745853613e-07, 0.9999992847442627], [5.952648507445701e-07, 3.55628094439453e-06, 0.9999958276748657], [6.600232609343948e-07, 1.6562675000386662e-06, 0.9999977350234985], [0.9999920129776001, 3.5007351470994763e-06, 4.473108219826827e-06], [5.262646141090954e-07, 7.68596692068968e-07, 0.9999986886978149], [2.636789702137321e-07, 3.0081454838182253e-07, 0.9999994039535522], [2.486254686573375e-07, 6.910993306519231e-07, 0.9999990463256836], [2.459465520132653e-07, 2.4621479610686947e-07, 0.9999995231628418], [0.9999915361404419, 3.9984247450775e-06, 4.416947376739699e-06], [5.092041419629822e-07, 6.265499337132496e-07, 0.9999988079071045], [5.561644798035559e-07, 2.422702209514682e-06, 0.9999970197677612], [1.2295979558984982e-06, 3.065278633584967e-06, 0.9999957084655762], [3.3886826145135274e-07, 4.698182749507396e-07, 0.9999991655349731], [2.2354295481363806e-07, 4.374146271857171e-07, 0.9999992847442627], [5.835792080688407e-07, 1.094693288905546e-06, 0.9999983310699463], [2.653782757988665e-07, 3.7075454883961356e-07, 0.9999994039535522], [4.708047924850689e-07, 8.790810852588038e-07, 0.9999986886978149], [1.3975414958622423e-07, 3.8216265352275514e-07, 0.9999995231628418], [2.5037144268935663e-07, 7.227430387501954e-07, 0.9999990463256836], [7.234712029458024e-07, 3.4685260175137955e-07, 0.999998927116394], [1.669673110882286e-07, 7.430063533320208e-07, 0.9999990463256836], [0.999993085861206, 4.480636107473401e-06, 2.420669716229895e-06], [2.4613993900857167e-06, 2.5235971179426997e-07, 0.9999972581863403], [2.968576779949217e-07, 5.346512352844002e-07, 0.9999991655349731], [6.085276709200116e-07, 1.3476001186063513e-06, 0.9999980926513672], [0.9999932050704956, 2.5623219244153006e-06, 4.347874892118853e-06]], "S4": [[6.211538675415795e-06, 1.8854150312108686e-06, 0.9999918937683105], [5.510585765478027e-07, 5.776801117463037e-07, 0.999998927116394], [4.613189048541244e-07, 6.304014732450014e-07, 0.999998927116394], [4.660597596739535e-07, 6.101750500420167e-07, 0.999998927116394], [9.224193604495667e-07, 8.493310019730416e-07, 0.9999982118606567], [5.808618084301997e-07, 1.0875176030822331e-06, 0.9999983310699463], [6.662423857051181e-07, 6.484682444352075e-07, 0.9999986886978149], [5.270019869385578e-07, 5.126618134454475e-07, 0.999998927116394], [6.519468911392323e-07, 6.670981633760675e-07, 0.9999986886978149], [5.114956138640991e-07, 6.117266480032413e-07, 0.999998927116394], [5.057649445916468e-07, 9.500273563389783e-07, 0.9999985694885254], [1.2087114100722829e-06, 7.974327900228673e-07, 0.9999979734420776], [6.798944127694995e-07, 1.2619560720850131e-06, 0.9999980926513672], [5.465957997330406e-07, 9.460112551096245e-07, 0.9999984502792358], [4.888466946795234e-07, 7.66085122450022e-07, 0.9999986886978149], [1.2440722230167012e-06, 8.60693205595453e-07, 0.9999978542327881], [8.251884082710603e-07, 9.953710105037317e-07, 0.9999982118606567], [2.1833500341017498e-07, 5.526992481463822e-07, 0.9999992847442627], [9.1631517307178e-07, 9.72953216660244e-07, 0.9999980926513672], [5.825573907713988e-07, 7.660501069040038e-07, 0.9999986886978149], [5.154698214937525e-07, 9.084073440135398e-07, 0.9999985694885254], [7.373319590442406e-07, 1.0996067203450366e-06, 0.9999982118606567]]}, "infer_command_tokens": ["I1s2_0_2", "I1s2_1_2", "I1s2_2_2", "I1s2_3_2", "I1s2_4_2", "I1s2_5_0", "I1s2_6_2", "I1s2_7_2", "I1s2_8_2", "I1s2_9_2", "I1s2_10_0", "I1s2_11_2", "I1s2_12_2", "I1s2_13_2", "I1s2_14_2", "I1s2_15_2", "I1s2_16_2", "I1s2_17_2", "I1s2_18_2", "I1s2_19_2", "I1s2_20_2", "I1s2_21_2", "I1s2_22_2", "I1s2_23_0", "I1s2_24_2", "I1s2_25_2", "I1s2_26_2", "I1s2_27_0", "I4_28", "C1_4", "R1_2", "R3_1", "S2s1_17", "S4_0_2", "S4_1_2", "S4_2_2", "S4_3_2", "S4_4_2", "S4_5_2", "S4_6_2", "S4_7_2", "S4_8_2", "S4_9_2", "S4_10_2", "S4_11_2", "S4_12_2", "S4_13_2", "S4_14_2", "S4_15_2", "S4_16_2", "S4_17_2", "S4_18_2", "S4_19_2", "S4_20_2", "S4_21_2", "B1s1_3", "TS1s1_0", "K1_1", "T1s1_3", "P4_12", "ST1_14", "EM1_2", "TM1_5"]}