{"text": "The use of a specific pitch range of 4 octaves creates a cohesive and unified sound throughout the musical piece, while the minor key adds a distinct atmosphere. With a runtime of about 40 seconds, the song maintains a lively and upbeat tempo. The sound of the music is primarily generated by grand piano, percussion, guitar, bass and drum, and it follows a time signature of 4/4. Played at a rapid pace, this music squarely falls within the pop genre.", "pred_labels": {"R1": [0, 0, 1], "R3": [0, 0, 1, 0], "S2s1": [0, 0, 0, 0, 0, 0, 0, 0, 0, 0, 0, 0, 0, 0, 0, 0, 0, 1], "B1s1": [0, 0, 0, 0, 1], "TS1s1": [1, 0, 0, 0, 0, 0, 0, 0], "K1": [0, 1, 0], "T1s1": [0, 0, 1, 0], "P4": [0, 0, 0, 0, 1, 0, 0, 0, 0, 0, 0, 0, 0], "EM1": [0, 0, 0, 0, 1], "TM1": [0, 0, 1, 0, 0, 0], "I1s2": [[1, 0, 0], [0, 0, 1], [1, 0, 0], [0, 0, 1], [1, 0, 0], [1, 0, 0], [0, 0, 1], [0, 0, 1], [0, 0, 1], [0, 0, 1], [0, 0, 1], [0, 0, 1], [0, 0, 1], [0, 0, 1], [0, 0, 1], [0, 0, 1], [0, 0, 1], [0, 0, 1], [0, 0, 1], [0, 0, 1], [0, 0, 1], [0, 0, 1], [0, 0, 1], [0, 0, 1], [0, 0, 1], [0, 0, 1], [0, 0, 1], [1, 0, 0]], "S4": [[0, 0, 1], [0, 0, 1], [0, 0, 1], [0, 0, 1], [0, 0, 1], [0, 0, 1], [0, 0, 1], [0, 0, 1], [0, 0, 1], [0, 0, 1], [0, 0, 1], [0, 0, 1], [0, 0, 1], [1, 0, 0], [0, 0, 1], [0, 0, 1], [0, 0, 1], [0, 0, 1], [0, 0, 1], [0, 0, 1], [0, 0, 1], [0, 0, 1]]}, "pred_probs": {"R1": [4.354976226750296e-06, 4.107208042114507e-06, 0.9999915361404419], "R3": [4.304066010263341e-07, 2.3793475065758685e-06, 0.9999966621398926, 4.4922103370481636e-07], "S2s1": [2.745131723713712e-06, 2.9314946914382745e-06, 4.726635779661592e-06, 3.1563897664455e-06, 3.6240405734133674e-06, 4.27653731094324e-06, 3.2209961773332907e-06, 3.3744677239155862e-06, 3.0155383683450054e-06, 2.970166178783984e-06, 5.62867126063793e-06, 4.7989542508730665e-06, 3.844773345917929e-06, 1.2847303878515959e-06, 4.689624347520294e-06, 1.0635782018653117e-05, 1.9220722151658265e-06, 0.9999330043792725], "B1s1": [7.15758733349503e-06, 5.282427082420327e-06, 1.0002265298680868e-05, 2.2892388642503647e-06, 0.999975323677063], "TS1s1": [0.9999977350234985, 3.5049993130087387e-07, 6.470609719144704e-07, 1.3353736960652896e-07, 3.2273342753796896e-07, 1.5043649170820572e-07, 3.312269711841509e-07, 3.6818497051172017e-07], "K1": [3.3802135135374556e-07, 0.9999992847442627, 3.763377947052504e-07], "T1s1": [1.4948240050216555e-06, 9.97595293483755e-07, 0.9999967813491821, 6.630666575802024e-07], "P4": [2.1415941375835246e-07, 8.861439937390969e-08, 8.931554162927569e-08, 7.510729460591392e-08, 0.9999983310699463, 7.819224379090883e-08, 1.3633521689371264e-07, 1.5337721492869605e-07, 1.1765637708549548e-07, 2.0410166712281352e-07, 1.4546994009378977e-07, 1.1316100767544413e-07, 2.719097267345205e-07], "EM1": [1.9527121821738547e-06, 2.459809365973342e-06, 4.643960892281029e-06, 8.620406333648134e-06, 0.9999823570251465], "TM1": [6.477099532276043e-07, 5.34890205017291e-07, 0.9999978542327881, 4.134943480949005e-07, 2.670588514774863e-07, 3.14882072416367e-07], "I1s2": [[0.9999942779541016, 3.0470143883576384e-06, 2.5917870516423136e-06], [2.1807203154367016e-07, 2.6186793888882676e-07, 0.9999995231628418], [0.9999935626983643, 2.9956302114442224e-06, 3.4238523767271545e-06], [4.981155825589667e-07, 3.1318759283749387e-06, 0.9999964237213135], [0.9999929666519165, 3.2323137020284776e-06, 3.842862952296855e-06], [0.9999923706054688, 3.6420824471861124e-06, 3.9085316529963166e-06], [3.9735610357638507e-07, 6.296636456681881e-07, 0.999998927116394], [2.1790236814922537e-07, 3.293527015557629e-07, 0.9999994039535522], [1.910779872105195e-07, 9.776416618478834e-07, 0.9999988079071045], [2.520749831091962e-07, 3.2386211046286917e-07, 0.9999994039535522], [3.471715217528981e-07, 1.1110356581411907e-06, 0.9999985694885254], [5.513027758752287e-07, 8.90291062205506e-07, 0.9999985694885254], [4.7514643597423856e-07, 1.4492095488094492e-06, 0.9999980926513672], [1.214431563312246e-06, 4.0419367905997206e-06, 0.9999947547912598], [3.0271792184066726e-07, 4.6306189460665337e-07, 0.9999992847442627], [2.6760565674521786e-07, 2.1972832087158167e-07, 0.9999995231628418], [5.855236508978123e-07, 1.103653630707413e-06, 0.9999983310699463], [3.015291554220312e-07, 2.7343645569999353e-07, 0.9999994039535522], [4.7561459837197617e-07, 8.292911957141769e-07, 0.9999986886978149], [1.4703347517297516e-07, 4.226186547384714e-07, 0.9999994039535522], [2.4888308303161466e-07, 7.399290211651532e-07, 0.9999990463256836], [6.78127946684981e-07, 3.222070574793179e-07, 0.9999990463256836], [2.1694987140108424e-07, 1.0285854159519658e-06, 0.9999988079071045], [1.805725133863234e-07, 2.1453111287428328e-07, 0.9999996423721313], [3.6462454318098025e-06, 2.8422877562661597e-07, 0.9999960660934448], [2.136302583721772e-07, 4.5105957724445034e-07, 0.9999992847442627], [4.4111234842603153e-07, 1.1751582178476383e-06, 0.9999983310699463], [0.9999935626983643, 2.678084456420038e-06, 3.793229097937001e-06]], "S4": [[6.420529189199442e-06, 2.318824272151687e-06, 0.9999912977218628], [5.605948558695673e-07, 6.397690412995871e-07, 0.9999988079071045], [4.4922848019268713e-07, 6.765239390915667e-07, 0.999998927116394], [4.438919347649062e-07, 6.744361371602281e-07, 0.999998927116394], [7.391780059151642e-07, 8.997593567983131e-07, 0.9999983310699463], [6.12099199770455e-07, 1.099862629416748e-06, 0.9999983310699463], [5.706374395231251e-07, 6.206693683452613e-07, 0.9999988079071045], [5.871131634194171e-07, 4.1985825305346225e-07, 0.9999990463256836], [6.274490829127899e-07, 8.195341933969758e-07, 0.9999985694885254], [4.939265636494383e-07, 6.400070446943573e-07, 0.9999988079071045], [4.685450107899669e-07, 9.759451131685637e-07, 0.9999985694885254], [1.1148846397190937e-06, 8.837599239086558e-07, 0.9999979734420776], [6.75533101457404e-07, 1.2790338814738789e-06, 0.9999980926513672], [0.9999833106994629, 1.2288752259337343e-05, 4.417669060785556e-06], [4.356741953870369e-07, 8.029446121327055e-07, 0.9999988079071045], [1.0908547665167134e-06, 7.677954840801249e-07, 0.9999980926513672], [9.256398811885447e-07, 1.2534206916825497e-06, 0.9999978542327881], [2.0489461860506708e-07, 6.12924566212314e-07, 0.9999991655349731], [7.745269954284595e-07, 9.945473493644386e-07, 0.9999982118606567], [5.167811423234525e-07, 7.945009770082834e-07, 0.9999986886978149], [5.701224381482461e-07, 1.3699683449885924e-06, 0.9999980926513672], [7.480480235244613e-07, 1.083179427041614e-06, 0.9999982118606567]]}, "infer_command_tokens": ["I1s2_0_0", "I1s2_1_2", "I1s2_2_0", "I1s2_3_2", "I1s2_4_0", "I1s2_5_0", "I1s2_6_2", "I1s2_7_2", "I1s2_8_2", "I1s2_9_2", "I1s2_10_2", "I1s2_11_2", "I1s2_12_2", "I1s2_13_2", "I1s2_14_2", "I1s2_15_2", "I1s2_16_2", "I1s2_17_2", "I1s2_18_2", "I1s2_19_2", "I1s2_20_2", "I1s2_21_2", "I1s2_22_2", "I1s2_23_2", "I1s2_24_2", "I1s2_25_2", "I1s2_26_2", "I1s2_27_0", "I4_28", "C1_4", "R1_2", "R3_2", "S2s1_17", "S4_0_2", "S4_1_2", "S4_2_2", "S4_3_2", "S4_4_2", "S4_5_2", "S4_6_2", "S4_7_2", "S4_8_2", "S4_9_2", "S4_10_2", "S4_11_2", "S4_12_2", "S4_13_0", "S4_14_2", "S4_15_2", "S4_16_2", "S4_17_2", "S4_18_2", "S4_19_2", "S4_20_2", "S4_21_2", "B1s1_4", "TS1s1_0", "K1_1", "T1s1_2", "P4_4", "ST1_14", "EM1_4", "TM1_2"]}