{"I1s2_piano": [64, 64, 1.0], "I1s2_keyboard": [0, 2, 0.0], "I1s2_percussion": [8, 8, 1.0], "I1s2_organ": [0, 9, 0.0], "I1s2_guitar": [18, 38, 0.47368421052631576], "I1s2_bass": [0, 65, 0.0], "I1s2_violin": [1, 6, 0.16666666666666666], "I1s2_viola": [0, 6, 0.0], "I1s2_cello": [7, 7, 1.0], "I1s2_harp": [0, 2, 0.0], "I1s2_strings": [1, 38, 0.02631578947368421], "I1s2_voice": [16, 16, 1.0], "I1s2_trumpet": [0, 1, 0.0], "I1s2_trombone": [7, 7, 1.0], "I1s2_tuba": [0, 0, NaN], "I1s2_horn": [3, 3, 1.0], "I1s2_brass": [0, 5, 0.0], "I1s2_sax": [0, 9, 0.0], "I1s2_oboe": [0, 6, 0.0], "I1s2_bassoon": [0, 2, 0.0], "I1s2_clarinet": [0, 2, 0.0], "I1s2_piccolo": [0, 1, 0.0], "I1s2_flute": [0, 8, 0.0], "I1s2_pipe": [0, 6, 0.0], "I1s2_synthesizer": [0, 15, 0.0], "I1s2_ethnic_instruments": [0, 5, 0.0], "I1s2_sound_effects": [0, 5, 0.0], "I1s2_drum": [0, 62, 0.0], "R1": [0, 2, 0.0], "R3": [30, 112, 0.26785714285714285], "S2s1": [0, 0, NaN], "S4_new_age": [0, 0, NaN], "S4_electronic": [0, 0, NaN], "S4_rap": [0, 0, NaN], "S4_religious": [0, 0, NaN], "S4_international": [0, 0, NaN], "S4_easy_listening": [0, 0, NaN], "S4_avant_garde": [0, 0, NaN], "S4_rnb": [0, 0, NaN], "S4_latin": [0, 0, NaN], "S4_children": [0, 0, NaN], "S4_jazz": [0, 0, NaN], "S4_classical": [0, 0, NaN], "S4_comedy_spoken": [0, 0, NaN], "S4_pop_rock": [0, 0, NaN], "S4_reggae": [0, 0, NaN], "S4_stage": [0, 0, NaN], "S4_folk": [0, 0, NaN], "S4_blues": [0, 0, NaN], "S4_vocal": [0, 0, NaN], "S4_holiday": [0, 0, NaN], "S4_country": [0, 0, NaN], "S4_symphony": [0, 0, NaN], "B1s1": [7, 11, 0.6363636363636364], "TS1s1": [0, 115, 0.0], "K1": [71, 110, 0.6454545454545455], "T1s1": [5, 108, 0.046296296296296294], "P4": [31, 98, 0.3163265306122449], "EM1": [0, 0, NaN], "TM1": [49, 110, 0.44545454545454544]}