{"text": "The music in question has a pitch range of 4 octaves and utilizes the major key, which creates a rich and dynamic sonic palette. The beat of the song is highly energetic and is played in 6/8 time signature. The sound of the music is achieved through the use of percussion, strings, synth, ethnic instrument and sound effect, and the overall style of the song is heavily influenced by electronic. Additionally, the song has a duration of 31 ~ 45 seconds, making it a well-crafted and thought-out piece of music. The song spans approximately 13 ~ 16 bars.", "pred_labels": {"R1": [0, 0, 1], "R3": [0, 0, 1, 0], "S2s1": [0, 0, 0, 0, 0, 0, 0, 0, 0, 0, 0, 0, 0, 0, 0, 0, 0, 1], "B1s1": [0, 0, 0, 1, 0], "TS1s1": [0, 0, 0, 0, 1, 0, 0, 0], "K1": [1, 0, 0], "T1s1": [0, 0, 0, 1], "P4": [0, 0, 0, 0, 1, 0, 0, 0, 0, 0, 0, 0, 0], "EM1": [0, 0, 0, 0, 1], "TM1": [0, 0, 1, 0, 0, 0], "I1s2": [[0, 0, 1], [0, 0, 1], [1, 0, 0], [0, 0, 1], [0, 0, 1], [0, 0, 1], [0, 0, 1], [0, 0, 1], [0, 0, 1], [0, 0, 1], [1, 0, 0], [0, 0, 1], [0, 0, 1], [0, 0, 1], [0, 0, 1], [0, 0, 1], [0, 0, 1], [0, 0, 1], [0, 0, 1], [0, 0, 1], [0, 0, 1], [0, 0, 1], [0, 0, 1], [0, 0, 1], [1, 0, 0], [1, 0, 0], [1, 0, 0], [0, 0, 1]], "S4": [[0, 0, 1], [1, 0, 0], [0, 0, 1], [0, 0, 1], [0, 0, 1], [0, 0, 1], [0, 0, 1], [0, 0, 1], [0, 0, 1], [0, 0, 1], [0, 0, 1], [0, 0, 1], [0, 0, 1], [0, 0, 1], [0, 0, 1], [0, 0, 1], [0, 0, 1], [0, 0, 1], [0, 0, 1], [0, 0, 1], [0, 0, 1], [0, 0, 1]]}, "pred_probs": {"R1": [4.1616158341639675e-06, 4.174183686700417e-06, 0.9999916553497314], "R3": [6.508462320198305e-07, 1.94363497030281e-06, 0.9999969005584717, 4.491500362746592e-07], "S2s1": [2.515635515010217e-06, 2.621773546707118e-06, 4.307750714360736e-06, 3.2761731745267753e-06, 3.537334350767196e-06, 4.104236722923815e-06, 3.1897322969598463e-06, 2.959087169074337e-06, 2.978640395667753e-06, 2.5998083401646e-06, 4.835156232729787e-06, 5.1124543460900895e-06, 3.646066033979878e-06, 1.2652100167542812e-06, 3.986154297308531e-06, 9.170090379484463e-06, 1.7026803789121914e-06, 0.9999382495880127], "B1s1": [9.59081717155641e-07, 1.2484364333431586e-06, 1.3374901755014434e-06, 0.9999959468841553, 4.4012466560161556e-07], "TS1s1": [4.6539142317669757e-07, 2.2691946810482477e-07, 8.344021011907898e-07, 2.0135129830123333e-07, 0.9999972581863403, 3.8647451106044173e-07, 3.1346019113698276e-07, 3.0028650144231506e-07], "K1": [0.9999996423721313, 1.175135579956077e-07, 2.3181172537078965e-07], "T1s1": [2.7269254587736214e-06, 8.579530117458489e-07, 2.000777385546826e-06, 0.9999943971633911], "P4": [2.18381856598171e-07, 8.491508651786717e-08, 8.299566900404898e-08, 6.859302459361061e-08, 0.9999983310699463, 8.447004518075119e-08, 1.0546870754524207e-07, 1.6623378940039402e-07, 1.1021237611430479e-07, 1.859554572547495e-07, 1.6869788055373647e-07, 9.970275982595922e-08, 2.087874264589118e-07], "EM1": [2.067234390779049e-06, 1.914848098749644e-06, 3.7816455460415455e-06, 5.386018983699614e-06, 0.9999868869781494], "TM1": [6.519713338093425e-07, 4.539373037459882e-07, 0.9999979734420776, 2.9913883281551534e-07, 2.613244021176797e-07, 3.3316177905362565e-07], "I1s2": [[2.5845150730674504e-07, 3.519673157370562e-07, 0.9999994039535522], [1.7262271967410925e-07, 2.7537114988263056e-07, 0.9999995231628418], [0.999994158744812, 2.6470418106327998e-06, 3.187204129062593e-06], [2.926617526100017e-07, 1.4130706631476642e-06, 0.9999983310699463], [1.8087214925799344e-07, 6.449851071010926e-07, 0.9999991655349731], [3.838846964754339e-07, 7.070828473842994e-07, 0.999998927116394], [4.1710282516760344e-07, 7.156277774811315e-07, 0.9999988079071045], [2.189597552160194e-07, 3.504544281440758e-07, 0.9999994039535522], [1.2760023082591943e-07, 6.100670475461811e-07, 0.9999992847442627], [1.904966353549753e-07, 2.0925196508869703e-07, 0.9999996423721313], [0.9999926090240479, 3.63365279554273e-06, 3.759831997740548e-06], [3.444312426381657e-07, 4.829047384191654e-07, 0.9999991655349731], [1.9458194344679214e-07, 6.928700031494373e-07, 0.9999991655349731], [3.8602527752118476e-07, 8.840126497489109e-07, 0.9999986886978149], [2.302614063864894e-07, 3.3952534295167425e-07, 0.9999994039535522], [1.1780744557654543e-07, 1.512997727104448e-07, 0.9999997615814209], [3.1919518050926854e-07, 4.912350277663791e-07, 0.9999991655349731], [2.917669519320043e-07, 3.2014028761295776e-07, 0.9999994039535522], [3.8305017824313836e-07, 6.506080012513848e-07, 0.999998927116394], [1.5021927879388386e-07, 3.5633468087326037e-07, 0.9999995231628418], [1.7188705214721267e-07, 6.285460472099658e-07, 0.9999991655349731], [6.560955512213695e-07, 3.2256738791147654e-07, 0.9999990463256836], [1.7425401210857672e-07, 7.319546853068459e-07, 0.9999990463256836], [1.4499549649826804e-07, 1.2220048972721997e-07, 0.9999997615814209], [0.999993085861206, 2.6687007448344957e-06, 4.295216513128253e-06], [0.9999967813491821, 1.4222296158550307e-06, 1.7758280819180072e-06], [0.9999936819076538, 3.3193286981259007e-06, 2.9582947718154173e-06], [1.274752321478445e-07, 3.6467918107518926e-07, 0.9999995231628418]], "S4": [[3.6922831441188464e-06, 1.6258453570117126e-06, 0.9999946355819702], [0.9999856948852539, 7.284272669494385e-06, 7.012247806414962e-06], [4.094186181191617e-07, 6.145339170871011e-07, 0.999998927116394], [5.183316034162999e-07, 6.041739197826246e-07, 0.999998927116394], [7.613166985720454e-07, 8.103802997538878e-07, 0.9999984502792358], [4.845088596994174e-07, 9.367571465190849e-07, 0.9999985694885254], [6.269593200158852e-07, 5.607247999250831e-07, 0.9999988079071045], [5.372097575673251e-07, 4.447021240139293e-07, 0.9999990463256836], [5.774145961368049e-07, 6.314525649031566e-07, 0.9999988079071045], [4.969064093529596e-07, 6.633197813243896e-07, 0.9999988079071045], [4.722473079254996e-07, 9.587587328496738e-07, 0.9999985694885254], [1.1304703093628632e-06, 7.662615075787471e-07, 0.9999980926513672], [6.248649810913776e-07, 1.1926410934393061e-06, 0.9999982118606567], [4.4112431396570173e-07, 8.869107546161104e-07, 0.9999986886978149], [4.894661174148496e-07, 8.835893936520733e-07, 0.9999985694885254], [8.521881227352424e-07, 5.121530080032244e-07, 0.9999986886978149], [4.878650088357972e-07, 5.508194931280741e-07, 0.999998927116394], [1.9612585333561583e-07, 5.41133147180517e-07, 0.9999992847442627], [7.356856031037751e-07, 9.833527201408288e-07, 0.9999983310699463], [4.880967026110739e-07, 7.223638931463938e-07, 0.9999988079071045], [5.170403483134578e-07, 1.0163826118514407e-06, 0.9999984502792358], [7.902023639871913e-07, 1.1634112979663769e-06, 0.9999980926513672]]}, "infer_command_tokens": ["I1s2_0_2", "I1s2_1_2", "I1s2_2_0", "I1s2_3_2", "I1s2_4_2", "I1s2_5_2", "I1s2_6_2", "I1s2_7_2", "I1s2_8_2", "I1s2_9_2", "I1s2_10_0", "I1s2_11_2", "I1s2_12_2", "I1s2_13_2", "I1s2_14_2", "I1s2_15_2", "I1s2_16_2", "I1s2_17_2", "I1s2_18_2", "I1s2_19_2", "I1s2_20_2", "I1s2_21_2", "I1s2_22_2", "I1s2_23_2", "I1s2_24_0", "I1s2_25_0", "I1s2_26_0", "I1s2_27_2", "I4_28", "C1_4", "R1_2", "R3_2", "S2s1_17", "S4_0_2", "S4_1_0", "S4_2_2", "S4_3_2", "S4_4_2", "S4_5_2", "S4_6_2", "S4_7_2", "S4_8_2", "S4_9_2", "S4_10_2", "S4_11_2", "S4_12_2", "S4_13_2", "S4_14_2", "S4_15_2", "S4_16_2", "S4_17_2", "S4_18_2", "S4_19_2", "S4_20_2", "S4_21_2", "B1s1_3", "TS1s1_4", "K1_0", "T1s1_3", "P4_4", "ST1_14", "EM1_4", "TM1_2"]}