{"text": "This music offers a unique and memorable listening experience with its pitch range of 4 octaves. The major key adds a unique flavor to the music, while the heavy beat and gentle rhythm, with a running time of over 60 seconds, create a musical performance that is both compelling and evocative. The use of synth, drum, guitar and bass in the performance further adds to its appeal, along with its 4/4 meter. All of these elements come together to create a quintessential example of the pop and rnB sound, making this song a must-listen for anyone who appreciates great music.", "pred_labels": {"R1": [0, 0, 1], "R3": [0, 0, 1, 0], "S2s1": [0, 0, 0, 0, 0, 0, 0, 0, 0, 0, 0, 0, 0, 0, 0, 0, 0, 1], "B1s1": [0, 0, 0, 0, 1], "TS1s1": [1, 0, 0, 0, 0, 0, 0, 0], "K1": [1, 0, 0], "T1s1": [1, 0, 0, 0], "P4": [0, 0, 0, 0, 1, 0, 0, 0, 0, 0, 0, 0, 0], "EM1": [0, 0, 0, 0, 1], "TM1": [0, 0, 0, 0, 1, 0], "I1s2": [[0, 0, 1], [0, 0, 1], [0, 0, 1], [0, 0, 1], [1, 0, 0], [1, 0, 0], [0, 0, 1], [0, 0, 1], [0, 0, 1], [0, 0, 1], [0, 0, 1], [0, 0, 1], [0, 0, 1], [0, 0, 1], [0, 0, 1], [0, 0, 1], [0, 0, 1], [0, 0, 1], [0, 0, 1], [0, 0, 1], [0, 0, 1], [0, 0, 1], [0, 0, 1], [0, 0, 1], [1, 0, 0], [0, 0, 1], [0, 0, 1], [1, 0, 0]], "S4": [[0, 0, 1], [0, 0, 1], [0, 0, 1], [0, 0, 1], [0, 0, 1], [0, 0, 1], [0, 0, 1], [1, 0, 0], [0, 0, 1], [0, 0, 1], [0, 0, 1], [0, 0, 1], [0, 0, 1], [1, 0, 0], [0, 0, 1], [0, 0, 1], [0, 0, 1], [0, 0, 1], [0, 0, 1], [0, 0, 1], [0, 0, 1], [0, 0, 1]]}, "pred_probs": {"R1": [4.217067271383712e-06, 4.470494786801282e-06, 0.9999912977218628], "R3": [2.365383124924847e-06, 2.7314583348925225e-05, 0.9999697208404541, 5.368917754822178e-07], "S2s1": [2.5114977688645013e-06, 2.850473720172886e-06, 4.735083166451659e-06, 3.407649273867719e-06, 3.478526195976883e-06, 4.253038696333533e-06, 3.4008119200734654e-06, 3.043393462576205e-06, 3.3264452667935984e-06, 2.8783208563254448e-06, 4.928531780024059e-06, 4.772812644660007e-06, 3.8460648283944465e-06, 1.3498087128027692e-06, 4.168534815107705e-06, 1.0115238183061592e-05, 1.6273030496449792e-06, 0.9999352693557739], "B1s1": [6.5097060542029794e-06, 5.066573976364452e-06, 8.729585715627763e-06, 1.9684782728290884e-06, 0.999977707862854], "TS1s1": [0.999997615814209, 3.294548491794558e-07, 6.701376946693927e-07, 1.3315597868768236e-07, 3.2092717106024793e-07, 1.4874652265461918e-07, 3.1439469694305444e-07, 3.7834445265616523e-07], "K1": [0.9999996423721313, 1.2340628074980486e-07, 2.1513243098070234e-07], "T1s1": [0.9999966621398926, 8.601012950748554e-07, 1.0043298743767082e-06, 1.5133533679545508e-06], "P4": [1.7112162709054246e-07, 7.56523519385155e-08, 7.1862672257339e-08, 7.226554288308762e-08, 0.9999984502792358, 7.765273579707355e-08, 1.24174903248786e-07, 1.5304978262520308e-07, 1.2416364825185155e-07, 1.732157244305199e-07, 1.577824093601521e-07, 1.0890241242123011e-07, 2.0960261792879464e-07], "EM1": [2.414342361589661e-06, 3.4359850360488053e-06, 5.9005046750826295e-06, 2.2258547687670216e-05, 0.999966025352478], "TM1": [1.9748470947433816e-07, 1.484731058098987e-07, 2.3423837092195754e-07, 1.5232416217259015e-07, 0.9999992847442627, 3.813275384345616e-08], "I1s2": [[2.8619081149372505e-07, 3.6643689327320317e-07, 0.9999994039535522], [2.3838457252622902e-07, 2.544890378430864e-07, 0.9999995231628418], [3.5682703014572326e-07, 3.747422567812464e-07, 0.9999992847442627], [5.173903900868027e-07, 3.1624381335859653e-06, 0.9999963045120239], [0.9999929666519165, 3.3534829526615795e-06, 3.672544153232593e-06], [0.9999926090240479, 3.3545852602401283e-06, 4.071489456691779e-06], [3.813214846104529e-07, 6.305842816800578e-07, 0.9999990463256836], [2.3974772034307534e-07, 3.2056280474535015e-07, 0.9999994039535522], [1.6032242911023786e-07, 6.633756584051298e-07, 0.9999991655349731], [2.2635498453382752e-07, 2.867476212031761e-07, 0.9999995231628418], [2.958738321012788e-07, 5.783274446002906e-07, 0.9999991655349731], [3.976752793732885e-07, 7.276366886799224e-07, 0.999998927116394], [2.8055777079316613e-07, 1.0066917184303747e-06, 0.9999986886978149], [9.244964189747407e-07, 3.2478778848599177e-06, 0.9999958276748657], [2.3905249690869823e-07, 3.4133793747059826e-07, 0.9999994039535522], [1.882668669850318e-07, 1.9734319778308418e-07, 0.9999996423721313], [3.9756531577950227e-07, 6.649032116001763e-07, 0.999998927116394], [2.71846232635653e-07, 2.726901016103511e-07, 0.9999994039535522], [3.891591404681094e-07, 7.272357152032782e-07, 0.999998927116394], [1.5717809276338812e-07, 3.5780166740551067e-07, 0.9999995231628418], [2.0679468093476316e-07, 6.342689289340342e-07, 0.9999991655349731], [6.152312721496855e-07, 3.055428408060834e-07, 0.9999990463256836], [1.8577829052901507e-07, 1.005327590064553e-06, 0.9999988079071045], [1.5931610164443555e-07, 1.7451372968935175e-07, 0.9999996423721313], [0.999992847442627, 2.761228870440391e-06, 4.434654783835867e-06], [2.129878708956312e-07, 3.974207061219204e-07, 0.9999994039535522], [4.5295286099644727e-07, 1.0802344831972732e-06, 0.9999984502792358], [0.9999929666519165, 2.7121382117911708e-06, 4.237720077071572e-06]], "S4": [[4.992185949959094e-06, 1.5956212564560701e-06, 0.9999934434890747], [5.143170369592553e-07, 6.078530532249715e-07, 0.999998927116394], [4.5739417942058935e-07, 6.323752472781052e-07, 0.999998927116394], [4.866809035775077e-07, 7.095658816069772e-07, 0.9999988079071045], [7.430661526086624e-07, 8.507563507009763e-07, 0.9999984502792358], [5.833799718857335e-07, 1.0454824632688542e-06, 0.9999983310699463], [6.566355068571283e-07, 5.988948714730213e-07, 0.9999986886978149], [0.9999818801879883, 1.1537011232576333e-05, 6.578332431672607e-06], [5.657475412590429e-07, 7.282932870111836e-07, 0.9999986886978149], [4.962150796927745e-07, 6.334303179755807e-07, 0.999998927116394], [4.86018393530685e-07, 1.0127232599188574e-06, 0.9999984502792358], [1.0768399079097435e-06, 8.411091130255954e-07, 0.9999980926513672], [6.062124953132297e-07, 1.2736319376926986e-06, 0.9999980926513672], [0.9999713897705078, 2.2908994651515968e-05, 5.668967787642032e-06], [7.235900056912214e-07, 1.1757026641134871e-06, 0.9999980926513672], [1.0265816854371224e-06, 7.314530421353993e-07, 0.9999982118606567], [6.222023785085184e-07, 8.582724717598467e-07, 0.9999985694885254], [2.0905959274841734e-07, 5.561540774579044e-07, 0.9999992847442627], [8.076889344010851e-07, 9.239733458343835e-07, 0.9999982118606567], [5.061075398771209e-07, 7.682368732275791e-07, 0.9999986886978149], [5.280721779854503e-07, 1.2871677199655096e-06, 0.9999982118606567], [8.012564762793772e-07, 1.1751241117963218e-06, 0.9999979734420776]]}, "infer_command_tokens": ["I1s2_0_2", "I1s2_1_2", "I1s2_2_2", "I1s2_3_2", "I1s2_4_0", "I1s2_5_0", "I1s2_6_2", "I1s2_7_2", "I1s2_8_2", "I1s2_9_2", "I1s2_10_2", "I1s2_11_2", "I1s2_12_2", "I1s2_13_2", "I1s2_14_2", "I1s2_15_2", "I1s2_16_2", "I1s2_17_2", "I1s2_18_2", "I1s2_19_2", "I1s2_20_2", "I1s2_21_2", "I1s2_22_2", "I1s2_23_2", "I1s2_24_0", "I1s2_25_2", "I1s2_26_2", "I1s2_27_0", "I4_28", "C1_4", "R1_2", "R3_2", "S2s1_17", "S4_0_2", "S4_1_2", "S4_2_2", "S4_3_2", "S4_4_2", "S4_5_2", "S4_6_2", "S4_7_0", "S4_8_2", "S4_9_2", "S4_10_2", "S4_11_2", "S4_12_2", "S4_13_0", "S4_14_2", "S4_15_2", "S4_16_2", "S4_17_2", "S4_18_2", "S4_19_2", "S4_20_2", "S4_21_2", "B1s1_4", "TS1s1_0", "K1_0", "T1s1_0", "P4_4", "ST1_14", "EM1_4", "TM1_4"]}