{"text": "The easy listening style of this song is embodied by a focused and impactful musical performance, resulting from its compact pitch range of 5 octaves. The powerful and memorable sound of the major key is enhanced by the highly vigorous rhythm, as the cello, bass, violin and viola give the music its distinctive sound. An unusual  time signature adds an interesting element to the song, which is performed at a leisurely pace throughout its about 50 seconds runtime. Overall, this song showcases a unique blend of musical elements that make it stand out in its genre and leave a lasting impression on its listeners.", "pred_labels": {"R1": [0, 0, 1], "R3": [0, 0, 1, 0], "S2s1": [0, 0, 0, 0, 0, 0, 0, 0, 0, 0, 0, 0, 0, 0, 0, 0, 0, 1], "B1s1": [0, 0, 0, 0, 1], "TS1s1": [0, 0, 0, 0, 0, 0, 1, 0], "K1": [1, 0, 0], "T1s1": [1, 0, 0, 0], "P4": [0, 0, 0, 0, 0, 1, 0, 0, 0, 0, 0, 0, 0], "EM1": [0, 0, 0, 0, 1], "TM1": [0, 0, 0, 1, 0, 0], "I1s2": [[0, 0, 1], [0, 0, 1], [0, 0, 1], [0, 0, 1], [0, 0, 1], [1, 0, 0], [1, 0, 0], [1, 0, 0], [1, 0, 0], [0, 0, 1], [0, 0, 1], [0, 0, 1], [0, 0, 1], [0, 0, 1], [0, 0, 1], [0, 0, 1], [0, 0, 1], [0, 0, 1], [0, 0, 1], [0, 0, 1], [0, 0, 1], [0, 0, 1], [0, 0, 1], [0, 0, 1], [0, 0, 1], [0, 0, 1], [0, 0, 1], [0, 0, 1]], "S4": [[0, 0, 1], [0, 0, 1], [0, 0, 1], [0, 0, 1], [0, 0, 1], [1, 0, 0], [0, 0, 1], [0, 0, 1], [0, 0, 1], [0, 0, 1], [0, 0, 1], [0, 0, 1], [0, 0, 1], [0, 0, 1], [0, 0, 1], [0, 0, 1], [0, 0, 1], [0, 0, 1], [0, 0, 1], [0, 0, 1], [0, 0, 1], [0, 0, 1]]}, "pred_probs": {"R1": [4.313304543757113e-06, 4.04159300160245e-06, 0.9999916553497314], "R3": [8.330203513651213e-07, 1.2847015113948146e-06, 0.9999973773956299, 4.794841856892162e-07], "S2s1": [2.5251817987737013e-06, 2.6312709451303817e-06, 4.26741598857916e-06, 3.093539817200508e-06, 3.6247392927180044e-06, 4.001784418505849e-06, 3.2499142434971873e-06, 2.3308100480790017e-06, 2.597591674202704e-06, 3.144135462207487e-06, 4.265796178515302e-06, 4.845189323532395e-06, 4.006060862593586e-06, 1.2869587635577773e-06, 3.7091299418534618e-06, 9.651159416534938e-06, 1.8845778413378866e-06, 0.9999388456344604], "B1s1": [6.563412625837373e-06, 4.791405899595702e-06, 8.040434295253363e-06, 2.3990262434381293e-06, 0.9999781847000122], "TS1s1": [9.84937514658668e-07, 1.3520901802621665e-06, 1.431527948625444e-06, 1.7547143897900241e-06, 1.5574875078527839e-06, 1.776541580511548e-06, 0.9999808073043823, 1.0376898899266962e-05], "K1": [0.9999996423721313, 1.1980604597283673e-07, 2.159795968736944e-07], "T1s1": [0.9999974966049194, 6.479253329416679e-07, 1.0870987807720667e-06, 8.928111014938622e-07], "P4": [1.1691142987046987e-07, 2.739991771250061e-07, 2.3464367870928982e-07, 3.7341825986914046e-07, 7.358772791121737e-08, 0.9999980926513672, 1.4997858954757248e-07, 1.497159303198714e-07, 8.127913275757237e-08, 1.1857574833129547e-07, 2.424446563509264e-07, 1.0234823122345915e-07, 1.085668088762759e-07], "EM1": [2.597405000415165e-06, 2.247980319225462e-06, 3.702534058902529e-06, 5.235451226326404e-06, 0.9999861717224121], "TM1": [3.6563537264555634e-07, 3.3340566574224795e-07, 7.514265689678723e-07, 0.9999983310699463, 1.335323531748145e-07, 1.1377000674883675e-07], "I1s2": [[3.1599014960193017e-07, 3.399510148938134e-07, 0.9999992847442627], [2.1161740448860655e-07, 2.6174984668614343e-07, 0.9999995231628418], [3.9949202346178936e-07, 3.3261426324315835e-07, 0.9999992847442627], [5.942168286310334e-07, 3.3025194170477334e-06, 0.9999960660934448], [4.3920510961470427e-07, 8.952881671575597e-07, 0.9999986886978149], [0.9999920129776001, 3.5340883641765686e-06, 4.405867912282702e-06], [0.999994158744812, 4.0188265302276704e-06, 1.7414411104255123e-06], [0.9999904632568359, 5.506911747943377e-06, 4.034733137814328e-06], [0.9999940395355225, 2.657350933077396e-06, 3.336480631332961e-06], [2.0506966791344894e-07, 1.6959629078883154e-07, 0.9999996423721313], [4.080319513377617e-07, 1.085898816199915e-06, 0.9999984502792358], [4.96715927056357e-07, 7.102252652657626e-07, 0.9999988079071045], [4.7105274347813975e-07, 1.7120372604040313e-06, 0.9999978542327881], [1.1454707191660418e-06, 2.373250936216209e-06, 0.9999964237213135], [3.281468821114686e-07, 3.9045033872753265e-07, 0.9999992847442627], [1.944395364716911e-07, 2.64450648046477e-07, 0.9999995231628418], [5.910690106247785e-07, 1.0157623364648316e-06, 0.9999984502792358], [3.19202541732011e-07, 2.2157713885917474e-07, 0.9999994039535522], [4.7157550397969317e-07, 7.520111466874368e-07, 0.9999988079071045], [1.5666296349081676e-07, 3.8881506725374493e-07, 0.9999994039535522], [2.400102800947934e-07, 5.952554715804581e-07, 0.9999991655349731], [8.702957643436093e-07, 3.706556981342146e-07, 0.9999988079071045], [1.9280788876585575e-07, 6.749986596332747e-07, 0.9999991655349731], [1.6757488197072234e-07, 1.5814580933692923e-07, 0.9999996423721313], [1.7227815760634257e-06, 2.4943787479969615e-07, 0.9999979734420776], [2.792158397824096e-07, 4.18443306671179e-07, 0.9999992847442627], [4.73819426360933e-07, 1.033489638757601e-06, 0.9999984502792358], [1.677820904433247e-07, 3.4763166922857636e-07, 0.9999995231628418]], "S4": [[3.845486389764119e-06, 1.614570237506996e-06, 0.9999945163726807], [5.613952680505463e-07, 5.975143153591489e-07, 0.9999988079071045], [4.3574070218710403e-07, 7.605469818372512e-07, 0.9999988079071045], [4.108689495296858e-07, 6.739866762472957e-07, 0.999998927116394], [7.93921230979322e-07, 8.62587683059246e-07, 0.9999983310699463], [0.9999834299087524, 8.742165846342687e-06, 7.867060958233196e-06], [6.37391508462315e-07, 5.98905216975254e-07, 0.9999988079071045], [6.289679959081695e-07, 4.813376790480106e-07, 0.999998927116394], [5.763685635429283e-07, 8.101230832835427e-07, 0.9999985694885254], [4.807063760381425e-07, 6.622951218560047e-07, 0.9999988079071045], [5.214882321524783e-07, 1.1500691243782057e-06, 0.9999983310699463], [1.2055295428581303e-06, 8.155371347129403e-07, 0.9999979734420776], [6.690376608275983e-07, 1.3529286206903635e-06, 0.9999979734420776], [6.606063038816501e-07, 7.414240030811925e-07, 0.9999985694885254], [4.1876566569953866e-07, 7.144950586734922e-07, 0.9999988079071045], [9.017334150485112e-07, 6.494923923128226e-07, 0.9999984502792358], [8.20278160063026e-07, 1.0834676231752383e-06, 0.9999980926513672], [2.203735505190707e-07, 6.008494324305502e-07, 0.9999991655349731], [8.360142373931012e-07, 9.986123359340127e-07, 0.9999982118606567], [5.24656968536874e-07, 8.490413847539457e-07, 0.9999985694885254], [6.640216838604829e-07, 1.4283067457654397e-06, 0.9999978542327881], [7.504030463678646e-07, 1.126881556956505e-06, 0.9999980926513672]]}, "infer_command_tokens": ["I1s2_0_2", "I1s2_1_2", "I1s2_2_2", "I1s2_3_2", "I1s2_4_2", "I1s2_5_0", "I1s2_6_0", "I1s2_7_0", "I1s2_8_0", "I1s2_9_2", "I1s2_10_2", "I1s2_11_2", "I1s2_12_2", "I1s2_13_2", "I1s2_14_2", "I1s2_15_2", "I1s2_16_2", "I1s2_17_2", "I1s2_18_2", "I1s2_19_2", "I1s2_20_2", "I1s2_21_2", "I1s2_22_2", "I1s2_23_2", "I1s2_24_2", "I1s2_25_2", "I1s2_26_2", "I1s2_27_2", "I4_28", "C1_4", "R1_2", "R3_2", "S2s1_17", "S4_0_2", "S4_1_2", "S4_2_2", "S4_3_2", "S4_4_2", "S4_5_0", "S4_6_2", "S4_7_2", "S4_8_2", "S4_9_2", "S4_10_2", "S4_11_2", "S4_12_2", "S4_13_2", "S4_14_2", "S4_15_2", "S4_16_2", "S4_17_2", "S4_18_2", "S4_19_2", "S4_20_2", "S4_21_2", "B1s1_4", "TS1s1_6", "K1_0", "T1s1_0", "P4_5", "ST1_14", "EM1_4", "TM1_3"]}