{"text": "The musical piece that I am describing is a prime example of the Latin genre. It showcases a pitch range that spans 4 octaves, which is further enhanced by the unique flavor that the major key adds to the music. With a duration of about 40 seconds, the song's beat is balanced and falls in the sweet spot, being neither too fast nor too slow. For the best result, it should include piano, drum, guitar and bass instruments and use the 4/4 time signature, which adds to its rhythmic appeal. Overall, this musical piece is an exceptional representation of its genre and deserves appreciation for its well-crafted composition and balanced sound.", "pred_labels": {"R1": [0, 0, 1], "R3": [0, 1, 0, 0], "S2s1": [0, 0, 0, 0, 0, 0, 0, 0, 0, 0, 0, 0, 0, 0, 0, 0, 0, 1], "B1s1": [0, 0, 0, 0, 1], "TS1s1": [1, 0, 0, 0, 0, 0, 0, 0], "K1": [1, 0, 0], "T1s1": [0, 0, 0, 1], "P4": [0, 0, 0, 0, 1, 0, 0, 0, 0, 0, 0, 0, 0], "EM1": [0, 0, 0, 0, 1], "TM1": [0, 0, 1, 0, 0, 0], "I1s2": [[1, 0, 0], [0, 0, 1], [0, 0, 1], [0, 0, 1], [1, 0, 0], [1, 0, 0], [0, 0, 1], [0, 0, 1], [0, 0, 1], [0, 0, 1], [0, 0, 1], [0, 0, 1], [0, 0, 1], [0, 0, 1], [0, 0, 1], [0, 0, 1], [0, 0, 1], [0, 0, 1], [0, 0, 1], [0, 0, 1], [0, 0, 1], [0, 0, 1], [0, 0, 1], [0, 0, 1], [0, 0, 1], [0, 0, 1], [0, 0, 1], [1, 0, 0]], "S4": [[0, 0, 1], [0, 0, 1], [0, 0, 1], [0, 0, 1], [0, 0, 1], [0, 0, 1], [0, 0, 1], [0, 0, 1], [1, 0, 0], [0, 0, 1], [0, 0, 1], [0, 0, 1], [0, 0, 1], [0, 0, 1], [0, 0, 1], [0, 0, 1], [0, 0, 1], [0, 0, 1], [0, 0, 1], [0, 0, 1], [0, 0, 1], [0, 0, 1]]}, "pred_probs": {"R1": [4.3253894546069205e-06, 4.1115695239568595e-06, 0.9999915361404419], "R3": [2.053736579910037e-06, 0.9999955892562866, 7.92170510521828e-07, 1.5504887187489658e-06], "S2s1": [2.4837383989506634e-06, 2.6642710508895107e-06, 4.443580110091716e-06, 3.189265271430486e-06, 3.617307356762467e-06, 4.093188181286678e-06, 3.5325185763213085e-06, 2.908762326114811e-06, 2.9966147394588916e-06, 2.9667294256796595e-06, 5.083019914309261e-06, 4.671595434047049e-06, 3.5523662518244237e-06, 1.4640478411820368e-06, 4.088374225830194e-06, 9.747041076479945e-06, 1.6666175497448421e-06, 0.9999368190765381], "B1s1": [6.591828878299566e-06, 4.780164545081789e-06, 8.215861271310132e-06, 2.199182972617564e-06, 0.9999781847000122], "TS1s1": [0.9999977350234985, 3.882182397774159e-07, 6.116571285019745e-07, 1.274629681802253e-07, 3.118234701560141e-07, 1.5506405759424524e-07, 3.65295335313931e-07, 3.848868175282405e-07], "K1": [0.9999996423721313, 1.2995464260256995e-07, 2.3292729167678772e-07], "T1s1": [1.122539379139198e-05, 0.4307286739349365, 1.9178642105543986e-05, 0.5692408680915833], "P4": [1.626761161332979e-07, 7.532020163125708e-08, 7.240848276524048e-08, 6.7917760304681e-08, 0.9999984502792358, 8.770907555799567e-08, 1.078679474630917e-07, 1.5344365067448962e-07, 1.0860909327448098e-07, 1.5538688558081049e-07, 1.6134259794853278e-07, 1.034617227446688e-07, 2.1911934311447112e-07], "EM1": [2.1757141439593397e-06, 2.479869181115646e-06, 4.2627143557183444e-06, 8.258768502855673e-06, 0.9999828338623047], "TM1": [6.116746931184025e-07, 4.0280366420120117e-07, 0.9999978542327881, 3.5920899676966656e-07, 3.091087421580596e-07, 3.0983417786956124e-07], "I1s2": [[0.9999936819076538, 2.7651074105961015e-06, 3.595065209083259e-06], [1.7301663035595993e-07, 2.572292032709811e-07, 0.9999995231628418], [3.772620402742177e-07, 3.6352975030240486e-07, 0.9999992847442627], [5.896740731259342e-07, 2.490747647243552e-06, 0.9999969005584717], [0.9999936819076538, 3.0644043818028877e-06, 3.234869154766784e-06], [0.9999934434890747, 2.589104269645759e-06, 3.946131982957013e-06], [3.2407271532974846e-07, 6.631630640185904e-07, 0.9999990463256836], [2.1988910248182947e-07, 3.1454044346901355e-07, 0.9999995231628418], [2.095152638048603e-07, 5.349654657038627e-07, 0.9999992847442627], [2.0421954616267612e-07, 1.8386359101896232e-07, 0.9999996423721313], [3.418114431497088e-07, 6.612073093492654e-07, 0.9999990463256836], [4.812081897398457e-07, 7.014985499154136e-07, 0.9999988079071045], [3.0274603091129393e-07, 1.007387936624582e-06, 0.9999986886978149], [1.1350093700457364e-06, 2.898823140640161e-06, 0.9999959468841553], [2.472229994054942e-07, 3.7039444578113034e-07, 0.9999994039535522], [2.7304349714540876e-07, 2.8973559551559447e-07, 0.9999994039535522], [6.0084545339123e-07, 1.0311709957022686e-06, 0.9999983310699463], [3.110033901521092e-07, 2.510223282570223e-07, 0.9999994039535522], [4.3259052517896635e-07, 8.552828489882813e-07, 0.9999986886978149], [1.4498300515697338e-07, 3.864846007672895e-07, 0.9999995231628418], [1.867667691612951e-07, 6.003367616358446e-07, 0.9999991655349731], [7.296699209291546e-07, 3.6435218930819246e-07, 0.999998927116394], [2.495468436336523e-07, 9.17329202820838e-07, 0.9999988079071045], [1.842704904220227e-07, 2.033426795833293e-07, 0.9999996423721313], [1.732129362608248e-06, 2.2702637636484724e-07, 0.9999980926513672], [2.1920462245361705e-07, 4.0499639908375684e-07, 0.9999994039535522], [4.6873415726622625e-07, 7.815175990799617e-07, 0.9999988079071045], [0.9999932050704956, 2.7548542220756644e-06, 3.9951910366653465e-06]], "S4": [[4.442686076799873e-06, 1.4634252920586732e-06, 0.9999940395355225], [6.452000889112242e-07, 6.717803557876323e-07, 0.9999986886978149], [4.5931753334116365e-07, 6.009226467540429e-07, 0.999998927116394], [4.833971161133377e-07, 6.927865001671307e-07, 0.9999988079071045], [8.123920451907907e-07, 8.144850198732456e-07, 0.9999983310699463], [5.513927021638665e-07, 9.10376911633648e-07, 0.9999985694885254], [6.979776685511752e-07, 5.992291107759229e-07, 0.9999986886978149], [5.530534963327227e-07, 4.300986802263651e-07, 0.9999990463256836], [0.999969482421875, 2.5226489015039988e-05, 5.197079644858604e-06], [5.759187047260639e-07, 6.240578045435541e-07, 0.9999988079071045], [4.801015052180446e-07, 9.213849239131378e-07, 0.9999985694885254], [1.1766796887968667e-06, 7.794195653332281e-07, 0.9999980926513672], [6.435484465328045e-07, 1.232354975400085e-06, 0.9999980926513672], [5.052876872468914e-07, 8.294398980979167e-07, 0.9999986886978149], [4.1042639509214496e-07, 7.282516776285775e-07, 0.9999988079071045], [9.608904747437919e-07, 6.126149401097791e-07, 0.9999984502792358], [6.202117788234318e-07, 7.518962661379192e-07, 0.9999985694885254], [2.0570226411109616e-07, 5.009725327909109e-07, 0.9999992847442627], [7.48659090277215e-07, 9.574034720571944e-07, 0.9999983310699463], [5.468843369271781e-07, 6.640090077780769e-07, 0.9999988079071045], [5.965642912997282e-07, 1.1676108897518134e-06, 0.9999982118606567], [8.454791782241955e-07, 1.1658146377158118e-06, 0.9999979734420776]]}, "infer_command_tokens": ["I1s2_0_0", "I1s2_1_2", "I1s2_2_2", "I1s2_3_2", "I1s2_4_0", "I1s2_5_0", "I1s2_6_2", "I1s2_7_2", "I1s2_8_2", "I1s2_9_2", "I1s2_10_2", "I1s2_11_2", "I1s2_12_2", "I1s2_13_2", "I1s2_14_2", "I1s2_15_2", "I1s2_16_2", "I1s2_17_2", "I1s2_18_2", "I1s2_19_2", "I1s2_20_2", "I1s2_21_2", "I1s2_22_2", "I1s2_23_2", "I1s2_24_2", "I1s2_25_2", "I1s2_26_2", "I1s2_27_0", "I4_28", "C1_4", "R1_2", "R3_1", "S2s1_17", "S4_0_2", "S4_1_2", "S4_2_2", "S4_3_2", "S4_4_2", "S4_5_2", "S4_6_2", "S4_7_2", "S4_8_0", "S4_9_2", "S4_10_2", "S4_11_2", "S4_12_2", "S4_13_2", "S4_14_2", "S4_15_2", "S4_16_2", "S4_17_2", "S4_18_2", "S4_19_2", "S4_20_2", "S4_21_2", "B1s1_4", "TS1s1_0", "K1_0", "T1s1_3", "P4_4", "ST1_14", "EM1_4", "TM1_2"]}