{"text": "The use of a specific pitch range of 4 octaves creates a cohesive and unified sound throughout the musical piece, while the minor key adds a distinct atmosphere. With a runtime of 31 ~ 45 seconds, the song maintains a lively and upbeat tempo. The sound of the music is primarily generated by synthesizer, brass, drum and guitar, and it follows a time signature of 4/4. Played at a rapid pace, this music squarely falls within the rap and pop genre.", "pred_labels": {"R1": [0, 0, 1], "R3": [0, 0, 1, 0], "S2s1": [0, 0, 0, 0, 0, 0, 0, 0, 0, 0, 0, 0, 0, 0, 0, 0, 0, 1], "B1s1": [0, 0, 0, 0, 1], "TS1s1": [1, 0, 0, 0, 0, 0, 0, 0], "K1": [0, 1, 0], "T1s1": [0, 0, 1, 0], "P4": [0, 0, 0, 0, 1, 0, 0, 0, 0, 0, 0, 0, 0], "EM1": [0, 0, 0, 0, 1], "TM1": [0, 0, 1, 0, 0, 0], "I1s2": [[0, 0, 1], [0, 0, 1], [0, 0, 1], [0, 0, 1], [1, 0, 0], [0, 0, 1], [0, 0, 1], [0, 0, 1], [0, 0, 1], [0, 0, 1], [0, 0, 1], [0, 0, 1], [0, 0, 1], [0, 0, 1], [0, 0, 1], [0, 0, 1], [1, 0, 0], [0, 0, 1], [0, 0, 1], [0, 0, 1], [0, 0, 1], [0, 0, 1], [0, 0, 1], [0, 0, 1], [1, 0, 0], [0, 0, 1], [0, 0, 1], [1, 0, 0]], "S4": [[0, 0, 1], [0, 0, 1], [1, 0, 0], [0, 0, 1], [0, 0, 1], [0, 0, 1], [0, 0, 1], [0, 0, 1], [0, 0, 1], [0, 0, 1], [0, 0, 1], [0, 0, 1], [0, 0, 1], [1, 0, 0], [0, 0, 1], [0, 0, 1], [0, 0, 1], [0, 0, 1], [0, 0, 1], [0, 0, 1], [0, 0, 1], [0, 0, 1]]}, "pred_probs": {"R1": [4.294193331588758e-06, 4.232208993926179e-06, 0.9999914169311523], "R3": [4.2262553279215354e-07, 2.492243993401644e-06, 0.9999966621398926, 4.655083216675848e-07], "S2s1": [2.695761622817372e-06, 2.8035899504175177e-06, 4.450972937775077e-06, 3.029940899068606e-06, 3.427170213399222e-06, 4.044074557896238e-06, 3.1912643407849828e-06, 3.1782167297933483e-06, 2.816361529767164e-06, 3.0189225981303025e-06, 5.119819888932398e-06, 5.057967428001575e-06, 3.7924537537037395e-06, 1.266867343474587e-06, 4.3611967157630716e-06, 9.677214620751329e-06, 1.948605358847999e-06, 0.9999359846115112], "B1s1": [6.626654794672504e-06, 5.481197604240151e-06, 1.0036551429948304e-05, 2.3092170522431843e-06, 0.9999755620956421], "TS1s1": [0.9999977350234985, 3.4425508488311607e-07, 6.430077519326005e-07, 1.363196702186542e-07, 3.2461730370414443e-07, 1.4406619186502212e-07, 3.2105393188430753e-07, 3.542390913935378e-07], "K1": [3.225533191653085e-07, 0.9999992847442627, 3.824961538612115e-07], "T1s1": [1.5006474995971075e-06, 1.0190724424319342e-06, 0.9999969005584717, 6.511540959763806e-07], "P4": [2.0531891209429887e-07, 9.19860028147923e-08, 8.882135205112718e-08, 7.34410861014112e-08, 0.9999983310699463, 8.207866386555907e-08, 1.287986179931977e-07, 1.607802460057428e-07, 1.1411828637619692e-07, 2.114337718239767e-07, 1.4943550752377632e-07, 1.1457203186182596e-07, 2.490809265509597e-07], "EM1": [2.404711040071561e-06, 2.839531134668505e-06, 4.926444944430841e-06, 9.87109433481237e-06, 0.9999799728393555], "TM1": [7.295438422261213e-07, 5.769438757852186e-07, 0.9999977350234985, 3.255852618622157e-07, 2.671502841167239e-07, 3.399741785869992e-07], "I1s2": [[2.79237724498671e-07, 3.19543346449791e-07, 0.9999994039535522], [2.436312342979363e-07, 2.3228307099998347e-07, 0.9999995231628418], [3.009324700542493e-07, 3.407609199257422e-07, 0.9999994039535522], [2.2168730140492698e-07, 1.0598121207294753e-06, 0.9999986886978149], [0.9999934434890747, 3.1291287996282335e-06, 3.4064014471368864e-06], [4.0138414192369964e-07, 6.462311148425215e-07, 0.999998927116394], [4.2022995216939307e-07, 5.99623149355466e-07, 0.999998927116394], [2.250269801606919e-07, 3.332334301830997e-07, 0.9999994039535522], [1.224196211069284e-07, 4.4521743802761193e-07, 0.9999994039535522], [1.9582203947265953e-07, 1.964701965562199e-07, 0.9999996423721313], [2.786407549137948e-07, 4.0419996594209806e-07, 0.9999992847442627], [3.2936236493696924e-07, 4.695145889854757e-07, 0.9999991655349731], [2.4094484274428396e-07, 5.062208288109105e-07, 0.9999992847442627], [6.065804427635157e-07, 2.075154952763114e-06, 0.9999973773956299], [1.8990475325608713e-07, 2.5744540721461817e-07, 0.9999995231628418], [2.1597094246317283e-07, 1.1918838538349519e-07, 0.9999996423721313], [0.9999940395355225, 1.9710878405021504e-06, 3.954958174290368e-06], [2.7015860837309447e-07, 2.182880081136318e-07, 0.9999995231628418], [4.4368539420247544e-07, 6.478131808762555e-07, 0.999998927116394], [1.706156638192624e-07, 3.818918798970117e-07, 0.9999994039535522], [2.2420930179123388e-07, 5.199491965868219e-07, 0.9999992847442627], [5.967309562038281e-07, 3.1159291324911464e-07, 0.9999990463256836], [1.7576056166035414e-07, 9.99898588815995e-07, 0.9999988079071045], [1.2651267411456502e-07, 1.271998399943186e-07, 0.9999997615814209], [0.9999923706054688, 3.2199311590375146e-06, 4.390919457364362e-06], [1.855631239777722e-07, 2.536037584377482e-07, 0.9999995231628418], [2.9879223006901157e-07, 4.3390758719397127e-07, 0.9999992847442627], [0.9999935626983643, 2.602834911158425e-06, 3.8446833059424534e-06]], "S4": [[6.3236548157874495e-06, 2.1600103536911774e-06, 0.9999915361404419], [5.763236572420283e-07, 6.343957466015127e-07, 0.9999988079071045], [0.9999889135360718, 5.252393748378381e-06, 5.878330739506055e-06], [4.796257258021797e-07, 6.88971681483963e-07, 0.9999988079071045], [7.436509008584835e-07, 8.729028877496603e-07, 0.9999983310699463], [5.554105086957861e-07, 9.787701173991081e-07, 0.9999984502792358], [5.525060942090931e-07, 6.121368301137409e-07, 0.9999988079071045], [6.362097906276176e-07, 4.0868445694286493e-07, 0.999998927116394], [6.027235031069722e-07, 7.282210390258115e-07, 0.9999986886978149], [5.130272029418848e-07, 6.092755597819632e-07, 0.999998927116394], [4.825306518796424e-07, 9.928420467986143e-07, 0.9999985694885254], [1.0670138408386265e-06, 8.937342386161617e-07, 0.9999980926513672], [6.959978122722532e-07, 1.2115714298488456e-06, 0.9999980926513672], [0.9999814033508301, 1.3854471944796387e-05, 4.795526365342084e-06], [7.789269034219615e-07, 1.1172007816639962e-06, 0.9999980926513672], [7.71031864132965e-07, 5.056338068243349e-07, 0.9999986886978149], [4.771329713548766e-07, 5.656003736476123e-07, 0.999998927116394], [2.150726601257702e-07, 5.068962423138146e-07, 0.9999992847442627], [8.004265055205906e-07, 9.591525440555415e-07, 0.9999982118606567], [5.019123818783555e-07, 8.187195135178627e-07, 0.9999986886978149], [5.803964313599863e-07, 1.468130790271971e-06, 0.9999979734420776], [8.345388664565689e-07, 1.0774048178063822e-06, 0.9999980926513672]]}, "infer_command_tokens": ["I1s2_0_2", "I1s2_1_2", "I1s2_2_2", "I1s2_3_2", "I1s2_4_0", "I1s2_5_2", "I1s2_6_2", "I1s2_7_2", "I1s2_8_2", "I1s2_9_2", "I1s2_10_2", "I1s2_11_2", "I1s2_12_2", "I1s2_13_2", "I1s2_14_2", "I1s2_15_2", "I1s2_16_0", "I1s2_17_2", "I1s2_18_2", "I1s2_19_2", "I1s2_20_2", "I1s2_21_2", "I1s2_22_2", "I1s2_23_2", "I1s2_24_0", "I1s2_25_2", "I1s2_26_2", "I1s2_27_0", "I4_28", "C1_4", "R1_2", "R3_2", "S2s1_17", "S4_0_2", "S4_1_2", "S4_2_0", "S4_3_2", "S4_4_2", "S4_5_2", "S4_6_2", "S4_7_2", "S4_8_2", "S4_9_2", "S4_10_2", "S4_11_2", "S4_12_2", "S4_13_0", "S4_14_2", "S4_15_2", "S4_16_2", "S4_17_2", "S4_18_2", "S4_19_2", "S4_20_2", "S4_21_2", "B1s1_4", "TS1s1_0", "K1_1", "T1s1_2", "P4_4", "ST1_14", "EM1_4", "TM1_2"]}