{"text": "The music composed in the major key is enriched by grand piano, strings and drum and has a distinctive character due to its pitch range of 5 octaves, emphasizing its emotional depth. The song plays for 31 ~ 45 seconds with a calm and moderate rhythm and a adventure feeling. The time signature of the music is 4/4, and it moves at a moderate speed, adding to its overall mood and tone.", "pred_labels": {"R1": [0, 0, 1], "R3": [0, 1, 0, 0], "S2s1": [0, 0, 0, 0, 0, 0, 0, 0, 0, 0, 0, 0, 0, 0, 0, 0, 0, 1], "B1s1": [0, 0, 0, 0, 1], "TS1s1": [1, 0, 0, 0, 0, 0, 0, 0], "K1": [1, 0, 0], "T1s1": [0, 1, 0, 0], "P4": [0, 0, 0, 0, 0, 1, 0, 0, 0, 0, 0, 0, 0], "EM1": [1, 0, 0, 0, 0], "TM1": [0, 0, 1, 0, 0, 0], "I1s2": [[1, 0, 0], [0, 0, 1], [0, 0, 1], [0, 0, 1], [0, 0, 1], [0, 0, 1], [0, 0, 1], [0, 0, 1], [0, 0, 1], [0, 0, 1], [1, 0, 0], [0, 0, 1], [0, 0, 1], [0, 0, 1], [0, 0, 1], [0, 0, 1], [0, 0, 1], [0, 0, 1], [0, 0, 1], [0, 0, 1], [0, 0, 1], [0, 0, 1], [0, 0, 1], [0, 0, 1], [0, 0, 1], [0, 0, 1], [0, 0, 1], [1, 0, 0]], "S4": [[0, 0, 1], [0, 0, 1], [0, 0, 1], [0, 0, 1], [0, 0, 1], [0, 0, 1], [0, 0, 1], [0, 0, 1], [0, 0, 1], [0, 0, 1], [0, 0, 1], [0, 0, 1], [0, 0, 1], [0, 0, 1], [0, 0, 1], [0, 0, 1], [0, 0, 1], [0, 0, 1], [0, 0, 1], [0, 0, 1], [0, 0, 1], [0, 0, 1]]}, "pred_probs": {"R1": [4.703370905190241e-06, 4.029410774819553e-06, 0.9999912977218628], "R3": [6.303450845734915e-07, 0.9999982118606567, 6.445786198128189e-07, 6.276325734688726e-07], "S2s1": [2.4544262942072237e-06, 2.6056268325191922e-06, 4.911102678306634e-06, 3.239030547774746e-06, 4.371159320726292e-06, 3.979719622293487e-06, 3.5140369618602563e-06, 2.948689825643669e-06, 2.9240943604236236e-06, 3.182974523951998e-06, 4.8253732529701665e-06, 5.371523002395406e-06, 3.842553724098252e-06, 1.311472829002014e-06, 4.478305982047459e-06, 9.547552508593071e-06, 1.8849077605409548e-06, 0.9999345541000366], "B1s1": [6.64045728626661e-06, 5.355425400921376e-06, 9.449520803173073e-06, 2.254162382087088e-06, 0.9999762773513794], "TS1s1": [0.9999977350234985, 4.0136563939086045e-07, 6.035023147887841e-07, 1.337818531510493e-07, 3.1577727099829644e-07, 1.5794805108271248e-07, 3.426909813697421e-07, 3.5315699165039405e-07], "K1": [0.9999996423721313, 1.1925773435450537e-07, 2.288321923060721e-07], "T1s1": [2.2206288576853694e-06, 0.9999961853027344, 9.395419056090759e-07, 5.899694883737538e-07], "P4": [1.1727538407058091e-07, 2.7017091497327783e-07, 2.0991586779928184e-07, 2.3387654835005378e-07, 7.42005639153831e-08, 0.9999983310699463, 1.2332141352544568e-07, 1.2194711018764792e-07, 6.627866611097488e-08, 1.050651405876124e-07, 2.0179635384920402e-07, 8.638665605076312e-08, 7.98233017462735e-08], "EM1": [0.9999666213989258, 2.0007819330203347e-05, 3.4632530514500104e-06, 5.679904916178202e-06, 4.164091933489544e-06], "TM1": [6.815237156843068e-07, 4.707285086169577e-07, 0.9999978542327881, 3.004456345934159e-07, 2.766753084415541e-07, 3.3680842648209364e-07], "I1s2": [[0.9999940395355225, 2.7832497835333925e-06, 3.2506734441994922e-06], [2.2122117115941364e-07, 2.413549680113647e-07, 0.9999995231628418], [2.9019739145041967e-07, 2.811710828609648e-07, 0.9999994039535522], [3.183534715844871e-07, 1.1371033679097309e-06, 0.9999985694885254], [2.8886529435112607e-07, 6.149532509880373e-07, 0.9999990463256836], [4.258010903868126e-07, 5.953808113190462e-07, 0.999998927116394], [5.336510753295443e-07, 6.013989377606777e-07, 0.9999988079071045], [2.537967986881995e-07, 3.195857232185517e-07, 0.9999994039535522], [1.56108484361539e-07, 3.28073411992591e-07, 0.9999995231628418], [2.417597499970725e-07, 1.7128985518866102e-07, 0.9999996423721313], [0.999990701675415, 4.618449111148948e-06, 4.6554355321859475e-06], [3.2709584729673225e-07, 2.988107894452696e-07, 0.9999994039535522], [2.7512012934494123e-07, 5.609293225461442e-07, 0.9999991655349731], [4.772767852045945e-07, 6.547053885697096e-07, 0.999998927116394], [2.3969676021806663e-07, 2.7433395644038683e-07, 0.9999995231628418], [1.1253815301870418e-07, 1.8519754974022362e-07, 0.9999997615814209], [3.0538964779225353e-07, 4.1685251517264987e-07, 0.9999992847442627], [2.639889373767801e-07, 2.8837217769250856e-07, 0.9999994039535522], [4.291664197353384e-07, 7.188926360868209e-07, 0.9999988079071045], [1.511560867584194e-07, 4.0793852917886397e-07, 0.9999994039535522], [2.1335661415378127e-07, 4.595249265548773e-07, 0.9999992847442627], [7.586643278045813e-07, 3.128284902231826e-07, 0.999998927116394], [2.208736731290628e-07, 6.226931077435438e-07, 0.9999991655349731], [1.2822707162740699e-07, 1.1312912562289057e-07, 0.9999997615814209], [1.5981371461748495e-06, 1.7788656236916722e-07, 0.9999982118606567], [1.9168335541053239e-07, 2.642784409090382e-07, 0.9999995231628418], [3.2920439707595506e-07, 4.480088193759002e-07, 0.9999991655349731], [0.999992847442627, 2.7096300527773565e-06, 4.413083843246568e-06]], "S4": [[4.546504897007253e-06, 1.689623786660377e-06, 0.9999938011169434], [5.71052794384741e-07, 6.287220912781777e-07, 0.9999988079071045], [4.289042010441335e-07, 6.497560320894991e-07, 0.999998927116394], [4.05725302243809e-07, 6.158363703434588e-07, 0.999998927116394], [7.679435611862573e-07, 9.275172487832606e-07, 0.9999983310699463], [5.715739348488569e-07, 1.0705795148169273e-06, 0.9999983310699463], [5.84216536481108e-07, 5.613609914689732e-07, 0.9999988079071045], [5.486045893121627e-07, 4.8511748218516e-07, 0.999998927116394], [6.706951580781606e-07, 8.20574257431872e-07, 0.9999984502792358], [4.871712917520199e-07, 6.708226578666654e-07, 0.9999988079071045], [4.922142693430942e-07, 1.085668941414042e-06, 0.9999984502792358], [1.0345937653255532e-06, 8.578858228247555e-07, 0.9999980926513672], [7.032542725937674e-07, 1.3287535693962127e-06, 0.9999979734420776], [5.527257371795713e-07, 8.995398843580915e-07, 0.9999985694885254], [4.69303955696887e-07, 8.131581807901966e-07, 0.9999986886978149], [8.592174935984076e-07, 6.476151952483633e-07, 0.9999984502792358], [5.308648383106629e-07, 6.529861025228456e-07, 0.9999988079071045], [2.109212147161088e-07, 5.06565697833139e-07, 0.9999992847442627], [7.594151725243137e-07, 9.744902627062402e-07, 0.9999982118606567], [5.176245849725092e-07, 7.556682248832658e-07, 0.9999986886978149], [5.179099389351904e-07, 9.384158374814433e-07, 0.9999985694885254], [7.438379725499544e-07, 1.119909256885876e-06, 0.9999980926513672]]}, "infer_command_tokens": ["I1s2_0_0", "I1s2_1_2", "I1s2_2_2", "I1s2_3_2", "I1s2_4_2", "I1s2_5_2", "I1s2_6_2", "I1s2_7_2", "I1s2_8_2", "I1s2_9_2", "I1s2_10_0", "I1s2_11_2", "I1s2_12_2", "I1s2_13_2", "I1s2_14_2", "I1s2_15_2", "I1s2_16_2", "I1s2_17_2", "I1s2_18_2", "I1s2_19_2", "I1s2_20_2", "I1s2_21_2", "I1s2_22_2", "I1s2_23_2", "I1s2_24_2", "I1s2_25_2", "I1s2_26_2", "I1s2_27_0", "I4_28", "C1_4", "R1_2", "R3_1", "S2s1_17", "S4_0_2", "S4_1_2", "S4_2_2", "S4_3_2", "S4_4_2", "S4_5_2", "S4_6_2", "S4_7_2", "S4_8_2", "S4_9_2", "S4_10_2", "S4_11_2", "S4_12_2", "S4_13_2", "S4_14_2", "S4_15_2", "S4_16_2", "S4_17_2", "S4_18_2", "S4_19_2", "S4_20_2", "S4_21_2", "B1s1_4", "TS1s1_0", "K1_0", "T1s1_1", "P4_5", "ST1_14", "EM1_0", "TM1_2"]}