{"text": "The song is a fast-paced, anxiety-radiating piece that spans approximately about 6 bars, with a length of about 20 seconds and a tempo that is really intense. It uses the 4/4 time signature and the pitch range is within 5 octaves. minor key adds a unique flavor to the music, and it's recommended that piano, drum and bass are included in the arrangement to complement its energetic vibe.", "pred_labels": {"R1": [0, 0, 1], "R3": [0, 0, 1, 0], "S2s1": [0, 0, 0, 0, 0, 0, 0, 0, 0, 0, 0, 0, 0, 0, 0, 0, 0, 1], "B1s1": [0, 1, 0, 0, 0], "TS1s1": [1, 0, 0, 0, 0, 0, 0, 0], "K1": [0, 1, 0], "T1s1": [0, 0, 1, 0], "P4": [0, 0, 0, 0, 0, 1, 0, 0, 0, 0, 0, 0, 0], "EM1": [0, 1, 0, 0, 0], "TM1": [0, 1, 0, 0, 0, 0], "I1s2": [[1, 0, 0], [0, 0, 1], [0, 0, 1], [0, 0, 1], [0, 0, 1], [1, 0, 0], [0, 0, 1], [0, 0, 1], [0, 0, 1], [0, 0, 1], [0, 0, 1], [0, 0, 1], [0, 0, 1], [0, 0, 1], [0, 0, 1], [0, 0, 1], [0, 0, 1], [0, 0, 1], [0, 0, 1], [0, 0, 1], [0, 0, 1], [0, 0, 1], [0, 0, 1], [0, 0, 1], [0, 0, 1], [0, 0, 1], [0, 0, 1], [1, 0, 0]], "S4": [[0, 0, 1], [0, 0, 1], [0, 0, 1], [0, 0, 1], [0, 0, 1], [0, 0, 1], [0, 0, 1], [0, 0, 1], [0, 0, 1], [0, 0, 1], [0, 0, 1], [0, 0, 1], [0, 0, 1], [0, 0, 1], [0, 0, 1], [0, 0, 1], [0, 0, 1], [0, 0, 1], [0, 0, 1], [0, 0, 1], [0, 0, 1], [0, 0, 1]]}, "pred_probs": {"R1": [4.34628327639075e-06, 4.265215011400869e-06, 0.9999914169311523], "R3": [1.1438585261203116e-06, 1.3936585219198605e-06, 0.999996542930603, 8.951155336944794e-07], "S2s1": [2.4898142783058574e-06, 2.533368387958035e-06, 4.0511731640435755e-06, 3.130733603029512e-06, 3.478428652670118e-06, 4.02829618906253e-06, 2.969293518617633e-06, 3.1116624086280353e-06, 2.7307421532896115e-06, 2.8541451229102677e-06, 4.457803242985392e-06, 5.390584192355163e-06, 4.099712441529846e-06, 1.3532458069676068e-06, 4.117634944122983e-06, 9.701034286990762e-06, 1.9408121261221822e-06, 0.9999377727508545], "B1s1": [7.718921892774233e-07, 0.9999961853027344, 9.59487238105794e-07, 9.630441581975901e-07, 1.1814337312898715e-06], "TS1s1": [0.999997615814209, 4.3852409703504236e-07, 5.61728199954814e-07, 1.3206091864503833e-07, 3.1061483696248615e-07, 1.4618214549955155e-07, 3.405790209853876e-07, 3.576819267436804e-07], "K1": [3.224444355964806e-07, 0.9999992847442627, 3.964875077144825e-07], "T1s1": [2.4700570975255687e-06, 7.132486530281312e-07, 0.9999960660934448, 7.05493164332438e-07], "P4": [1.0943942641006288e-07, 1.5691327348577033e-07, 1.3678558730134682e-07, 2.644785865868471e-07, 6.695514542798264e-08, 0.9999984502792358, 1.4431036277073872e-07, 1.0280373174964552e-07, 7.878583119236282e-08, 1.0025846108874248e-07, 2.139406092283025e-07, 9.677228263171855e-08, 7.683711089612189e-08], "EM1": [2.096676871587988e-05, 0.9999606609344482, 5.439779215521412e-06, 6.202169970492832e-06, 6.649960596405435e-06], "TM1": [1.8630043996381573e-07, 0.9999988079071045, 3.245520190375828e-07, 2.199699054017401e-07, 2.1982626208227884e-07, 1.7468623525473959e-07], "I1s2": [[0.999994158744812, 2.7641674478218192e-06, 3.107588099737768e-06], [2.0126940114550962e-07, 2.509469538836129e-07, 0.9999995231628418], [4.0181322447097045e-07, 3.131587504867639e-07, 0.9999992847442627], [5.677655394720205e-07, 3.042499884031713e-06, 0.9999964237213135], [5.087320573693432e-07, 1.2892869563074782e-06, 0.9999982118606567], [0.9999922513961792, 3.906589881808031e-06, 3.852749159705127e-06], [3.559235608463496e-07, 5.703611236640427e-07, 0.9999990463256836], [2.2747335037820449e-07, 2.8587820111170004e-07, 0.9999995231628418], [2.0543291157082422e-07, 4.1016838281393575e-07, 0.9999994039535522], [2.433702093185275e-07, 2.622803378926619e-07, 0.9999995231628418], [3.3340464256070845e-07, 6.242371455300599e-07, 0.9999990463256836], [5.838099355059967e-07, 6.408193371498783e-07, 0.9999988079071045], [3.979414202603948e-07, 1.1318343240418471e-06, 0.9999984502792358], [9.891289209917886e-07, 2.194390617660247e-06, 0.9999967813491821], [2.5434343342567445e-07, 3.0730507205589674e-07, 0.9999994039535522], [2.425712466447294e-07, 3.85648036171915e-07, 0.9999994039535522], [5.04119896049815e-07, 1.0899077551584924e-06, 0.9999984502792358], [3.064864984025917e-07, 2.2063460392018897e-07, 0.9999995231628418], [4.4694093048747163e-07, 7.47458045680105e-07, 0.9999988079071045], [1.3642760166021617e-07, 3.8436411387010594e-07, 0.9999995231628418], [1.8836290394119715e-07, 4.831254614146019e-07, 0.9999992847442627], [6.296546644080081e-07, 3.067082730012771e-07, 0.9999990463256836], [1.9849450438869098e-07, 5.740562301070895e-07, 0.9999992847442627], [1.5818955034774262e-07, 1.419303430338914e-07, 0.9999996423721313], [2.063453166556428e-06, 1.8571077475826314e-07, 0.9999977350234985], [2.098270215356024e-07, 3.966898987073364e-07, 0.9999994039535522], [4.445789443252579e-07, 9.549670494379825e-07, 0.9999985694885254], [0.9999938011169434, 2.6887257718044566e-06, 3.507568635541247e-06]], "S4": [[6.770018899260322e-06, 1.9123926904285327e-06, 0.9999912977218628], [5.560567046813958e-07, 6.023483365424909e-07, 0.9999988079071045], [4.3947460426352336e-07, 6.456194228121603e-07, 0.999998927116394], [4.393828305637726e-07, 6.176644546940224e-07, 0.999998927116394], [8.218521543312818e-07, 9.642077429816709e-07, 0.9999982118606567], [5.495888331097376e-07, 9.106512948164891e-07, 0.9999985694885254], [6.297590289250365e-07, 6.169896664687258e-07, 0.9999988079071045], [5.402290526035358e-07, 4.772390411744709e-07, 0.999998927116394], [5.642216365231434e-07, 7.668907073821174e-07, 0.9999986886978149], [4.753172504479153e-07, 6.348921033350052e-07, 0.999998927116394], [4.806925062439404e-07, 9.366034987579042e-07, 0.9999985694885254], [1.0648922170730657e-06, 7.875962637626799e-07, 0.9999980926513672], [7.250744715747715e-07, 1.2109303497709334e-06, 0.9999980926513672], [5.158042313269107e-07, 9.442068744647258e-07, 0.9999985694885254], [4.5600731368722336e-07, 7.96579797679442e-07, 0.9999986886978149], [9.569570238454617e-07, 6.849461442470783e-07, 0.9999983310699463], [6.881610374875891e-07, 9.056806788976246e-07, 0.9999984502792358], [2.1476354561400512e-07, 5.612600375570764e-07, 0.9999991655349731], [7.16788576937688e-07, 9.8107182111562e-07, 0.9999983310699463], [5.322416427588905e-07, 7.197905347311462e-07, 0.9999986886978149], [4.845338708037161e-07, 8.428609135080478e-07, 0.9999986886978149], [7.556541277153883e-07, 1.0823131333381752e-06, 0.9999982118606567]]}, "infer_command_tokens": ["I1s2_0_0", "I1s2_1_2", "I1s2_2_2", "I1s2_3_2", "I1s2_4_2", "I1s2_5_0", "I1s2_6_2", "I1s2_7_2", "I1s2_8_2", "I1s2_9_2", "I1s2_10_2", "I1s2_11_2", "I1s2_12_2", "I1s2_13_2", "I1s2_14_2", "I1s2_15_2", "I1s2_16_2", "I1s2_17_2", "I1s2_18_2", "I1s2_19_2", "I1s2_20_2", "I1s2_21_2", "I1s2_22_2", "I1s2_23_2", "I1s2_24_2", "I1s2_25_2", "I1s2_26_2", "I1s2_27_0", "I4_28", "C1_4", "R1_2", "R3_2", "S2s1_17", "S4_0_2", "S4_1_2", "S4_2_2", "S4_3_2", "S4_4_2", "S4_5_2", "S4_6_2", "S4_7_2", "S4_8_2", "S4_9_2", "S4_10_2", "S4_11_2", "S4_12_2", "S4_13_2", "S4_14_2", "S4_15_2", "S4_16_2", "S4_17_2", "S4_18_2", "S4_19_2", "S4_20_2", "S4_21_2", "B1s1_1", "TS1s1_0", "K1_1", "T1s1_2", "P4_5", "ST1_14", "EM1_1", "TM1_1"]}