{"text": "This track runs for 31 ~ 45 seconds and features a 4/4 meter. Its pitch range is within 5 octaves. The tempo of this song is rapid.", "pred_labels": {"R1": [0, 0, 1], "R3": [0, 0, 0, 1], "S2s1": [0, 0, 0, 0, 0, 0, 0, 0, 0, 0, 0, 0, 0, 0, 0, 0, 0, 1], "B1s1": [0, 0, 0, 0, 1], "TS1s1": [1, 0, 0, 0, 0, 0, 0, 0], "K1": [0, 0, 1], "T1s1": [0, 0, 1, 0], "P4": [0, 0, 0, 0, 0, 1, 0, 0, 0, 0, 0, 0, 0], "EM1": [0, 0, 0, 0, 1], "TM1": [0, 0, 1, 0, 0, 0], "I1s2": [[0, 0, 1], [0, 0, 1], [0, 0, 1], [0, 0, 1], [0, 0, 1], [0, 0, 1], [0, 0, 1], [0, 0, 1], [0, 0, 1], [0, 0, 1], [0, 0, 1], [0, 0, 1], [0, 0, 1], [0, 0, 1], [0, 0, 1], [0, 0, 1], [0, 0, 1], [0, 0, 1], [0, 0, 1], [0, 0, 1], [0, 0, 1], [0, 0, 1], [0, 0, 1], [0, 0, 1], [0, 0, 1], [0, 0, 1], [0, 0, 1], [0, 0, 1]], "S4": [[0, 0, 1], [0, 0, 1], [0, 0, 1], [0, 0, 1], [0, 0, 1], [0, 0, 1], [0, 0, 1], [0, 0, 1], [0, 0, 1], [0, 0, 1], [0, 0, 1], [0, 0, 1], [0, 0, 1], [0, 0, 1], [0, 0, 1], [0, 0, 1], [0, 0, 1], [0, 0, 1], [0, 0, 1], [0, 0, 1], [0, 0, 1], [0, 0, 1]]}, "pred_probs": {"R1": [4.510213784669759e-06, 5.0720968829409685e-06, 0.9999904632568359], "R3": [1.8647359638634953e-06, 3.0876155506120995e-05, 3.1578429116052575e-06, 0.9999641180038452], "S2s1": [3.290514086984331e-06, 3.4186512039013905e-06, 6.0641700656560715e-06, 3.804818561548018e-06, 5.584795871982351e-06, 5.230388978816336e-06, 3.991970061179018e-06, 4.133681159146363e-06, 2.798304194584489e-06, 4.453500423551304e-06, 5.183270332054235e-06, 7.073004780977499e-06, 5.131856596563011e-06, 1.6905322581806104e-06, 6.210813808138482e-06, 1.0923305126198102e-05, 2.9607551823573885e-06, 0.9999181032180786], "B1s1": [9.167203643301036e-06, 6.730949280608911e-06, 1.5683528545196168e-05, 2.7576670618145727e-06, 0.9999656677246094], "TS1s1": [0.9999964237213135, 7.377139468189853e-07, 1.2875053698735428e-06, 1.7369342231177143e-07, 3.947139362026064e-07, 2.0250097065854789e-07, 3.9275124663618044e-07, 5.232906232777168e-07], "K1": [1.018810735331499e-06, 1.5320129023166373e-06, 0.9999974966049194], "T1s1": [2.4080682123894803e-06, 7.441926754836459e-07, 0.9999960660934448, 7.753759518891457e-07], "P4": [1.478304341162584e-07, 2.986735410104302e-07, 2.60260861750794e-07, 3.787383491271612e-07, 1.005793990316306e-07, 0.9999977350234985, 1.0729742427884048e-07, 1.809925009865765e-07, 8.5773216085272e-08, 1.4279136451023078e-07, 2.354947952198927e-07, 1.0799118399518193e-07, 1.0996852495281928e-07], "EM1": [1.4069668395677581e-05, 2.144621430488769e-05, 1.076529770216439e-05, 0.00010961884981952608, 0.9998440742492676], "TM1": [6.724386025780404e-07, 6.94698428560514e-07, 0.9999977350234985, 3.910195118805859e-07, 2.824681928359496e-07, 3.3550421107975126e-07], "I1s2": [[3.0014598451089114e-07, 2.414297455288761e-07, 0.9999994039535522], [3.2572057762081386e-07, 2.4449286684102844e-07, 0.9999994039535522], [2.7394648327572213e-07, 2.091509827550908e-07, 0.9999995231628418], [4.3488265077940014e-07, 5.972535177534155e-07, 0.999998927116394], [2.673997414603946e-07, 3.503688787986903e-07, 0.9999994039535522], [5.670375458066701e-07, 4.769328256770677e-07, 0.999998927116394], [3.4625384159880923e-07, 4.902540808870981e-07, 0.9999991655349731], [2.785905621749407e-07, 3.063435656258662e-07, 0.9999994039535522], [2.542018364692922e-07, 2.1825428575539263e-07, 0.9999995231628418], [2.7093346943729557e-07, 1.360353962809313e-07, 0.9999996423721313], [4.070190868787904e-07, 2.9884381547162775e-07, 0.9999992847442627], [3.6267101677367464e-07, 2.404926249255368e-07, 0.9999994039535522], [2.8673309770965716e-07, 2.862907138023729e-07, 0.9999994039535522], [4.730516991457989e-07, 4.851827952734311e-07, 0.9999990463256836], [2.6276077846887347e-07, 2.4662534769959166e-07, 0.9999995231628418], [2.0060753058714909e-07, 1.5651620799417287e-07, 0.9999996423721313], [3.2953363415799686e-07, 3.775934942495951e-07, 0.9999992847442627], [3.3756592188183276e-07, 1.5654499918582587e-07, 0.9999995231628418], [5.40679025107238e-07, 5.509434686246095e-07, 0.999998927116394], [2.796845706143358e-07, 6.280366164901352e-07, 0.9999990463256836], [2.1900824265230767e-07, 2.5573299922143633e-07, 0.9999995231628418], [7.291454267033259e-07, 3.9340898183581885e-07, 0.999998927116394], [2.2958819556606613e-07, 6.172806479298742e-07, 0.9999991655349731], [1.4228598388399405e-07, 1.0784690118725848e-07, 0.9999997615814209], [1.250164928023878e-06, 1.3926255348906125e-07, 0.9999985694885254], [2.1782925330171565e-07, 2.794743068079697e-07, 0.9999995231628418], [5.054672556070727e-07, 3.515556272759568e-07, 0.9999991655349731], [2.46274197479579e-07, 3.3823036460489675e-07, 0.9999994039535522]], "S4": [[4.185906163911568e-06, 1.6217346683333744e-06, 0.999994158744812], [7.827212016309204e-07, 8.24183530312439e-07, 0.9999984502792358], [4.870597081207961e-07, 8.652854148749611e-07, 0.9999986886978149], [4.901622787656379e-07, 7.587149184473674e-07, 0.9999988079071045], [8.611586395090853e-07, 1.2886977174275671e-06, 0.9999978542327881], [6.486292818408401e-07, 1.300797293879441e-06, 0.9999980926513672], [4.6166258016455686e-07, 7.660845540158334e-07, 0.9999988079071045], [7.088381153153023e-07, 5.413450594460301e-07, 0.9999988079071045], [6.888438974783639e-07, 8.651053349240101e-07, 0.9999984502792358], [4.999916995984677e-07, 1.0893134003708838e-06, 0.9999984502792358], [5.995756851007172e-07, 1.4800434655626304e-06, 0.9999979734420776], [1.0943623465209384e-06, 1.4792001366004115e-06, 0.9999973773956299], [9.274162948713638e-07, 1.8520441926739295e-06, 0.9999972581863403], [6.434740953409346e-07, 1.479827233197284e-06, 0.9999978542327881], [5.910501954531355e-07, 1.2642532283280161e-06, 0.9999980926513672], [7.804956112522632e-07, 5.745663429479464e-07, 0.9999986886978149], [5.418960427050479e-07, 8.290854793813196e-07, 0.9999985694885254], [2.63626333207867e-07, 6.403344059435767e-07, 0.9999990463256836], [9.283689905714709e-07, 1.1941737056986312e-06, 0.9999978542327881], [5.299228291733016e-07, 9.899280257741339e-07, 0.9999984502792358], [5.720875719816831e-07, 1.157450924438308e-06, 0.9999982118606567], [7.28489965240442e-07, 1.4703640545121743e-06, 0.9999978542327881]]}, "infer_command_tokens": ["I1s2_0_2", "I1s2_1_2", "I1s2_2_2", "I1s2_3_2", "I1s2_4_2", "I1s2_5_2", "I1s2_6_2", "I1s2_7_2", "I1s2_8_2", "I1s2_9_2", "I1s2_10_2", "I1s2_11_2", "I1s2_12_2", "I1s2_13_2", "I1s2_14_2", "I1s2_15_2", "I1s2_16_2", "I1s2_17_2", "I1s2_18_2", "I1s2_19_2", "I1s2_20_2", "I1s2_21_2", "I1s2_22_2", "I1s2_23_2", "I1s2_24_2", "I1s2_25_2", "I1s2_26_2", "I1s2_27_2", "I4_28", "C1_4", "R1_2", "R3_3", "S2s1_17", "S4_0_2", "S4_1_2", "S4_2_2", "S4_3_2", "S4_4_2", "S4_5_2", "S4_6_2", "S4_7_2", "S4_8_2", "S4_9_2", "S4_10_2", "S4_11_2", "S4_12_2", "S4_13_2", "S4_14_2", "S4_15_2", "S4_16_2", "S4_17_2", "S4_18_2", "S4_19_2", "S4_20_2", "S4_21_2", "B1s1_4", "TS1s1_0", "K1_2", "T1s1_2", "P4_5", "ST1_14", "EM1_4", "TM1_2"]}