{"text": "The song's compact pitch range, spanning 3 octaves, creates a focused and impactful musical performance, which is further enhanced by its moderate beat. Despite moving at a rapid rate, the song's running time is about 40 seconds, allowing for a concise and dynamic listening experience. The music conveys sadness. Synth and drum should be included in the music.", "pred_labels": {"R1": [0, 0, 1], "R3": [0, 1, 0, 0], "S2s1": [0, 0, 0, 0, 0, 0, 0, 0, 0, 0, 0, 0, 0, 0, 0, 0, 0, 1], "B1s1": [0, 0, 0, 0, 1], "TS1s1": [0, 0, 0, 0, 0, 0, 0, 1], "K1": [0, 0, 1], "T1s1": [0, 0, 1, 0], "P4": [0, 0, 0, 1, 0, 0, 0, 0, 0, 0, 0, 0, 0], "EM1": [0, 0, 1, 0, 0], "TM1": [0, 0, 1, 0, 0, 0], "I1s2": [[0, 0, 1], [0, 0, 1], [0, 0, 1], [0, 0, 1], [0, 0, 1], [0, 0, 1], [0, 0, 1], [0, 0, 1], [0, 0, 1], [0, 0, 1], [0, 0, 1], [0, 0, 1], [0, 0, 1], [0, 0, 1], [0, 0, 1], [0, 0, 1], [0, 0, 1], [0, 0, 1], [0, 0, 1], [0, 0, 1], [0, 0, 1], [0, 0, 1], [0, 0, 1], [0, 0, 1], [1, 0, 0], [0, 0, 1], [0, 0, 1], [1, 0, 0]], "S4": [[0, 0, 1], [0, 0, 1], [0, 0, 1], [0, 0, 1], [0, 0, 1], [0, 0, 1], [0, 0, 1], [0, 0, 1], [0, 0, 1], [0, 0, 1], [0, 0, 1], [0, 0, 1], [0, 0, 1], [0, 0, 1], [0, 0, 1], [0, 0, 1], [0, 0, 1], [0, 0, 1], [0, 0, 1], [0, 0, 1], [0, 0, 1], [0, 0, 1]]}, "pred_probs": {"R1": [4.256706688465783e-06, 4.186741989542497e-06, 0.9999915361404419], "R3": [5.526800919142261e-07, 0.9999970197677612, 1.303847511735512e-06, 1.1293731176920119e-06], "S2s1": [2.315592382728937e-06, 2.5306580937467515e-06, 4.758497198054101e-06, 3.341252522659488e-06, 3.699826493175351e-06, 3.773756134251016e-06, 3.0386784146685386e-06, 2.555746050347807e-06, 2.5539284251863137e-06, 2.912864147219807e-06, 4.3315412767697126e-06, 5.068781774753006e-06, 3.830231435131282e-06, 1.3797501878798357e-06, 3.7059037367725978e-06, 9.004595085571054e-06, 1.80306028596533e-06, 0.9999393224716187], "B1s1": [6.400682650564704e-06, 5.449492618936347e-06, 8.302418791572563e-06, 2.2894644189364044e-06, 0.9999775886535645], "TS1s1": [6.983285629758029e-07, 1.3633664366352605e-06, 9.33340174924524e-07, 1.9965086721640546e-06, 8.551303380954778e-07, 1.753748620103579e-06, 4.904076922684908e-05, 0.9999433755874634], "K1": [5.496390258485917e-07, 1.133962427957158e-06, 0.9999983310699463], "T1s1": [1.1225506568735e-06, 1.3659764590556733e-06, 0.9999963045120239, 1.1711225624821964e-06], "P4": [2.0078900320186222e-07, 1.034539636179943e-07, 7.613753894020192e-08, 0.9999978542327881, 2.234618392549237e-07, 1.3123221265232132e-07, 2.1182380294249015e-07, 1.79684249701495e-07, 1.620322223061521e-07, 7.879494745566262e-08, 1.2333215693161037e-07, 2.442757534026896e-07, 3.4939898796437774e-07], "EM1": [2.1041430500190472e-06, 1.64079892783775e-06, 0.9999890327453613, 3.5061775633948855e-06, 3.7586389680654975e-06], "TM1": [6.229786322364816e-07, 4.8058774382298e-07, 0.9999979734420776, 3.177793814757024e-07, 2.67191097691466e-07, 3.157360879413318e-07], "I1s2": [[3.3183013670168293e-07, 2.64811461647696e-07, 0.9999994039535522], [2.2734366211807355e-07, 2.3023332573757216e-07, 0.9999995231628418], [3.372126116119034e-07, 2.512906007723359e-07, 0.9999994039535522], [3.242723494167876e-07, 8.90478929704841e-07, 0.9999988079071045], [2.3218423450543924e-07, 4.461056732907309e-07, 0.9999992847442627], [4.7046924578353355e-07, 4.949645244778367e-07, 0.9999990463256836], [3.676402116070676e-07, 4.841534746446996e-07, 0.9999991655349731], [2.2786960585108318e-07, 2.994641192799463e-07, 0.9999995231628418], [1.106029472452974e-07, 2.009868893537714e-07, 0.9999996423721313], [2.023390806016323e-07, 1.6774579592038208e-07, 0.9999996423721313], [2.8603963642126473e-07, 2.906128315771639e-07, 0.9999994039535522], [3.018663505827135e-07, 2.670773255886161e-07, 0.9999994039535522], [1.8719049421633827e-07, 4.2746864892251324e-07, 0.9999994039535522], [3.3208647209903575e-07, 4.7132570557550935e-07, 0.9999991655349731], [2.0523950183815032e-07, 2.109675705241898e-07, 0.9999996423721313], [1.0140578154960167e-07, 1.268979019641847e-07, 0.9999997615814209], [2.4781832053122343e-07, 3.8945597680140054e-07, 0.9999994039535522], [2.612209186736436e-07, 1.7903182936152007e-07, 0.9999995231628418], [4.2614274775587546e-07, 5.997993071105157e-07, 0.999998927116394], [1.5753569471144147e-07, 3.7295188803909696e-07, 0.9999995231628418], [1.5672455333515245e-07, 3.662937047010928e-07, 0.9999995231628418], [5.959848294878611e-07, 2.9083537356200395e-07, 0.9999991655349731], [1.7470782154305198e-07, 5.445140800475201e-07, 0.9999992847442627], [1.2220841938415106e-07, 9.119720800754294e-08, 0.9999997615814209], [0.999993085861206, 2.7590604076976888e-06, 4.122695827390999e-06], [2.0797467925603996e-07, 2.2977927471856674e-07, 0.9999995231628418], [3.272552646649274e-07, 3.3651801345513377e-07, 0.9999992847442627], [0.9999943971633911, 2.4831022074067732e-06, 3.1500787827098975e-06]], "S4": [[6.010575361869996e-06, 1.8615668295751675e-06, 0.9999921321868896], [5.835678393850685e-07, 5.307464334691758e-07, 0.999998927116394], [4.5527218617280596e-07, 6.238900596144958e-07, 0.999998927116394], [4.728184421765036e-07, 6.431532710848842e-07, 0.999998927116394], [8.036551548684656e-07, 9.097179258787946e-07, 0.9999983310699463], [5.567687253460463e-07, 9.186771876557032e-07, 0.9999985694885254], [5.113468546369404e-07, 5.520237778000592e-07, 0.999998927116394], [5.873999384675699e-07, 4.0975146475830115e-07, 0.9999990463256836], [5.97963492054987e-07, 7.040036393846094e-07, 0.9999986886978149], [4.885363296125433e-07, 6.921564477124775e-07, 0.9999988079071045], [5.243217628958519e-07, 1.052558559422323e-06, 0.9999984502792358], [1.0440892310725758e-06, 8.524298209522385e-07, 0.9999980926513672], [6.467490720751812e-07, 1.2031889582431177e-06, 0.9999980926513672], [5.21458559887833e-07, 8.084629712357128e-07, 0.9999986886978149], [7.168166007431864e-07, 9.90476451079303e-07, 0.9999983310699463], [6.972485948608664e-07, 4.4392825770955824e-07, 0.9999988079071045], [5.456725489239034e-07, 6.121275077930477e-07, 0.9999988079071045], [2.2104016750290612e-07, 5.057267458141723e-07, 0.9999992847442627], [7.799356467330654e-07, 9.491540140516008e-07, 0.9999982118606567], [4.865602249992662e-07, 7.357652407335991e-07, 0.9999988079071045], [5.018827096137102e-07, 8.68475751758524e-07, 0.9999986886978149], [7.684701586185838e-07, 1.1771342087740777e-06, 0.9999980926513672]]}, "infer_command_tokens": ["I1s2_0_2", "I1s2_1_2", "I1s2_2_2", "I1s2_3_2", "I1s2_4_2", "I1s2_5_2", "I1s2_6_2", "I1s2_7_2", "I1s2_8_2", "I1s2_9_2", "I1s2_10_2", "I1s2_11_2", "I1s2_12_2", "I1s2_13_2", "I1s2_14_2", "I1s2_15_2", "I1s2_16_2", "I1s2_17_2", "I1s2_18_2", "I1s2_19_2", "I1s2_20_2", "I1s2_21_2", "I1s2_22_2", "I1s2_23_2", "I1s2_24_0", "I1s2_25_2", "I1s2_26_2", "I1s2_27_0", "I4_28", "C1_4", "R1_2", "R3_1", "S2s1_17", "S4_0_2", "S4_1_2", "S4_2_2", "S4_3_2", "S4_4_2", "S4_5_2", "S4_6_2", "S4_7_2", "S4_8_2", "S4_9_2", "S4_10_2", "S4_11_2", "S4_12_2", "S4_13_2", "S4_14_2", "S4_15_2", "S4_16_2", "S4_17_2", "S4_18_2", "S4_19_2", "S4_20_2", "S4_21_2", "B1s1_4", "TS1s1_7", "K1_2", "T1s1_2", "P4_3", "ST1_14", "EM1_2", "TM1_2"]}