{"text": "This music offers a unique and memorable listening experience with its pitch range of 3 octaves. The use of minor key creates a distinct atmosphere, while the rhythm is comfortably moderate with a playtime of about 40 seconds. The music is brought to life through the use of piano, strings, drum and guitar, with the 4/4 time signature being used. Additionally, the song is played at a moderate rate and has a restfulness feeling. Overall, this music is a beautifully crafted piece that incorporates various musical elements to evoke a specific emotion and create a lasting impression on the listener.", "pred_labels": {"R1": [0, 0, 1], "R3": [0, 1, 0, 0], "S2s1": [0, 0, 0, 0, 0, 0, 0, 0, 0, 0, 0, 0, 0, 0, 0, 0, 0, 1], "B1s1": [0, 0, 0, 0, 1], "TS1s1": [1, 0, 0, 0, 0, 0, 0, 0], "K1": [0, 1, 0], "T1s1": [0, 1, 0, 0], "P4": [0, 0, 0, 1, 0, 0, 0, 0, 0, 0, 0, 0, 0], "EM1": [0, 0, 0, 1, 0], "TM1": [0, 0, 1, 0, 0, 0], "I1s2": [[1, 0, 0], [0, 0, 1], [0, 0, 1], [0, 0, 1], [1, 0, 0], [0, 0, 1], [0, 0, 1], [0, 0, 1], [0, 0, 1], [0, 0, 1], [1, 0, 0], [0, 0, 1], [0, 0, 1], [0, 0, 1], [0, 0, 1], [0, 0, 1], [0, 0, 1], [0, 0, 1], [0, 0, 1], [0, 0, 1], [0, 0, 1], [0, 0, 1], [0, 0, 1], [0, 0, 1], [0, 0, 1], [0, 0, 1], [0, 0, 1], [1, 0, 0]], "S4": [[0, 0, 1], [0, 0, 1], [0, 0, 1], [0, 0, 1], [0, 0, 1], [0, 0, 1], [0, 0, 1], [0, 0, 1], [0, 0, 1], [0, 0, 1], [0, 0, 1], [0, 0, 1], [0, 0, 1], [0, 0, 1], [0, 0, 1], [0, 0, 1], [0, 0, 1], [0, 0, 1], [0, 0, 1], [0, 0, 1], [0, 0, 1], [0, 0, 1]]}, "pred_probs": {"R1": [4.5190026867203414e-06, 3.7851923480047844e-06, 0.9999916553497314], "R3": [1.4151164577924646e-06, 0.9999972581863403, 8.013369097170653e-07, 4.830936291000398e-07], "S2s1": [2.591384145489428e-06, 2.3176219201559434e-06, 4.752957920572953e-06, 3.1861834486335283e-06, 3.87703585147392e-06, 4.068213002028642e-06, 3.4791128200595267e-06, 3.4401118682581e-06, 2.8827048481616657e-06, 2.9998891477589495e-06, 4.93269772050553e-06, 4.801999693881953e-06, 3.6235264815331902e-06, 1.2700634215434548e-06, 4.594926394929644e-06, 1.0155049494642299e-05, 1.7518854065201594e-06, 0.9999351501464844], "B1s1": [6.742928690073313e-06, 4.929460374114569e-06, 8.43309135234449e-06, 2.231997541457531e-06, 0.999977707862854], "TS1s1": [0.9999978542327881, 3.1364817232315545e-07, 6.075753731238365e-07, 1.5020771115814568e-07, 2.898409832141624e-07, 1.4312431062535325e-07, 3.3012861422321294e-07, 3.7357455084929825e-07], "K1": [3.7151585274841636e-07, 0.9999992847442627, 3.416348874907271e-07], "T1s1": [1.4281041558206198e-06, 0.9999970197677612, 8.286407933155715e-07, 7.015260621301422e-07], "P4": [2.2686613476707862e-07, 1.268502103357605e-07, 7.172349825168567e-08, 0.9999977350234985, 1.9039457299641072e-07, 1.4399229542050307e-07, 2.2548050537807285e-07, 1.8041295390958112e-07, 1.9765869296861638e-07, 8.064350254244346e-08, 1.3409761834282108e-07, 2.710636977099057e-07, 3.7998944435457815e-07], "EM1": [2.692810312510119e-06, 1.267196466869791e-06, 2.52387053478742e-06, 0.9999897480010986, 3.774795914068818e-06], "TM1": [5.627456403090036e-07, 4.5017890215603984e-07, 0.9999980926513672, 3.644499031452142e-07, 2.879496889818256e-07, 3.1240816156241635e-07], "I1s2": [[0.9999939203262329, 2.7122441679239273e-06, 3.3800974961195607e-06], [1.9004788498477865e-07, 2.601764776954951e-07, 0.9999995231628418], [3.12152451442671e-07, 3.088720177402138e-07, 0.9999994039535522], [2.947285793197807e-07, 1.158924760602531e-06, 0.9999985694885254], [0.9999936819076538, 3.0094092835497577e-06, 3.2878988349693827e-06], [3.531618233409972e-07, 6.523613933495653e-07, 0.9999990463256836], [4.1895344793374534e-07, 6.149114710751746e-07, 0.999998927116394], [2.5468079911661334e-07, 3.4581367458486056e-07, 0.9999994039535522], [1.4508741230656597e-07, 5.469377697409072e-07, 0.9999992847442627], [2.286552387431584e-07, 1.8858492012441275e-07, 0.9999995231628418], [0.999991774559021, 3.916155947081279e-06, 4.294641257729381e-06], [4.11665212141088e-07, 5.195728931539634e-07, 0.9999990463256836], [2.4127268716256367e-07, 7.187495612015482e-07, 0.9999990463256836], [7.782014677104598e-07, 2.1307321276253788e-06, 0.9999971389770508], [2.0465506622713292e-07, 2.916326309332362e-07, 0.9999995231628418], [1.0313853948673568e-07, 1.5374354234154453e-07, 0.9999997615814209], [3.3244424457734567e-07, 4.729443787709897e-07, 0.9999991655349731], [2.561266398970474e-07, 3.190789641394076e-07, 0.9999994039535522], [4.1909686387953116e-07, 7.615718686793116e-07, 0.9999988079071045], [1.4382729318640486e-07, 4.335382755016326e-07, 0.9999994039535522], [2.4955858179964707e-07, 5.518312491403776e-07, 0.9999991655349731], [7.76169713390118e-07, 3.7404618069558637e-07, 0.9999988079071045], [2.3100405144305114e-07, 9.96215021586977e-07, 0.9999988079071045], [1.3415646549219673e-07, 1.4748854937352007e-07, 0.9999997615814209], [1.502193072155933e-06, 2.292009781967863e-07, 0.9999982118606567], [2.162588401688481e-07, 2.658398443600163e-07, 0.9999995231628418], [3.1413802048518846e-07, 4.968790676684876e-07, 0.9999991655349731], [0.9999924898147583, 2.6785976388055133e-06, 4.922731022816151e-06]], "S4": [[5.6637422858329955e-06, 1.978104819500004e-06, 0.9999923706054688], [5.32517901774554e-07, 6.02828151841095e-07, 0.9999988079071045], [4.5565965933747066e-07, 6.497423896689725e-07, 0.999998927116394], [4.531099193627597e-07, 6.406482953025261e-07, 0.999998927116394], [8.138685529957002e-07, 8.759976140026993e-07, 0.9999983310699463], [6.080787784412678e-07, 1.0550156730460003e-06, 0.9999983310699463], [6.516747248497268e-07, 5.949295314167102e-07, 0.9999988079071045], [5.448749220704485e-07, 4.934144044455024e-07, 0.999998927116394], [5.907276658945193e-07, 7.075298640302208e-07, 0.9999986886978149], [5.045731654718111e-07, 6.667229399681673e-07, 0.9999988079071045], [5.122569177729019e-07, 1.0091233662024024e-06, 0.9999984502792358], [1.14085673885711e-06, 7.48686034057755e-07, 0.9999980926513672], [6.919084967194067e-07, 1.2363491350697586e-06, 0.9999980926513672], [5.119279080645356e-07, 8.538753490938689e-07, 0.9999986886978149], [4.110994211714569e-07, 7.09274388555059e-07, 0.999998927116394], [8.90876265202678e-07, 5.920665557823668e-07, 0.9999985694885254], [5.376709850679617e-07, 5.732633212574001e-07, 0.999998927116394], [2.155667147007989e-07, 4.7343723963422235e-07, 0.9999992847442627], [7.807245197000157e-07, 9.757251291375724e-07, 0.9999982118606567], [5.640838480758248e-07, 8.122667622956214e-07, 0.9999985694885254], [5.639084292852203e-07, 9.924252708515269e-07, 0.9999984502792358], [7.680928320041858e-07, 1.1662084489216795e-06, 0.9999980926513672]]}, "infer_command_tokens": ["I1s2_0_0", "I1s2_1_2", "I1s2_2_2", "I1s2_3_2", "I1s2_4_0", "I1s2_5_2", "I1s2_6_2", "I1s2_7_2", "I1s2_8_2", "I1s2_9_2", "I1s2_10_0", "I1s2_11_2", "I1s2_12_2", "I1s2_13_2", "I1s2_14_2", "I1s2_15_2", "I1s2_16_2", "I1s2_17_2", "I1s2_18_2", "I1s2_19_2", "I1s2_20_2", "I1s2_21_2", "I1s2_22_2", "I1s2_23_2", "I1s2_24_2", "I1s2_25_2", "I1s2_26_2", "I1s2_27_0", "I4_28", "C1_4", "R1_2", "R3_1", "S2s1_17", "S4_0_2", "S4_1_2", "S4_2_2", "S4_3_2", "S4_4_2", "S4_5_2", "S4_6_2", "S4_7_2", "S4_8_2", "S4_9_2", "S4_10_2", "S4_11_2", "S4_12_2", "S4_13_2", "S4_14_2", "S4_15_2", "S4_16_2", "S4_17_2", "S4_18_2", "S4_19_2", "S4_20_2", "S4_21_2", "B1s1_4", "TS1s1_0", "K1_1", "T1s1_1", "P4_3", "ST1_14", "EM1_3", "TM1_2"]}