{"text": "The musical performance employs ethnic instrument, drum and guitar to produce a focused and impactful sound within a compact pitch range of 3 octaves. With its use of major key, this reggae genre song conveys a unique and resonant sound that is moderate in rhythm and has a time signature of 4/4. At 31 ~ 45 seconds long, the tempo of the song is just right to maintain its captivating melody and showcase the skillful use of instruments to produce an excellent musical performance.", "pred_labels": {"R1": [0, 0, 1], "R3": [0, 1, 0, 0], "S2s1": [0, 0, 0, 0, 0, 0, 0, 0, 0, 0, 0, 0, 0, 0, 0, 0, 0, 1], "B1s1": [0, 0, 0, 0, 1], "TS1s1": [1, 0, 0, 0, 0, 0, 0, 0], "K1": [1, 0, 0], "T1s1": [0, 0, 0, 1], "P4": [0, 0, 0, 1, 0, 0, 0, 0, 0, 0, 0, 0, 0], "EM1": [0, 0, 0, 0, 1], "TM1": [0, 0, 1, 0, 0, 0], "I1s2": [[0, 0, 1], [0, 0, 1], [0, 0, 1], [0, 0, 1], [1, 0, 0], [0, 0, 1], [0, 0, 1], [0, 0, 1], [0, 0, 1], [0, 0, 1], [0, 0, 1], [0, 0, 1], [0, 0, 1], [0, 0, 1], [0, 0, 1], [0, 0, 1], [0, 0, 1], [0, 0, 1], [0, 0, 1], [0, 0, 1], [0, 0, 1], [0, 0, 1], [0, 0, 1], [0, 0, 1], [0, 0, 1], [1, 0, 0], [0, 0, 1], [1, 0, 0]], "S4": [[0, 0, 1], [0, 0, 1], [0, 0, 1], [0, 0, 1], [0, 0, 1], [0, 0, 1], [0, 0, 1], [0, 0, 1], [0, 0, 1], [0, 0, 1], [0, 0, 1], [0, 0, 1], [0, 0, 1], [0, 0, 1], [1, 0, 0], [0, 0, 1], [0, 0, 1], [0, 0, 1], [0, 0, 1], [0, 0, 1], [0, 0, 1], [0, 0, 1]]}, "pred_probs": {"R1": [4.455309408513131e-06, 4.196350801066728e-06, 0.9999912977218628], "R3": [6.174285545057501e-07, 0.9999973773956299, 1.0471837867953582e-06, 9.282534847443458e-07], "S2s1": [2.4963974283309653e-06, 2.7584758299781242e-06, 4.61024728792836e-06, 3.269341959821759e-06, 3.875488346238853e-06, 4.211543910059845e-06, 3.2819875741552096e-06, 2.9969025945320027e-06, 2.6070438252645545e-06, 3.12898077936552e-06, 4.790123966813553e-06, 4.714883743872633e-06, 3.7672264170396375e-06, 1.386023996019503e-06, 4.343223281466635e-06, 9.47196258493932e-06, 1.707590058686037e-06, 0.999936580657959], "B1s1": [6.53660754323937e-06, 4.994694791093934e-06, 9.89026011666283e-06, 2.4573696464358363e-06, 0.9999761581420898], "TS1s1": [0.9999977350234985, 3.700704098719143e-07, 5.873420718671696e-07, 1.4384323776539532e-07, 3.003628421538451e-07, 1.489789411834863e-07, 3.370509489286633e-07, 3.6425970506570593e-07], "K1": [0.9999996423721313, 1.251084000841729e-07, 2.3303482521441765e-07], "T1s1": [1.4789801525694202e-06, 2.173854227294214e-06, 1.7976309436562588e-06, 0.9999945163726807], "P4": [2.3458699160983087e-07, 1.1627348328602238e-07, 7.957471837016783e-08, 0.9999977350234985, 1.9247453053594654e-07, 1.33757367848375e-07, 2.2788833575759782e-07, 2.0374177722715103e-07, 2.2217685113901098e-07, 8.415207730649854e-08, 1.3326409487035562e-07, 2.9173503435231396e-07, 4.620580398295715e-07], "EM1": [4.688195531343808e-06, 5.127703843754716e-06, 5.746842816733988e-06, 2.2300935597741045e-05, 0.9999620914459229], "TM1": [6.835089152446017e-07, 4.287340402697737e-07, 0.9999978542327881, 3.4331381471019995e-07, 3.1292424296225363e-07, 3.496786575851729e-07], "I1s2": [[2.884376328893268e-07, 3.105949701875943e-07, 0.9999994039535522], [2.107793051209228e-07, 2.822368401211861e-07, 0.9999995231628418], [2.76306565183404e-07, 2.754543970695522e-07, 0.9999994039535522], [4.295468727377738e-07, 1.5504081147810211e-06, 0.9999979734420776], [0.999994158744812, 3.016882146766875e-06, 2.8018871489621233e-06], [4.513330793542991e-07, 6.205640374901122e-07, 0.999998927116394], [4.6298794131871546e-07, 7.037606906123983e-07, 0.9999988079071045], [2.2033262325749092e-07, 3.6223616461938946e-07, 0.9999994039535522], [1.7583290912170924e-07, 5.3858769888393e-07, 0.9999992847442627], [2.680244790553843e-07, 3.233886616271775e-07, 0.9999994039535522], [2.6848522338696057e-07, 3.4997080433640804e-07, 0.9999994039535522], [4.0831085357240227e-07, 6.615434244849894e-07, 0.999998927116394], [2.7977395689049445e-07, 6.380545869433263e-07, 0.9999990463256836], [8.086794309747347e-07, 1.8283180907019414e-06, 0.9999973773956299], [2.782705905701732e-07, 3.566835005130997e-07, 0.9999994039535522], [1.0930793337138311e-07, 1.6133941471707658e-07, 0.9999997615814209], [3.17168797892009e-07, 5.127196232024289e-07, 0.9999991655349731], [2.7252141876488167e-07, 2.636257079302595e-07, 0.9999995231628418], [4.231903005802451e-07, 7.205392762443807e-07, 0.9999988079071045], [1.5257367635967967e-07, 4.055800388869102e-07, 0.9999994039535522], [1.9285849361949658e-07, 4.3648958580888575e-07, 0.9999994039535522], [6.76670424581971e-07, 3.9975751064957876e-07, 0.999998927116394], [2.1840318709109852e-07, 1.1092041631854954e-06, 0.9999986886978149], [1.5626743277152855e-07, 1.8525547318404278e-07, 0.9999996423721313], [1.06866229998559e-06, 1.9367911363588064e-07, 0.9999986886978149], [0.9999957084655762, 1.4681722859677393e-06, 2.8743004349962575e-06], [3.6923540847055847e-07, 5.538420282391598e-07, 0.9999990463256836], [0.9999932050704956, 2.5508479666314088e-06, 4.264506969775539e-06]], "S4": [[4.105374046048382e-06, 1.7013342130667297e-06, 0.999994158744812], [5.95263259128842e-07, 5.712777806365921e-07, 0.9999988079071045], [4.5340556198425475e-07, 6.658601137132791e-07, 0.999998927116394], [4.818878664991644e-07, 6.847139957244508e-07, 0.9999988079071045], [9.549358992444468e-07, 7.523867111558502e-07, 0.9999983310699463], [6.07709523592348e-07, 1.0709992466217955e-06, 0.9999983310699463], [5.791021067125257e-07, 5.921073693571088e-07, 0.9999988079071045], [6.03533010234969e-07, 3.682184512854292e-07, 0.9999990463256836], [6.530868859044858e-07, 7.411928208966856e-07, 0.9999985694885254], [4.979680738870229e-07, 7.436022997353575e-07, 0.9999988079071045], [5.177458888283581e-07, 1.1084869129263097e-06, 0.9999983310699463], [1.0362092552895774e-06, 7.87690964898502e-07, 0.9999982118606567], [6.547577982018993e-07, 1.3564426808443386e-06, 0.9999979734420776], [5.38078040790424e-07, 9.092792652154458e-07, 0.9999985694885254], [0.9999865293502808, 1.219171826960519e-05, 1.2961929769517155e-06], [7.617017558914085e-07, 5.013952204535599e-07, 0.9999986886978149], [5.225747941040026e-07, 5.775170848210109e-07, 0.999998927116394], [2.434890120639466e-07, 4.4193976123096945e-07, 0.9999992847442627], [7.92864739196375e-07, 1.0774182328532333e-06, 0.9999980926513672], [5.351233198780392e-07, 8.6405748334073e-07, 0.9999985694885254], [6.359363169394783e-07, 1.193447701552941e-06, 0.9999982118606567], [7.400086587949772e-07, 1.2416887784638675e-06, 0.9999979734420776]]}, "infer_command_tokens": ["I1s2_0_2", "I1s2_1_2", "I1s2_2_2", "I1s2_3_2", "I1s2_4_0", "I1s2_5_2", "I1s2_6_2", "I1s2_7_2", "I1s2_8_2", "I1s2_9_2", "I1s2_10_2", "I1s2_11_2", "I1s2_12_2", "I1s2_13_2", "I1s2_14_2", "I1s2_15_2", "I1s2_16_2", "I1s2_17_2", "I1s2_18_2", "I1s2_19_2", "I1s2_20_2", "I1s2_21_2", "I1s2_22_2", "I1s2_23_2", "I1s2_24_2", "I1s2_25_0", "I1s2_26_2", "I1s2_27_0", "I4_28", "C1_4", "R1_2", "R3_1", "S2s1_17", "S4_0_2", "S4_1_2", "S4_2_2", "S4_3_2", "S4_4_2", "S4_5_2", "S4_6_2", "S4_7_2", "S4_8_2", "S4_9_2", "S4_10_2", "S4_11_2", "S4_12_2", "S4_13_2", "S4_14_0", "S4_15_2", "S4_16_2", "S4_17_2", "S4_18_2", "S4_19_2", "S4_20_2", "S4_21_2", "B1s1_4", "TS1s1_0", "K1_0", "T1s1_3", "P4_3", "ST1_14", "EM1_4", "TM1_2"]}