{"text": "The 4-octave pitch range of the music adds a distinctive character to the major-key song, emphasizing its emotional depth and giving it a special emotional quality. Clocking in at about 40 seconds, this peaceful song features grand piano and strings and is played in 4/4 time signature with a moderate pace. The music radiates leisure, making it a truly moving piece.", "pred_labels": {"R1": [0, 0, 1], "R3": [1, 0, 0, 0], "S2s1": [0, 0, 0, 0, 0, 0, 0, 0, 0, 0, 0, 0, 0, 0, 0, 0, 0, 1], "B1s1": [0, 0, 0, 0, 1], "TS1s1": [1, 0, 0, 0, 0, 0, 0, 0], "K1": [1, 0, 0], "T1s1": [0, 1, 0, 0], "P4": [0, 0, 0, 0, 1, 0, 0, 0, 0, 0, 0, 0, 0], "EM1": [0, 0, 0, 1, 0], "TM1": [0, 0, 1, 0, 0, 0], "I1s2": [[1, 0, 0], [0, 0, 1], [0, 0, 1], [0, 0, 1], [0, 0, 1], [0, 0, 1], [0, 0, 1], [0, 0, 1], [0, 0, 1], [0, 0, 1], [1, 0, 0], [0, 0, 1], [0, 0, 1], [0, 0, 1], [0, 0, 1], [0, 0, 1], [0, 0, 1], [0, 0, 1], [0, 0, 1], [0, 0, 1], [0, 0, 1], [0, 0, 1], [0, 0, 1], [0, 0, 1], [0, 0, 1], [0, 0, 1], [0, 0, 1], [0, 0, 1]], "S4": [[0, 0, 1], [0, 0, 1], [0, 0, 1], [0, 0, 1], [0, 0, 1], [0, 0, 1], [0, 0, 1], [0, 0, 1], [0, 0, 1], [0, 0, 1], [0, 0, 1], [0, 0, 1], [0, 0, 1], [0, 0, 1], [0, 0, 1], [0, 0, 1], [0, 0, 1], [0, 0, 1], [0, 0, 1], [0, 0, 1], [0, 0, 1], [0, 0, 1]]}, "pred_probs": {"R1": [4.706206254923018e-06, 4.169455223745899e-06, 0.9999911785125732], "R3": [0.9999986886978149, 4.88706348278356e-07, 4.805518756256788e-07, 3.4241554658365203e-07], "S2s1": [2.409307853667997e-06, 2.3825809876143467e-06, 4.479776180232875e-06, 3.223844032618217e-06, 4.260537934897002e-06, 3.837950771412579e-06, 3.3558148970769253e-06, 3.2382401968789054e-06, 2.7698270059772767e-06, 3.318382368888706e-06, 4.750494554173201e-06, 5.858195891050855e-06, 3.7944855648675002e-06, 1.3550263702200027e-06, 4.346497007645667e-06, 9.063646757567767e-06, 1.8448226910550147e-06, 0.9999356269836426], "B1s1": [6.559380381077062e-06, 5.38055883225752e-06, 8.985828571894672e-06, 2.175533154513687e-06, 0.9999768733978271], "TS1s1": [0.9999978542327881, 4.1605997580518306e-07, 6.438423838517338e-07, 1.3337613324893027e-07, 2.9405316581687657e-07, 1.5098297012627881e-07, 3.404303754450666e-07, 3.554862075816345e-07], "K1": [0.9999996423721313, 1.1385166942545766e-07, 2.236225498108979e-07], "T1s1": [9.667683116276748e-07, 0.9999971389770508, 9.204166531162628e-07, 1.0102679652845836e-06], "P4": [2.0773495634784922e-07, 9.485562912914247e-08, 6.699447396840696e-08, 6.276430042362335e-08, 0.9999982118606567, 1.884273643781853e-07, 1.1005817412979013e-07, 1.8620175978867337e-07, 9.440655901471473e-08, 1.9303105602830328e-07, 1.699140028676993e-07, 1.1011633915813945e-07, 2.600823449938616e-07], "EM1": [4.138503754802514e-06, 1.5877712939982302e-06, 2.2860526769363787e-06, 0.9999892711639404, 2.749598934315145e-06], "TM1": [6.136789352240157e-07, 4.762883349940239e-07, 0.9999980926513672, 3.8598420815105783e-07, 2.7827340431940684e-07, 2.851184603969159e-07], "I1s2": [[0.9999935626983643, 2.8343292797217146e-06, 3.5229722925578244e-06], [2.5186835728163715e-07, 2.497577327176259e-07, 0.9999995231628418], [2.9718577820858627e-07, 2.8835731313847646e-07, 0.9999994039535522], [2.514559014343831e-07, 7.776694133099227e-07, 0.999998927116394], [1.97446894389941e-07, 4.4497039652924286e-07, 0.9999994039535522], [4.0866811445994244e-07, 5.652182153426111e-07, 0.9999990463256836], [3.477118184491701e-07, 4.889457727585977e-07, 0.9999991655349731], [2.555791240865801e-07, 3.082578530211322e-07, 0.9999994039535522], [1.7918624450885545e-07, 2.632317830375541e-07, 0.9999995231628418], [2.3810059701645514e-07, 1.2327453191574023e-07, 0.9999996423721313], [0.9999911785125732, 3.984377144661266e-06, 4.8782285375637e-06], [3.5688898947228154e-07, 2.2625505380347022e-07, 0.9999994039535522], [2.3461419118575577e-07, 5.297848133523075e-07, 0.9999992847442627], [4.574191052597598e-07, 5.510349865289754e-07, 0.9999990463256836], [2.3100993473690323e-07, 2.6443601086612034e-07, 0.9999995231628418], [1.0531688587889221e-07, 1.2959017681168916e-07, 0.9999997615814209], [2.8947428631909133e-07, 3.8319058148772456e-07, 0.9999992847442627], [2.476536735684931e-07, 2.4723669866943965e-07, 0.9999995231628418], [4.509285815856856e-07, 6.894416060276853e-07, 0.9999988079071045], [1.6000718972009054e-07, 4.5267390191838786e-07, 0.9999994039535522], [2.1376010295171e-07, 3.700170054798946e-07, 0.9999994039535522], [7.419455982926593e-07, 3.3729733672771545e-07, 0.999998927116394], [2.7477111075313587e-07, 6.402806889127532e-07, 0.9999990463256836], [1.3437337997856957e-07, 1.0353510049299075e-07, 0.9999997615814209], [1.4000860346641275e-06, 1.695202485052505e-07, 0.9999984502792358], [2.041731619328857e-07, 2.61865181983012e-07, 0.9999995231628418], [3.514480511057627e-07, 3.8346183828252833e-07, 0.9999992847442627], [1.748478695162703e-07, 2.934040423951956e-07, 0.9999995231628418]], "S4": [[3.996682607976254e-06, 1.5865504110479378e-06, 0.9999943971633911], [5.412691734818509e-07, 6.367936862261558e-07, 0.9999988079071045], [4.439790757260198e-07, 7.317814265661582e-07, 0.9999988079071045], [4.384585849948053e-07, 6.338237312775163e-07, 0.999998927116394], [7.615074650857423e-07, 9.84961275207752e-07, 0.9999982118606567], [5.757349867963057e-07, 1.0623130037856754e-06, 0.9999983310699463], [5.358695602808439e-07, 5.859160978616273e-07, 0.999998927116394], [5.410917083281674e-07, 5.333809554031177e-07, 0.999998927116394], [6.519729822684894e-07, 7.626866249665909e-07, 0.9999985694885254], [4.6816495569146355e-07, 7.962341896927683e-07, 0.9999986886978149], [4.985590180694999e-07, 1.1005595297319815e-06, 0.9999984502792358], [9.883522125164745e-07, 9.220841548085446e-07, 0.9999980926513672], [7.298918376363872e-07, 1.4618156001233729e-06, 0.9999978542327881], [5.382658514463401e-07, 9.704682497613248e-07, 0.9999984502792358], [4.3914312186643656e-07, 8.764859558141325e-07, 0.9999986886978149], [8.650320069136797e-07, 5.661684667757072e-07, 0.9999985694885254], [5.061269803263713e-07, 6.030427925907134e-07, 0.999998927116394], [2.329547470480975e-07, 5.161800800124183e-07, 0.9999992847442627], [7.63909270062868e-07, 1.0796719607242267e-06, 0.9999982118606567], [5.222000254434533e-07, 7.64351966608956e-07, 0.9999986886978149], [4.979394248039171e-07, 9.720328080220497e-07, 0.9999985694885254], [7.401399670925457e-07, 1.2531675110949436e-06, 0.9999979734420776]]}, "infer_command_tokens": ["I1s2_0_0", "I1s2_1_2", "I1s2_2_2", "I1s2_3_2", "I1s2_4_2", "I1s2_5_2", "I1s2_6_2", "I1s2_7_2", "I1s2_8_2", "I1s2_9_2", "I1s2_10_0", "I1s2_11_2", "I1s2_12_2", "I1s2_13_2", "I1s2_14_2", "I1s2_15_2", "I1s2_16_2", "I1s2_17_2", "I1s2_18_2", "I1s2_19_2", "I1s2_20_2", "I1s2_21_2", "I1s2_22_2", "I1s2_23_2", "I1s2_24_2", "I1s2_25_2", "I1s2_26_2", "I1s2_27_2", "I4_28", "C1_4", "R1_2", "R3_0", "S2s1_17", "S4_0_2", "S4_1_2", "S4_2_2", "S4_3_2", "S4_4_2", "S4_5_2", "S4_6_2", "S4_7_2", "S4_8_2", "S4_9_2", "S4_10_2", "S4_11_2", "S4_12_2", "S4_13_2", "S4_14_2", "S4_15_2", "S4_16_2", "S4_17_2", "S4_18_2", "S4_19_2", "S4_20_2", "S4_21_2", "B1s1_4", "TS1s1_0", "K1_0", "T1s1_1", "P4_4", "ST1_14", "EM1_3", "TM1_2"]}