{"text": "The pitch range of 5 octaves adds a distinctive character to the music, emphasizing its emotional depth, while the major key adds a unique flavor to this music. With a duration of 46 ~ 60 seconds, this song showcases a rapid tempo and is brought to life through the use of cello, bass, violin and viola. Despite its atypical time signature of , the song maintains a slow-paced rhythm, evoking the classic easy listening sound.", "pred_labels": {"R1": [0, 0, 1], "R3": [0, 0, 1, 0], "S2s1": [0, 0, 0, 0, 0, 0, 0, 0, 0, 0, 0, 0, 0, 0, 0, 0, 0, 1], "B1s1": [0, 0, 0, 0, 1], "TS1s1": [0, 0, 0, 0, 0, 0, 1, 0], "K1": [1, 0, 0], "T1s1": [1, 0, 0, 0], "P4": [0, 0, 0, 0, 0, 1, 0, 0, 0, 0, 0, 0, 0], "EM1": [0, 0, 0, 0, 1], "TM1": [0, 0, 0, 1, 0, 0], "I1s2": [[0, 0, 1], [0, 0, 1], [0, 0, 1], [0, 0, 1], [0, 0, 1], [1, 0, 0], [1, 0, 0], [1, 0, 0], [1, 0, 0], [0, 0, 1], [0, 0, 1], [0, 0, 1], [0, 0, 1], [0, 0, 1], [0, 0, 1], [0, 0, 1], [0, 0, 1], [0, 0, 1], [0, 0, 1], [0, 0, 1], [0, 0, 1], [0, 0, 1], [0, 0, 1], [0, 0, 1], [0, 0, 1], [0, 0, 1], [0, 0, 1], [0, 0, 1]], "S4": [[0, 0, 1], [0, 0, 1], [0, 0, 1], [0, 0, 1], [0, 0, 1], [1, 0, 0], [0, 0, 1], [0, 0, 1], [0, 0, 1], [0, 0, 1], [0, 0, 1], [0, 0, 1], [0, 0, 1], [0, 0, 1], [0, 0, 1], [0, 0, 1], [0, 0, 1], [0, 0, 1], [0, 0, 1], [0, 0, 1], [0, 0, 1], [0, 0, 1]]}, "pred_probs": {"R1": [4.1976318243541755e-06, 4.339105998951709e-06, 0.9999914169311523], "R3": [7.677302278352727e-07, 1.8236869436805137e-06, 0.9999970197677612, 3.635608152308123e-07], "S2s1": [2.3634811441297643e-06, 2.819841711243498e-06, 4.7417784116987605e-06, 3.161031827403349e-06, 3.602864580898313e-06, 3.771810725083924e-06, 3.125703869955032e-06, 2.38138227359741e-06, 2.619790393509902e-06, 3.090502332270262e-06, 4.21472714151605e-06, 4.922020252706716e-06, 4.165357950114412e-06, 1.2815805803256808e-06, 3.580333668651292e-06, 9.685744771559257e-06, 1.8284723637407296e-06, 0.9999387264251709], "B1s1": [6.719518296449678e-06, 4.720792730950052e-06, 7.462013400072465e-06, 2.3037143819237826e-06, 0.99997878074646], "TS1s1": [1.0431059536131215e-06, 1.3699918781640008e-06, 1.380027356390201e-06, 1.7641376643950935e-06, 1.4405807178263785e-06, 1.6488263554492733e-06, 0.9999790191650391, 1.2229636013216805e-05], "K1": [0.9999996423721313, 1.0708847497653551e-07, 2.3502140322761989e-07], "T1s1": [0.9999971389770508, 6.147039925963327e-07, 1.0759047199826455e-06, 1.2119458006054629e-06], "P4": [1.219548551034677e-07, 2.437833188650984e-07, 2.91201672553143e-07, 4.034969265376276e-07, 7.625992282100924e-08, 0.9999979734420776, 1.614793632143119e-07, 1.4994181185556954e-07, 8.58455777574818e-08, 1.2655927150717616e-07, 2.4367176365558407e-07, 1.0366868252731365e-07, 1.0295006092064796e-07], "EM1": [2.7034311642637476e-06, 2.194368107666378e-06, 3.821994141617324e-06, 4.712844656751258e-06, 0.9999865293502808], "TM1": [4.086069509412482e-07, 3.5261899711258593e-07, 9.349628271593247e-07, 0.9999980926513672, 1.3719092351038853e-07, 1.1535481547753079e-07], "I1s2": [[2.465869783918606e-07, 3.172934839312802e-07, 0.9999994039535522], [2.0884444040802919e-07, 2.904388622937404e-07, 0.9999995231628418], [3.0240661885727604e-07, 2.948955568626843e-07, 0.9999994039535522], [5.766814865637571e-07, 3.552135467543849e-06, 0.9999958276748657], [4.2755476670208736e-07, 9.080384870685521e-07, 0.9999986886978149], [0.9999922513961792, 3.5372318052395713e-06, 4.1968464756791946e-06], [0.9999945163726807, 3.711084445967572e-06, 1.781659420885262e-06], [0.9999912977218628, 5.2412333388929255e-06, 3.516053311614087e-06], [0.9999940395355225, 2.7731946374842664e-06, 3.2396185360994423e-06], [1.9164826881024055e-07, 1.7945833974408743e-07, 0.9999996423721313], [3.3332443649669585e-07, 8.804983053778415e-07, 0.9999988079071045], [4.3166340901734657e-07, 6.002433678986563e-07, 0.999998927116394], [4.014924570583389e-07, 1.6258228470178437e-06, 0.9999979734420776], [1.1044651273550699e-06, 2.780936483759433e-06, 0.9999960660934448], [2.8126842721576395e-07, 3.713196576882183e-07, 0.9999994039535522], [1.8436398363519402e-07, 3.0357287528204324e-07, 0.9999995231628418], [5.099971644995094e-07, 8.927780186240852e-07, 0.9999985694885254], [2.836177941389906e-07, 2.176768276740404e-07, 0.9999995231628418], [4.5037418772153615e-07, 7.12973076133494e-07, 0.9999988079071045], [1.4608193055209995e-07, 4.050497182106483e-07, 0.9999994039535522], [2.1019471319050353e-07, 5.147451247466961e-07, 0.9999992847442627], [7.436917712766444e-07, 3.494346856314223e-07, 0.999998927116394], [1.7559560205882008e-07, 6.919000270499964e-07, 0.9999991655349731], [1.5361733574081882e-07, 1.532494735556611e-07, 0.9999996423721313], [1.3075987226329744e-06, 2.0243959397703293e-07, 0.9999984502792358], [2.2079602501889894e-07, 3.767759437778295e-07, 0.9999994039535522], [4.242703823820193e-07, 9.674483862909256e-07, 0.9999985694885254], [1.418908084360737e-07, 3.346286234773288e-07, 0.9999995231628418]], "S4": [[3.863505753542995e-06, 1.4678374782306491e-06, 0.9999946355819702], [5.342504323380126e-07, 6.104229441916686e-07, 0.9999988079071045], [4.4113610897511535e-07, 7.151269869609678e-07, 0.9999988079071045], [4.50741993063275e-07, 6.818169140387909e-07, 0.9999988079071045], [6.841641493338102e-07, 8.389336016989546e-07, 0.9999984502792358], [0.9999840259552002, 8.488788807881065e-06, 7.555220690846909e-06], [5.792119850411837e-07, 5.779809271189151e-07, 0.9999988079071045], [5.775809768238105e-07, 4.612067243670026e-07, 0.999998927116394], [5.801217639600509e-07, 7.965879831317579e-07, 0.9999985694885254], [5.007028676118352e-07, 7.194461204562685e-07, 0.9999988079071045], [5.267439746603486e-07, 1.1143780511702062e-06, 0.9999983310699463], [1.268021378564299e-06, 9.709757478049141e-07, 0.9999977350234985], [6.626257231800992e-07, 1.27820601392159e-06, 0.9999980926513672], [5.136492973178974e-07, 7.777412065479439e-07, 0.9999986886978149], [4.391699803818483e-07, 7.211875185930694e-07, 0.9999988079071045], [7.713716740909149e-07, 5.963114517726353e-07, 0.9999986886978149], [6.896182185300859e-07, 9.169763757199689e-07, 0.9999984502792358], [2.086679700141758e-07, 5.904890940655605e-07, 0.9999991655349731], [7.31068041659455e-07, 1.0361321756136022e-06, 0.9999982118606567], [5.038446033722721e-07, 7.598878255521413e-07, 0.9999986886978149], [6.412754487428174e-07, 1.3809026313538197e-06, 0.9999979734420776], [7.83055440933822e-07, 1.0141534403373953e-06, 0.9999982118606567]]}, "infer_command_tokens": ["I1s2_0_2", "I1s2_1_2", "I1s2_2_2", "I1s2_3_2", "I1s2_4_2", "I1s2_5_0", "I1s2_6_0", "I1s2_7_0", "I1s2_8_0", "I1s2_9_2", "I1s2_10_2", "I1s2_11_2", "I1s2_12_2", "I1s2_13_2", "I1s2_14_2", "I1s2_15_2", "I1s2_16_2", "I1s2_17_2", "I1s2_18_2", "I1s2_19_2", "I1s2_20_2", "I1s2_21_2", "I1s2_22_2", "I1s2_23_2", "I1s2_24_2", "I1s2_25_2", "I1s2_26_2", "I1s2_27_2", "I4_28", "C1_4", "R1_2", "R3_2", "S2s1_17", "S4_0_2", "S4_1_2", "S4_2_2", "S4_3_2", "S4_4_2", "S4_5_0", "S4_6_2", "S4_7_2", "S4_8_2", "S4_9_2", "S4_10_2", "S4_11_2", "S4_12_2", "S4_13_2", "S4_14_2", "S4_15_2", "S4_16_2", "S4_17_2", "S4_18_2", "S4_19_2", "S4_20_2", "S4_21_2", "B1s1_4", "TS1s1_6", "K1_0", "T1s1_0", "P4_5", "ST1_14", "EM1_4", "TM1_3"]}