{"text": "The use of a specific pitch range of 5 octaves creates a cohesive and unified sound throughout the musical piece. Additionally, this music's use of major key creates a distinct atmosphere, which is enhanced by the gentle and relaxing rhythm that runs for about 40 seconds. The music is further enriched by the use of grand piano, drum and bass and is in 4/4. Overall, the music moves at a balanced rate and evokes a regret feeling, making for a complete musical experience.", "pred_labels": {"R1": [0, 0, 1], "R3": [1, 0, 0, 0], "S2s1": [0, 0, 0, 0, 0, 0, 0, 0, 0, 0, 0, 0, 0, 0, 0, 0, 0, 1], "B1s1": [0, 0, 0, 0, 1], "TS1s1": [1, 0, 0, 0, 0, 0, 0, 0], "K1": [1, 0, 0], "T1s1": [0, 1, 0, 0], "P4": [0, 0, 0, 0, 0, 1, 0, 0, 0, 0, 0, 0, 0], "EM1": [0, 0, 1, 0, 0], "TM1": [0, 0, 1, 0, 0, 0], "I1s2": [[1, 0, 0], [0, 0, 1], [0, 0, 1], [0, 0, 1], [0, 0, 1], [1, 0, 0], [0, 0, 1], [0, 0, 1], [0, 0, 1], [0, 0, 1], [0, 0, 1], [0, 0, 1], [0, 0, 1], [0, 0, 1], [0, 0, 1], [0, 0, 1], [0, 0, 1], [0, 0, 1], [0, 0, 1], [0, 0, 1], [0, 0, 1], [0, 0, 1], [0, 0, 1], [0, 0, 1], [0, 0, 1], [0, 0, 1], [0, 0, 1], [1, 0, 0]], "S4": [[0, 0, 1], [0, 0, 1], [0, 0, 1], [0, 0, 1], [0, 0, 1], [0, 0, 1], [0, 0, 1], [0, 0, 1], [0, 0, 1], [0, 0, 1], [0, 0, 1], [0, 0, 1], [0, 0, 1], [0, 0, 1], [0, 0, 1], [0, 0, 1], [0, 0, 1], [0, 0, 1], [0, 0, 1], [0, 0, 1], [0, 0, 1], [0, 0, 1]]}, "pred_probs": {"R1": [4.463812274480006e-06, 3.889569143211702e-06, 0.9999916553497314], "R3": [0.9999985694885254, 4.0650209598425135e-07, 6.919378847669577e-07, 3.850024370422034e-07], "S2s1": [2.661091230038437e-06, 2.5744848244357854e-06, 4.474605248105945e-06, 3.233130200896994e-06, 4.052129952469841e-06, 4.144992544752313e-06, 3.5521213703759713e-06, 3.07177219838195e-06, 2.7885494091606233e-06, 3.0015189622645266e-06, 5.384237738326192e-06, 4.897138296655612e-06, 3.6402054774953285e-06, 1.3242205341157387e-06, 4.120383891859092e-06, 9.58574401010992e-06, 1.8742748579825275e-06, 0.9999356269836426], "B1s1": [6.696615855616983e-06, 5.206697551329853e-06, 1.0843910786206834e-05, 2.3141537894844078e-06, 0.9999749660491943], "TS1s1": [0.9999973773956299, 3.9194677015075285e-07, 9.301844556830474e-07, 1.5070079939505376e-07, 2.864922521439439e-07, 1.5272651410214166e-07, 3.4883015587183763e-07, 4.736969003715785e-07], "K1": [0.9999996423721313, 1.3205917070990836e-07, 2.1098226454796531e-07], "T1s1": [8.223672125495796e-07, 0.9999971389770508, 1.0154103620152455e-06, 9.136119274444354e-07], "P4": [1.04083966334656e-07, 2.590717826933542e-07, 2.577366160494421e-07, 4.23873359522986e-07, 8.161747899748661e-08, 0.9999979734420776, 1.3780129393126117e-07, 1.3549990285355307e-07, 8.410363250277442e-08, 1.2381512703996123e-07, 2.3534913395906187e-07, 1.0071668299360681e-07, 1.0486829893352478e-07], "EM1": [2.5606852886994602e-06, 1.5437467482115608e-06, 0.99998939037323, 4.217031346342992e-06, 2.3624179448233917e-06], "TM1": [5.997060839035839e-07, 4.228869556754944e-07, 0.9999979734420776, 3.7258439533616183e-07, 2.8365414550535206e-07, 3.238211832012894e-07], "I1s2": [[0.9999938011169434, 2.7314081307849847e-06, 3.4258816867804853e-06], [2.231744957725823e-07, 2.9615765129165084e-07, 0.9999995231628418], [4.593215976456122e-07, 3.564582868875732e-07, 0.9999991655349731], [7.166092927946011e-07, 3.074162123084534e-06, 0.9999961853027344], [6.798209710723313e-07, 1.6217188658629311e-06, 0.9999977350234985], [0.999992847442627, 3.0857718229526654e-06, 4.033835011796327e-06], [4.952340759700746e-07, 5.987911322336004e-07, 0.999998927116394], [2.897024273806892e-07, 2.8442383381843683e-07, 0.9999994039535522], [2.4400461029472353e-07, 5.133151717018336e-07, 0.9999992847442627], [2.661239477674826e-07, 2.509582088805473e-07, 0.9999995231628418], [3.5844254853145685e-07, 6.313268272606365e-07, 0.9999990463256836], [6.012412541167578e-07, 5.676537853105401e-07, 0.9999988079071045], [5.282636266201735e-07, 1.3115787851347704e-06, 0.9999982118606567], [1.671121253821184e-06, 2.678925284271827e-06, 0.9999957084655762], [3.839067801436613e-07, 3.9546216612507124e-07, 0.9999991655349731], [2.759265669283195e-07, 4.239948054873821e-07, 0.9999992847442627], [6.208733793755528e-07, 9.553950803820044e-07, 0.9999984502792358], [3.328100603994244e-07, 2.4522611852262344e-07, 0.9999994039535522], [4.966074129697517e-07, 8.144830303535855e-07, 0.9999986886978149], [1.6855061346632283e-07, 3.6306971651356434e-07, 0.9999995231628418], [2.43214202555464e-07, 5.93394133829861e-07, 0.9999991655349731], [7.497741307815886e-07, 3.3049721537281584e-07, 0.999998927116394], [3.3092425155700766e-07, 6.989429834902694e-07, 0.999998927116394], [1.9463473677205911e-07, 1.3394155473633873e-07, 0.9999996423721313], [2.1402074708021246e-06, 2.0077554552244692e-07, 0.999997615814209], [2.4324231162609067e-07, 4.4862369463771756e-07, 0.9999992847442627], [6.162995873637556e-07, 1.0659238114385516e-06, 0.9999983310699463], [0.999992847442627, 2.60132674156921e-06, 4.5716442400589585e-06]], "S4": [[6.057508471712936e-06, 1.9786832581303315e-06, 0.9999920129776001], [5.469522079692979e-07, 5.807170282423613e-07, 0.999998927116394], [4.744802311051899e-07, 6.884849312882579e-07, 0.9999988079071045], [4.345257025306637e-07, 5.872026918041229e-07, 0.999998927116394], [8.932647119763715e-07, 9.926975508278701e-07, 0.9999980926513672], [6.481364493993169e-07, 1.3014921478315955e-06, 0.9999980926513672], [6.469142022069718e-07, 6.01902740982041e-07, 0.9999988079071045], [5.960891940048896e-07, 5.587694431596901e-07, 0.9999988079071045], [6.470435209848802e-07, 9.062491699296515e-07, 0.9999984502792358], [4.852655024478736e-07, 6.665233058811282e-07, 0.9999988079071045], [5.128880502525135e-07, 1.085064468497876e-06, 0.9999984502792358], [1.044581267706235e-06, 8.661997412673372e-07, 0.9999980926513672], [7.353429509748821e-07, 1.4403935892914888e-06, 0.9999978542327881], [5.528870019588794e-07, 1.0379403647675645e-06, 0.9999984502792358], [4.518631726568856e-07, 7.687895617891627e-07, 0.9999988079071045], [1.2728144156426424e-06, 8.891533980204258e-07, 0.9999978542327881], [7.970055548867094e-07, 1.1398323067624005e-06, 0.9999980926513672], [2.331327380034054e-07, 5.90171566727804e-07, 0.9999991655349731], [8.204143000511976e-07, 1.040841311805707e-06, 0.9999980926513672], [5.412283599071088e-07, 8.055169473664137e-07, 0.9999986886978149], [5.251604875411431e-07, 1.013152200357581e-06, 0.9999984502792358], [7.451216674780881e-07, 1.1888810149685014e-06, 0.9999980926513672]]}, "infer_command_tokens": ["I1s2_0_0", "I1s2_1_2", "I1s2_2_2", "I1s2_3_2", "I1s2_4_2", "I1s2_5_0", "I1s2_6_2", "I1s2_7_2", "I1s2_8_2", "I1s2_9_2", "I1s2_10_2", "I1s2_11_2", "I1s2_12_2", "I1s2_13_2", "I1s2_14_2", "I1s2_15_2", "I1s2_16_2", "I1s2_17_2", "I1s2_18_2", "I1s2_19_2", "I1s2_20_2", "I1s2_21_2", "I1s2_22_2", "I1s2_23_2", "I1s2_24_2", "I1s2_25_2", "I1s2_26_2", "I1s2_27_0", "I4_28", "C1_4", "R1_2", "R3_0", "S2s1_17", "S4_0_2", "S4_1_2", "S4_2_2", "S4_3_2", "S4_4_2", "S4_5_2", "S4_6_2", "S4_7_2", "S4_8_2", "S4_9_2", "S4_10_2", "S4_11_2", "S4_12_2", "S4_13_2", "S4_14_2", "S4_15_2", "S4_16_2", "S4_17_2", "S4_18_2", "S4_19_2", "S4_20_2", "S4_21_2", "B1s1_4", "TS1s1_0", "K1_0", "T1s1_1", "P4_5", "ST1_14", "EM1_2", "TM1_2"]}