{"text": "This song is heavily influenced by the classical and symphony genre and is composed in the major key. It's played at a fast rate and has a length of about 10 seconds. The combination of these elements results in a unique sound that showcases the distinct characteristics of the classical and symphony genre while also highlighting the musicality of the composition in the major key. The music is in 2/4.", "pred_labels": {"R1": [0, 0, 1], "R3": [0, 0, 0, 1], "S2s1": [0, 0, 0, 0, 0, 0, 0, 0, 0, 0, 0, 0, 0, 0, 0, 0, 0, 1], "B1s1": [0, 0, 0, 0, 1], "TS1s1": [0, 1, 0, 0, 0, 0, 0, 0], "K1": [1, 0, 0], "T1s1": [0, 0, 1, 0], "P4": [0, 0, 0, 0, 0, 0, 0, 0, 0, 0, 0, 0, 1], "EM1": [0, 0, 0, 0, 1], "TM1": [1, 0, 0, 0, 0, 0], "I1s2": [[0, 0, 1], [0, 0, 1], [0, 0, 1], [0, 0, 1], [0, 0, 1], [0, 0, 1], [0, 0, 1], [0, 0, 1], [0, 0, 1], [0, 0, 1], [0, 0, 1], [0, 0, 1], [0, 0, 1], [0, 0, 1], [0, 0, 1], [0, 0, 1], [0, 0, 1], [0, 0, 1], [0, 0, 1], [0, 0, 1], [0, 0, 1], [0, 0, 1], [0, 0, 1], [0, 0, 1], [0, 0, 1], [0, 0, 1], [0, 0, 1], [0, 0, 1]], "S4": [[0, 0, 1], [0, 0, 1], [0, 0, 1], [0, 0, 1], [0, 0, 1], [0, 0, 1], [0, 0, 1], [0, 0, 1], [0, 0, 1], [0, 0, 1], [0, 0, 1], [1, 0, 0], [0, 0, 1], [0, 0, 1], [0, 0, 1], [0, 0, 1], [0, 0, 1], [0, 0, 1], [0, 0, 1], [0, 0, 1], [0, 0, 1], [1, 0, 0]]}, "pred_probs": {"R1": [4.060514584125485e-06, 4.4944858927919995e-06, 0.9999914169311523], "R3": [3.050395207537804e-06, 3.676246706163511e-05, 1.380559569952311e-05, 0.9999463558197021], "S2s1": [2.2079959762777435e-06, 2.6034795155283064e-06, 4.114903276786208e-06, 3.118917902611429e-06, 3.3711453397700097e-06, 3.932219897251343e-06, 3.3523804177093552e-06, 2.5549188649165444e-06, 2.780780050670728e-06, 3.363810265000211e-06, 3.965457835874986e-06, 5.648573278449476e-06, 3.586410002753837e-06, 1.4754646144865546e-06, 4.222290954203345e-06, 7.771842319925781e-06, 2.0520403722912306e-06, 0.9999397993087769], "B1s1": [7.812743206159212e-06, 4.859247383137699e-06, 8.44830628921045e-06, 2.0093355033168336e-06, 0.9999768733978271], "TS1s1": [2.663457507878775e-07, 0.9999972581863403, 4.7544611447847274e-07, 2.1339201339287683e-07, 6.05378886575636e-07, 4.1953612139877805e-07, 3.0311306886687817e-07, 3.602297340421501e-07], "K1": [0.9999996423721313, 1.1260158316872548e-07, 2.588689369531494e-07], "T1s1": [2.4674950509506743e-06, 7.78370463194733e-07, 0.9999959468841553, 7.778882036291179e-07], "P4": [4.3250602743682975e-07, 3.974807327722374e-07, 3.851126848530839e-07, 4.5932929992886784e-07, 7.024672186162206e-07, 2.3731512044378178e-07, 5.53241648049152e-07, 2.6189272261945007e-07, 4.2334610839134257e-07, 4.957788632964366e-07, 2.3444297880814702e-07, 3.828784826964693e-07, 0.9999949932098389], "EM1": [2.374943733229884e-06, 3.2700852443667827e-06, 5.534457159228623e-06, 1.7537633539177477e-05, 0.9999712705612183], "TM1": [0.9999986886978149, 2.9801287837472046e-07, 2.39199209772778e-07, 2.9371707910286204e-07, 2.3525663550572062e-07, 3.143755122891889e-07], "I1s2": [[2.7020365678254166e-07, 2.7335170216247207e-07, 0.9999994039535522], [2.3380144398288394e-07, 2.2818383627054573e-07, 0.9999995231628418], [3.6851716345154273e-07, 2.684988089640683e-07, 0.9999994039535522], [3.7157212773308856e-07, 5.324910716808517e-07, 0.9999990463256836], [2.3832545537061378e-07, 3.7312435097192065e-07, 0.9999994039535522], [5.324910148374329e-07, 5.00827127325465e-07, 0.999998927116394], [4.250862559729285e-07, 4.874502224083699e-07, 0.9999990463256836], [2.368034301980515e-07, 3.163296753427858e-07, 0.9999994039535522], [1.181650262083167e-07, 2.0372506526200596e-07, 0.9999996423721313], [2.3901426970951434e-07, 1.0600814448480378e-07, 0.9999996423721313], [2.916896164606442e-07, 2.639355898281792e-07, 0.9999994039535522], [2.924327304754115e-07, 2.4553546040806395e-07, 0.9999994039535522], [1.859609852772337e-07, 4.2176625925094413e-07, 0.9999994039535522], [3.791595588609198e-07, 4.5880105403739435e-07, 0.9999991655349731], [2.2163929713769903e-07, 2.3511822178079456e-07, 0.9999995231628418], [1.1722221415766398e-07, 9.9274046760911e-08, 0.9999997615814209], [3.2121491244652134e-07, 3.5445862067717826e-07, 0.9999992847442627], [3.057196238387405e-07, 1.4817962323832035e-07, 0.9999995231628418], [4.2571508629407617e-07, 5.44323427220661e-07, 0.9999990463256836], [1.6875775088465161e-07, 3.865066560138075e-07, 0.9999994039535522], [3.7134336139388324e-07, 3.515385458285891e-07, 0.9999992847442627], [7.717323455835867e-07, 3.1477310358241084e-07, 0.999998927116394], [1.9182026278485864e-07, 5.091578145766107e-07, 0.9999992847442627], [1.0181762633010294e-07, 9.374084442015373e-08, 0.9999997615814209], [1.3225002248873352e-06, 1.729102194758525e-07, 0.9999984502792358], [2.2226541318559612e-07, 2.3078422373146168e-07, 0.9999995231628418], [3.8088722931206576e-07, 3.305660527530563e-07, 0.9999992847442627], [1.2691386075402988e-07, 2.8187670864099346e-07, 0.9999996423721313]], "S4": [[4.12962708651321e-06, 1.4072368230699794e-06, 0.9999945163726807], [6.466569857366267e-07, 5.730937573389383e-07, 0.9999988079071045], [4.1898616132129973e-07, 7.867297426855657e-07, 0.9999988079071045], [5.379170602282102e-07, 7.748945449748135e-07, 0.9999986886978149], [8.278163363684143e-07, 9.95355776467477e-07, 0.9999982118606567], [5.931227633482195e-07, 8.789082812654669e-07, 0.9999985694885254], [5.477497779793339e-07, 6.357990969263483e-07, 0.9999988079071045], [6.35331218745705e-07, 4.1725724031493883e-07, 0.999998927116394], [5.937646392339957e-07, 7.25069355667074e-07, 0.9999986886978149], [4.834999458580569e-07, 6.960938208067091e-07, 0.9999988079071045], [4.984856332157506e-07, 1.2322200291237095e-06, 0.9999982118606567], [0.9999840259552002, 1.2046812116750516e-05, 3.94796188629698e-06], [6.54051405035716e-07, 1.247465547749016e-06, 0.9999980926513672], [5.284583153297717e-07, 9.525548989586241e-07, 0.9999985694885254], [3.5213125215705077e-07, 9.502159628027584e-07, 0.9999986886978149], [9.164563152808114e-07, 4.6152598542903434e-07, 0.9999985694885254], [5.21995957569743e-07, 6.304164230641618e-07, 0.9999988079071045], [2.4167940182451275e-07, 5.549195520870853e-07, 0.9999991655349731], [9.281187089982268e-07, 9.978458592740935e-07, 0.9999980926513672], [4.875848844676511e-07, 8.657056014271802e-07, 0.9999986886978149], [5.874184125786996e-07, 1.3454247209665482e-06, 0.9999980926513672], [0.9999872446060181, 9.731788850331213e-06, 3.029792651432217e-06]]}, "infer_command_tokens": ["I1s2_0_2", "I1s2_1_2", "I1s2_2_2", "I1s2_3_2", "I1s2_4_2", "I1s2_5_2", "I1s2_6_2", "I1s2_7_2", "I1s2_8_2", "I1s2_9_2", "I1s2_10_2", "I1s2_11_2", "I1s2_12_2", "I1s2_13_2", "I1s2_14_2", "I1s2_15_2", "I1s2_16_2", "I1s2_17_2", "I1s2_18_2", "I1s2_19_2", "I1s2_20_2", "I1s2_21_2", "I1s2_22_2", "I1s2_23_2", "I1s2_24_2", "I1s2_25_2", "I1s2_26_2", "I1s2_27_2", "I4_28", "C1_4", "R1_2", "R3_3", "S2s1_17", "S4_0_2", "S4_1_2", "S4_2_2", "S4_3_2", "S4_4_2", "S4_5_2", "S4_6_2", "S4_7_2", "S4_8_2", "S4_9_2", "S4_10_2", "S4_11_0", "S4_12_2", "S4_13_2", "S4_14_2", "S4_15_2", "S4_16_2", "S4_17_2", "S4_18_2", "S4_19_2", "S4_20_2", "S4_21_0", "B1s1_4", "TS1s1_1", "K1_0", "T1s1_2", "P4_12", "ST1_14", "EM1_4", "TM1_0"]}