{"text": "The use of a specific pitch range of 3 octaves creates a cohesive and unified sound throughout the musical piece, while the minor key gives this music a special emotional quality. With a duration of about 40 seconds, this track maintains a steady and moderate rhythm, featuring grand piano and voice as its prominent elements. The time signature of the music is 4/4, complementing its high-tempo nature, and the composition is steeped in the traditions of new age style.", "pred_labels": {"R1": [0, 0, 1], "R3": [0, 1, 0, 0], "S2s1": [0, 0, 0, 0, 0, 0, 0, 0, 0, 0, 0, 0, 0, 0, 0, 0, 0, 1], "B1s1": [0, 0, 0, 0, 1], "TS1s1": [1, 0, 0, 0, 0, 0, 0, 0], "K1": [0, 1, 0], "T1s1": [0, 0, 1, 0], "P4": [0, 0, 0, 1, 0, 0, 0, 0, 0, 0, 0, 0, 0], "EM1": [0, 0, 0, 0, 1], "TM1": [0, 0, 1, 0, 0, 0], "I1s2": [[1, 0, 0], [0, 0, 1], [0, 0, 1], [0, 0, 1], [0, 0, 1], [0, 0, 1], [0, 0, 1], [0, 0, 1], [0, 0, 1], [0, 0, 1], [0, 0, 1], [1, 0, 0], [0, 0, 1], [0, 0, 1], [0, 0, 1], [0, 0, 1], [0, 0, 1], [0, 0, 1], [0, 0, 1], [0, 0, 1], [0, 0, 1], [0, 0, 1], [0, 0, 1], [0, 0, 1], [0, 0, 1], [0, 0, 1], [0, 0, 1], [0, 0, 1]], "S4": [[1, 0, 0], [0, 0, 1], [0, 0, 1], [0, 0, 1], [0, 0, 1], [0, 0, 1], [0, 0, 1], [0, 0, 1], [0, 0, 1], [0, 0, 1], [0, 0, 1], [0, 0, 1], [0, 0, 1], [0, 0, 1], [0, 0, 1], [0, 0, 1], [0, 0, 1], [0, 0, 1], [0, 0, 1], [0, 0, 1], [0, 0, 1], [0, 0, 1]]}, "pred_probs": {"R1": [4.2208744162053335e-06, 4.327555416239193e-06, 0.9999914169311523], "R3": [4.1103166381617484e-07, 0.9999971389770508, 1.272106032956799e-06, 1.2433762321961694e-06], "S2s1": [2.432344217595528e-06, 2.5780602754821302e-06, 4.5410115490085445e-06, 2.7963023967458867e-06, 3.626343186624581e-06, 3.824998657364631e-06, 3.161417680530576e-06, 2.760473762464244e-06, 2.704034159251023e-06, 3.2357436339225387e-06, 4.513819021667587e-06, 4.88431760459207e-06, 3.501707169561996e-06, 1.2562844631247572e-06, 3.953147825086489e-06, 9.409292943018954e-06, 1.967121761481394e-06, 0.9999387264251709], "B1s1": [6.861801921331789e-06, 4.940990038448945e-06, 8.662969776196405e-06, 2.208390696978313e-06, 0.9999773502349854], "TS1s1": [0.9999977350234985, 3.575107712094905e-07, 6.131657528385404e-07, 1.3846705826381367e-07, 3.4590874520290527e-07, 1.4416954741136578e-07, 3.260124685766641e-07, 3.0868037015352456e-07], "K1": [3.5175955304111994e-07, 0.9999992847442627, 3.639144381395454e-07], "T1s1": [1.4872134670440573e-06, 1.03386241789849e-06, 0.9999966621398926, 8.125022645799618e-07], "P4": [1.960079458740438e-07, 1.1826941914705458e-07, 6.667066543286637e-08, 0.9999977350234985, 1.8489841124846862e-07, 1.30181376789551e-07, 2.180489673264674e-07, 1.8514879229769576e-07, 1.9386465055504232e-07, 7.728608153456662e-08, 1.3078428651169816e-07, 2.7275856950836896e-07, 3.5790989727502165e-07], "EM1": [2.061661689367611e-06, 2.5859969809971517e-06, 5.167697054275777e-06, 1.6078494809335098e-05, 0.9999741315841675], "TM1": [6.314290885711671e-07, 5.468597805702302e-07, 0.9999978542327881, 3.865897326704726e-07, 2.850925397979154e-07, 3.096548653047648e-07], "I1s2": [[0.999993085861206, 3.0362405141204363e-06, 3.9347069105133414e-06], [2.0949953238869057e-07, 2.1383169723776518e-07, 0.9999995231628418], [2.534582108637551e-07, 2.6499242267163936e-07, 0.9999995231628418], [2.602958488751028e-07, 1.0671305972209666e-06, 0.9999986886978149], [1.9342969892477413e-07, 4.296154827443388e-07, 0.9999994039535522], [4.3853893316736503e-07, 5.148195896254038e-07, 0.9999990463256836], [3.3190980275321635e-07, 4.810234486285481e-07, 0.9999991655349731], [2.3921600700305135e-07, 3.030712321105966e-07, 0.9999994039535522], [1.199663444140242e-07, 2.4720961278035247e-07, 0.9999996423721313], [2.1131431537924072e-07, 1.2269489957361657e-07, 0.9999996423721313], [2.597757884359453e-07, 3.3339838978463376e-07, 0.9999994039535522], [0.9999942779541016, 1.9727299331862014e-06, 3.736364760698052e-06], [2.054035377341279e-07, 4.068933492362703e-07, 0.9999994039535522], [4.7327094421234506e-07, 6.06007802161912e-07, 0.999998927116394], [1.8064572770981613e-07, 2.3124228221149679e-07, 0.9999996423721313], [1.1947700784276094e-07, 1.4960697569676995e-07, 0.9999997615814209], [2.7334334617989953e-07, 3.891158542046469e-07, 0.9999992847442627], [2.6851009238271217e-07, 1.877952513495984e-07, 0.9999995231628418], [4.234410369008401e-07, 6.227641620171198e-07, 0.999998927116394], [1.5349809245890356e-07, 4.1685652263367956e-07, 0.9999994039535522], [2.0234944031471969e-07, 5.049190576755791e-07, 0.9999992847442627], [6.779823138458596e-07, 3.530203684931621e-07, 0.999998927116394], [2.314352371968198e-07, 4.817079570784699e-07, 0.9999992847442627], [1.1263231414204711e-07, 1.1322993742624021e-07, 0.9999997615814209], [1.0932259328910732e-06, 1.5314473955641006e-07, 0.9999988079071045], [1.9723499633528263e-07, 2.3519558567386412e-07, 0.9999995231628418], [3.077613826008019e-07, 3.679654412280797e-07, 0.9999992847442627], [1.654739776313363e-07, 2.6855644819079316e-07, 0.9999995231628418]], "S4": [[0.9999810457229614, 4.786879799212329e-06, 1.423924641130725e-05], [5.684376560566307e-07, 5.752786478296912e-07, 0.9999988079071045], [4.2954354739777045e-07, 7.283183549589012e-07, 0.9999988079071045], [4.706307379365171e-07, 6.366589104800369e-07, 0.999998927116394], [7.537167903137743e-07, 9.055665373125521e-07, 0.9999983310699463], [5.401361136136984e-07, 8.968074212134525e-07, 0.9999985694885254], [5.649109198202495e-07, 5.43249370821286e-07, 0.999998927116394], [5.709918582397222e-07, 4.4700749413095764e-07, 0.999998927116394], [6.01116198595264e-07, 7.055159016999824e-07, 0.9999986886978149], [4.898538463748991e-07, 6.436109174501325e-07, 0.9999988079071045], [4.804294349014526e-07, 1.012286816148844e-06, 0.9999984502792358], [1.0918320185737684e-06, 7.714322691754205e-07, 0.9999980926513672], [7.076341148604115e-07, 1.1313958339087549e-06, 0.9999982118606567], [5.175692763259576e-07, 8.259730179815961e-07, 0.9999986886978149], [3.5003662901544885e-07, 9.019985895974969e-07, 0.9999986886978149], [7.873045433370862e-07, 4.703317983967281e-07, 0.9999986886978149], [4.733179252980335e-07, 5.023225071454362e-07, 0.9999990463256836], [2.1352028056753625e-07, 5.128459292791376e-07, 0.9999992847442627], [7.514946105402487e-07, 9.246010677088634e-07, 0.9999983310699463], [5.129037958795379e-07, 7.656856269022683e-07, 0.9999986886978149], [6.08404150170827e-07, 1.1755795412682346e-06, 0.9999982118606567], [7.533745360888133e-07, 1.1320864814479137e-06, 0.9999980926513672]]}, "infer_command_tokens": ["I1s2_0_0", "I1s2_1_2", "I1s2_2_2", "I1s2_3_2", "I1s2_4_2", "I1s2_5_2", "I1s2_6_2", "I1s2_7_2", "I1s2_8_2", "I1s2_9_2", "I1s2_10_2", "I1s2_11_0", "I1s2_12_2", "I1s2_13_2", "I1s2_14_2", "I1s2_15_2", "I1s2_16_2", "I1s2_17_2", "I1s2_18_2", "I1s2_19_2", "I1s2_20_2", "I1s2_21_2", "I1s2_22_2", "I1s2_23_2", "I1s2_24_2", "I1s2_25_2", "I1s2_26_2", "I1s2_27_2", "I4_28", "C1_4", "R1_2", "R3_1", "S2s1_17", "S4_0_0", "S4_1_2", "S4_2_2", "S4_3_2", "S4_4_2", "S4_5_2", "S4_6_2", "S4_7_2", "S4_8_2", "S4_9_2", "S4_10_2", "S4_11_2", "S4_12_2", "S4_13_2", "S4_14_2", "S4_15_2", "S4_16_2", "S4_17_2", "S4_18_2", "S4_19_2", "S4_20_2", "S4_21_2", "B1s1_4", "TS1s1_0", "K1_1", "T1s1_2", "P4_3", "ST1_14", "EM1_4", "TM1_2"]}