{"text": "The musical piece showcases a pitch range within 5 octaves and is composed in the major key. The song runs for about 50 seconds and features a very fast and lively rhythm. The piano and strings contribute to the overall musical composition, which uses the 4/4 time signature and is performed at a moderate speed. Throughout the piece, the music is imbued with a sense of elation.", "pred_labels": {"R1": [0, 0, 1], "R3": [0, 0, 1, 0], "S2s1": [0, 0, 0, 0, 0, 0, 0, 0, 0, 0, 0, 0, 0, 0, 0, 0, 0, 1], "B1s1": [0, 0, 0, 0, 1], "TS1s1": [1, 0, 0, 0, 0, 0, 0, 0], "K1": [1, 0, 0], "T1s1": [0, 1, 0, 0], "P4": [0, 0, 0, 0, 0, 1, 0, 0, 0, 0, 0, 0, 0], "EM1": [1, 0, 0, 0, 0], "TM1": [0, 0, 0, 1, 0, 0], "I1s2": [[1, 0, 0], [0, 0, 1], [0, 0, 1], [0, 0, 1], [0, 0, 1], [0, 0, 1], [0, 0, 1], [0, 0, 1], [0, 0, 1], [0, 0, 1], [1, 0, 0], [0, 0, 1], [0, 0, 1], [0, 0, 1], [0, 0, 1], [0, 0, 1], [0, 0, 1], [0, 0, 1], [0, 0, 1], [0, 0, 1], [0, 0, 1], [0, 0, 1], [0, 0, 1], [0, 0, 1], [0, 0, 1], [0, 0, 1], [0, 0, 1], [0, 0, 1]], "S4": [[0, 0, 1], [0, 0, 1], [0, 0, 1], [0, 0, 1], [0, 0, 1], [0, 0, 1], [0, 0, 1], [0, 0, 1], [0, 0, 1], [0, 0, 1], [0, 0, 1], [0, 0, 1], [0, 0, 1], [0, 0, 1], [0, 0, 1], [0, 0, 1], [0, 0, 1], [0, 0, 1], [0, 0, 1], [0, 0, 1], [0, 0, 1], [0, 0, 1]]}, "pred_probs": {"R1": [4.40961184722255e-06, 3.922621999663534e-06, 0.9999916553497314], "R3": [8.575312904213206e-07, 1.4206718788045691e-06, 0.9999967813491821, 9.083425425160385e-07], "S2s1": [2.360392727496219e-06, 2.3405905267281923e-06, 4.2325423237343784e-06, 3.4726012927421834e-06, 4.043799890496302e-06, 3.891736923833378e-06, 3.7652910123142647e-06, 2.872834556910675e-06, 2.716787548706634e-06, 2.951822125396575e-06, 4.588465344568249e-06, 5.918704573559808e-06, 3.5687869512912584e-06, 1.2496321915023145e-06, 4.385762167657958e-06, 9.048819265444763e-06, 1.9080382571701193e-06, 0.9999366998672485], "B1s1": [6.691544058412546e-06, 4.857910425926093e-06, 9.891648915072437e-06, 2.2129802346171346e-06, 0.999976396560669], "TS1s1": [0.999997615814209, 3.97249124262089e-07, 7.718396091149771e-07, 1.3572436330377968e-07, 3.048313601539121e-07, 1.4143579107894766e-07, 3.4552229521978006e-07, 3.948529467834305e-07], "K1": [0.9999996423721313, 1.219120377982108e-07, 2.1052842669178062e-07], "T1s1": [1.5038825722513138e-06, 0.9999969005584717, 8.157331308211724e-07, 7.397291597044386e-07], "P4": [1.0994171617539905e-07, 2.947942334685649e-07, 2.1842993191967253e-07, 3.9204650192914414e-07, 7.766707454948119e-08, 0.9999980926513672, 1.326054075434513e-07, 1.2328092680036207e-07, 7.691728853842505e-08, 1.1097638008550348e-07, 2.233095699466503e-07, 9.991518368224206e-08, 9.402271672342977e-08], "EM1": [0.9999687671661377, 1.7109192413045093e-05, 4.010076281701913e-06, 5.7281681620224845e-06, 4.2933511394949164e-06], "TM1": [4.150635106725531e-07, 4.0992833305608656e-07, 1.311329015152296e-06, 0.999997615814209, 1.7364577331591136e-07, 1.2707795349342632e-07], "I1s2": [[0.9999929666519165, 2.8067431685485644e-06, 4.147903837292688e-06], [2.3395870130116236e-07, 2.3767360346482747e-07, 0.9999995231628418], [2.90147028181309e-07, 2.659062374732457e-07, 0.9999994039535522], [2.6340492809140414e-07, 7.137944066926138e-07, 0.9999990463256836], [1.850116007062752e-07, 4.2222143292747205e-07, 0.9999994039535522], [4.3779513703157136e-07, 5.484524194798723e-07, 0.9999990463256836], [4.281326937416452e-07, 5.009576398151694e-07, 0.9999990463256836], [2.635276246110152e-07, 2.9844596838302095e-07, 0.9999994039535522], [1.91289629469793e-07, 2.8662839213211555e-07, 0.9999995231628418], [2.405816985628917e-07, 1.2265559234947432e-07, 0.9999996423721313], [0.9999918937683105, 3.899192506651161e-06, 4.127738066017628e-06], [3.829487980056001e-07, 2.418069584564364e-07, 0.9999994039535522], [2.323339600707186e-07, 4.6004319642634073e-07, 0.9999992847442627], [4.998618692297896e-07, 5.369822702050442e-07, 0.999998927116394], [2.2102652508237952e-07, 2.4347235694222036e-07, 0.9999995231628418], [1.2112330693980766e-07, 1.588635285543205e-07, 0.9999997615814209], [3.0375088044820586e-07, 3.731784374849667e-07, 0.9999992847442627], [2.6752096005111525e-07, 2.4487698624398035e-07, 0.9999995231628418], [4.589221589412773e-07, 6.637127967223933e-07, 0.999998927116394], [1.653457104566769e-07, 3.9297870557675196e-07, 0.9999994039535522], [2.1837543329183973e-07, 3.5274726428724534e-07, 0.9999994039535522], [8.226384125009645e-07, 3.284497722688684e-07, 0.9999988079071045], [2.0814029255689093e-07, 6.146402142803709e-07, 0.9999991655349731], [1.6105855138448533e-07, 1.0699150720938633e-07, 0.9999997615814209], [1.2382895420159912e-06, 1.6726143314826913e-07, 0.9999985694885254], [2.125907627714696e-07, 2.5475202392044594e-07, 0.9999995231628418], [3.834797723811789e-07, 3.8093955367912713e-07, 0.9999992847442627], [1.6210374553793372e-07, 2.935913130386325e-07, 0.9999995231628418]], "S4": [[4.802640887646703e-06, 1.8787370663631009e-06, 0.9999933242797852], [5.68776044929109e-07, 6.280832280936011e-07, 0.9999988079071045], [4.136367408591468e-07, 7.571030664621503e-07, 0.9999988079071045], [4.456301212485414e-07, 6.162017598398961e-07, 0.999998927116394], [7.758096103316348e-07, 1.0314344081052695e-06, 0.9999982118606567], [5.925701884734735e-07, 1.1771983281505527e-06, 0.9999982118606567], [6.026045866747154e-07, 5.687250563823909e-07, 0.9999988079071045], [5.27897896063223e-07, 5.410947778727859e-07, 0.999998927116394], [5.930623387939704e-07, 7.469705565199547e-07, 0.9999986886978149], [4.512289137892367e-07, 6.714960818499094e-07, 0.999998927116394], [5.031006935496407e-07, 1.134085778176086e-06, 0.9999983310699463], [1.1473038057374652e-06, 8.366512815882743e-07, 0.9999979734420776], [7.262036660904414e-07, 1.4616524595112423e-06, 0.9999978542327881], [4.773895057041955e-07, 9.412813142262166e-07, 0.9999985694885254], [3.9008239127724664e-07, 9.737474329085671e-07, 0.9999986886978149], [8.074582069639291e-07, 5.366447908272676e-07, 0.9999986886978149], [4.702592377725523e-07, 5.901703730160079e-07, 0.999998927116394], [2.240461896008128e-07, 5.922599939367501e-07, 0.9999991655349731], [8.409807605858077e-07, 1.0156710459341411e-06, 0.9999980926513672], [5.098863198327308e-07, 8.660300068186189e-07, 0.9999985694885254], [5.059694103692891e-07, 1.0325329640181735e-06, 0.9999984502792358], [7.164178441598779e-07, 1.2683264003499062e-06, 0.9999979734420776]]}, "infer_command_tokens": ["I1s2_0_0", "I1s2_1_2", "I1s2_2_2", "I1s2_3_2", "I1s2_4_2", "I1s2_5_2", "I1s2_6_2", "I1s2_7_2", "I1s2_8_2", "I1s2_9_2", "I1s2_10_0", "I1s2_11_2", "I1s2_12_2", "I1s2_13_2", "I1s2_14_2", "I1s2_15_2", "I1s2_16_2", "I1s2_17_2", "I1s2_18_2", "I1s2_19_2", "I1s2_20_2", "I1s2_21_2", "I1s2_22_2", "I1s2_23_2", "I1s2_24_2", "I1s2_25_2", "I1s2_26_2", "I1s2_27_2", "I4_28", "C1_4", "R1_2", "R3_2", "S2s1_17", "S4_0_2", "S4_1_2", "S4_2_2", "S4_3_2", "S4_4_2", "S4_5_2", "S4_6_2", "S4_7_2", "S4_8_2", "S4_9_2", "S4_10_2", "S4_11_2", "S4_12_2", "S4_13_2", "S4_14_2", "S4_15_2", "S4_16_2", "S4_17_2", "S4_18_2", "S4_19_2", "S4_20_2", "S4_21_2", "B1s1_4", "TS1s1_0", "K1_0", "T1s1_1", "P4_5", "ST1_14", "EM1_0", "TM1_3"]}