{"text": "This is a about 50-second-long song with a highly intense rhythm. The pitch range of 5 octaves adds a distinctive character to the music, emphasizing its emotional depth. In total, the song has about 14 bars, which further enhances its overall structure and complexity. The music honors Mozart's style and has a time signature of 6/8. The incorporation of Mozart's signature style into the music showcases a clear understanding and respect for their unique musical expression. Meanwhile, the time signature of 6/8 contributes to the overall rhythmic feel and structure of the music. Together, these elements create a cohesive and impressive musical composition that both pays tribute to Mozart and stands on its own as a noteworthy piece of music.", "pred_labels": {"R1": [0, 0, 1], "R3": [0, 0, 1, 0], "S2s1": [0, 1, 0, 0, 0, 0, 0, 0, 0, 0, 0, 0, 0, 0, 0, 0, 0, 0], "B1s1": [0, 0, 0, 1, 0], "TS1s1": [0, 0, 0, 0, 1, 0, 0, 0], "K1": [0, 0, 1], "T1s1": [0, 0, 0, 1], "P4": [0, 0, 0, 0, 0, 1, 0, 0, 0, 0, 0, 0, 0], "EM1": [0, 0, 0, 0, 1], "TM1": [0, 0, 0, 1, 0, 0], "I1s2": [[0, 0, 1], [0, 0, 1], [0, 0, 1], [0, 0, 1], [0, 0, 1], [0, 0, 1], [0, 0, 1], [0, 0, 1], [0, 0, 1], [0, 0, 1], [0, 0, 1], [0, 0, 1], [0, 0, 1], [0, 0, 1], [0, 0, 1], [0, 0, 1], [0, 0, 1], [0, 0, 1], [0, 0, 1], [0, 0, 1], [0, 0, 1], [0, 0, 1], [0, 0, 1], [0, 0, 1], [0, 0, 1], [0, 0, 1], [0, 0, 1], [0, 0, 1]], "S4": [[0, 0, 1], [0, 0, 1], [0, 0, 1], [0, 0, 1], [0, 0, 1], [0, 0, 1], [0, 0, 1], [0, 0, 1], [0, 0, 1], [0, 0, 1], [0, 0, 1], [0, 0, 1], [0, 0, 1], [0, 0, 1], [0, 0, 1], [0, 0, 1], [0, 0, 1], [0, 0, 1], [0, 0, 1], [0, 0, 1], [0, 0, 1], [0, 0, 1]]}, "pred_probs": {"R1": [4.119345248909667e-06, 4.2149304135818966e-06, 0.9999916553497314], "R3": [1.2440063983376604e-06, 1.3473357967086486e-06, 0.9999964237213135, 9.723754601509427e-07], "S2s1": [1.5668425703552202e-06, 0.9999555349349976, 2.032806605711812e-06, 2.6424777388456278e-06, 5.101323949929792e-07, 2.7012574719265103e-06, 3.0011094622750534e-06, 1.8648784134711605e-06, 2.535334715503268e-06, 3.2824034406075953e-06, 4.539342626230791e-06, 4.040741714561591e-06, 4.387936769489897e-06, 3.3254818845307454e-06, 2.6640489068086026e-06, 2.890242967623635e-06, 1.29911677504424e-06, 1.0771288998512318e-06], "B1s1": [9.766681614564732e-07, 1.007046535050904e-06, 1.2178629731351975e-06, 0.9999963045120239, 4.33482369999183e-07], "TS1s1": [4.7217992005244014e-07, 2.542681158956839e-07, 8.43107898162998e-07, 2.125069045177952e-07, 0.9999970197677612, 3.3330732662761875e-07, 4.436616904968105e-07, 3.6002975889459776e-07], "K1": [3.320109840387886e-07, 1.0189129397986108e-06, 0.9999986886978149], "T1s1": [3.1340925943368347e-06, 9.396943596584606e-07, 2.4300798031617887e-06, 0.9999934434890747], "P4": [1.1411031408670169e-07, 2.161535803679726e-07, 2.3439251606305334e-07, 4.072034016644466e-07, 7.190953965618974e-08, 0.9999980926513672, 1.2278601957405044e-07, 1.194641612300984e-07, 7.548023717163233e-08, 1.1558860535387794e-07, 2.388789823726256e-07, 9.312373094871873e-08, 8.981349708392372e-08], "EM1": [1.905151520986692e-06, 2.38248003370245e-06, 4.901687134406529e-06, 5.117135970067466e-06, 0.9999856948852539], "TM1": [3.33621073878021e-07, 2.710476394440775e-07, 6.231025508895982e-07, 0.9999985694885254, 1.3686585020877828e-07, 1.0641440439940197e-07], "I1s2": [[3.3648177577561e-07, 2.476595568623452e-07, 0.9999994039535522], [2.2445176739438466e-07, 1.782337335498596e-07, 0.9999996423721313], [3.486229900317994e-07, 2.7316642103869526e-07, 0.9999994039535522], [3.600188449581765e-07, 4.734660592475848e-07, 0.9999991655349731], [1.5634969940947485e-07, 3.213369552668155e-07, 0.9999995231628418], [5.013633881389978e-07, 4.398004307404335e-07, 0.9999990463256836], [3.3472113614152477e-07, 4.2592631643856294e-07, 0.9999992847442627], [2.3174889918209374e-07, 3.105902237621194e-07, 0.9999994039535522], [1.1376919673011798e-07, 1.5596327784805908e-07, 0.9999997615814209], [2.2989745218637836e-07, 1.0267334715763354e-07, 0.9999996423721313], [3.1836404446039523e-07, 2.466888417984592e-07, 0.9999994039535522], [3.5672636045092077e-07, 2.2739524752068974e-07, 0.9999994039535522], [1.783603806870815e-07, 2.7317949502503325e-07, 0.9999995231628418], [3.4827004924409266e-07, 3.359959350746067e-07, 0.9999992847442627], [2.1449368148296344e-07, 1.997537992792786e-07, 0.9999996423721313], [1.1518945086663734e-07, 9.60867367894025e-08, 0.9999997615814209], [2.967046555113484e-07, 3.4027058859464887e-07, 0.9999994039535522], [2.897875788221427e-07, 1.4272477244503534e-07, 0.9999995231628418], [4.223743417242076e-07, 4.779190589943028e-07, 0.9999990463256836], [1.5535697173163499e-07, 3.3645068242549314e-07, 0.9999995231628418], [1.8395476786281506e-07, 2.554085938299977e-07, 0.9999995231628418], [6.381184789461258e-07, 2.62693987451712e-07, 0.9999990463256836], [1.7925663087225985e-07, 4.276105300959898e-07, 0.9999994039535522], [1.280764934108447e-07, 8.409816842913642e-08, 0.9999997615814209], [1.2772596846843953e-06, 1.3964823608603183e-07, 0.9999985694885254], [2.14743792525951e-07, 1.9953445473674947e-07, 0.9999996423721313], [3.4804531878762646e-07, 2.979369355671224e-07, 0.9999994039535522], [1.4280102789143712e-07, 2.4133035481099796e-07, 0.9999996423721313]], "S4": [[4.1637786125647835e-06, 1.3962561524749617e-06, 0.9999943971633911], [5.693323714694998e-07, 5.154375344318396e-07, 0.999998927116394], [4.4352378836265416e-07, 6.664236025244463e-07, 0.999998927116394], [4.136939537602302e-07, 6.206179250511923e-07, 0.999998927116394], [8.445751404906332e-07, 8.862677418619569e-07, 0.9999982118606567], [5.481792300088273e-07, 7.887919082349981e-07, 0.9999986886978149], [6.132552812232461e-07, 4.987547299606376e-07, 0.999998927116394], [5.827097311339458e-07, 4.4714565206049883e-07, 0.999998927116394], [5.720714852941455e-07, 7.06089394952869e-07, 0.9999986886978149], [5.291690285957884e-07, 6.217493364601978e-07, 0.9999988079071045], [5.192363232708885e-07, 9.280722679250175e-07, 0.9999985694885254], [1.26129907584982e-06, 7.413578373416385e-07, 0.9999979734420776], [6.94354980623757e-07, 1.07783455405297e-06, 0.9999982118606567], [4.7465124453083263e-07, 8.426302429143107e-07, 0.9999986886978149], [3.8013880043763493e-07, 7.974995810400287e-07, 0.9999988079071045], [7.134077009141038e-07, 4.503638706410129e-07, 0.9999988079071045], [4.7037860895216e-07, 4.940981739309791e-07, 0.9999990463256836], [2.2209287919849885e-07, 5.356658903110656e-07, 0.9999992847442627], [7.82756899297965e-07, 8.584515853726771e-07, 0.9999983310699463], [5.030419174545386e-07, 7.301126174752426e-07, 0.9999988079071045], [5.129766691425175e-07, 8.579059453950322e-07, 0.9999986886978149], [7.545033895439701e-07, 1.0717061513787485e-06, 0.9999982118606567]]}, "infer_command_tokens": ["I1s2_0_2", "I1s2_1_2", "I1s2_2_2", "I1s2_3_2", "I1s2_4_2", "I1s2_5_2", "I1s2_6_2", "I1s2_7_2", "I1s2_8_2", "I1s2_9_2", "I1s2_10_2", "I1s2_11_2", "I1s2_12_2", "I1s2_13_2", "I1s2_14_2", "I1s2_15_2", "I1s2_16_2", "I1s2_17_2", "I1s2_18_2", "I1s2_19_2", "I1s2_20_2", "I1s2_21_2", "I1s2_22_2", "I1s2_23_2", "I1s2_24_2", "I1s2_25_2", "I1s2_26_2", "I1s2_27_2", "I4_28", "C1_4", "R1_2", "R3_2", "S2s1_1", "S4_0_2", "S4_1_2", "S4_2_2", "S4_3_2", "S4_4_2", "S4_5_2", "S4_6_2", "S4_7_2", "S4_8_2", "S4_9_2", "S4_10_2", "S4_11_2", "S4_12_2", "S4_13_2", "S4_14_2", "S4_15_2", "S4_16_2", "S4_17_2", "S4_18_2", "S4_19_2", "S4_20_2", "S4_21_2", "B1s1_3", "TS1s1_4", "K1_2", "T1s1_3", "P4_5", "ST1_14", "EM1_4", "TM1_3"]}