{"text": "The music composed in the major key with a compact pitch range of 5 octaves creates a focused and impactful musical performance. With a duration of about 20 seconds, this high-tempo song showcases the heavily influenced sound of symphony style. The music is in 2/4.", "pred_labels": {"R1": [0, 0, 1], "R3": [0, 0, 0, 1], "S2s1": [0, 0, 0, 0, 0, 0, 0, 0, 0, 0, 0, 0, 0, 0, 0, 0, 0, 1], "B1s1": [0, 0, 0, 0, 1], "TS1s1": [0, 1, 0, 0, 0, 0, 0, 0], "K1": [1, 0, 0], "T1s1": [0, 0, 1, 0], "P4": [0, 0, 0, 0, 0, 1, 0, 0, 0, 0, 0, 0, 0], "EM1": [0, 0, 0, 0, 1], "TM1": [0, 1, 0, 0, 0, 0], "I1s2": [[0, 0, 1], [0, 0, 1], [0, 0, 1], [0, 0, 1], [0, 0, 1], [0, 0, 1], [0, 0, 1], [0, 0, 1], [0, 0, 1], [0, 0, 1], [0, 0, 1], [0, 0, 1], [0, 0, 1], [0, 0, 1], [0, 0, 1], [0, 0, 1], [0, 0, 1], [0, 0, 1], [0, 0, 1], [0, 0, 1], [0, 0, 1], [0, 0, 1], [0, 0, 1], [0, 0, 1], [0, 0, 1], [0, 0, 1], [0, 0, 1], [0, 0, 1]], "S4": [[0, 0, 1], [0, 0, 1], [0, 0, 1], [0, 0, 1], [0, 0, 1], [0, 0, 1], [0, 0, 1], [0, 0, 1], [0, 0, 1], [0, 0, 1], [0, 0, 1], [0, 0, 1], [0, 0, 1], [0, 0, 1], [0, 0, 1], [0, 0, 1], [0, 0, 1], [0, 0, 1], [0, 0, 1], [0, 0, 1], [0, 0, 1], [1, 0, 0]]}, "pred_probs": {"R1": [4.121890469832579e-06, 4.612826160155237e-06, 0.9999912977218628], "R3": [9.103038678404118e-07, 1.456509039599041e-06, 1.9867757146130316e-06, 0.9999955892562866], "S2s1": [2.4727605705265887e-06, 2.6480568067199783e-06, 4.018665549665457e-06, 3.1080771805136465e-06, 3.930495495296782e-06, 3.984415798186092e-06, 3.2162909064936684e-06, 2.5499091407255037e-06, 2.5590202312741894e-06, 3.451810698607005e-06, 4.383412942843279e-06, 5.9425847211969085e-06, 3.816829121205956e-06, 1.4147220781524084e-06, 4.116214313398814e-06, 8.509470717399381e-06, 1.9642893676063977e-06, 0.999937891960144], "B1s1": [6.888618372613564e-06, 5.499255166796502e-06, 1.0024362381955143e-05, 2.2061465188016882e-06, 0.999975323677063], "TS1s1": [2.4343532345483254e-07, 0.9999971389770508, 4.945832756675372e-07, 2.1847409925612737e-07, 6.652261959061434e-07, 4.981401389159146e-07, 3.085483228915109e-07, 3.5284534760648967e-07], "K1": [0.9999996423721313, 1.1933623511595215e-07, 2.534773102524923e-07], "T1s1": [2.7242308533459436e-06, 8.260887511823967e-07, 0.9999957084655762, 7.063014777486387e-07], "P4": [1.3098015472223778e-07, 2.667445357928955e-07, 2.5528692049192614e-07, 4.0816951241140487e-07, 8.660851591457686e-08, 0.9999979734420776, 1.0696744112692613e-07, 1.51030064898805e-07, 6.806556740457381e-08, 1.1720267423243058e-07, 2.2659590115381434e-07, 9.68782387644751e-08, 9.095489161836667e-08], "EM1": [2.565147269706358e-06, 3.2753616778791184e-06, 5.377772140491288e-06, 1.8800168618327007e-05, 0.9999699592590332], "TM1": [2.113542052484263e-07, 0.9999986886978149, 3.333329914312344e-07, 2.2050905101878016e-07, 1.959578526111727e-07, 2.026697103474362e-07], "I1s2": [[3.1051735049913987e-07, 2.6400152819405776e-07, 0.9999994039535522], [2.6818150899998727e-07, 2.2864956861212704e-07, 0.9999995231628418], [3.102746859440231e-07, 2.1285570994677983e-07, 0.9999995231628418], [3.7687283338527777e-07, 5.205137085795286e-07, 0.9999990463256836], [1.9057148392676027e-07, 3.102604750893079e-07, 0.9999995231628418], [5.515080943041539e-07, 4.6750741944379115e-07, 0.999998927116394], [3.1613663509233447e-07, 4.4477857841229707e-07, 0.9999992847442627], [2.4663449949002825e-07, 3.342643424275593e-07, 0.9999994039535522], [1.5390855878649745e-07, 2.093194240160301e-07, 0.9999996423721313], [2.1076567691125092e-07, 1.163612282084614e-07, 0.9999996423721313], [3.218981987629377e-07, 2.462819281845441e-07, 0.9999994039535522], [3.151294833969587e-07, 2.2555423129233532e-07, 0.9999994039535522], [2.246033261599223e-07, 4.115605349852558e-07, 0.9999994039535522], [3.464381563844654e-07, 3.8379658917619963e-07, 0.9999992847442627], [2.072567752975374e-07, 1.9615866619915323e-07, 0.9999996423721313], [1.380650331839206e-07, 1.3615584748549736e-07, 0.9999997615814209], [2.7726449047804635e-07, 3.399643730972457e-07, 0.9999994039535522], [2.8954170261386025e-07, 1.4770387224416481e-07, 0.9999995231628418], [4.335095695751079e-07, 5.021266247240419e-07, 0.9999990463256836], [1.8316524119654787e-07, 3.904102072738169e-07, 0.9999994039535522], [2.1495665691873e-07, 2.706108830352605e-07, 0.9999995231628418], [6.988277618802385e-07, 2.933767859758518e-07, 0.9999990463256836], [2.1285991635977553e-07, 5.347481533135579e-07, 0.9999992847442627], [1.2282779948691314e-07, 9.448380922094657e-08, 0.9999997615814209], [1.11014401227294e-06, 1.5578235945667984e-07, 0.9999986886978149], [2.1614687284454703e-07, 2.371232312725624e-07, 0.9999995231628418], [4.2872025574069994e-07, 4.099176180716313e-07, 0.9999991655349731], [1.566570233535458e-07, 2.4884099047994823e-07, 0.9999996423721313]], "S4": [[4.61710624222178e-06, 1.6462862504340592e-06, 0.9999936819076538], [6.142361712591082e-07, 6.674455903521448e-07, 0.9999986886978149], [4.4752698613592656e-07, 7.552871466032229e-07, 0.9999988079071045], [4.5460836872734944e-07, 6.320696002148907e-07, 0.999998927116394], [7.473620371456491e-07, 1.0780308912217151e-06, 0.9999982118606567], [6.064097988200956e-07, 1.0099146265929448e-06, 0.9999983310699463], [5.111133418722602e-07, 6.102879410718742e-07, 0.999998927116394], [6.227124913493753e-07, 4.19798936945881e-07, 0.999998927116394], [6.163132297842822e-07, 7.832275059627136e-07, 0.9999985694885254], [4.6799976871625404e-07, 7.971337936396594e-07, 0.9999986886978149], [5.049271862844762e-07, 1.2112250260543078e-06, 0.9999983310699463], [1.0250455488858279e-06, 9.890837873172131e-07, 0.9999979734420776], [7.046243695185694e-07, 1.392938770550245e-06, 0.9999978542327881], [5.288616193865892e-07, 1.0303886028850684e-06, 0.9999984502792358], [4.537454003639141e-07, 9.83103518592543e-07, 0.9999985694885254], [8.496149348502513e-07, 4.660556385260861e-07, 0.9999986886978149], [4.829368549508217e-07, 6.17242790212913e-07, 0.999998927116394], [2.454202387980331e-07, 5.60978037356108e-07, 0.9999991655349731], [8.472477475152118e-07, 1.0019557521445677e-06, 0.9999980926513672], [4.898407155451423e-07, 8.517502010363387e-07, 0.9999986886978149], [4.6951200260991754e-07, 1.129198267335596e-06, 0.9999984502792358], [0.9999901056289673, 6.915807261975715e-06, 2.9337206797208637e-06]]}, "infer_command_tokens": ["I1s2_0_2", "I1s2_1_2", "I1s2_2_2", "I1s2_3_2", "I1s2_4_2", "I1s2_5_2", "I1s2_6_2", "I1s2_7_2", "I1s2_8_2", "I1s2_9_2", "I1s2_10_2", "I1s2_11_2", "I1s2_12_2", "I1s2_13_2", "I1s2_14_2", "I1s2_15_2", "I1s2_16_2", "I1s2_17_2", "I1s2_18_2", "I1s2_19_2", "I1s2_20_2", "I1s2_21_2", "I1s2_22_2", "I1s2_23_2", "I1s2_24_2", "I1s2_25_2", "I1s2_26_2", "I1s2_27_2", "I4_28", "C1_4", "R1_2", "R3_3", "S2s1_17", "S4_0_2", "S4_1_2", "S4_2_2", "S4_3_2", "S4_4_2", "S4_5_2", "S4_6_2", "S4_7_2", "S4_8_2", "S4_9_2", "S4_10_2", "S4_11_2", "S4_12_2", "S4_13_2", "S4_14_2", "S4_15_2", "S4_16_2", "S4_17_2", "S4_18_2", "S4_19_2", "S4_20_2", "S4_21_0", "B1s1_4", "TS1s1_1", "K1_0", "T1s1_2", "P4_5", "ST1_14", "EM1_4", "TM1_1"]}