{"text": "The pitch range of 3 octaves adds a distinctive character to the music, emphasizing its emotional depth, while the minor key provides a powerful and memorable sound. Clocking in at 16 ~ 30 seconds, this song captivates with its highly intense rhythm and features a variety of cello, drum, guitar and bass. Set in the 4/4 time signature, the music moves at a quick tempo, effectively conveying restlessness.", "pred_labels": {"R1": [0, 0, 1], "R3": [0, 0, 1, 0], "S2s1": [0, 0, 0, 0, 0, 0, 0, 0, 0, 0, 0, 0, 0, 0, 0, 0, 0, 1], "B1s1": [0, 0, 0, 0, 1], "TS1s1": [1, 0, 0, 0, 0, 0, 0, 0], "K1": [0, 1, 0], "T1s1": [0, 0, 1, 0], "P4": [0, 0, 0, 1, 0, 0, 0, 0, 0, 0, 0, 0, 0], "EM1": [0, 1, 0, 0, 0], "TM1": [0, 1, 0, 0, 0, 0], "I1s2": [[0, 0, 1], [0, 0, 1], [0, 0, 1], [0, 0, 1], [1, 0, 0], [1, 0, 0], [0, 0, 1], [0, 0, 1], [1, 0, 0], [0, 0, 1], [0, 0, 1], [0, 0, 1], [0, 0, 1], [0, 0, 1], [0, 0, 1], [0, 0, 1], [0, 0, 1], [0, 0, 1], [0, 0, 1], [0, 0, 1], [0, 0, 1], [0, 0, 1], [0, 0, 1], [0, 0, 1], [0, 0, 1], [0, 0, 1], [0, 0, 1], [1, 0, 0]], "S4": [[0, 0, 1], [0, 0, 1], [0, 0, 1], [0, 0, 1], [0, 0, 1], [0, 0, 1], [0, 0, 1], [0, 0, 1], [0, 0, 1], [0, 0, 1], [0, 0, 1], [0, 0, 1], [0, 0, 1], [0, 0, 1], [0, 0, 1], [0, 0, 1], [0, 0, 1], [0, 0, 1], [0, 0, 1], [0, 0, 1], [0, 0, 1], [0, 0, 1]]}, "pred_probs": {"R1": [4.191073458059691e-06, 3.962205482821446e-06, 0.9999918937683105], "R3": [7.850130714359693e-07, 1.4193821016306174e-06, 0.9999973773956299, 5.082889060759044e-07], "S2s1": [2.439944182697218e-06, 2.5342339995404473e-06, 4.299496140447445e-06, 3.333272388772457e-06, 3.7042134408693528e-06, 4.011379132862203e-06, 3.232034259781358e-06, 3.103371227552998e-06, 2.632315499795368e-06, 2.9376972179306904e-06, 5.054491339251399e-06, 4.756939233629964e-06, 3.98339398088865e-06, 1.3590207572633517e-06, 4.383936357044149e-06, 1.0229144209006336e-05, 2.0013667381135747e-06, 0.9999361038208008], "B1s1": [6.9462853389268275e-06, 4.974157945980551e-06, 9.791256161406636e-06, 2.5046222162927734e-06, 0.9999758005142212], "TS1s1": [0.9999972581863403, 4.200902026241238e-07, 8.768350312493567e-07, 1.3791215280889446e-07, 3.3198926985278376e-07, 1.5856450374940323e-07, 3.5673036791195045e-07, 4.2439037883923447e-07], "K1": [3.4113739388885733e-07, 0.9999992847442627, 3.7116527096259233e-07], "T1s1": [1.3363018069867394e-06, 1.0300312851541094e-06, 0.9999967813491821, 7.84769383699313e-07], "P4": [2.3168486507074704e-07, 1.347748082025646e-07, 8.255276640056763e-08, 0.9999977350234985, 2.1742165756677423e-07, 1.4359132194385893e-07, 2.6224483917758334e-07, 1.7188385470490175e-07, 2.1291927509992092e-07, 1.0008146489326464e-07, 1.4977470641497348e-07, 2.974058475047059e-07, 4.149773076278507e-07], "EM1": [2.191048042732291e-05, 0.9999586343765259, 5.351879281079164e-06, 6.000620487611741e-06, 8.08942331786966e-06], "TM1": [2.028979082524529e-07, 0.9999986886978149, 3.3929558185263886e-07, 1.9343619328537898e-07, 1.9173546661477303e-07, 1.966792240182258e-07], "I1s2": [[3.252009719290072e-07, 3.4691888117777125e-07, 0.9999992847442627], [2.1963718666029308e-07, 2.7001306079910137e-07, 0.9999995231628418], [3.637971417447261e-07, 3.3969143942158553e-07, 0.9999992847442627], [6.60408261410339e-07, 3.0799258183833444e-06, 0.9999963045120239], [0.9999929666519165, 3.1781039524503285e-06, 3.8409502849390265e-06], [0.9999929666519165, 3.370488911969005e-06, 3.653878366094432e-06], [4.5058303044243075e-07, 6.432686063817528e-07, 0.999998927116394], [2.5249073587474413e-07, 2.995514876147354e-07, 0.9999994039535522], [0.9999940395355225, 2.521083843021188e-06, 3.5081047826679423e-06], [2.6342988235228404e-07, 2.7674090574691945e-07, 0.9999994039535522], [3.898697684689978e-07, 7.112244588824979e-07, 0.999998927116394], [6.016431939315225e-07, 7.821019494258508e-07, 0.9999985694885254], [4.881177915194712e-07, 1.382352252221608e-06, 0.9999980926513672], [1.0764867965917801e-06, 2.6547252218733774e-06, 0.9999963045120239], [3.058320885429566e-07, 3.8018754366930807e-07, 0.9999992847442627], [2.4291435352097324e-07, 2.7881597475243325e-07, 0.9999995231628418], [6.415209554688772e-07, 1.0183966878685169e-06, 0.9999983310699463], [3.003117967637081e-07, 2.7331287810739013e-07, 0.9999994039535522], [5.222159984441532e-07, 8.188334845726786e-07, 0.9999986886978149], [1.6549084591588326e-07, 3.9548265817757056e-07, 0.9999994039535522], [2.3148551520080218e-07, 6.707805937367084e-07, 0.9999990463256836], [7.503263645958214e-07, 3.53136186959091e-07, 0.999998927116394], [1.894984507089248e-07, 1.033091848512413e-06, 0.9999988079071045], [1.9179307741978846e-07, 1.8133648893581267e-07, 0.9999996423721313], [2.0302654775150586e-06, 2.296794008316283e-07, 0.9999977350234985], [2.43025539248265e-07, 3.971153432758001e-07, 0.9999994039535522], [5.666274773830082e-07, 1.0546615385464975e-06, 0.9999983310699463], [0.9999934434890747, 2.686869038370787e-06, 3.81938616555999e-06]], "S4": [[8.496442205796484e-06, 2.7141009013575967e-06, 0.9999887943267822], [5.65926768558711e-07, 6.655807283095783e-07, 0.9999988079071045], [4.640802728772542e-07, 6.873689812891826e-07, 0.9999988079071045], [4.5799524173162354e-07, 6.319671115306846e-07, 0.999998927116394], [8.836260576572386e-07, 1.036988237501646e-06, 0.9999980926513672], [7.499120897591638e-07, 1.3676118442162988e-06, 0.9999978542327881], [6.033129693605588e-07, 6.510516072921746e-07, 0.9999986886978149], [6.000498729008541e-07, 4.6429411781900853e-07, 0.999998927116394], [6.507740408778773e-07, 8.213556839109515e-07, 0.9999985694885254], [5.227093424764462e-07, 6.636336138399201e-07, 0.9999988079071045], [4.92712558752828e-07, 1.0270696293446235e-06, 0.9999984502792358], [1.1232999668209231e-06, 8.225703140851692e-07, 0.9999980926513672], [7.514126423302514e-07, 1.2826457123082946e-06, 0.9999979734420776], [5.386206680668693e-07, 1.0139099231309956e-06, 0.9999984502792358], [3.939014732168289e-07, 7.914209163573105e-07, 0.9999988079071045], [1.1129587846880895e-06, 8.070713306551625e-07, 0.9999980926513672], [8.413513796767802e-07, 1.032908926390519e-06, 0.9999980926513672], [2.1813850992202788e-07, 5.923334356339183e-07, 0.9999991655349731], [8.238060900112032e-07, 1.0010083997258334e-06, 0.9999982118606567], [5.488691385835409e-07, 8.414400554102031e-07, 0.9999985694885254], [5.396762503551145e-07, 1.0086230304295896e-06, 0.9999984502792358], [7.322011015276075e-07, 1.1999551361441263e-06, 0.9999980926513672]]}, "infer_command_tokens": ["I1s2_0_2", "I1s2_1_2", "I1s2_2_2", "I1s2_3_2", "I1s2_4_0", "I1s2_5_0", "I1s2_6_2", "I1s2_7_2", "I1s2_8_0", "I1s2_9_2", "I1s2_10_2", "I1s2_11_2", "I1s2_12_2", "I1s2_13_2", "I1s2_14_2", "I1s2_15_2", "I1s2_16_2", "I1s2_17_2", "I1s2_18_2", "I1s2_19_2", "I1s2_20_2", "I1s2_21_2", "I1s2_22_2", "I1s2_23_2", "I1s2_24_2", "I1s2_25_2", "I1s2_26_2", "I1s2_27_0", "I4_28", "C1_4", "R1_2", "R3_2", "S2s1_17", "S4_0_2", "S4_1_2", "S4_2_2", "S4_3_2", "S4_4_2", "S4_5_2", "S4_6_2", "S4_7_2", "S4_8_2", "S4_9_2", "S4_10_2", "S4_11_2", "S4_12_2", "S4_13_2", "S4_14_2", "S4_15_2", "S4_16_2", "S4_17_2", "S4_18_2", "S4_19_2", "S4_20_2", "S4_21_2", "B1s1_4", "TS1s1_0", "K1_1", "T1s1_2", "P4_3", "ST1_14", "EM1_1", "TM1_1"]}