{"text": "The song has a moderate pace and conveys a unique and resonant sound through its use of minor key. Its rhythm is also very harmonious, and the grand piano, drum and bass add to the musical composition, creating a complete and well-rounded sound. This song has a duration of about 40 seconds. The music conveys sullenness.", "pred_labels": {"R1": [0, 0, 1], "R3": [1, 0, 0, 0], "S2s1": [0, 0, 0, 0, 0, 0, 0, 0, 0, 0, 0, 0, 0, 0, 0, 0, 0, 1], "B1s1": [0, 0, 0, 0, 1], "TS1s1": [0, 0, 0, 0, 0, 0, 0, 1], "K1": [0, 1, 0], "T1s1": [0, 1, 0, 0], "P4": [0, 0, 0, 0, 0, 0, 0, 0, 0, 0, 0, 0, 1], "EM1": [0, 0, 1, 0, 0], "TM1": [0, 0, 1, 0, 0, 0], "I1s2": [[1, 0, 0], [0, 0, 1], [0, 0, 1], [0, 0, 1], [0, 0, 1], [1, 0, 0], [0, 0, 1], [0, 0, 1], [0, 0, 1], [0, 0, 1], [0, 0, 1], [0, 0, 1], [0, 0, 1], [0, 0, 1], [0, 0, 1], [0, 0, 1], [0, 0, 1], [0, 0, 1], [0, 0, 1], [0, 0, 1], [0, 0, 1], [0, 0, 1], [0, 0, 1], [0, 0, 1], [0, 0, 1], [0, 0, 1], [0, 0, 1], [1, 0, 0]], "S4": [[0, 0, 1], [0, 0, 1], [0, 0, 1], [0, 0, 1], [0, 0, 1], [0, 0, 1], [0, 0, 1], [0, 0, 1], [0, 0, 1], [0, 0, 1], [0, 0, 1], [0, 0, 1], [0, 0, 1], [0, 0, 1], [0, 0, 1], [0, 0, 1], [0, 0, 1], [0, 0, 1], [0, 0, 1], [0, 0, 1], [0, 0, 1], [0, 0, 1]]}, "pred_probs": {"R1": [4.2607116483850405e-06, 4.055682438774966e-06, 0.9999916553497314], "R3": [0.9999982118606567, 4.774785793415504e-07, 9.525527389087074e-07, 3.1665439337302814e-07], "S2s1": [2.6627506031218218e-06, 2.7682099243975244e-06, 5.017401690565748e-06, 3.4391318877169397e-06, 3.8064558793848846e-06, 4.248474397172686e-06, 3.43518195222714e-06, 3.2246891805698397e-06, 2.627530420795665e-06, 2.737977183642215e-06, 6.122016657172935e-06, 4.678437107941136e-06, 3.7339220853027655e-06, 1.326936967416259e-06, 4.200063813186716e-06, 1.0547022611717694e-05, 1.960285089808167e-06, 0.9999334812164307], "B1s1": [6.736706836818485e-06, 5.4513284339918755e-06, 9.27367636904819e-06, 2.72640409093583e-06, 0.9999758005142212], "TS1s1": [6.843466167083534e-07, 1.41532825637114e-06, 1.0022683909483021e-06, 2.014138317463221e-06, 8.087086484920292e-07, 1.9388999135117047e-06, 4.731731314677745e-05, 0.999944806098938], "K1": [4.107731399471959e-07, 0.9999992847442627, 4.021686095256882e-07], "T1s1": [9.280763038077566e-07, 0.9999972581863403, 8.83418010744208e-07, 9.768423296918627e-07], "P4": [4.6854009383423545e-07, 4.3438424768282857e-07, 3.8940066815484897e-07, 4.671253179822088e-07, 7.903919367890921e-07, 2.466380237819976e-07, 5.197579753257742e-07, 2.626477737521782e-07, 4.0196971440309426e-07, 4.839316147808859e-07, 4.167245890585036e-07, 4.01967781726853e-07, 0.9999947547912598], "EM1": [2.9124244065314997e-06, 1.9900255665561417e-06, 0.9999905824661255, 2.2882893517817138e-06, 2.3196544134407304e-06], "TM1": [6.226590585356462e-07, 4.945133582623384e-07, 0.9999979734420776, 3.85470997343873e-07, 2.6119582230421656e-07, 2.9910003718214284e-07], "I1s2": [[0.9999934434890747, 2.8794463560188888e-06, 3.6850919968856033e-06], [2.1137979899776838e-07, 2.691320446501777e-07, 0.9999995231628418], [4.2273546796423034e-07, 3.6851110962743405e-07, 0.9999991655349731], [6.650358272963786e-07, 3.161261702189222e-06, 0.9999961853027344], [7.149952807594673e-07, 1.5915384210529737e-06, 0.9999977350234985], [0.9999926090240479, 2.956630396511173e-06, 4.3532863855944015e-06], [5.485380256686767e-07, 6.238251444301568e-07, 0.9999988079071045], [2.7880903985533223e-07, 2.8563920295709977e-07, 0.9999994039535522], [2.5883448984131974e-07, 5.308012305249576e-07, 0.9999991655349731], [2.925783348928235e-07, 2.6408815756440163e-07, 0.9999994039535522], [3.9558128150929406e-07, 6.570904815816903e-07, 0.999998927116394], [6.283480615820736e-07, 5.981563049317629e-07, 0.9999988079071045], [4.881386530541931e-07, 1.6050495332819992e-06, 0.9999978542327881], [1.6295848581648897e-06, 2.7566215976548847e-06, 0.9999955892562866], [4.269869009476679e-07, 4.701830675912788e-07, 0.9999990463256836], [2.8322094181021384e-07, 4.035882739117369e-07, 0.9999992847442627], [6.75662136018218e-07, 1.0027044936578022e-06, 0.9999983310699463], [3.6523181279335404e-07, 2.449049816277693e-07, 0.9999994039535522], [6.1203508039398e-07, 9.401597935720929e-07, 0.9999984502792358], [1.5509789363932214e-07, 4.013460568330629e-07, 0.9999994039535522], [2.4176651436391694e-07, 6.677896635665093e-07, 0.9999990463256836], [6.821252895861107e-07, 3.4773094625961676e-07, 0.999998927116394], [2.9210090701781155e-07, 7.36550191504648e-07, 0.999998927116394], [1.9448667387678142e-07, 1.5304033240681747e-07, 0.9999996423721313], [2.0203801796014886e-06, 1.8225800602067466e-07, 0.9999978542327881], [3.37894988433618e-07, 4.793931225322012e-07, 0.9999991655349731], [6.238253718038322e-07, 1.1935684369746014e-06, 0.9999982118606567], [0.999992847442627, 2.6531165531196166e-06, 4.531445483735297e-06]], "S4": [[5.5601490203116555e-06, 1.7428308183298213e-06, 0.9999927282333374], [5.769720132775547e-07, 6.003130579301796e-07, 0.9999988079071045], [5.221044148129295e-07, 7.708201223977085e-07, 0.9999986886978149], [4.566806808270485e-07, 6.58865019431687e-07, 0.999998927116394], [8.928661259233195e-07, 1.0020809213528992e-06, 0.9999980926513672], [6.25724851488485e-07, 1.1977989515798981e-06, 0.9999982118606567], [6.059013344383857e-07, 6.596758908017364e-07, 0.9999986886978149], [5.603934027931246e-07, 4.864971856477496e-07, 0.999998927116394], [6.809328851886676e-07, 8.818265087029431e-07, 0.9999984502792358], [4.7355260335280036e-07, 6.952022317818773e-07, 0.9999988079071045], [5.07157835727412e-07, 1.0461309329912183e-06, 0.9999984502792358], [1.0613345011734054e-06, 9.322737923866953e-07, 0.9999979734420776], [7.810354532011843e-07, 1.4379201047631796e-06, 0.9999977350234985], [5.529476538868039e-07, 1.0512374046811601e-06, 0.9999984502792358], [5.035650474383147e-07, 7.838822284611524e-07, 0.9999986886978149], [1.3921068102717982e-06, 1.094936692425108e-06, 0.9999974966049194], [9.427106988368905e-07, 1.2673323226408684e-06, 0.9999977350234985], [2.4330120140803047e-07, 6.110137746873079e-07, 0.9999991655349731], [8.71868564900069e-07, 1.0238322829536628e-06, 0.9999980926513672], [5.192140406506951e-07, 8.662067330078571e-07, 0.9999985694885254], [5.225237487138656e-07, 9.751234983923496e-07, 0.9999984502792358], [7.525486012127658e-07, 1.2369457635941217e-06, 0.9999979734420776]]}, "infer_command_tokens": ["I1s2_0_0", "I1s2_1_2", "I1s2_2_2", "I1s2_3_2", "I1s2_4_2", "I1s2_5_0", "I1s2_6_2", "I1s2_7_2", "I1s2_8_2", "I1s2_9_2", "I1s2_10_2", "I1s2_11_2", "I1s2_12_2", "I1s2_13_2", "I1s2_14_2", "I1s2_15_2", "I1s2_16_2", "I1s2_17_2", "I1s2_18_2", "I1s2_19_2", "I1s2_20_2", "I1s2_21_2", "I1s2_22_2", "I1s2_23_2", "I1s2_24_2", "I1s2_25_2", "I1s2_26_2", "I1s2_27_0", "I4_28", "C1_4", "R1_2", "R3_0", "S2s1_17", "S4_0_2", "S4_1_2", "S4_2_2", "S4_3_2", "S4_4_2", "S4_5_2", "S4_6_2", "S4_7_2", "S4_8_2", "S4_9_2", "S4_10_2", "S4_11_2", "S4_12_2", "S4_13_2", "S4_14_2", "S4_15_2", "S4_16_2", "S4_17_2", "S4_18_2", "S4_19_2", "S4_20_2", "S4_21_2", "B1s1_4", "TS1s1_7", "K1_1", "T1s1_1", "P4_12", "ST1_14", "EM1_2", "TM1_2"]}