{"text": "The use of a specific pitch range of 3 octaves creates a cohesive and unified sound throughout the musical piece. Additionally, this music's use of major key creates a distinct atmosphere, which is enhanced by the gentle and relaxing rhythm that runs for 31 ~ 45 seconds. The music is further enriched by the use of synth and is in 4/4. Overall, the music moves at a balanced rate and evokes a placidity feeling, making for a complete musical experience.", "pred_labels": {"R1": [0, 0, 1], "R3": [1, 0, 0, 0], "S2s1": [0, 0, 0, 0, 0, 0, 0, 0, 0, 0, 0, 0, 0, 0, 0, 0, 0, 1], "B1s1": [0, 0, 0, 0, 1], "TS1s1": [1, 0, 0, 0, 0, 0, 0, 0], "K1": [1, 0, 0], "T1s1": [0, 1, 0, 0], "P4": [0, 0, 0, 1, 0, 0, 0, 0, 0, 0, 0, 0, 0], "EM1": [0, 0, 0, 1, 0], "TM1": [0, 0, 1, 0, 0, 0], "I1s2": [[0, 0, 1], [0, 0, 1], [0, 0, 1], [0, 0, 1], [0, 0, 1], [0, 0, 1], [0, 0, 1], [0, 0, 1], [0, 0, 1], [0, 0, 1], [0, 0, 1], [0, 0, 1], [0, 0, 1], [0, 0, 1], [0, 0, 1], [0, 0, 1], [0, 0, 1], [0, 0, 1], [0, 0, 1], [0, 0, 1], [0, 0, 1], [0, 0, 1], [0, 0, 1], [0, 0, 1], [1, 0, 0], [0, 0, 1], [0, 0, 1], [0, 0, 1]], "S4": [[0, 0, 1], [0, 0, 1], [0, 0, 1], [0, 0, 1], [0, 0, 1], [0, 0, 1], [0, 0, 1], [0, 0, 1], [0, 0, 1], [0, 0, 1], [0, 0, 1], [0, 0, 1], [0, 0, 1], [0, 0, 1], [0, 0, 1], [0, 0, 1], [0, 0, 1], [0, 0, 1], [0, 0, 1], [0, 0, 1], [0, 0, 1], [0, 0, 1]]}, "pred_probs": {"R1": [4.444903424882796e-06, 4.166642156633316e-06, 0.9999914169311523], "R3": [0.9999983310699463, 4.695482118677319e-07, 7.211913271021331e-07, 4.254760881394759e-07], "S2s1": [2.337125124540762e-06, 2.4034318357735174e-06, 4.285070644982625e-06, 3.0027858883840963e-06, 4.086204171471763e-06, 3.966911208408419e-06, 3.464613882897538e-06, 2.6448014978086576e-06, 2.6992734092345927e-06, 3.4217459869978484e-06, 4.2406850297993515e-06, 5.983239589113509e-06, 3.5687849049281795e-06, 1.3827543625666294e-06, 3.730283651748323e-06, 7.893335350672714e-06, 1.989767270060838e-06, 0.99993896484375], "B1s1": [6.143513928691391e-06, 5.493068329087691e-06, 1.0188202395511325e-05, 2.2671595161227742e-06, 0.9999759197235107], "TS1s1": [0.9999972581863403, 4.098664021512377e-07, 9.7422730505059e-07, 1.4913480583800265e-07, 3.089081417328998e-07, 1.500751807270717e-07, 3.356753097705223e-07, 4.344731792116363e-07], "K1": [0.9999996423721313, 1.2786657066499174e-07, 2.188645993328464e-07], "T1s1": [7.507788950533723e-07, 0.9999972581863403, 1.0370782774771214e-06, 9.260455158255354e-07], "P4": [2.0720419513509114e-07, 1.1674136857209305e-07, 6.952912912083775e-08, 0.9999977350234985, 2.0620278462502029e-07, 1.302705499028889e-07, 2.3411496385961073e-07, 1.8055668249417067e-07, 1.7785220052246586e-07, 8.780793336882198e-08, 1.356856813572449e-07, 2.6802098318512435e-07, 3.877805170304782e-07], "EM1": [3.2764492061687633e-06, 1.8336354514758568e-06, 1.5752269746371894e-06, 0.9999899864196777, 3.3014980544976424e-06], "TM1": [6.474704150605248e-07, 4.7660770974289335e-07, 0.9999979734420776, 3.1031356684252387e-07, 2.9288332825672114e-07, 3.727304545009247e-07], "I1s2": [[4.044579213768884e-07, 2.5492377631053387e-07, 0.9999992847442627], [2.6609808401190094e-07, 2.2667254029329342e-07, 0.9999995231628418], [3.923233578007057e-07, 2.967003638332244e-07, 0.9999992847442627], [3.436159090597357e-07, 6.378185162247973e-07, 0.9999990463256836], [2.102328267028497e-07, 3.797487693191215e-07, 0.9999994039535522], [5.493590151672834e-07, 5.003225282962376e-07, 0.999998927116394], [3.1784588827576954e-07, 4.548019489902799e-07, 0.9999992847442627], [2.647311703185551e-07, 2.7652879452944035e-07, 0.9999994039535522], [1.4090294087054644e-07, 2.1327004162685625e-07, 0.9999996423721313], [2.054662786576955e-07, 1.1794233500950213e-07, 0.9999996423721313], [3.1658831289860245e-07, 2.8383016115185455e-07, 0.9999994039535522], [3.7110865491740697e-07, 2.795707985114859e-07, 0.9999994039535522], [2.6628765681380173e-07, 3.253387319546164e-07, 0.9999994039535522], [4.572503371491621e-07, 4.87530201098707e-07, 0.9999990463256836], [2.601541382318828e-07, 2.0311568960096338e-07, 0.9999995231628418], [1.4153729921417835e-07, 1.153111242047089e-07, 0.9999997615814209], [3.15398267503042e-07, 3.3218032058357494e-07, 0.9999994039535522], [2.9854393801542756e-07, 1.70414196531965e-07, 0.9999995231628418], [4.720183710560377e-07, 5.405939873526222e-07, 0.9999990463256836], [2.1772331137981382e-07, 3.614859167555551e-07, 0.9999994039535522], [1.9056695066410612e-07, 3.0879868972988334e-07, 0.9999995231628418], [7.216382300612167e-07, 3.2138578376361693e-07, 0.999998927116394], [2.4990583824546775e-07, 5.942628718003107e-07, 0.9999991655349731], [1.5332403791035176e-07, 8.498812320567595e-08, 0.9999997615814209], [0.9999929666519165, 2.7478606625663815e-06, 4.261196863808436e-06], [2.0287872359858738e-07, 2.5980801865443937e-07, 0.9999995231628418], [4.0071418538900616e-07, 2.6229449190395826e-07, 0.9999992847442627], [1.5314192580717645e-07, 2.948078474673821e-07, 0.9999995231628418]], "S4": [[4.570065812004032e-06, 1.8036380424746312e-06, 0.9999936819076538], [6.046487897037878e-07, 5.75178262351983e-07, 0.9999988079071045], [4.401393596253911e-07, 7.32030628114444e-07, 0.9999988079071045], [4.5205891296973277e-07, 6.481246828116127e-07, 0.999998927116394], [8.280310908048705e-07, 9.781056178326253e-07, 0.9999982118606567], [5.653309358422121e-07, 1.1430873883000459e-06, 0.9999983310699463], [5.479911351358169e-07, 5.99804877765564e-07, 0.9999988079071045], [6.116969188951771e-07, 4.674084550515545e-07, 0.999998927116394], [6.228257234397461e-07, 8.167144756043854e-07, 0.9999985694885254], [4.935997708344075e-07, 6.956425409043732e-07, 0.9999988079071045], [5.325333631844842e-07, 1.124008576880442e-06, 0.9999983310699463], [1.0382943855802296e-06, 8.719716788618825e-07, 0.9999980926513672], [7.292128998415137e-07, 1.263469584955601e-06, 0.9999979734420776], [5.352155767468503e-07, 9.78026491793571e-07, 0.9999984502792358], [6.040307880539331e-07, 9.711700386105804e-07, 0.9999984502792358], [7.820641485523083e-07, 4.5580213736684527e-07, 0.9999988079071045], [5.070090765002533e-07, 6.447363603001577e-07, 0.9999988079071045], [2.3452874131635326e-07, 5.246152454674302e-07, 0.9999992847442627], [8.417952130912454e-07, 1.0069254585687304e-06, 0.9999980926513672], [5.258502255856001e-07, 8.343292847712291e-07, 0.9999986886978149], [5.56458076061972e-07, 1.0913533969869604e-06, 0.9999983310699463], [7.541983109149442e-07, 1.2074604001099942e-06, 0.9999980926513672]]}, "infer_command_tokens": ["I1s2_0_2", "I1s2_1_2", "I1s2_2_2", "I1s2_3_2", "I1s2_4_2", "I1s2_5_2", "I1s2_6_2", "I1s2_7_2", "I1s2_8_2", "I1s2_9_2", "I1s2_10_2", "I1s2_11_2", "I1s2_12_2", "I1s2_13_2", "I1s2_14_2", "I1s2_15_2", "I1s2_16_2", "I1s2_17_2", "I1s2_18_2", "I1s2_19_2", "I1s2_20_2", "I1s2_21_2", "I1s2_22_2", "I1s2_23_2", "I1s2_24_0", "I1s2_25_2", "I1s2_26_2", "I1s2_27_2", "I4_28", "C1_4", "R1_2", "R3_0", "S2s1_17", "S4_0_2", "S4_1_2", "S4_2_2", "S4_3_2", "S4_4_2", "S4_5_2", "S4_6_2", "S4_7_2", "S4_8_2", "S4_9_2", "S4_10_2", "S4_11_2", "S4_12_2", "S4_13_2", "S4_14_2", "S4_15_2", "S4_16_2", "S4_17_2", "S4_18_2", "S4_19_2", "S4_20_2", "S4_21_2", "B1s1_4", "TS1s1_0", "K1_0", "T1s1_1", "P4_3", "ST1_14", "EM1_3", "TM1_2"]}