{"text": "The music's limited pitch range of 2 octaves allows for a greater emphasis on the nuances of tone and phrasing, while its use of major key creates a distinct atmosphere. This 31 ~ 45-second song incorporates a gentle and relaxing rhythm, complemented by the sound of grand piano and strings. It follows a 4/4 meter and maintains a balanced beat throughout. Filled with stillness, the music evokes a unique emotional experience.", "pred_labels": {"R1": [0, 0, 1], "R3": [1, 0, 0, 0], "S2s1": [0, 0, 0, 0, 0, 0, 0, 0, 0, 0, 0, 0, 0, 0, 0, 0, 0, 1], "B1s1": [0, 0, 0, 0, 1], "TS1s1": [1, 0, 0, 0, 0, 0, 0, 0], "K1": [1, 0, 0], "T1s1": [0, 1, 0, 0], "P4": [0, 0, 1, 0, 0, 0, 0, 0, 0, 0, 0, 0, 0], "EM1": [0, 0, 0, 1, 0], "TM1": [0, 0, 1, 0, 0, 0], "I1s2": [[1, 0, 0], [0, 0, 1], [0, 0, 1], [0, 0, 1], [0, 0, 1], [0, 0, 1], [0, 0, 1], [0, 0, 1], [0, 0, 1], [0, 0, 1], [1, 0, 0], [0, 0, 1], [0, 0, 1], [0, 0, 1], [0, 0, 1], [0, 0, 1], [0, 0, 1], [0, 0, 1], [0, 0, 1], [0, 0, 1], [0, 0, 1], [0, 0, 1], [0, 0, 1], [0, 0, 1], [0, 0, 1], [0, 0, 1], [0, 0, 1], [0, 0, 1]], "S4": [[0, 0, 1], [0, 0, 1], [0, 0, 1], [0, 0, 1], [0, 0, 1], [0, 0, 1], [0, 0, 1], [0, 0, 1], [0, 0, 1], [0, 0, 1], [0, 0, 1], [0, 0, 1], [0, 0, 1], [0, 0, 1], [0, 0, 1], [0, 0, 1], [0, 0, 1], [0, 0, 1], [0, 0, 1], [0, 0, 1], [0, 0, 1], [0, 0, 1]]}, "pred_probs": {"R1": [4.613671535480535e-06, 3.959136392950313e-06, 0.9999914169311523], "R3": [0.9999984502792358, 4.2001380506917485e-07, 6.611583103222074e-07, 3.7312901213226723e-07], "S2s1": [2.5005028874147683e-06, 2.4188527731894283e-06, 4.509988229983719e-06, 3.21196466757101e-06, 4.182692919130204e-06, 4.004367838206235e-06, 3.4155532375734765e-06, 3.2326490781997563e-06, 2.6242355488648172e-06, 3.2247542094410164e-06, 4.696390533354133e-06, 5.851562036696123e-06, 3.565513907233253e-06, 1.2598727607837645e-06, 4.234531843394507e-06, 8.638577128294855e-06, 1.8559135241957847e-06, 0.999936580657959], "B1s1": [6.440153811126947e-06, 6.048966952221235e-06, 8.525700650352519e-06, 1.9047065507038496e-06, 0.9999771118164062], "TS1s1": [0.9999974966049194, 3.326593684960244e-07, 8.214770446102193e-07, 1.5114311224806443e-07, 3.0068920864323445e-07, 1.5377223405721452e-07, 3.5420592325863254e-07, 4.127409169996099e-07], "K1": [0.9999996423721313, 1.1708767999607517e-07, 2.3939568905007036e-07], "T1s1": [1.386903250022442e-06, 0.9999966621398926, 7.338337582041277e-07, 1.1636715271379217e-06], "P4": [5.6147118954186226e-08, 1.3329021442132216e-07, 0.9999991655349731, 3.055939856722034e-08, 5.6624951838557536e-08, 9.990061755615898e-08, 1.8019372660660338e-08, 5.146878478967665e-08, 7.486136155421264e-08, 1.2860859044394601e-07, 9.901944508783345e-08, 6.39864055074213e-08, 9.335840900348558e-08], "EM1": [2.439147010591114e-06, 3.0072342269704677e-06, 1.697909851827717e-06, 0.9999897480010986, 3.145798245896003e-06], "TM1": [7.122601459741418e-07, 4.958043859915051e-07, 0.9999978542327881, 3.199246521035093e-07, 2.692283942451468e-07, 3.1146683454608137e-07], "I1s2": [[0.9999916553497314, 3.1410886549565475e-06, 5.240680366114248e-06], [2.3197978293865162e-07, 2.4919481234064733e-07, 0.9999995231628418], [3.8504785493387317e-07, 3.547115454693994e-07, 0.9999992847442627], [2.5299385697508114e-07, 9.58745204115985e-07, 0.9999988079071045], [1.9896282310583047e-07, 4.599365865942673e-07, 0.9999992847442627], [4.506926245539944e-07, 6.26306814410782e-07, 0.999998927116394], [3.66069002666336e-07, 5.061503429715231e-07, 0.9999991655349731], [2.7976975047749875e-07, 2.9734624718003033e-07, 0.9999994039535522], [1.3088960315599252e-07, 2.8523908213173854e-07, 0.9999996423721313], [2.3677412741562875e-07, 1.218671599190202e-07, 0.9999996423721313], [0.9999896287918091, 4.619888841261854e-06, 5.737970241170842e-06], [3.636032772647013e-07, 2.4992377234411833e-07, 0.9999994039535522], [2.326403745200878e-07, 4.960567139278282e-07, 0.9999992847442627], [4.954117116540147e-07, 6.230624194358825e-07, 0.999998927116394], [2.705866108954069e-07, 2.6175032985520374e-07, 0.9999995231628418], [1.1158444834791226e-07, 1.2105321900435229e-07, 0.9999997615814209], [3.383709952231584e-07, 3.6458729368860077e-07, 0.9999992847442627], [2.5862044594759936e-07, 2.726214916037861e-07, 0.9999995231628418], [4.758473721722112e-07, 7.183697334767203e-07, 0.9999988079071045], [1.6910058775465586e-07, 3.693841676977172e-07, 0.9999994039535522], [2.3179174490906007e-07, 4.259482579982432e-07, 0.9999992847442627], [7.316007213375997e-07, 3.275948756709113e-07, 0.999998927116394], [3.001587742801348e-07, 6.753739967280126e-07, 0.9999990463256836], [1.4217475552413816e-07, 1.0455870835812675e-07, 0.9999997615814209], [1.3981647271066322e-06, 1.6804678182325006e-07, 0.9999984502792358], [2.3425720030445518e-07, 2.4269900222861907e-07, 0.9999995231628418], [3.177503913320834e-07, 3.5177902191207977e-07, 0.9999992847442627], [1.3508798701877822e-07, 3.1851959647610784e-07, 0.9999995231628418]], "S4": [[4.629866907635005e-06, 1.6765100099291885e-06, 0.9999936819076538], [5.656537496179226e-07, 6.04177841978526e-07, 0.9999988079071045], [4.319853985634836e-07, 7.253613034663431e-07, 0.9999988079071045], [4.636697497062414e-07, 6.896033255543443e-07, 0.9999988079071045], [7.686249432481418e-07, 9.363327535538701e-07, 0.9999983310699463], [5.599278551926545e-07, 1.0135773891306599e-06, 0.9999984502792358], [6.269426080507401e-07, 6.204627993611211e-07, 0.9999988079071045], [5.798824531666469e-07, 5.184556925996731e-07, 0.999998927116394], [6.667266347903933e-07, 7.506853876293462e-07, 0.9999985694885254], [5.062187256044126e-07, 6.223449986464402e-07, 0.999998927116394], [5.130480076331878e-07, 1.0603861255731317e-06, 0.9999984502792358], [1.0415443512101774e-06, 8.701690035195497e-07, 0.9999980926513672], [6.995006174292939e-07, 1.2291529856156558e-06, 0.9999980926513672], [5.359965484785789e-07, 9.603645594324917e-07, 0.9999984502792358], [4.2122093191210297e-07, 7.829648893675767e-07, 0.9999988079071045], [1.0163505521632032e-06, 5.778495619779278e-07, 0.9999984502792358], [5.191067202758859e-07, 6.222452384463395e-07, 0.9999988079071045], [2.303294621697205e-07, 4.815816510017612e-07, 0.9999992847442627], [9.185348517348757e-07, 9.927108521878836e-07, 0.9999980926513672], [5.361061425901426e-07, 7.765960958749929e-07, 0.9999986886978149], [6.144978215161245e-07, 1.0789021871460136e-06, 0.9999983310699463], [7.512951469834661e-07, 1.2620101870197686e-06, 0.9999979734420776]]}, "infer_command_tokens": ["I1s2_0_0", "I1s2_1_2", "I1s2_2_2", "I1s2_3_2", "I1s2_4_2", "I1s2_5_2", "I1s2_6_2", "I1s2_7_2", "I1s2_8_2", "I1s2_9_2", "I1s2_10_0", "I1s2_11_2", "I1s2_12_2", "I1s2_13_2", "I1s2_14_2", "I1s2_15_2", "I1s2_16_2", "I1s2_17_2", "I1s2_18_2", "I1s2_19_2", "I1s2_20_2", "I1s2_21_2", "I1s2_22_2", "I1s2_23_2", "I1s2_24_2", "I1s2_25_2", "I1s2_26_2", "I1s2_27_2", "I4_28", "C1_4", "R1_2", "R3_0", "S2s1_17", "S4_0_2", "S4_1_2", "S4_2_2", "S4_3_2", "S4_4_2", "S4_5_2", "S4_6_2", "S4_7_2", "S4_8_2", "S4_9_2", "S4_10_2", "S4_11_2", "S4_12_2", "S4_13_2", "S4_14_2", "S4_15_2", "S4_16_2", "S4_17_2", "S4_18_2", "S4_19_2", "S4_20_2", "S4_21_2", "B1s1_4", "TS1s1_0", "K1_0", "T1s1_1", "P4_2", "ST1_14", "EM1_3", "TM1_2"]}