{"text": "The music's use of the major key creates a rich and dynamic sonic palette, imbued with trepidation. The song has an exceptionally energetic beat, which is fast-paced and progresses over 13 ~ 16 bars. Its duration is about 20 seconds and the time signature of the music is 4/4. Overall, this song's combination of musical elements results in a vibrant and captivating listening experience. Voice, drum, guitar and bass should be included in the music.", "pred_labels": {"R1": [0, 0, 1], "R3": [0, 0, 1, 0], "S2s1": [0, 0, 0, 0, 0, 0, 0, 0, 0, 0, 0, 0, 0, 0, 0, 0, 0, 1], "B1s1": [0, 0, 0, 1, 0], "TS1s1": [1, 0, 0, 0, 0, 0, 0, 0], "K1": [1, 0, 0], "T1s1": [0, 0, 1, 0], "P4": [0, 0, 0, 0, 0, 0, 0, 0, 0, 0, 0, 0, 1], "EM1": [0, 1, 0, 0, 0], "TM1": [0, 1, 0, 0, 0, 0], "I1s2": [[0, 0, 1], [0, 0, 1], [0, 0, 1], [0, 0, 1], [1, 0, 0], [1, 0, 0], [0, 0, 1], [0, 0, 1], [0, 0, 1], [0, 0, 1], [0, 0, 1], [1, 0, 0], [0, 0, 1], [0, 0, 1], [0, 0, 1], [0, 0, 1], [0, 0, 1], [0, 0, 1], [0, 0, 1], [0, 0, 1], [0, 0, 1], [0, 0, 1], [0, 0, 1], [0, 0, 1], [0, 0, 1], [0, 0, 1], [0, 0, 1], [1, 0, 0]], "S4": [[0, 0, 1], [0, 0, 1], [0, 0, 1], [0, 0, 1], [0, 0, 1], [0, 0, 1], [0, 0, 1], [0, 0, 1], [0, 0, 1], [0, 0, 1], [0, 0, 1], [0, 0, 1], [0, 0, 1], [0, 0, 1], [0, 0, 1], [0, 0, 1], [0, 0, 1], [0, 0, 1], [0, 0, 1], [0, 0, 1], [0, 0, 1], [0, 0, 1]]}, "pred_probs": {"R1": [4.131308742216788e-06, 4.311692009650869e-06, 0.9999915361404419], "R3": [5.486739951265918e-07, 1.2977189953744528e-06, 0.9999977350234985, 5.336835897651326e-07], "S2s1": [2.5003689643199323e-06, 2.5609281237848336e-06, 4.380632162792608e-06, 3.041139962078887e-06, 3.7925749438727507e-06, 4.311709290050203e-06, 3.0941314435040113e-06, 2.659287019923795e-06, 2.7349840365786804e-06, 2.9381158128671814e-06, 4.924187578581041e-06, 5.024594429414719e-06, 3.8243442759267054e-06, 1.3648296999235754e-06, 4.158144747634651e-06, 9.246413355867844e-06, 1.876832357083913e-06, 0.9999374151229858], "B1s1": [9.904363196255872e-07, 1.0328188864150434e-06, 1.7706549897411605e-06, 0.9999958276748657, 3.968799546782975e-07], "TS1s1": [0.999997615814209, 4.120381333905243e-07, 6.993308261371567e-07, 1.3810397092584026e-07, 3.144624542983365e-07, 1.4444256635215424e-07, 3.2314332543137425e-07, 3.726169950368785e-07], "K1": [0.9999996423721313, 1.1838655922247199e-07, 2.2587866510548338e-07], "T1s1": [1.1670870208035922e-06, 1.0663339935490512e-06, 0.9999967813491821, 9.039482051775849e-07], "P4": [4.2114137954740727e-07, 3.82335457516092e-07, 4.1490605440230865e-07, 4.668416977438028e-07, 7.475363759112952e-07, 2.4298503831232665e-07, 5.573223802457505e-07, 2.3249386060797406e-07, 4.574756360398169e-07, 5.034484047428123e-07, 2.9827049274899764e-07, 4.4870941451335966e-07, 0.9999948740005493], "EM1": [1.9678449461935088e-05, 0.9999595880508423, 4.6456666495942045e-06, 7.457487754436443e-06, 8.632870958535932e-06], "TM1": [1.8013598435118183e-07, 0.9999986886978149, 3.081400734572526e-07, 2.231798248431005e-07, 2.0740426975862647e-07, 2.0267530942419398e-07], "I1s2": [[2.9071068752273277e-07, 3.2596233268122887e-07, 0.9999994039535522], [2.2240811858864618e-07, 2.3973746010597097e-07, 0.9999995231628418], [4.623880442977679e-07, 3.0193481848073134e-07, 0.9999992847442627], [6.3110161363511e-07, 3.260889116063481e-06, 0.9999960660934448], [0.9999923706054688, 3.4595987017382868e-06, 4.213526153762359e-06], [0.9999916553497314, 3.786015440709889e-06, 4.532364982878789e-06], [4.840471774514299e-07, 5.817990995637956e-07, 0.999998927116394], [2.591057466361235e-07, 2.773443554815458e-07, 0.9999994039535522], [2.3894259015833086e-07, 6.4801105281731e-07, 0.9999991655349731], [2.7735228513847687e-07, 3.0142967943902477e-07, 0.9999994039535522], [3.276302322774427e-07, 5.395129960561462e-07, 0.9999991655349731], [0.9999914169311523, 2.0241704987711273e-06, 6.547363227582537e-06], [4.4511853047879413e-07, 1.0879367664529127e-06, 0.9999984502792358], [1.1427200661273673e-06, 2.467712874931749e-06, 0.9999964237213135], [2.5397596914444875e-07, 3.152076430978923e-07, 0.9999994039535522], [2.2671078170333203e-07, 4.125315342662361e-07, 0.9999994039535522], [5.095334927318618e-07, 7.021932901807304e-07, 0.9999988079071045], [3.1339061479229713e-07, 2.577487805410783e-07, 0.9999994039535522], [4.807990308108856e-07, 7.223515012810822e-07, 0.9999988079071045], [1.5680394938044628e-07, 3.304173503693164e-07, 0.9999995231628418], [2.0881348916645948e-07, 6.56787960906513e-07, 0.9999991655349731], [6.37436016859283e-07, 3.0350932433975686e-07, 0.9999990463256836], [2.0198112338221108e-07, 7.843506182325655e-07, 0.9999990463256836], [1.9997413858163782e-07, 1.6791177870345564e-07, 0.9999996423721313], [2.567503315731301e-06, 1.9028937003895408e-07, 0.9999972581863403], [2.988606127019011e-07, 4.1023875496648543e-07, 0.9999992847442627], [4.7212253662110015e-07, 1.0387166184955277e-06, 0.9999984502792358], [0.9999929666519165, 2.6488442017580383e-06, 4.434765287442133e-06]], "S4": [[7.939165698189754e-06, 2.0714956008305307e-06, 0.9999899864196777], [6.080547336750897e-07, 5.59672855615645e-07, 0.9999988079071045], [4.3794787529805035e-07, 7.305653184630501e-07, 0.9999988079071045], [4.529146337972634e-07, 6.274199790823332e-07, 0.999998927116394], [9.096803523789276e-07, 1.0899800599872833e-06, 0.9999979734420776], [5.513248311217467e-07, 1.0153981975236093e-06, 0.9999984502792358], [6.153313734102994e-07, 6.675468284811359e-07, 0.9999986886978149], [5.627612722491904e-07, 4.201430385819549e-07, 0.9999990463256836], [6.026797905178682e-07, 8.106231348392612e-07, 0.9999985694885254], [4.880334927293006e-07, 6.186005521158222e-07, 0.999998927116394], [4.810787004316808e-07, 9.887072565106791e-07, 0.9999985694885254], [1.095236029868829e-06, 8.400909905503795e-07, 0.9999980926513672], [6.648062935710186e-07, 1.2598782177519752e-06, 0.9999980926513672], [5.159591864867252e-07, 9.533637239655945e-07, 0.9999985694885254], [4.018938284389151e-07, 8.564173867853242e-07, 0.9999986886978149], [1.1013319181074621e-06, 8.382998544220754e-07, 0.9999980926513672], [7.38538176392467e-07, 1.017715021589538e-06, 0.9999982118606567], [2.2284986300746823e-07, 5.691034061783284e-07, 0.9999991655349731], [8.175097718776669e-07, 9.509933533990989e-07, 0.9999982118606567], [5.137835614732467e-07, 7.937640589261719e-07, 0.9999986886978149], [5.291169600241119e-07, 9.586187843524385e-07, 0.9999985694885254], [7.596947284582711e-07, 1.1723570878530154e-06, 0.9999980926513672]]}, "infer_command_tokens": ["I1s2_0_2", "I1s2_1_2", "I1s2_2_2", "I1s2_3_2", "I1s2_4_0", "I1s2_5_0", "I1s2_6_2", "I1s2_7_2", "I1s2_8_2", "I1s2_9_2", "I1s2_10_2", "I1s2_11_0", "I1s2_12_2", "I1s2_13_2", "I1s2_14_2", "I1s2_15_2", "I1s2_16_2", "I1s2_17_2", "I1s2_18_2", "I1s2_19_2", "I1s2_20_2", "I1s2_21_2", "I1s2_22_2", "I1s2_23_2", "I1s2_24_2", "I1s2_25_2", "I1s2_26_2", "I1s2_27_0", "I4_28", "C1_4", "R1_2", "R3_2", "S2s1_17", "S4_0_2", "S4_1_2", "S4_2_2", "S4_3_2", "S4_4_2", "S4_5_2", "S4_6_2", "S4_7_2", "S4_8_2", "S4_9_2", "S4_10_2", "S4_11_2", "S4_12_2", "S4_13_2", "S4_14_2", "S4_15_2", "S4_16_2", "S4_17_2", "S4_18_2", "S4_19_2", "S4_20_2", "S4_21_2", "B1s1_3", "TS1s1_0", "K1_0", "T1s1_2", "P4_12", "ST1_14", "EM1_1", "TM1_1"]}