{"text": "The music's pitch range of 4 octaves offers a unique and memorable listening experience, while its use of major key creates a rich and dynamic sonic palette. The song runs for 31 ~ 45 seconds and has a very peaceful beat, yet the fast-paced rhythm, 4/4 time signature, and use of piano and strings add to the musical composition's complexity. The music is also filled with despondency, making it an immersive and captivating experience for listeners.", "pred_labels": {"R1": [0, 0, 1], "R3": [1, 0, 0, 0], "S2s1": [0, 0, 0, 0, 0, 0, 0, 0, 0, 0, 0, 0, 0, 0, 0, 0, 0, 1], "B1s1": [0, 0, 0, 0, 1], "TS1s1": [1, 0, 0, 0, 0, 0, 0, 0], "K1": [1, 0, 0], "T1s1": [0, 0, 1, 0], "P4": [0, 0, 0, 0, 1, 0, 0, 0, 0, 0, 0, 0, 0], "EM1": [0, 0, 1, 0, 0], "TM1": [0, 0, 1, 0, 0, 0], "I1s2": [[1, 0, 0], [0, 0, 1], [0, 0, 1], [0, 0, 1], [0, 0, 1], [0, 0, 1], [0, 0, 1], [0, 0, 1], [0, 0, 1], [0, 0, 1], [1, 0, 0], [0, 0, 1], [0, 0, 1], [0, 0, 1], [0, 0, 1], [0, 0, 1], [0, 0, 1], [0, 0, 1], [0, 0, 1], [0, 0, 1], [0, 0, 1], [0, 0, 1], [0, 0, 1], [0, 0, 1], [0, 0, 1], [0, 0, 1], [0, 0, 1], [0, 0, 1]], "S4": [[0, 0, 1], [0, 0, 1], [0, 0, 1], [0, 0, 1], [0, 0, 1], [0, 0, 1], [0, 0, 1], [0, 0, 1], [0, 0, 1], [0, 0, 1], [0, 0, 1], [0, 0, 1], [0, 0, 1], [0, 0, 1], [0, 0, 1], [0, 0, 1], [0, 0, 1], [0, 0, 1], [0, 0, 1], [0, 0, 1], [0, 0, 1], [0, 0, 1]]}, "pred_probs": {"R1": [4.208374321024166e-06, 4.351081770437304e-06, 0.9999914169311523], "R3": [0.9999983310699463, 5.689417434950883e-07, 8.654609473524033e-07, 2.6695585120251053e-07], "S2s1": [2.3616507860424463e-06, 2.8444217150536133e-06, 4.2891570046776906e-06, 3.234505356886075e-06, 3.632055950220092e-06, 3.857622687064577e-06, 3.3457897643529577e-06, 2.7329920158081222e-06, 2.6374927983852103e-06, 3.083053343289066e-06, 4.856581654166803e-06, 5.434488230093848e-06, 3.915315573976841e-06, 1.3595708878710866e-06, 4.100681053387234e-06, 8.920225809561089e-06, 1.9698450159921777e-06, 0.9999374151229858], "B1s1": [5.93426466366509e-06, 5.837806838826509e-06, 9.01324165170081e-06, 2.3260977286554407e-06, 0.9999768733978271], "TS1s1": [0.9999977350234985, 3.7571430766547564e-07, 5.763356512034079e-07, 1.3776264040643582e-07, 3.1260626087714627e-07, 1.4022892003140441e-07, 3.256836862419732e-07, 3.3202871918547316e-07], "K1": [0.9999996423721313, 1.32031345856376e-07, 2.182609790679635e-07], "T1s1": [1.0816938811331056e-06, 8.16518593182991e-07, 0.9999971389770508, 9.82768256108102e-07], "P4": [1.884099702920139e-07, 7.933427070838661e-08, 7.252887002096031e-08, 6.238596483854053e-08, 0.9999984502792358, 9.294365810319505e-08, 1.117250789661739e-07, 1.5210774506613234e-07, 1.1123156440362436e-07, 1.8235147081213654e-07, 1.5495788829866797e-07, 1.0677323558638818e-07, 2.195556874085014e-07], "EM1": [4.195410838292446e-06, 1.4869917777105002e-06, 0.9999896287918091, 2.275936139994883e-06, 2.3532845716545125e-06], "TM1": [6.689164138151682e-07, 5.573787689172605e-07, 0.9999978542327881, 3.1357009788735013e-07, 2.7861563012265833e-07, 3.5701370393326215e-07], "I1s2": [[0.9999946355819702, 2.8681363346549915e-06, 2.555992296038312e-06], [2.604743940537446e-07, 2.009688415682831e-07, 0.9999995231628418], [3.187596178122476e-07, 2.457763059737772e-07, 0.9999994039535522], [2.9385111588453583e-07, 6.519309749819513e-07, 0.9999990463256836], [1.9404384943300101e-07, 3.895302711498516e-07, 0.9999994039535522], [4.328655052177055e-07, 5.373178169065795e-07, 0.9999990463256836], [3.6039844530932896e-07, 4.722854214378458e-07, 0.9999991655349731], [2.647584551596083e-07, 2.748744520886248e-07, 0.9999994039535522], [1.3458883074690675e-07, 2.2053953330214426e-07, 0.9999996423721313], [2.573752340140345e-07, 1.0613033651907244e-07, 0.9999996423721313], [0.9999921321868896, 4.3346217353246175e-06, 3.6221231312083546e-06], [3.2721570164540026e-07, 2.006863439873996e-07, 0.9999995231628418], [2.6496934424358187e-07, 3.877985363942571e-07, 0.9999994039535522], [3.951251414946455e-07, 4.906965500595106e-07, 0.9999991655349731], [2.0852881732480455e-07, 1.969647200894542e-07, 0.9999996423721313], [1.222426817548694e-07, 1.2981170982584445e-07, 0.9999997615814209], [2.979141981995781e-07, 3.111659623300511e-07, 0.9999994039535522], [3.036096529740462e-07, 2.1222147950084036e-07, 0.9999995231628418], [4.783823328580183e-07, 5.935711442361935e-07, 0.999998927116394], [1.7275843333663943e-07, 3.625693807407515e-07, 0.9999995231628418], [2.132081959871357e-07, 2.886985441818979e-07, 0.9999995231628418], [6.648069188486261e-07, 2.859238747987547e-07, 0.9999990463256836], [2.6431513333591283e-07, 5.193049332774535e-07, 0.9999991655349731], [1.2433125107236265e-07, 8.866101808280291e-08, 0.9999997615814209], [1.4057628732189187e-06, 1.4295183348167484e-07, 0.9999984502792358], [2.050714016377242e-07, 2.3150549566253176e-07, 0.9999995231628418], [3.509697705794679e-07, 3.4379428370812093e-07, 0.9999992847442627], [1.8063519746647216e-07, 2.6540465114521794e-07, 0.9999995231628418]], "S4": [[5.9861945373995695e-06, 1.8602003137857537e-06, 0.9999921321868896], [5.946947112533962e-07, 5.798597157991026e-07, 0.9999988079071045], [4.851145831707981e-07, 7.793888130436244e-07, 0.9999986886978149], [4.34669942706023e-07, 6.380246873050055e-07, 0.999998927116394], [7.782579132253886e-07, 1.0826515790540725e-06, 0.9999980926513672], [5.390723458731372e-07, 9.925805670718546e-07, 0.9999984502792358], [5.37883238393988e-07, 5.976995680612163e-07, 0.9999988079071045], [5.895448111914448e-07, 5.177323032512504e-07, 0.999998927116394], [5.857527298758214e-07, 7.960526318129268e-07, 0.9999985694885254], [4.843971623813559e-07, 7.383865181509464e-07, 0.9999988079071045], [4.899779355582723e-07, 1.080912511497445e-06, 0.9999984502792358], [9.559707905282266e-07, 9.119935953094682e-07, 0.9999980926513672], [6.96348308792949e-07, 1.1823320846815477e-06, 0.9999980926513672], [5.007065624340612e-07, 9.1643443056455e-07, 0.9999985694885254], [4.410771907714661e-07, 8.239942985710513e-07, 0.9999986886978149], [7.819886604920612e-07, 5.413284611677227e-07, 0.9999986886978149], [4.4703227786158095e-07, 5.561009288612695e-07, 0.9999990463256836], [2.324097607697695e-07, 5.042246584707755e-07, 0.9999992847442627], [7.917133757473493e-07, 9.88938836599118e-07, 0.9999982118606567], [5.055412657384295e-07, 7.203846621450793e-07, 0.9999988079071045], [5.295116807246814e-07, 9.52947402765858e-07, 0.9999985694885254], [7.513639275202877e-07, 1.2247708127688384e-06, 0.9999979734420776]]}, "infer_command_tokens": ["I1s2_0_0", "I1s2_1_2", "I1s2_2_2", "I1s2_3_2", "I1s2_4_2", "I1s2_5_2", "I1s2_6_2", "I1s2_7_2", "I1s2_8_2", "I1s2_9_2", "I1s2_10_0", "I1s2_11_2", "I1s2_12_2", "I1s2_13_2", "I1s2_14_2", "I1s2_15_2", "I1s2_16_2", "I1s2_17_2", "I1s2_18_2", "I1s2_19_2", "I1s2_20_2", "I1s2_21_2", "I1s2_22_2", "I1s2_23_2", "I1s2_24_2", "I1s2_25_2", "I1s2_26_2", "I1s2_27_2", "I4_28", "C1_4", "R1_2", "R3_0", "S2s1_17", "S4_0_2", "S4_1_2", "S4_2_2", "S4_3_2", "S4_4_2", "S4_5_2", "S4_6_2", "S4_7_2", "S4_8_2", "S4_9_2", "S4_10_2", "S4_11_2", "S4_12_2", "S4_13_2", "S4_14_2", "S4_15_2", "S4_16_2", "S4_17_2", "S4_18_2", "S4_19_2", "S4_20_2", "S4_21_2", "B1s1_4", "TS1s1_0", "K1_0", "T1s1_2", "P4_4", "ST1_14", "EM1_2", "TM1_2"]}