{"text": "This music's pitch range of 3 octaves offers a unique and memorable listening experience, while its use of major key creates a rich and dynamic sonic palette. The track, over 60 seconds in length, captivates with a rapid tempo and is given its sound through piano, bass, viola, cello, trombone and oboe. Set in 4/4, the song is played at a slow rate, firmly rooted in the traditions of easy listening music.", "pred_labels": {"R1": [0, 0, 1], "R3": [0, 0, 1, 0], "S2s1": [0, 0, 0, 0, 0, 0, 0, 0, 0, 0, 0, 0, 0, 0, 0, 0, 0, 1], "B1s1": [0, 0, 0, 0, 1], "TS1s1": [1, 0, 0, 0, 0, 0, 0, 0], "K1": [1, 0, 0], "T1s1": [1, 0, 0, 0], "P4": [0, 0, 0, 1, 0, 0, 0, 0, 0, 0, 0, 0, 0], "EM1": [0, 0, 0, 0, 1], "TM1": [0, 0, 0, 0, 1, 0], "I1s2": [[1, 0, 0], [0, 0, 1], [0, 0, 1], [0, 0, 1], [0, 0, 1], [1, 0, 0], [0, 0, 1], [1, 0, 0], [1, 0, 0], [0, 0, 1], [0, 0, 1], [0, 0, 1], [0, 0, 1], [1, 0, 0], [0, 0, 1], [0, 0, 1], [0, 0, 1], [0, 0, 1], [1, 0, 0], [0, 0, 1], [0, 0, 1], [0, 0, 1], [0, 0, 1], [0, 0, 1], [0, 0, 1], [0, 0, 1], [0, 0, 1], [0, 0, 1]], "S4": [[0, 0, 1], [0, 0, 1], [0, 0, 1], [0, 0, 1], [0, 0, 1], [1, 0, 0], [0, 0, 1], [0, 0, 1], [0, 0, 1], [0, 0, 1], [0, 0, 1], [0, 0, 1], [0, 0, 1], [0, 0, 1], [0, 0, 1], [0, 0, 1], [0, 0, 1], [0, 0, 1], [0, 0, 1], [0, 0, 1], [0, 0, 1], [0, 0, 1]]}, "pred_probs": {"R1": [4.264830295142019e-06, 4.014756086689886e-06, 0.999991774559021], "R3": [7.73396379827318e-07, 2.2891672415426e-06, 0.999996542930603, 3.480858197235648e-07], "S2s1": [2.3976135707926005e-06, 2.9888199151173467e-06, 4.846898718824377e-06, 3.2522232231713133e-06, 3.702195499499794e-06, 3.990053755842382e-06, 3.305054860902601e-06, 2.8123322408646345e-06, 2.9705820452363696e-06, 2.924056161646149e-06, 5.1153624553990085e-06, 4.441702458279906e-06, 3.894878318533301e-06, 1.2690205721810344e-06, 4.28851535616559e-06, 1.0993067917297594e-05, 1.7866113921627402e-06, 0.9999347925186157], "B1s1": [7.2958578130055685e-06, 4.969979272573255e-06, 7.922585609776434e-06, 2.313842060175375e-06, 0.9999774694442749], "TS1s1": [0.9999973773956299, 3.6396855307430087e-07, 7.796472232257656e-07, 1.3491685990629776e-07, 3.2856806342351774e-07, 1.6047064832491742e-07, 3.292305166269216e-07, 4.2966991031789803e-07], "K1": [0.9999996423721313, 1.1544942424279725e-07, 2.2926666076727997e-07], "T1s1": [0.9999969005584717, 8.331788308169052e-07, 1.3057087926426902e-06, 9.902889814839e-07], "P4": [2.149099174175717e-07, 1.365279445053602e-07, 9.13057931484218e-08, 0.999997615814209, 2.1283743478761608e-07, 1.7344683556075324e-07, 2.5659582547632453e-07, 1.9484623692278547e-07, 2.192974903891809e-07, 8.804219930880208e-08, 1.3242842555882817e-07, 3.1516742637904827e-07, 3.3139247079816414e-07], "EM1": [2.1766670670331223e-06, 2.6655277451936854e-06, 4.8499900913157035e-06, 1.103322756534908e-05, 0.9999792575836182], "TM1": [2.136194297008842e-07, 1.5134934017169144e-07, 2.6414201670377224e-07, 1.5111554318991693e-07, 0.9999991655349731, 3.5770995054917876e-08], "I1s2": [[0.9999936819076538, 3.0545045319740893e-06, 3.239157194911968e-06], [1.958113529099137e-07, 3.096054967954842e-07, 0.9999995231628418], [3.216710524611699e-07, 3.6502251532510854e-07, 0.9999992847442627], [5.542250960388628e-07, 4.238263500155881e-06, 0.999995231628418], [5.163748255654355e-07, 1.4518182069878094e-06, 0.9999979734420776], [0.999991774559021, 3.835846655420028e-06, 4.404035280458629e-06], [3.162179780247243e-07, 6.097970413065923e-07, 0.9999990463256836], [0.9999905824661255, 5.432321358966874e-06, 3.876600203511771e-06], [0.9999943971633911, 2.684533228602959e-06, 2.834282895491924e-06], [1.9304457055113744e-07, 2.6423381882523245e-07, 0.9999995231628418], [3.579629606065282e-07, 1.4610635616918444e-06, 0.9999982118606567], [5.169211476641067e-07, 8.468871328659588e-07, 0.9999986886978149], [4.505833430812345e-07, 1.8342443581786938e-06, 0.9999977350234985], [0.9999945163726807, 2.7999167286907323e-06, 2.7777357445302187e-06], [3.008302371654281e-07, 4.7441795913982787e-07, 0.9999991655349731], [1.9383244875825767e-07, 3.8273194036264613e-07, 0.9999994039535522], [5.724002676288364e-07, 1.2016374739687308e-06, 0.9999982118606567], [2.475995586337376e-07, 3.135107817797689e-07, 0.9999994039535522], [0.9999948740005493, 3.838247721432708e-06, 1.2647182074942975e-06], [1.383057508519414e-07, 4.435925404777663e-07, 0.9999994039535522], [2.3794493131390482e-07, 8.631880632492539e-07, 0.999998927116394], [6.132179919404734e-07, 3.705080757754331e-07, 0.9999990463256836], [2.029867971486965e-07, 8.820658194963471e-07, 0.999998927116394], [1.5330925862144795e-07, 1.8825251402176946e-07, 0.9999996423721313], [1.5603868632751983e-06, 2.3728669873435138e-07, 0.9999982118606567], [2.3741257848541863e-07, 4.5937989057165396e-07, 0.9999992847442627], [4.323408688833297e-07, 1.20761728794605e-06, 0.9999983310699463], [1.289508020363428e-07, 4.850538743994548e-07, 0.9999994039535522]], "S4": [[3.62285186383815e-06, 1.4410751418836298e-06, 0.9999949932098389], [5.306462753651431e-07, 5.950861918790906e-07, 0.999998927116394], [4.391272909742838e-07, 6.597686024178984e-07, 0.999998927116394], [5.089507340017008e-07, 7.016162726358743e-07, 0.9999988079071045], [6.884328627165814e-07, 8.004481628631765e-07, 0.9999985694885254], [0.999984622001648, 8.050360520428512e-06, 7.30277361071785e-06], [6.423661602639186e-07, 5.994823482069478e-07, 0.9999988079071045], [5.83783275942551e-07, 4.727693010408984e-07, 0.999998927116394], [6.043408689038188e-07, 7.001383437454933e-07, 0.9999986886978149], [5.221384071774082e-07, 5.724629090764211e-07, 0.999998927116394], [5.298081191540405e-07, 9.741039548316621e-07, 0.9999984502792358], [1.1981517218373483e-06, 8.50558024012571e-07, 0.9999979734420776], [6.421512352972059e-07, 1.2719739288513665e-06, 0.9999980926513672], [5.489801537805761e-07, 7.345333301600476e-07, 0.9999986886978149], [4.2949437784045585e-07, 7.361955454143754e-07, 0.9999988079071045], [1.078225295714219e-06, 6.49740115932218e-07, 0.9999983310699463], [7.645077175766346e-07, 9.40453787734441e-07, 0.9999983310699463], [2.1227343438567914e-07, 5.855480935679225e-07, 0.9999991655349731], [7.962748895806726e-07, 9.174127626465634e-07, 0.9999983310699463], [5.336240747055854e-07, 7.294165129678731e-07, 0.9999986886978149], [6.714448659295158e-07, 1.348595105810091e-06, 0.9999979734420776], [7.908319616944937e-07, 1.0539815775700845e-06, 0.9999982118606567]]}, "infer_command_tokens": ["I1s2_0_0", "I1s2_1_2", "I1s2_2_2", "I1s2_3_2", "I1s2_4_2", "I1s2_5_0", "I1s2_6_2", "I1s2_7_0", "I1s2_8_0", "I1s2_9_2", "I1s2_10_2", "I1s2_11_2", "I1s2_12_2", "I1s2_13_0", "I1s2_14_2", "I1s2_15_2", "I1s2_16_2", "I1s2_17_2", "I1s2_18_0", "I1s2_19_2", "I1s2_20_2", "I1s2_21_2", "I1s2_22_2", "I1s2_23_2", "I1s2_24_2", "I1s2_25_2", "I1s2_26_2", "I1s2_27_2", "I4_28", "C1_4", "R1_2", "R3_2", "S2s1_17", "S4_0_2", "S4_1_2", "S4_2_2", "S4_3_2", "S4_4_2", "S4_5_0", "S4_6_2", "S4_7_2", "S4_8_2", "S4_9_2", "S4_10_2", "S4_11_2", "S4_12_2", "S4_13_2", "S4_14_2", "S4_15_2", "S4_16_2", "S4_17_2", "S4_18_2", "S4_19_2", "S4_20_2", "S4_21_2", "B1s1_4", "TS1s1_0", "K1_0", "T1s1_0", "P4_3", "ST1_14", "EM1_4", "TM1_4"]}