{"text": "This music offers a unique and memorable listening experience with its pitch range of 3 octaves. The use of minor key gives the music a special emotional quality that enhances the overall impact. With a runtime of about 40 seconds and a moderate speed, the rhythm of the song is well-balanced, neither too fast nor too slow. The musical performance employs synthesizer and drum, and the time signature of the music is 4/4. The song's despair nature is further accentuated by its length, which spans around about 15 bars. Overall, this music is a well-crafted piece that showcases a harmonious blend of various musical elements.", "pred_labels": {"R1": [0, 0, 1], "R3": [0, 1, 0, 0], "S2s1": [0, 0, 0, 0, 0, 0, 0, 0, 0, 0, 0, 0, 0, 0, 0, 0, 0, 1], "B1s1": [0, 0, 0, 1, 0], "TS1s1": [1, 0, 0, 0, 0, 0, 0, 0], "K1": [0, 1, 0], "T1s1": [0, 1, 0, 0], "P4": [0, 0, 0, 1, 0, 0, 0, 0, 0, 0, 0, 0, 0], "EM1": [0, 0, 1, 0, 0], "TM1": [0, 0, 1, 0, 0, 0], "I1s2": [[0, 0, 1], [0, 0, 1], [0, 0, 1], [0, 0, 1], [0, 0, 1], [0, 0, 1], [0, 0, 1], [0, 0, 1], [0, 0, 1], [0, 0, 1], [0, 0, 1], [0, 0, 1], [0, 0, 1], [0, 0, 1], [0, 0, 1], [0, 0, 1], [0, 0, 1], [0, 0, 1], [0, 0, 1], [0, 0, 1], [0, 0, 1], [0, 0, 1], [0, 0, 1], [0, 0, 1], [1, 0, 0], [0, 0, 1], [0, 0, 1], [1, 0, 0]], "S4": [[0, 0, 1], [0, 0, 1], [0, 0, 1], [0, 0, 1], [0, 0, 1], [0, 0, 1], [0, 0, 1], [0, 0, 1], [0, 0, 1], [0, 0, 1], [0, 0, 1], [0, 0, 1], [0, 0, 1], [0, 0, 1], [0, 0, 1], [0, 0, 1], [0, 0, 1], [0, 0, 1], [0, 0, 1], [0, 0, 1], [0, 0, 1], [0, 0, 1]]}, "pred_probs": {"R1": [4.170786269241944e-06, 4.084284682903672e-06, 0.999991774559021], "R3": [1.6225176295847632e-06, 0.9999961853027344, 6.748293230884883e-07, 1.4540659094564035e-06], "S2s1": [2.2652686766377883e-06, 2.5672870833659545e-06, 4.481444193515927e-06, 3.1384913654619595e-06, 3.174593757648836e-06, 3.785609806072898e-06, 3.342210220580455e-06, 2.606957878015237e-06, 2.5289969016739633e-06, 2.847946234396659e-06, 4.4641428758041e-06, 5.325405709299957e-06, 3.8083574054326164e-06, 1.4171946531860158e-06, 3.647372295745299e-06, 8.561623872083146e-06, 2.062808334812871e-06, 0.9999397993087769], "B1s1": [9.854705922407447e-07, 1.2316338597884169e-06, 9.049544473782589e-07, 0.9999964237213135, 4.842094085688586e-07], "TS1s1": [0.9999977350234985, 3.5252907082394813e-07, 5.862111152055149e-07, 1.3366287987537362e-07, 3.289898984348838e-07, 1.520265726639991e-07, 3.5135602161062707e-07, 3.574930360628059e-07], "K1": [3.32417982917832e-07, 0.9999992847442627, 3.8255015510912926e-07], "T1s1": [4.780770836987358e-07, 0.9999958276748657, 9.640123153076274e-07, 2.6991849608748453e-06], "P4": [2.6825139798347664e-07, 1.1205236205569236e-07, 7.720844052983011e-08, 0.9999977350234985, 1.7323856127404724e-07, 1.4554728977600462e-07, 2.65296620227673e-07, 2.2044133629606222e-07, 1.7856532963378413e-07, 9.092087083217848e-08, 1.3663463960256195e-07, 2.99492427302539e-07, 3.5425631494945264e-07], "EM1": [2.6751545192382764e-06, 1.7721313270158134e-06, 0.9999909400939941, 2.5101480787270702e-06, 2.1279674911056645e-06], "TM1": [5.326292011886835e-07, 4.4620767880587664e-07, 0.9999980926513672, 3.5647963159135543e-07, 2.9485212849067466e-07, 3.024665033990459e-07], "I1s2": [[2.87871529280892e-07, 2.671180823199393e-07, 0.9999994039535522], [2.035925632526414e-07, 2.2243463604354474e-07, 0.9999995231628418], [3.5325896874383034e-07, 2.9792414579787874e-07, 0.9999994039535522], [3.356863658154907e-07, 9.058563819053234e-07, 0.9999988079071045], [2.932039251390961e-07, 6.222840056580026e-07, 0.9999990463256836], [4.4413587829694734e-07, 5.038323251937982e-07, 0.9999990463256836], [3.445386482781032e-07, 5.39061431936716e-07, 0.9999991655349731], [2.1999797183980263e-07, 2.875828783999168e-07, 0.9999995231628418], [1.1349869311061411e-07, 1.9171005760654225e-07, 0.9999996423721313], [1.9567586662105896e-07, 1.529980124814756e-07, 0.9999996423721313], [2.7117508238916344e-07, 3.1578110792906955e-07, 0.9999994039535522], [3.237700809677335e-07, 3.1589738114234933e-07, 0.9999994039535522], [2.4480061711074086e-07, 3.734600682037126e-07, 0.9999994039535522], [3.9028236642479897e-07, 5.215915166445484e-07, 0.9999990463256836], [1.8673942747682304e-07, 2.0418195845195442e-07, 0.9999996423721313], [9.566960557094717e-08, 1.2054631781666103e-07, 0.9999997615814209], [2.6296575583728554e-07, 4.001970808076294e-07, 0.9999992847442627], [2.770924538708641e-07, 1.8771699217268178e-07, 0.9999995231628418], [4.2505624264777e-07, 5.693448770216492e-07, 0.9999990463256836], [1.6606222175141738e-07, 3.2738799404796737e-07, 0.9999995231628418], [1.573371832819248e-07, 3.8246375311246084e-07, 0.9999994039535522], [6.356136736940243e-07, 3.087417326241848e-07, 0.9999990463256836], [2.1331264576929243e-07, 5.840695962433529e-07, 0.9999991655349731], [1.1853467896116854e-07, 9.428649860865335e-08, 0.9999997615814209], [0.9999922513961792, 2.578080056991894e-06, 5.126406449562637e-06], [2.0296930358654208e-07, 2.395861429249635e-07, 0.9999995231628418], [3.0353521651704796e-07, 3.398042451863148e-07, 0.9999994039535522], [0.999993085861206, 2.484780679878895e-06, 4.416389401740162e-06]], "S4": [[5.6203166423074435e-06, 1.7832437606557505e-06, 0.9999926090240479], [5.293442200127174e-07, 5.0499585313446e-07, 0.999998927116394], [4.420074617428327e-07, 5.957801363365434e-07, 0.999998927116394], [4.4971972101848223e-07, 6.504826615127968e-07, 0.999998927116394], [8.710941301615094e-07, 8.488501066494791e-07, 0.9999983310699463], [5.360109867069696e-07, 8.51912602684024e-07, 0.9999985694885254], [5.847572310813121e-07, 5.721501565858489e-07, 0.9999988079071045], [5.54782445760793e-07, 4.193284439679701e-07, 0.9999990463256836], [5.705977059733414e-07, 6.638146601289918e-07, 0.9999988079071045], [5.187800979911117e-07, 7.005585302977124e-07, 0.9999988079071045], [4.851367521041539e-07, 9.446635544918536e-07, 0.9999985694885254], [1.2327861895755632e-06, 7.72933674397791e-07, 0.9999979734420776], [6.738911793036095e-07, 9.766628181751003e-07, 0.9999983310699463], [4.99249949825753e-07, 7.694422947679413e-07, 0.9999986886978149], [6.528445624098822e-07, 9.147133255282824e-07, 0.9999984502792358], [8.224547514146252e-07, 4.84804274947237e-07, 0.9999986886978149], [4.853961286244157e-07, 4.864318725594785e-07, 0.9999990463256836], [2.0872809614047583e-07, 5.105231366542284e-07, 0.9999992847442627], [7.211747856672446e-07, 9.212985787598882e-07, 0.9999983310699463], [5.005143179914739e-07, 7.460023994099174e-07, 0.9999988079071045], [5.376451213123801e-07, 9.309967481385684e-07, 0.9999985694885254], [8.256685077867587e-07, 1.0982587355101714e-06, 0.9999980926513672]]}, "infer_command_tokens": ["I1s2_0_2", "I1s2_1_2", "I1s2_2_2", "I1s2_3_2", "I1s2_4_2", "I1s2_5_2", "I1s2_6_2", "I1s2_7_2", "I1s2_8_2", "I1s2_9_2", "I1s2_10_2", "I1s2_11_2", "I1s2_12_2", "I1s2_13_2", "I1s2_14_2", "I1s2_15_2", "I1s2_16_2", "I1s2_17_2", "I1s2_18_2", "I1s2_19_2", "I1s2_20_2", "I1s2_21_2", "I1s2_22_2", "I1s2_23_2", "I1s2_24_0", "I1s2_25_2", "I1s2_26_2", "I1s2_27_0", "I4_28", "C1_4", "R1_2", "R3_1", "S2s1_17", "S4_0_2", "S4_1_2", "S4_2_2", "S4_3_2", "S4_4_2", "S4_5_2", "S4_6_2", "S4_7_2", "S4_8_2", "S4_9_2", "S4_10_2", "S4_11_2", "S4_12_2", "S4_13_2", "S4_14_2", "S4_15_2", "S4_16_2", "S4_17_2", "S4_18_2", "S4_19_2", "S4_20_2", "S4_21_2", "B1s1_3", "TS1s1_0", "K1_1", "T1s1_1", "P4_3", "ST1_14", "EM1_2", "TM1_2"]}