{"text": "The music in this song is characterized by its emotional depth, which is emphasized by the distinctive pitch range of 2 octaves. The rhythm is easy-going, and the song has a playtime of 31 ~ 45 seconds, with a duration of 13 ~ 16 bars. The music is based on a 3/4 time signature, and the addition of strings further enhances the musical composition. Overall, the music conveys hopelessness. The tempo of this song is moderate.", "pred_labels": {"R1": [0, 0, 1], "R3": [1, 0, 0, 0], "S2s1": [0, 0, 0, 0, 0, 0, 0, 0, 0, 0, 0, 0, 0, 0, 0, 0, 0, 1], "B1s1": [0, 0, 0, 1, 0], "TS1s1": [0, 0, 1, 0, 0, 0, 0, 0], "K1": [0, 0, 1], "T1s1": [0, 1, 0, 0], "P4": [0, 0, 1, 0, 0, 0, 0, 0, 0, 0, 0, 0, 0], "EM1": [0, 0, 1, 0, 0], "TM1": [0, 0, 1, 0, 0, 0], "I1s2": [[0, 0, 1], [0, 0, 1], [0, 0, 1], [0, 0, 1], [0, 0, 1], [0, 0, 1], [0, 0, 1], [0, 0, 1], [0, 0, 1], [0, 0, 1], [1, 0, 0], [0, 0, 1], [0, 0, 1], [0, 0, 1], [0, 0, 1], [0, 0, 1], [0, 0, 1], [0, 0, 1], [0, 0, 1], [0, 0, 1], [0, 0, 1], [0, 0, 1], [0, 0, 1], [0, 0, 1], [0, 0, 1], [0, 0, 1], [0, 0, 1], [0, 0, 1]], "S4": [[0, 0, 1], [0, 0, 1], [0, 0, 1], [0, 0, 1], [0, 0, 1], [0, 0, 1], [0, 0, 1], [0, 0, 1], [0, 0, 1], [0, 0, 1], [0, 0, 1], [0, 0, 1], [0, 0, 1], [0, 0, 1], [0, 0, 1], [0, 0, 1], [0, 0, 1], [0, 0, 1], [0, 0, 1], [0, 0, 1], [0, 0, 1], [0, 0, 1]]}, "pred_probs": {"R1": [4.407220785651589e-06, 4.557032298180275e-06, 0.9999910593032837], "R3": [0.9999294281005859, 5.928997416049242e-05, 5.623795004794374e-06, 5.762031833000947e-06], "S2s1": [2.4606811166449916e-06, 2.565178419899894e-06, 4.341701696830569e-06, 3.2940683922788594e-06, 3.5539467262424296e-06, 3.854345322906738e-06, 3.548629365468514e-06, 2.640877255544183e-06, 2.498396952432813e-06, 3.0061646612011828e-06, 4.28834619015106e-06, 6.574300186912296e-06, 3.934926098736469e-06, 1.4420695606531808e-06, 3.805395635936293e-06, 7.707540135015734e-06, 2.3353607048193226e-06, 0.9999381303787231], "B1s1": [1.0084069117510808e-06, 1.256878704225528e-06, 1.386924509461096e-06, 0.9999958276748657, 4.18591156403636e-07], "TS1s1": [2.6080348902723927e-07, 4.14590033415152e-07, 0.9999977350234985, 2.6526501528678637e-07, 5.215609917286201e-07, 3.4963727557624225e-07, 2.418692872652173e-07, 2.587776180007495e-07], "K1": [4.620223137408175e-07, 9.877902584776166e-07, 0.9999985694885254], "T1s1": [1.0511889740882907e-05, 0.9997344613075256, 1.8425729649607092e-05, 0.00023659209546167403], "P4": [6.29689296260949e-08, 9.604838879795352e-08, 0.9999991655349731, 3.141576598864049e-08, 5.6377519541683796e-08, 1.1741536809495301e-07, 2.2361271945214867e-08, 5.5666948384214265e-08, 7.990822581405155e-08, 1.4508530910006812e-07, 9.882283791284863e-08, 6.098665750187138e-08, 1.0397734229172784e-07], "EM1": [3.076831262660562e-06, 2.1079922589706257e-06, 0.9999904632568359, 2.113943082804326e-06, 2.2698600332660135e-06], "TM1": [6.717465339534101e-07, 5.238946414465318e-07, 0.9999979734420776, 2.9775785037600144e-07, 2.7827735493701766e-07, 3.417253537918441e-07], "I1s2": [[3.584136152312567e-07, 2.2665651044917468e-07, 0.9999994039535522], [2.124462525898707e-07, 2.2145526656913717e-07, 0.9999995231628418], [2.6878115022554994e-07, 2.253807167562627e-07, 0.9999995231628418], [3.0822016583442746e-07, 5.002000307285925e-07, 0.9999991655349731], [1.9232017223203002e-07, 3.461165931639698e-07, 0.9999994039535522], [4.25284923721847e-07, 4.861930165134254e-07, 0.9999990463256836], [3.625249860306212e-07, 4.310924737183086e-07, 0.9999991655349731], [2.571185575561685e-07, 2.9828350989191676e-07, 0.9999994039535522], [1.3472238435952022e-07, 1.755642244916089e-07, 0.9999996423721313], [2.7503395472194825e-07, 9.8368921896963e-08, 0.9999996423721313], [0.9999927282333374, 3.879300493281335e-06, 3.3202309168700594e-06], [3.401329990992963e-07, 2.3743004362586362e-07, 0.9999994039535522], [2.1374827952058695e-07, 3.902456739979243e-07, 0.9999994039535522], [3.9338505075647845e-07, 4.0782410337669717e-07, 0.9999991655349731], [2.138280592589581e-07, 1.913701197508999e-07, 0.9999996423721313], [1.2159529205746367e-07, 9.839070003181405e-08, 0.9999997615814209], [3.0037307396924007e-07, 3.1889035767562746e-07, 0.9999994039535522], [3.163897304148122e-07, 2.222378299165939e-07, 0.9999994039535522], [5.00750729770516e-07, 5.516217242984567e-07, 0.999998927116394], [2.0254195476354653e-07, 3.528031129462761e-07, 0.9999994039535522], [2.2482578287963406e-07, 2.6051759505207883e-07, 0.9999995231628418], [7.358867151197046e-07, 3.110599209321663e-07, 0.999998927116394], [2.0939181410994934e-07, 5.038252197664406e-07, 0.9999992847442627], [1.1050027381998007e-07, 8.695129594116224e-08, 0.9999997615814209], [1.5543940889983787e-06, 1.586216882287772e-07, 0.9999983310699463], [2.0192230465454486e-07, 2.3234288448747975e-07, 0.9999995231628418], [3.705081894622708e-07, 2.685474385089037e-07, 0.9999994039535522], [1.4156871941395366e-07, 2.525613638226787e-07, 0.9999996423721313]], "S4": [[4.116650416108314e-06, 1.5608554804202868e-06, 0.9999942779541016], [6.142936399555765e-07, 5.99699092163064e-07, 0.9999988079071045], [4.5361917955233366e-07, 7.497683327528648e-07, 0.9999988079071045], [4.641798625470983e-07, 7.184231662904494e-07, 0.9999988079071045], [7.629773222106451e-07, 9.734378636494512e-07, 0.9999982118606567], [5.264101332613791e-07, 9.3620252528126e-07, 0.9999985694885254], [5.132449700795405e-07, 6.092598709983577e-07, 0.999998927116394], [5.77132766466093e-07, 4.5130983039598505e-07, 0.999998927116394], [5.998643359816924e-07, 7.352635975621524e-07, 0.9999986886978149], [4.986175667909265e-07, 8.25761901523947e-07, 0.9999986886978149], [5.027592351325438e-07, 1.084037421605899e-06, 0.9999984502792358], [1.0087005648529157e-06, 9.134054153037141e-07, 0.9999980926513672], [6.722823968630109e-07, 1.2092926908735535e-06, 0.9999980926513672], [4.942482974001905e-07, 8.977256129583111e-07, 0.9999985694885254], [4.062130756210536e-07, 8.188945344045351e-07, 0.9999988079071045], [8.200095180654898e-07, 5.527616053768725e-07, 0.9999985694885254], [4.834050173485593e-07, 5.622359253720788e-07, 0.999998927116394], [2.2171700209128176e-07, 5.575390105150291e-07, 0.9999991655349731], [8.262947517323482e-07, 1.0659174449756392e-06, 0.9999980926513672], [4.771087560584419e-07, 8.121490964185796e-07, 0.9999986886978149], [5.055323981650872e-07, 1.120755769079551e-06, 0.9999983310699463], [7.818553626748326e-07, 1.205632997880457e-06, 0.9999979734420776]]}, "infer_command_tokens": ["I1s2_0_2", "I1s2_1_2", "I1s2_2_2", "I1s2_3_2", "I1s2_4_2", "I1s2_5_2", "I1s2_6_2", "I1s2_7_2", "I1s2_8_2", "I1s2_9_2", "I1s2_10_0", "I1s2_11_2", "I1s2_12_2", "I1s2_13_2", "I1s2_14_2", "I1s2_15_2", "I1s2_16_2", "I1s2_17_2", "I1s2_18_2", "I1s2_19_2", "I1s2_20_2", "I1s2_21_2", "I1s2_22_2", "I1s2_23_2", "I1s2_24_2", "I1s2_25_2", "I1s2_26_2", "I1s2_27_2", "I4_28", "C1_4", "R1_2", "R3_0", "S2s1_17", "S4_0_2", "S4_1_2", "S4_2_2", "S4_3_2", "S4_4_2", "S4_5_2", "S4_6_2", "S4_7_2", "S4_8_2", "S4_9_2", "S4_10_2", "S4_11_2", "S4_12_2", "S4_13_2", "S4_14_2", "S4_15_2", "S4_16_2", "S4_17_2", "S4_18_2", "S4_19_2", "S4_20_2", "S4_21_2", "B1s1_3", "TS1s1_2", "K1_2", "T1s1_1", "P4_2", "ST1_14", "EM1_2", "TM1_2"]}