{"text": "The use of a specific pitch range of 5 octaves creates a cohesive and unified sound throughout the musical piece, while the minor key gives this music a special emotional quality. With a duration of 31 ~ 45 seconds, this track maintains a steady and moderate rhythm, featuring piano, percussion, violin, cello and strings as its prominent elements. The time signature of the music is 4/4, complementing its high-tempo nature, and the composition is steeped in the traditions of easy listening style.", "pred_labels": {"R1": [0, 0, 1], "R3": [0, 1, 0, 0], "S2s1": [0, 0, 0, 0, 0, 0, 0, 0, 0, 0, 0, 0, 0, 0, 0, 0, 0, 1], "B1s1": [0, 0, 0, 0, 1], "TS1s1": [1, 0, 0, 0, 0, 0, 0, 0], "K1": [0, 1, 0], "T1s1": [0, 0, 1, 0], "P4": [0, 0, 0, 0, 0, 1, 0, 0, 0, 0, 0, 0, 0], "EM1": [0, 0, 0, 0, 1], "TM1": [0, 0, 1, 0, 0, 0], "I1s2": [[1, 0, 0], [0, 0, 1], [1, 0, 0], [0, 0, 1], [0, 0, 1], [0, 0, 1], [1, 0, 0], [0, 0, 1], [1, 0, 0], [0, 0, 1], [1, 0, 0], [0, 0, 1], [0, 0, 1], [0, 0, 1], [0, 0, 1], [0, 0, 1], [0, 0, 1], [0, 0, 1], [0, 0, 1], [0, 0, 1], [0, 0, 1], [0, 0, 1], [0, 0, 1], [0, 0, 1], [0, 0, 1], [0, 0, 1], [0, 0, 1], [0, 0, 1]], "S4": [[0, 0, 1], [0, 0, 1], [0, 0, 1], [0, 0, 1], [0, 0, 1], [1, 0, 0], [0, 0, 1], [0, 0, 1], [0, 0, 1], [0, 0, 1], [0, 0, 1], [0, 0, 1], [0, 0, 1], [0, 0, 1], [0, 0, 1], [0, 0, 1], [0, 0, 1], [0, 0, 1], [0, 0, 1], [0, 0, 1], [0, 0, 1], [0, 0, 1]]}, "pred_probs": {"R1": [4.2960582504747435e-06, 4.055516001244541e-06, 0.9999916553497314], "R3": [4.197237615244376e-07, 0.9999971389770508, 1.191039473269484e-06, 1.1964573332079453e-06], "S2s1": [2.7007595235772897e-06, 2.8456474865379278e-06, 4.981741767551284e-06, 2.971289177366998e-06, 3.7628553855029168e-06, 3.853389443975175e-06, 3.306295411675819e-06, 3.248387429266586e-06, 2.9670982257812284e-06, 3.098823071923107e-06, 4.989882199879503e-06, 4.417061063577421e-06, 3.963677954743616e-06, 1.1994610531473882e-06, 4.5867523112974595e-06, 1.0863756870094221e-05, 1.950048499566037e-06, 0.9999343156814575], "B1s1": [7.74468935560435e-06, 4.9066211431636475e-06, 7.814890523150098e-06, 2.4487044356646948e-06, 0.9999771118164062], "TS1s1": [0.9999977350234985, 3.4329903542129614e-07, 5.616136604658095e-07, 1.3597261272479955e-07, 3.4764894962791004e-07, 1.4822430216554494e-07, 3.3708212754390843e-07, 3.074452479268075e-07], "K1": [3.31833575728524e-07, 0.9999992847442627, 3.76550332248371e-07], "T1s1": [1.8585448060548515e-06, 9.639585414333851e-07, 0.9999963045120239, 8.036543590606016e-07], "P4": [1.1884223027891494e-07, 2.884239904688002e-07, 2.7783079303844715e-07, 4.099339605545538e-07, 8.437341136868781e-08, 0.9999979734420776, 1.3641307816669723e-07, 1.320030378337833e-07, 8.240522220148705e-08, 1.2333606491665705e-07, 2.2995538984105224e-07, 1.091527366270384e-07, 1.1014761724936761e-07], "EM1": [2.100867959597963e-06, 2.5107985948125133e-06, 4.63910328107886e-06, 9.7481979537406e-06, 0.9999810457229614], "TM1": [6.786944481973478e-07, 5.82438474339142e-07, 0.9999977350234985, 3.151427847569721e-07, 2.5757532284842455e-07, 3.2204502531385515e-07], "I1s2": [[0.9999938011169434, 3.0014875846973155e-06, 3.2698969789635157e-06], [2.1311792863798473e-07, 2.991581311562186e-07, 0.9999995231628418], [0.9999939203262329, 2.7932901502936147e-06, 3.3949029329960467e-06], [2.876732878576149e-07, 2.452079115755623e-06, 0.9999972581863403], [2.1754603096724168e-07, 5.261193791739061e-07, 0.9999992847442627], [4.335322785209428e-07, 6.597006176889408e-07, 0.999998927116394], [0.9999946355819702, 3.5993020901514683e-06, 1.8099964336215635e-06], [2.4004077658901224e-07, 3.393159033748816e-07, 0.9999994039535522], [0.9999953508377075, 2.3968650566530414e-06, 2.2907433958607726e-06], [2.042444720018466e-07, 1.667094977619854e-07, 0.9999996423721313], [0.999991774559021, 4.151048869971419e-06, 4.027330305689247e-06], [3.151664316192182e-07, 4.2515850395830057e-07, 0.9999992847442627], [2.551948909967905e-07, 7.644141533091897e-07, 0.999998927116394], [3.873580567415047e-07, 9.073693263417226e-07, 0.9999986886978149], [2.1917371384461148e-07, 3.1243425269167346e-07, 0.9999995231628418], [1.0121504345761423e-07, 2.2496993778986507e-07, 0.9999996423721313], [2.573667927663337e-07, 5.086816941002326e-07, 0.9999992847442627], [2.472039284384664e-07, 2.888301651182701e-07, 0.9999995231628418], [4.100712089893932e-07, 6.927046456439712e-07, 0.999998927116394], [1.3819816047089262e-07, 4.449924801974703e-07, 0.9999994039535522], [2.175008120275379e-07, 4.598822158641269e-07, 0.9999992847442627], [7.52124606151483e-07, 3.341870353779086e-07, 0.999998927116394], [2.3327797293859476e-07, 6.564366685779532e-07, 0.9999991655349731], [1.2373224933526217e-07, 1.408179315376401e-07, 0.9999997615814209], [1.6793753729871241e-06, 2.1211050693636935e-07, 0.9999980926513672], [1.770756909991178e-07, 2.753640728769824e-07, 0.9999995231628418], [2.391091982190119e-07, 7.205586598502123e-07, 0.9999990463256836], [1.6892424525849492e-07, 3.910664077011461e-07, 0.9999994039535522]], "S4": [[5.58188139621052e-06, 2.295013246111921e-06, 0.9999921321868896], [5.411546339928464e-07, 5.838573429173266e-07, 0.999998927116394], [4.338851056218118e-07, 6.86115470216464e-07, 0.999998927116394], [4.519898766375263e-07, 6.888388952575042e-07, 0.9999988079071045], [7.002810775702528e-07, 8.589971116634842e-07, 0.9999984502792358], [0.9999862909317017, 6.8810186348855495e-06, 6.833006409578957e-06], [5.986802307234029e-07, 5.595020979853871e-07, 0.9999988079071045], [6.156907375043374e-07, 4.4611485350287694e-07, 0.999998927116394], [5.888635996598168e-07, 6.978684723435435e-07, 0.9999986886978149], [5.101432520859817e-07, 6.360629072332813e-07, 0.9999988079071045], [4.974860985385021e-07, 1.0338524134567706e-06, 0.9999984502792358], [1.2777762776750023e-06, 1.052046854965738e-06, 0.999997615814209], [6.719286602674401e-07, 1.1720096608769381e-06, 0.9999982118606567], [5.206704258853279e-07, 7.505273060814943e-07, 0.9999986886978149], [5.309995003699441e-07, 7.546189522145141e-07, 0.9999986886978149], [9.170141197500925e-07, 5.245998977443378e-07, 0.9999985694885254], [4.908574169348867e-07, 5.469950110637001e-07, 0.999998927116394], [1.9933354167278594e-07, 5.394873028308211e-07, 0.9999992847442627], [7.443732101819478e-07, 9.530162401460984e-07, 0.9999983310699463], [5.460712486637931e-07, 7.713723562119412e-07, 0.9999986886978149], [6.25311997737299e-07, 1.3047196034676745e-06, 0.9999980926513672], [7.969441071509209e-07, 1.029036184263532e-06, 0.9999982118606567]]}, "infer_command_tokens": ["I1s2_0_0", "I1s2_1_2", "I1s2_2_0", "I1s2_3_2", "I1s2_4_2", "I1s2_5_2", "I1s2_6_0", "I1s2_7_2", "I1s2_8_0", "I1s2_9_2", "I1s2_10_0", "I1s2_11_2", "I1s2_12_2", "I1s2_13_2", "I1s2_14_2", "I1s2_15_2", "I1s2_16_2", "I1s2_17_2", "I1s2_18_2", "I1s2_19_2", "I1s2_20_2", "I1s2_21_2", "I1s2_22_2", "I1s2_23_2", "I1s2_24_2", "I1s2_25_2", "I1s2_26_2", "I1s2_27_2", "I4_28", "C1_4", "R1_2", "R3_1", "S2s1_17", "S4_0_2", "S4_1_2", "S4_2_2", "S4_3_2", "S4_4_2", "S4_5_0", "S4_6_2", "S4_7_2", "S4_8_2", "S4_9_2", "S4_10_2", "S4_11_2", "S4_12_2", "S4_13_2", "S4_14_2", "S4_15_2", "S4_16_2", "S4_17_2", "S4_18_2", "S4_19_2", "S4_20_2", "S4_21_2", "B1s1_4", "TS1s1_0", "K1_1", "T1s1_2", "P4_5", "ST1_14", "EM1_4", "TM1_2"]}