{"text": "This song has a distinctive character, thanks to the pitch range of 4 octaves that emphasizes its emotional depth. The rhythm of the music is incredibly stimulating, and the 13 ~ 16 bars in total add to the complexity of the piece. Additionally, the meter of the music is 4/4, which further contributes to the unique sound and feel of the composition. Overall, these musical elements come together to create a dynamic and engaging piece of music. The song belongs to the rap and pop genre.", "pred_labels": {"R1": [0, 0, 1], "R3": [0, 0, 1, 0], "S2s1": [0, 0, 0, 0, 0, 0, 0, 0, 0, 0, 0, 0, 0, 0, 0, 0, 0, 1], "B1s1": [0, 0, 0, 1, 0], "TS1s1": [1, 0, 0, 0, 0, 0, 0, 0], "K1": [0, 0, 1], "T1s1": [0, 0, 0, 1], "P4": [0, 0, 0, 0, 1, 0, 0, 0, 0, 0, 0, 0, 0], "EM1": [0, 0, 0, 0, 1], "TM1": [0, 0, 0, 0, 0, 1], "I1s2": [[0, 0, 1], [0, 0, 1], [0, 0, 1], [0, 0, 1], [0, 0, 1], [0, 0, 1], [0, 0, 1], [0, 0, 1], [0, 0, 1], [0, 0, 1], [0, 0, 1], [0, 0, 1], [0, 0, 1], [0, 0, 1], [0, 0, 1], [0, 0, 1], [0, 0, 1], [0, 0, 1], [0, 0, 1], [0, 0, 1], [0, 0, 1], [0, 0, 1], [0, 0, 1], [0, 0, 1], [0, 0, 1], [0, 0, 1], [0, 0, 1], [0, 0, 1]], "S4": [[0, 0, 1], [0, 0, 1], [1, 0, 0], [0, 0, 1], [0, 0, 1], [0, 0, 1], [0, 0, 1], [0, 0, 1], [0, 0, 1], [0, 0, 1], [0, 0, 1], [0, 0, 1], [0, 0, 1], [1, 0, 0], [0, 0, 1], [0, 0, 1], [0, 0, 1], [0, 0, 1], [0, 0, 1], [0, 0, 1], [0, 0, 1], [0, 0, 1]]}, "pred_probs": {"R1": [4.1131315811071545e-06, 4.284744591132039e-06, 0.9999916553497314], "R3": [1.239114567397337e-06, 1.6902079096325906e-06, 0.9999960660934448, 9.01202611203189e-07], "S2s1": [2.3245206648425665e-06, 2.583762579888571e-06, 4.517405159276677e-06, 2.855355887732003e-06, 3.2171949442272307e-06, 4.2831852624658495e-06, 3.2190453111979878e-06, 2.3717061594652478e-06, 2.4486637357767904e-06, 3.1745926207804587e-06, 4.162370714766439e-06, 5.979409252176993e-06, 3.577281404432142e-06, 1.4042918792256387e-06, 3.694960696520866e-06, 7.817847290425561e-06, 2.048043370450614e-06, 0.9999403953552246], "B1s1": [8.73177043558826e-07, 9.56106191551953e-07, 1.0634669251885498e-06, 0.9999966621398926, 4.640629072127922e-07], "TS1s1": [0.9999972581863403, 4.3581314912444213e-07, 9.761466799318441e-07, 1.3806295839913219e-07, 3.3101679264291306e-07, 1.430347111863739e-07, 3.17156974460886e-07, 3.9590369738107256e-07], "K1": [5.134797333994356e-07, 1.0487780173207284e-06, 0.9999984502792358], "T1s1": [2.4486621441610623e-06, 7.90757098911854e-07, 1.677379259490408e-06, 0.9999951124191284], "P4": [1.8123100176126172e-07, 9.094539166198956e-08, 7.77189725909011e-08, 6.920515716046793e-08, 0.9999984502792358, 9.220435970291874e-08, 1.1810269029410847e-07, 1.530197124566257e-07, 1.1804335287024514e-07, 1.978813770620036e-07, 1.4690775174130977e-07, 1.1217476725278175e-07, 2.2593721382691e-07], "EM1": [3.4471763683541212e-06, 4.42065129391267e-06, 5.844844963576179e-06, 2.8091184503864497e-05, 0.9999581575393677], "TM1": [4.283836005924968e-07, 7.628028697581613e-07, 5.182191671337932e-07, 7.099636718521651e-07, 9.163465364281365e-08, 0.9999974966049194], "I1s2": [[2.8762565307260957e-07, 2.583536797828856e-07, 0.9999994039535522], [2.47333133529537e-07, 2.0017769486457837e-07, 0.9999995231628418], [3.3841845947790716e-07, 2.725518015722628e-07, 0.9999994039535522], [3.343484422657639e-07, 4.842093517254398e-07, 0.9999991655349731], [3.453061196978524e-07, 3.232535732422548e-07, 0.9999992847442627], [4.5981633434166724e-07, 4.692190884725278e-07, 0.9999990463256836], [3.991926291746495e-07, 4.838885274693894e-07, 0.9999991655349731], [2.34358651596267e-07, 2.947969051092514e-07, 0.9999995231628418], [1.194350858213511e-07, 1.606437507462033e-07, 0.9999997615814209], [2.159169838478192e-07, 1.0024901797578423e-07, 0.9999996423721313], [3.1098500130610773e-07, 2.8270258667362214e-07, 0.9999994039535522], [3.530084029534919e-07, 2.5359017286064045e-07, 0.9999994039535522], [2.3164241724771273e-07, 2.5461235964030493e-07, 0.9999995231628418], [3.4991265351891343e-07, 3.8201750385269406e-07, 0.9999992847442627], [1.9011315544048557e-07, 1.8167091297982552e-07, 0.9999996423721313], [2.2378767994268856e-07, 9.637654585503697e-08, 0.9999996423721313], [3.031831283806241e-07, 3.450632277690602e-07, 0.9999994039535522], [3.021705481387471e-07, 1.4750510501926328e-07, 0.9999995231628418], [4.900866201751342e-07, 5.22333721164614e-07, 0.9999990463256836], [2.0346796247849852e-07, 3.044220306946954e-07, 0.9999995231628418], [2.3249094738275744e-07, 2.752104819592205e-07, 0.9999995231628418], [7.462985536221822e-07, 3.011263913776929e-07, 0.999998927116394], [1.7839828103660693e-07, 4.78913364077016e-07, 0.9999992847442627], [1.1561691337647062e-07, 8.757428560102198e-08, 0.9999997615814209], [2.4326168386323843e-06, 2.0298416814057418e-07, 0.9999973773956299], [2.2533301091698377e-07, 2.0674781353591243e-07, 0.9999995231628418], [3.822634937478142e-07, 2.7733375418392825e-07, 0.9999992847442627], [1.4259717318054754e-07, 2.532101177621371e-07, 0.9999996423721313]], "S4": [[4.386189630167792e-06, 1.629131816116569e-06, 0.9999940395355225], [5.736126809097186e-07, 6.107158583290584e-07, 0.9999988079071045], [0.9999891519546509, 4.990831712348154e-06, 5.8552805057843216e-06], [4.882675739281694e-07, 6.670294965260837e-07, 0.9999988079071045], [8.802105071481492e-07, 1.052422589964408e-06, 0.9999980926513672], [5.427183396022883e-07, 8.816921308607562e-07, 0.9999985694885254], [5.620284468932368e-07, 6.195037940415205e-07, 0.9999988079071045], [5.780416927336773e-07, 3.937453527669277e-07, 0.9999990463256836], [5.752720539931033e-07, 6.630889402003959e-07, 0.9999988079071045], [4.850517143495381e-07, 6.896644890730386e-07, 0.9999988079071045], [5.311659947437875e-07, 1.0017994327427004e-06, 0.9999984502792358], [1.0737244338088203e-06, 8.772732371653547e-07, 0.9999980926513672], [6.478597356363025e-07, 1.0708725994845736e-06, 0.9999983310699463], [0.999982476234436, 1.2503981452027801e-05, 5.035187314206269e-06], [3.921121560779284e-07, 9.069289603758079e-07, 0.9999986886978149], [8.04764567874372e-07, 4.277412131159508e-07, 0.9999988079071045], [4.5902456236035505e-07, 5.847293778060703e-07, 0.999998927116394], [2.240654453089519e-07, 5.30268550846813e-07, 0.9999992847442627], [8.267725206678733e-07, 9.772832072485471e-07, 0.9999982118606567], [5.040820383328537e-07, 8.05274225967878e-07, 0.9999986886978149], [5.500767770172388e-07, 1.306238573306473e-06, 0.9999980926513672], [7.744035315226938e-07, 1.0823223419720307e-06, 0.9999980926513672]]}, "infer_command_tokens": ["I1s2_0_2", "I1s2_1_2", "I1s2_2_2", "I1s2_3_2", "I1s2_4_2", "I1s2_5_2", "I1s2_6_2", "I1s2_7_2", "I1s2_8_2", "I1s2_9_2", "I1s2_10_2", "I1s2_11_2", "I1s2_12_2", "I1s2_13_2", "I1s2_14_2", "I1s2_15_2", "I1s2_16_2", "I1s2_17_2", "I1s2_18_2", "I1s2_19_2", "I1s2_20_2", "I1s2_21_2", "I1s2_22_2", "I1s2_23_2", "I1s2_24_2", "I1s2_25_2", "I1s2_26_2", "I1s2_27_2", "I4_28", "C1_4", "R1_2", "R3_2", "S2s1_17", "S4_0_2", "S4_1_2", "S4_2_0", "S4_3_2", "S4_4_2", "S4_5_2", "S4_6_2", "S4_7_2", "S4_8_2", "S4_9_2", "S4_10_2", "S4_11_2", "S4_12_2", "S4_13_0", "S4_14_2", "S4_15_2", "S4_16_2", "S4_17_2", "S4_18_2", "S4_19_2", "S4_20_2", "S4_21_2", "B1s1_3", "TS1s1_0", "K1_2", "T1s1_3", "P4_4", "ST1_14", "EM1_4", "TM1_5"]}