{"text": "The pitch range of 6 octaves adds a distinctive character to the music, emphasizing its emotional depth, while the minor key provides a powerful and memorable sound. Clocking in at about 20 seconds, this song captivates with its highly intense rhythm and features a variety of grand piano, strings and bass. Set in the 4/4 time signature, the music moves at a quick tempo, effectively conveying exhilaration.", "pred_labels": {"R1": [0, 0, 1], "R3": [0, 0, 1, 0], "S2s1": [0, 0, 0, 0, 0, 0, 0, 0, 0, 0, 0, 0, 0, 0, 0, 0, 0, 1], "B1s1": [0, 0, 0, 0, 1], "TS1s1": [1, 0, 0, 0, 0, 0, 0, 0], "K1": [0, 1, 0], "T1s1": [0, 0, 1, 0], "P4": [0, 0, 0, 0, 0, 0, 1, 0, 0, 0, 0, 0, 0], "EM1": [1, 0, 0, 0, 0], "TM1": [0, 1, 0, 0, 0, 0], "I1s2": [[1, 0, 0], [0, 0, 1], [0, 0, 1], [0, 0, 1], [0, 0, 1], [1, 0, 0], [0, 0, 1], [0, 0, 1], [0, 0, 1], [0, 0, 1], [1, 0, 0], [0, 0, 1], [0, 0, 1], [0, 0, 1], [0, 0, 1], [0, 0, 1], [0, 0, 1], [0, 0, 1], [0, 0, 1], [0, 0, 1], [0, 0, 1], [0, 0, 1], [0, 0, 1], [0, 0, 1], [0, 0, 1], [0, 0, 1], [0, 0, 1], [0, 0, 1]], "S4": [[0, 0, 1], [0, 0, 1], [0, 0, 1], [0, 0, 1], [0, 0, 1], [0, 0, 1], [0, 0, 1], [0, 0, 1], [0, 0, 1], [0, 0, 1], [0, 0, 1], [0, 0, 1], [0, 0, 1], [0, 0, 1], [0, 0, 1], [0, 0, 1], [0, 0, 1], [0, 0, 1], [0, 0, 1], [0, 0, 1], [0, 0, 1], [0, 0, 1]]}, "pred_probs": {"R1": [4.505558536038734e-06, 3.92280480809859e-06, 0.9999915361404419], "R3": [8.354420515388483e-07, 1.3671925671587815e-06, 0.9999973773956299, 4.959271109328256e-07], "S2s1": [2.419643124085269e-06, 2.5461185941821896e-06, 4.205024197290186e-06, 3.4933159440697636e-06, 3.747538130483008e-06, 4.009379154013004e-06, 3.4099600725312484e-06, 3.0856378998578293e-06, 2.7298131044517504e-06, 2.8612862479349133e-06, 4.989700755686499e-06, 5.256932126940228e-06, 3.847796051559271e-06, 1.2528007573564537e-06, 4.617227659764467e-06, 9.726262760523241e-06, 1.917486315505812e-06, 0.9999361038208008], "B1s1": [7.059562449285295e-06, 4.787008947459981e-06, 1.026902646117378e-05, 2.2796011762693524e-06, 0.9999755620956421], "TS1s1": [0.9999974966049194, 3.760683853215596e-07, 8.12284497442306e-07, 1.4083238397688547e-07, 3.2368177471653325e-07, 1.4762696309844614e-07, 3.697750230458041e-07, 3.9017942299324204e-07], "K1": [3.464176927536755e-07, 0.9999992847442627, 3.730058608653053e-07], "T1s1": [1.4259901490731863e-06, 9.90195417216455e-07, 0.9999967813491821, 8.015842354325287e-07], "P4": [1.4699064365686354e-07, 5.155749249752262e-08, 2.428580181401685e-08, 8.540616391883304e-08, 8.059993206188665e-08, 1.1622472584349453e-07, 0.999998927116394, 3.170844564692743e-08, 1.0788034643383071e-07, 1.2873127275270235e-07, 9.293111702390888e-08, 1.0419907425784913e-07, 1.2395075543736311e-07], "EM1": [0.999968409538269, 1.6377816791646183e-05, 4.340736268204637e-06, 6.700443464069394e-06, 4.312282726459671e-06], "TM1": [1.925648831502258e-07, 0.9999988079071045, 2.9776123255942366e-07, 2.1454545162669092e-07, 1.958595987616718e-07, 2.0395232525061147e-07], "I1s2": [[0.9999943971633911, 3.44447494171618e-06, 2.116396217388683e-06], [2.1480009593233262e-07, 2.8790120154553733e-07, 0.9999995231628418], [3.707145879161544e-07, 3.64608837344349e-07, 0.9999992847442627], [4.980759626960207e-07, 2.480817329342244e-06, 0.9999970197677612], [4.414254703988263e-07, 1.197321580548305e-06, 0.9999983310699463], [0.9999929666519165, 3.5926327655033674e-06, 3.4078491353284335e-06], [4.4602765569834446e-07, 5.759286523243645e-07, 0.999998927116394], [2.503748817161977e-07, 3.0386334515242197e-07, 0.9999994039535522], [2.9841257287444023e-07, 6.420336831070017e-07, 0.9999990463256836], [2.2819210698798997e-07, 2.0868397143658513e-07, 0.9999995231628418], [0.9999911785125732, 4.69942051495309e-06, 4.119575351069216e-06], [6.665003979833273e-07, 6.463196768891066e-07, 0.9999986886978149], [5.608210926766333e-07, 1.5901125607342692e-06, 0.9999978542327881], [1.1853460364363855e-06, 2.945523192465771e-06, 0.9999958276748657], [3.221948361442628e-07, 4.019028949642234e-07, 0.9999992847442627], [2.4182608626688307e-07, 3.266457042627735e-07, 0.9999994039535522], [7.676239874854218e-07, 1.3206806670496007e-06, 0.9999978542327881], [2.956502100914804e-07, 3.6045244655724673e-07, 0.9999992847442627], [5.301397436596744e-07, 8.426895874436013e-07, 0.9999985694885254], [1.5436863520790212e-07, 4.2857976723098545e-07, 0.9999994039535522], [3.049606220884016e-07, 6.093436013543396e-07, 0.9999990463256836], [8.534041171515128e-07, 3.6693253946396e-07, 0.9999988079071045], [2.2546851141669322e-07, 8.308904853038257e-07, 0.999998927116394], [1.9856027222431294e-07, 1.6670392710693704e-07, 0.9999996423721313], [1.3886633496440481e-06, 1.9691790953402233e-07, 0.9999984502792358], [2.307188111672076e-07, 4.3882604927603097e-07, 0.9999992847442627], [5.75356295939855e-07, 1.1274311191300512e-06, 0.9999983310699463], [1.8178528193857346e-07, 3.2851610853867896e-07, 0.9999995231628418]], "S4": [[6.4914297581708524e-06, 2.473512267897604e-06, 0.9999910593032837], [5.621667469313252e-07, 6.645367420787807e-07, 0.9999988079071045], [4.4458835191107937e-07, 7.541225954810216e-07, 0.9999988079071045], [4.431077513800119e-07, 6.387826942955144e-07, 0.999998927116394], [8.023745294849505e-07, 1.1165308251293027e-06, 0.9999980926513672], [7.212398713818402e-07, 1.3546469972425257e-06, 0.9999979734420776], [6.146886448732403e-07, 6.355450636874593e-07, 0.9999988079071045], [5.622418370876403e-07, 5.504162459146755e-07, 0.999998927116394], [6.861230303911725e-07, 8.9386156787441e-07, 0.9999984502792358], [5.231122486293316e-07, 6.551718456648814e-07, 0.9999988079071045], [4.920682954434596e-07, 1.1141911500089918e-06, 0.9999984502792358], [1.111655024033098e-06, 8.905155368665874e-07, 0.9999979734420776], [8.095115049400192e-07, 1.4614125802836497e-06, 0.9999977350234985], [5.935487479291623e-07, 1.100511099139112e-06, 0.9999983310699463], [3.8592853002228367e-07, 7.899618026385724e-07, 0.9999988079071045], [1.3960184332972858e-06, 1.0256885616399813e-06, 0.999997615814209], [9.033890364662511e-07, 1.1936327837247518e-06, 0.9999978542327881], [2.2909303254436963e-07, 6.022262368787779e-07, 0.9999991655349731], [8.224840257753385e-07, 1.0406051842437591e-06, 0.9999980926513672], [5.38177687303687e-07, 7.833605764062668e-07, 0.9999986886978149], [5.280497248350002e-07, 9.64897822086641e-07, 0.9999984502792358], [7.520492886214925e-07, 1.2593591236509383e-06, 0.9999979734420776]]}, "infer_command_tokens": ["I1s2_0_0", "I1s2_1_2", "I1s2_2_2", "I1s2_3_2", "I1s2_4_2", "I1s2_5_0", "I1s2_6_2", "I1s2_7_2", "I1s2_8_2", "I1s2_9_2", "I1s2_10_0", "I1s2_11_2", "I1s2_12_2", "I1s2_13_2", "I1s2_14_2", "I1s2_15_2", "I1s2_16_2", "I1s2_17_2", "I1s2_18_2", "I1s2_19_2", "I1s2_20_2", "I1s2_21_2", "I1s2_22_2", "I1s2_23_2", "I1s2_24_2", "I1s2_25_2", "I1s2_26_2", "I1s2_27_2", "I4_28", "C1_4", "R1_2", "R3_2", "S2s1_17", "S4_0_2", "S4_1_2", "S4_2_2", "S4_3_2", "S4_4_2", "S4_5_2", "S4_6_2", "S4_7_2", "S4_8_2", "S4_9_2", "S4_10_2", "S4_11_2", "S4_12_2", "S4_13_2", "S4_14_2", "S4_15_2", "S4_16_2", "S4_17_2", "S4_18_2", "S4_19_2", "S4_20_2", "S4_21_2", "B1s1_4", "TS1s1_0", "K1_1", "T1s1_2", "P4_6", "ST1_14", "EM1_0", "TM1_1"]}