{"text": "The compact pitch range of 5 octaves results in a focused and impactful musical performance, complemented by its use of major key, conveying a unique and resonant sound. With a running time of about 20 seconds, the rhythm in this song is truly electrifying, supported by the employed piano, percussion and guitar. Featuring a 3/4 meter, the song is performed quickly, projecting melancholy throughout its about 14 bars.", "pred_labels": {"R1": [0, 0, 1], "R3": [0, 0, 1, 0], "S2s1": [0, 0, 0, 0, 0, 0, 0, 0, 0, 0, 0, 0, 0, 0, 0, 0, 0, 1], "B1s1": [0, 0, 0, 1, 0], "TS1s1": [0, 0, 1, 0, 0, 0, 0, 0], "K1": [1, 0, 0], "T1s1": [0, 0, 1, 0], "P4": [0, 0, 0, 0, 0, 1, 0, 0, 0, 0, 0, 0, 0], "EM1": [0, 0, 1, 0, 0], "TM1": [0, 1, 0, 0, 0, 0], "I1s2": [[1, 0, 0], [0, 0, 1], [1, 0, 0], [0, 0, 1], [1, 0, 0], [0, 0, 1], [0, 0, 1], [0, 0, 1], [0, 0, 1], [0, 0, 1], [0, 0, 1], [0, 0, 1], [0, 0, 1], [0, 0, 1], [0, 0, 1], [0, 0, 1], [0, 0, 1], [0, 0, 1], [0, 0, 1], [0, 0, 1], [0, 0, 1], [0, 0, 1], [0, 0, 1], [0, 0, 1], [0, 0, 1], [0, 0, 1], [0, 0, 1], [0, 0, 1]], "S4": [[0, 0, 1], [0, 0, 1], [0, 0, 1], [0, 0, 1], [0, 0, 1], [0, 0, 1], [0, 0, 1], [0, 0, 1], [0, 0, 1], [0, 0, 1], [0, 0, 1], [0, 0, 1], [0, 0, 1], [0, 0, 1], [0, 0, 1], [0, 0, 1], [0, 0, 1], [0, 0, 1], [0, 0, 1], [0, 0, 1], [0, 0, 1], [0, 0, 1]]}, "pred_probs": {"R1": [4.417562195158098e-06, 4.012864337710198e-06, 0.9999915361404419], "R3": [7.441736897817464e-07, 1.4993606782809366e-06, 0.9999972581863403, 4.339261465702293e-07], "S2s1": [2.3550419427920133e-06, 2.6022382826340618e-06, 4.1738162508409005e-06, 3.2272444059344707e-06, 3.37508276970766e-06, 3.836663836409571e-06, 3.2511666177015286e-06, 2.9505395104933996e-06, 2.684033233890659e-06, 2.7254870929027675e-06, 4.5998140194569714e-06, 5.127755230205366e-06, 3.822909093287308e-06, 1.2653759995373548e-06, 4.164508482062956e-06, 9.162596143141855e-06, 1.7554759779159212e-06, 0.9999388456344604], "B1s1": [9.63883053373138e-07, 1.009053676170879e-06, 1.3205701634433353e-06, 0.9999961853027344, 4.6092316097201547e-07], "TS1s1": [2.524207900478359e-07, 2.748137717389909e-07, 0.9999979734420776, 2.4610616833342647e-07, 4.6333781256180373e-07, 3.8399198842853366e-07, 2.021142648800378e-07, 2.5839102590907714e-07], "K1": [0.9999996423721313, 1.2891148060134583e-07, 2.1967386487631302e-07], "T1s1": [9.598741144145606e-07, 1.2313960269239033e-06, 0.9999969005584717, 9.310111295235401e-07], "P4": [1.1208019401465208e-07, 2.838782506842108e-07, 2.504242218037689e-07, 3.2002296279642906e-07, 8.24354131623295e-08, 0.9999980926513672, 1.633320607652422e-07, 1.0843043440900146e-07, 8.478769331077274e-08, 1.224629073703909e-07, 2.3100365353911911e-07, 1.0258157345788277e-07, 9.205127327049922e-08], "EM1": [2.5848733002931112e-06, 1.5461297380170436e-06, 0.9999897480010986, 3.019070618393016e-06, 3.0695634904986946e-06], "TM1": [2.0610981721347343e-07, 0.9999988079071045, 2.8930358553225233e-07, 2.2880210792664002e-07, 1.8721073047345271e-07, 1.854876074958156e-07], "I1s2": [[0.9999943971633911, 2.7031919671571814e-06, 2.9069024094496854e-06], [2.0678665180184908e-07, 2.686578852717503e-07, 0.9999995231628418], [0.9999939203262329, 2.694917839107802e-06, 3.3382752917532343e-06], [2.2680383438000717e-07, 1.0811706943059107e-06, 0.9999986886978149], [0.9999946355819702, 2.907790303652291e-06, 2.5293720682384446e-06], [4.1817466467364284e-07, 7.020701673354779e-07, 0.999998927116394], [3.3030286772373074e-07, 5.56403335849609e-07, 0.9999991655349731], [2.212186132055649e-07, 3.4976190477209457e-07, 0.9999994039535522], [1.1922730891456013e-07, 8.875016419551685e-07, 0.9999990463256836], [1.6814830416933546e-07, 1.7665202278749348e-07, 0.9999996423721313], [2.890949986067426e-07, 1.1845379503938602e-06, 0.9999985694885254], [3.492705218377523e-07, 4.870590259997698e-07, 0.9999991655349731], [2.105821579334588e-07, 5.62729155717534e-07, 0.9999992847442627], [6.522053581647924e-07, 2.004725502047222e-06, 0.9999973773956299], [2.0453332183478778e-07, 2.9943899448880984e-07, 0.9999995231628418], [9.982068149838597e-08, 1.5450623891410942e-07, 0.9999997615814209], [2.4518678287677176e-07, 4.3578577901826065e-07, 0.9999992847442627], [2.655717707966687e-07, 2.1550100370859582e-07, 0.9999995231628418], [3.7771189909108216e-07, 6.920087116668583e-07, 0.999998927116394], [1.4182720065036847e-07, 4.417021841618407e-07, 0.9999994039535522], [1.8334804963160423e-07, 4.579364940582309e-07, 0.9999994039535522], [6.183411755955603e-07, 3.2240745895251166e-07, 0.9999990463256836], [1.9120160743568704e-07, 9.350206369163061e-07, 0.999998927116394], [1.296685496754435e-07, 1.5483931292692432e-07, 0.9999997615814209], [1.290523641728214e-06, 1.96950608710722e-07, 0.9999985694885254], [1.9944729956478113e-07, 2.873038340567291e-07, 0.9999995231628418], [3.075421091125463e-07, 8.180789450307202e-07, 0.999998927116394], [1.5451858814685693e-07, 3.6891316312903655e-07, 0.9999995231628418]], "S4": [[4.648340109270066e-06, 2.133692760253325e-06, 0.9999932050704956], [5.439035248855362e-07, 6.143487212284526e-07, 0.9999988079071045], [4.1174212128680665e-07, 6.916920369803847e-07, 0.999998927116394], [4.5146222760195087e-07, 5.924395622969314e-07, 0.999998927116394], [7.433708333337563e-07, 9.14047006972396e-07, 0.9999983310699463], [5.54753057713242e-07, 9.101312343773316e-07, 0.9999985694885254], [6.626571575907292e-07, 5.275852572594886e-07, 0.9999988079071045], [5.50124468645663e-07, 4.900585395262169e-07, 0.999998927116394], [6.21305332515476e-07, 6.616908763135143e-07, 0.9999986886978149], [4.6618504256912274e-07, 6.996251045165991e-07, 0.9999988079071045], [4.768198493820819e-07, 9.339633493254951e-07, 0.9999985694885254], [1.0963416343656718e-06, 7.950196163619694e-07, 0.9999980926513672], [5.987432700749196e-07, 1.191264459521335e-06, 0.9999982118606567], [4.800319857167779e-07, 8.279004077849095e-07, 0.9999986886978149], [3.7230950056255097e-07, 7.382365652119915e-07, 0.999998927116394], [8.412187071371591e-07, 5.070467068435391e-07, 0.9999986886978149], [4.798792474502989e-07, 5.610003199763014e-07, 0.999998927116394], [2.0976716541554197e-07, 4.811561211681692e-07, 0.9999992847442627], [7.918794722172606e-07, 9.367961979478423e-07, 0.9999982118606567], [5.343085263120884e-07, 6.88200657350535e-07, 0.9999988079071045], [5.322253286976775e-07, 9.058466616806982e-07, 0.9999985694885254], [6.823134981459589e-07, 1.092876004804566e-06, 0.9999982118606567]]}, "infer_command_tokens": ["I1s2_0_0", "I1s2_1_2", "I1s2_2_0", "I1s2_3_2", "I1s2_4_0", "I1s2_5_2", "I1s2_6_2", "I1s2_7_2", "I1s2_8_2", "I1s2_9_2", "I1s2_10_2", "I1s2_11_2", "I1s2_12_2", "I1s2_13_2", "I1s2_14_2", "I1s2_15_2", "I1s2_16_2", "I1s2_17_2", "I1s2_18_2", "I1s2_19_2", "I1s2_20_2", "I1s2_21_2", "I1s2_22_2", "I1s2_23_2", "I1s2_24_2", "I1s2_25_2", "I1s2_26_2", "I1s2_27_2", "I4_28", "C1_4", "R1_2", "R3_2", "S2s1_17", "S4_0_2", "S4_1_2", "S4_2_2", "S4_3_2", "S4_4_2", "S4_5_2", "S4_6_2", "S4_7_2", "S4_8_2", "S4_9_2", "S4_10_2", "S4_11_2", "S4_12_2", "S4_13_2", "S4_14_2", "S4_15_2", "S4_16_2", "S4_17_2", "S4_18_2", "S4_19_2", "S4_20_2", "S4_21_2", "B1s1_3", "TS1s1_2", "K1_0", "T1s1_2", "P4_5", "ST1_14", "EM1_2", "TM1_1"]}