{"text": "The music in this song is composed in the major key, featuring a highly intense rhythm and a time signature of 2/4. The song spans approximately about 15 bars.", "pred_labels": {"R1": [0, 0, 1], "R3": [0, 0, 1, 0], "S2s1": [0, 0, 0, 0, 0, 0, 0, 0, 0, 0, 0, 0, 0, 0, 0, 0, 0, 1], "B1s1": [0, 0, 0, 1, 0], "TS1s1": [0, 1, 0, 0, 0, 0, 0, 0], "K1": [1, 0, 0], "T1s1": [0, 0, 0, 1], "P4": [0, 0, 0, 0, 0, 0, 0, 0, 0, 0, 0, 0, 1], "EM1": [0, 0, 0, 0, 1], "TM1": [0, 0, 0, 0, 0, 1], "I1s2": [[0, 0, 1], [0, 0, 1], [0, 0, 1], [0, 0, 1], [0, 0, 1], [0, 0, 1], [0, 0, 1], [0, 0, 1], [0, 0, 1], [0, 0, 1], [0, 0, 1], [0, 0, 1], [0, 0, 1], [0, 0, 1], [0, 0, 1], [0, 0, 1], [0, 0, 1], [0, 0, 1], [0, 0, 1], [0, 0, 1], [0, 0, 1], [0, 0, 1], [0, 0, 1], [0, 0, 1], [0, 0, 1], [0, 0, 1], [0, 0, 1], [0, 0, 1]], "S4": [[0, 0, 1], [0, 0, 1], [0, 0, 1], [0, 0, 1], [0, 0, 1], [0, 0, 1], [0, 0, 1], [0, 0, 1], [0, 0, 1], [0, 0, 1], [0, 0, 1], [0, 0, 1], [0, 0, 1], [0, 0, 1], [0, 0, 1], [0, 0, 1], [0, 0, 1], [0, 0, 1], [0, 0, 1], [0, 0, 1], [0, 0, 1], [0, 0, 1]]}, "pred_probs": {"R1": [4.362239906186005e-06, 4.627744601748418e-06, 0.9999910593032837], "R3": [1.4270772226154804e-06, 1.516455313321785e-06, 0.9999958276748657, 1.1886447737197159e-06], "S2s1": [2.73159548669355e-06, 2.8697972993541043e-06, 5.760100066254381e-06, 3.470385536274989e-06, 4.303230525692925e-06, 5.037606570112985e-06, 3.397007276362274e-06, 3.224105057597626e-06, 2.565824843259179e-06, 3.6150679534330266e-06, 4.680802703660447e-06, 6.518270765809575e-06, 4.5645469981536735e-06, 1.5038302763059619e-06, 5.039120424044086e-06, 8.568693374400027e-06, 2.344517270103097e-06, 0.9999297857284546], "B1s1": [1.2404996141412994e-06, 8.734783136787883e-07, 6.886113510518044e-07, 0.9999964237213135, 6.919871111676912e-07], "TS1s1": [2.8978604404983344e-07, 0.9999970197677612, 5.401198563959042e-07, 2.5471297249168856e-07, 6.041514097887557e-07, 5.539576477531227e-07, 3.2880430467230326e-07, 3.438850058046228e-07], "K1": [0.9999996423721313, 1.2704742857749807e-07, 2.599453523544071e-07], "T1s1": [2.6760337732412154e-06, 1.4819191846981994e-06, 1.590540591678291e-06, 0.9999942779541016], "P4": [4.661683874473965e-07, 4.4843932300864253e-07, 4.2043174630634894e-07, 4.876293360212003e-07, 7.574659548481577e-07, 2.52969613256937e-07, 5.955201913820929e-07, 3.1007610346023284e-07, 4.4885177885589655e-07, 6.024939693816123e-07, 2.678591215499182e-07, 4.359503691375721e-07, 0.9999945163726807], "EM1": [3.248311941206339e-06, 3.5065929750999203e-06, 6.68553866489674e-06, 2.4979375666589476e-05, 0.9999616146087646], "TM1": [4.893776690551022e-07, 7.586369861201092e-07, 6.044737688171153e-07, 8.316319508594461e-07, 1.0945203143819526e-07, 0.9999972581863403], "I1s2": [[3.1650770893065783e-07, 2.73393169436531e-07, 0.9999994039535522], [2.9453354954966926e-07, 2.5095579303524573e-07, 0.9999994039535522], [3.5343455806469137e-07, 2.3528440351583413e-07, 0.9999994039535522], [4.5445580099112703e-07, 5.685927817467018e-07, 0.999998927116394], [2.614170284687134e-07, 3.1904488650980056e-07, 0.9999994039535522], [5.162734169061878e-07, 4.88863179270993e-07, 0.9999990463256836], [5.286606210574973e-07, 5.367621156437963e-07, 0.999998927116394], [2.926715580997552e-07, 2.958296079214051e-07, 0.9999994039535522], [2.0633223130062106e-07, 2.0893132557375793e-07, 0.9999996423721313], [2.2871677174407523e-07, 1.3527933617751842e-07, 0.9999996423721313], [3.7805261854373384e-07, 2.7165083338331897e-07, 0.9999994039535522], [4.2211468098685145e-07, 2.3494713730087824e-07, 0.9999992847442627], [2.606005864436156e-07, 3.429387049891375e-07, 0.9999994039535522], [4.6773402573307976e-07, 4.6946527731961396e-07, 0.9999990463256836], [2.7816898295895953e-07, 2.4139018250934896e-07, 0.9999995231628418], [1.5814762832633278e-07, 9.631738606685758e-08, 0.9999997615814209], [3.575362086394307e-07, 3.3854462344606873e-07, 0.9999992847442627], [3.409946884858073e-07, 1.4626317579313763e-07, 0.9999995231628418], [5.455851237456955e-07, 5.949510750724585e-07, 0.9999988079071045], [1.933824762545555e-07, 3.956388354708906e-07, 0.9999994039535522], [2.637222280554852e-07, 2.8901476412102056e-07, 0.9999994039535522], [8.359342018593452e-07, 3.3405797239538515e-07, 0.9999988079071045], [2.4780479179753456e-07, 6.038422384335718e-07, 0.9999991655349731], [1.3233528761702473e-07, 9.871514805581683e-08, 0.9999997615814209], [1.2697213378487504e-06, 1.6125432011904195e-07, 0.9999985694885254], [2.38807359664861e-07, 2.4399815856668283e-07, 0.9999995231628418], [5.172571491129929e-07, 3.754623207896657e-07, 0.9999991655349731], [1.8765864240322117e-07, 2.469305968588742e-07, 0.9999995231628418]], "S4": [[4.336610345490044e-06, 1.6415552863691119e-06, 0.9999940395355225], [6.826150524830155e-07, 7.709273859290988e-07, 0.9999985694885254], [4.887440923084796e-07, 8.579787618145929e-07, 0.9999986886978149], [4.878067443314649e-07, 7.669864885428979e-07, 0.9999986886978149], [9.526503959023103e-07, 1.3226569990365533e-06, 0.9999977350234985], [6.401445489245816e-07, 1.2521927601483185e-06, 0.9999980926513672], [5.564566549765004e-07, 7.292426289495779e-07, 0.9999986886978149], [6.644606855843449e-07, 5.582037942986062e-07, 0.9999988079071045], [6.875707754261384e-07, 7.680009161958878e-07, 0.9999985694885254], [4.6530772124242503e-07, 9.692057574284263e-07, 0.9999985694885254], [6.015838494022319e-07, 1.320499677603948e-06, 0.9999980926513672], [1.1309259662084514e-06, 1.1087674920418067e-06, 0.9999977350234985], [8.057028253460885e-07, 1.5896270042503602e-06, 0.999997615814209], [5.606714807981916e-07, 1.3072641422695597e-06, 0.9999980926513672], [4.956874022354896e-07, 1.1060540145990672e-06, 0.9999984502792358], [7.357461981882807e-07, 5.458093141896825e-07, 0.9999986886978149], [5.287790258989844e-07, 7.660800065423246e-07, 0.9999986886978149], [2.603123618882819e-07, 6.137873356237833e-07, 0.9999991655349731], [1.089956867872388e-06, 1.1385466223146068e-06, 0.9999977350234985], [5.218784053795389e-07, 9.299904490944755e-07, 0.9999985694885254], [5.646283511850925e-07, 1.1237654007345554e-06, 0.9999983310699463], [7.293372732419812e-07, 1.4312029179563979e-06, 0.9999978542327881]]}, "infer_command_tokens": ["I1s2_0_2", "I1s2_1_2", "I1s2_2_2", "I1s2_3_2", "I1s2_4_2", "I1s2_5_2", "I1s2_6_2", "I1s2_7_2", "I1s2_8_2", "I1s2_9_2", "I1s2_10_2", "I1s2_11_2", "I1s2_12_2", "I1s2_13_2", "I1s2_14_2", "I1s2_15_2", "I1s2_16_2", "I1s2_17_2", "I1s2_18_2", "I1s2_19_2", "I1s2_20_2", "I1s2_21_2", "I1s2_22_2", "I1s2_23_2", "I1s2_24_2", "I1s2_25_2", "I1s2_26_2", "I1s2_27_2", "I4_28", "C1_4", "R1_2", "R3_2", "S2s1_17", "S4_0_2", "S4_1_2", "S4_2_2", "S4_3_2", "S4_4_2", "S4_5_2", "S4_6_2", "S4_7_2", "S4_8_2", "S4_9_2", "S4_10_2", "S4_11_2", "S4_12_2", "S4_13_2", "S4_14_2", "S4_15_2", "S4_16_2", "S4_17_2", "S4_18_2", "S4_19_2", "S4_20_2", "S4_21_2", "B1s1_3", "TS1s1_1", "K1_0", "T1s1_3", "P4_12", "ST1_14", "EM1_4", "TM1_5"]}