{"text": "The musical piece showcases a pitch range within 6 octaves and uses major key to create a distinct atmosphere. It is a 46 ~ 60-second-long song with a rhythm that is neither too fast nor too slow. The music is given its sound through strings, trumpet, trombone, brass, sax, clarinet, piccolo and sound effect and follows a meter of 4/4. With a slow tempo, this music is unmistakably symphony in character.", "pred_labels": {"R1": [0, 0, 1], "R3": [0, 1, 0, 0], "S2s1": [0, 0, 0, 0, 0, 0, 0, 0, 0, 0, 0, 0, 0, 0, 0, 0, 0, 1], "B1s1": [0, 0, 0, 0, 1], "TS1s1": [1, 0, 0, 0, 0, 0, 0, 0], "K1": [1, 0, 0], "T1s1": [1, 0, 0, 0], "P4": [0, 0, 0, 0, 0, 0, 1, 0, 0, 0, 0, 0, 0], "EM1": [0, 0, 0, 0, 1], "TM1": [0, 0, 0, 1, 0, 0], "I1s2": [[0, 0, 1], [0, 0, 1], [0, 0, 1], [0, 0, 1], [0, 0, 1], [0, 0, 1], [0, 0, 1], [0, 0, 1], [0, 0, 1], [0, 0, 1], [1, 0, 0], [0, 0, 1], [1, 0, 0], [1, 0, 0], [0, 0, 1], [0, 0, 1], [1, 0, 0], [1, 0, 0], [0, 0, 1], [0, 0, 1], [1, 0, 0], [1, 0, 0], [0, 0, 1], [0, 0, 1], [0, 0, 1], [0, 0, 1], [1, 0, 0], [0, 0, 1]], "S4": [[0, 0, 1], [0, 0, 1], [0, 0, 1], [0, 0, 1], [0, 0, 1], [0, 0, 1], [0, 0, 1], [0, 0, 1], [0, 0, 1], [0, 0, 1], [0, 0, 1], [0, 0, 1], [0, 0, 1], [0, 0, 1], [0, 0, 1], [0, 0, 1], [0, 0, 1], [0, 0, 1], [0, 0, 1], [0, 0, 1], [0, 0, 1], [1, 0, 0]]}, "pred_probs": {"R1": [4.3324826037860475e-06, 4.032252945762593e-06, 0.9999916553497314], "R3": [1.987935775105143e-06, 0.999996542930603, 6.256964297790546e-07, 8.623911753602442e-07], "S2s1": [2.3202176180348033e-06, 3.010148247994948e-06, 4.978510332875885e-06, 3.437933173700003e-06, 3.7893728404014837e-06, 4.249886842444539e-06, 3.4891002087533707e-06, 3.6767078199773096e-06, 3.057034973608097e-06, 2.9567220281023765e-06, 5.058637270849431e-06, 4.662875653593801e-06, 3.927362740796525e-06, 1.2700340903393226e-06, 4.855884071730543e-06, 9.680379662313499e-06, 1.6742768593758228e-06, 0.9999339580535889], "B1s1": [8.940862244344316e-06, 5.440477707452374e-06, 9.756765393831301e-06, 2.1760074560006615e-06, 0.9999736547470093], "TS1s1": [0.9999977350234985, 3.0223051794564526e-07, 5.694424203284143e-07, 1.4202917952843563e-07, 3.158182551032951e-07, 1.5312676282519533e-07, 3.4458122399882996e-07, 3.5639487805383396e-07], "K1": [0.9999996423721313, 1.1425847645796239e-07, 2.3630897771909076e-07], "T1s1": [0.9999969005584717, 6.140857635728025e-07, 1.3228121815700433e-06, 1.2221815950397286e-06], "P4": [1.4109259893757553e-07, 4.4155434864023846e-08, 2.5281577720193127e-08, 8.38130773672674e-08, 7.20899180350898e-08, 1.1045130321463148e-07, 0.9999990463256836, 3.664582237661307e-08, 9.034706494048805e-08, 1.0157798868704049e-07, 8.338940205021572e-08, 8.911005977552122e-08, 1.1195018601029005e-07], "EM1": [3.0212459023459814e-06, 3.2706329875509255e-06, 5.769903054897441e-06, 1.703485759207979e-05, 0.9999709129333496], "TM1": [3.2025536711444147e-07, 2.530579195081373e-07, 8.111766192087089e-07, 0.9999983310699463, 1.2511360125699866e-07, 1.1620715412163918e-07], "I1s2": [[2.9397003231679264e-07, 4.7591342422492744e-07, 0.9999992847442627], [1.8263118306549586e-07, 2.9259652478685894e-07, 0.9999995231628418], [7.529598065048049e-07, 5.964758429399808e-07, 0.9999986886978149], [2.4094541117847257e-07, 1.9858234736602753e-06, 0.9999977350234985], [2.7293532411931665e-07, 7.408214059978491e-07, 0.999998927116394], [5.074863906884275e-07, 9.500273563389783e-07, 0.9999985694885254], [4.077812434388761e-07, 6.647078976129706e-07, 0.999998927116394], [2.1623262114189856e-07, 3.449842722602625e-07, 0.9999994039535522], [1.702042453644026e-07, 9.052545237864251e-07, 0.999998927116394], [1.6992672158266942e-07, 1.6576098005316453e-07, 0.9999996423721313], [0.9999927282333374, 3.854610440612305e-06, 3.4074582799803466e-06], [2.948949884284957e-07, 4.088140030944487e-07, 0.9999992847442627], [0.9999954700469971, 1.6348616327377385e-06, 2.885043159039924e-06], [0.9999949932098389, 2.4887222025427036e-06, 2.4821256374707446e-06], [2.999167350026255e-07, 3.8532408552782726e-07, 0.9999992847442627], [8.986881994133e-08, 1.1668984711832309e-07, 0.9999997615814209], [0.9999949932098389, 1.7600722230781685e-06, 3.266936573709245e-06], [0.999992847442627, 2.5582580747141037e-06, 4.615926627593581e-06], [3.833293646948732e-07, 7.212033779069316e-07, 0.999998927116394], [2.3430317241945886e-07, 4.367601889043726e-07, 0.9999992847442627], [0.9999933242797852, 2.386190999459359e-06, 4.28670955443522e-06], [0.9999911785125732, 2.5607509996916633e-06, 6.366348770825425e-06], [2.3742650512303953e-07, 9.001665830510319e-07, 0.9999988079071045], [1.5064769343098305e-07, 1.2511677027760015e-07, 0.9999997615814209], [1.280712695006514e-06, 2.1323236865100625e-07, 0.9999984502792358], [2.181103013754182e-07, 3.0146304652589606e-07, 0.9999995231628418], [0.9999936819076538, 3.647224502856261e-06, 2.6631673790689092e-06], [1.5625441562860942e-07, 4.681715495280514e-07, 0.9999994039535522]], "S4": [[3.6752451251231832e-06, 1.6232783082159585e-06, 0.9999947547912598], [5.553127948587644e-07, 5.402043257163314e-07, 0.999998927116394], [4.210944837268471e-07, 6.071821303521574e-07, 0.999998927116394], [5.592033858192735e-07, 6.090181159379426e-07, 0.9999988079071045], [7.395072998406249e-07, 8.701293268131849e-07, 0.9999983310699463], [5.631596877719858e-07, 1.0813433846124099e-06, 0.9999983310699463], [6.087416863920225e-07, 5.957817847956903e-07, 0.9999988079071045], [5.788222097180551e-07, 5.102707518744865e-07, 0.999998927116394], [5.910827667321428e-07, 6.355850814543373e-07, 0.9999988079071045], [5.27742315625801e-07, 5.899806865272694e-07, 0.999998927116394], [4.958827730661142e-07, 8.984373494058673e-07, 0.9999985694885254], [1.2536552276287694e-06, 7.82593133408227e-07, 0.9999979734420776], [7.019239660621679e-07, 1.6482846376675298e-06, 0.999997615814209], [4.893508958048187e-07, 7.770672709739301e-07, 0.9999986886978149], [4.081196038896451e-07, 8.792412131697347e-07, 0.9999986886978149], [9.21302330425533e-07, 5.374113243306056e-07, 0.9999985694885254], [4.234944128711504e-07, 5.536313096854428e-07, 0.9999990463256836], [2.296249874689238e-07, 5.683207859874528e-07, 0.9999991655349731], [7.956568879308179e-07, 9.856527185547748e-07, 0.9999982118606567], [5.132575324751087e-07, 8.054677778090991e-07, 0.9999986886978149], [4.610710959696007e-07, 1.0045644103229279e-06, 0.9999985694885254], [0.9999903440475464, 6.462012152042007e-06, 3.2505031413165852e-06]]}, "infer_command_tokens": ["I1s2_0_2", "I1s2_1_2", "I1s2_2_2", "I1s2_3_2", "I1s2_4_2", "I1s2_5_2", "I1s2_6_2", "I1s2_7_2", "I1s2_8_2", "I1s2_9_2", "I1s2_10_0", "I1s2_11_2", "I1s2_12_0", "I1s2_13_0", "I1s2_14_2", "I1s2_15_2", "I1s2_16_0", "I1s2_17_0", "I1s2_18_2", "I1s2_19_2", "I1s2_20_0", "I1s2_21_0", "I1s2_22_2", "I1s2_23_2", "I1s2_24_2", "I1s2_25_2", "I1s2_26_0", "I1s2_27_2", "I4_28", "C1_4", "R1_2", "R3_1", "S2s1_17", "S4_0_2", "S4_1_2", "S4_2_2", "S4_3_2", "S4_4_2", "S4_5_2", "S4_6_2", "S4_7_2", "S4_8_2", "S4_9_2", "S4_10_2", "S4_11_2", "S4_12_2", "S4_13_2", "S4_14_2", "S4_15_2", "S4_16_2", "S4_17_2", "S4_18_2", "S4_19_2", "S4_20_2", "S4_21_0", "B1s1_4", "TS1s1_0", "K1_0", "T1s1_0", "P4_6", "ST1_14", "EM1_4", "TM1_3"]}