{"text": "This music is composed in the minor key and moves at a rapid rate with a very fast-paced tempo. The song's style is reflective of electronic musical traditions. This song has a total of 13 ~ 16 bars, and its meter is 4/4.", "pred_labels": {"R1": [0, 0, 1], "R3": [0, 0, 1, 0], "S2s1": [0, 0, 0, 0, 0, 0, 0, 0, 0, 0, 0, 0, 0, 0, 0, 0, 0, 1], "B1s1": [0, 0, 0, 1, 0], "TS1s1": [1, 0, 0, 0, 0, 0, 0, 0], "K1": [0, 1, 0], "T1s1": [0, 0, 1, 0], "P4": [0, 0, 0, 0, 0, 0, 0, 0, 0, 0, 0, 0, 1], "EM1": [0, 0, 0, 0, 1], "TM1": [0, 0, 0, 0, 0, 1], "I1s2": [[0, 0, 1], [0, 0, 1], [0, 0, 1], [0, 0, 1], [0, 0, 1], [0, 0, 1], [0, 0, 1], [0, 0, 1], [0, 0, 1], [0, 0, 1], [0, 0, 1], [0, 0, 1], [0, 0, 1], [0, 0, 1], [0, 0, 1], [0, 0, 1], [0, 0, 1], [0, 0, 1], [0, 0, 1], [0, 0, 1], [0, 0, 1], [0, 0, 1], [0, 0, 1], [0, 0, 1], [0, 0, 1], [0, 0, 1], [0, 0, 1], [0, 0, 1]], "S4": [[0, 0, 1], [1, 0, 0], [0, 0, 1], [0, 0, 1], [0, 0, 1], [0, 0, 1], [0, 0, 1], [0, 0, 1], [0, 0, 1], [0, 0, 1], [0, 0, 1], [0, 0, 1], [0, 0, 1], [0, 0, 1], [0, 0, 1], [0, 0, 1], [0, 0, 1], [0, 0, 1], [0, 0, 1], [0, 0, 1], [0, 0, 1], [0, 0, 1]]}, "pred_probs": {"R1": [4.225363227305934e-06, 4.780275958182756e-06, 0.9999909400939941], "R3": [9.553775726089953e-07, 1.9242700091126608e-06, 0.9999963045120239, 7.823508099136234e-07], "S2s1": [2.7519292871147627e-06, 2.6114669253729517e-06, 4.16452076024143e-06, 3.0294384032458765e-06, 3.7742045151389902e-06, 4.904609340883326e-06, 2.9315597203094512e-06, 2.781714101729449e-06, 2.7226581096329028e-06, 3.169669071212411e-06, 4.710378561867401e-06, 5.9342096392356325e-06, 4.035048732475843e-06, 1.3744976286034216e-06, 3.944318450521678e-06, 8.72978944244096e-06, 2.2481722226075362e-06, 0.9999361038208008], "B1s1": [1.0230168072666856e-06, 8.521774930159154e-07, 9.264637128580944e-07, 0.9999966621398926, 5.258526130091923e-07], "TS1s1": [0.9999974966049194, 3.594254280869791e-07, 8.694368602846225e-07, 1.5102121153631742e-07, 3.9104403981582436e-07, 1.6143448533512128e-07, 3.387387721431878e-07, 3.7624883475473325e-07], "K1": [3.64145932962856e-07, 0.9999991655349731, 4.2993795545953617e-07], "T1s1": [1.7056861452147132e-06, 8.303326239911257e-07, 0.9999967813491821, 6.961794269955135e-07], "P4": [4.6909806883377314e-07, 4.2149770251853624e-07, 4.2238622199874953e-07, 4.967390054844145e-07, 7.829796118130616e-07, 2.5597870489946217e-07, 5.692609761354106e-07, 2.6914796080745873e-07, 4.1300634734398045e-07, 4.991542255083914e-07, 2.2698122847941704e-07, 4.1855955146274937e-07, 0.9999947547912598], "EM1": [2.2839969915366964e-06, 3.0350468023243593e-06, 6.654690878349356e-06, 8.599900866101962e-06, 0.9999793767929077], "TM1": [3.4534477322267776e-07, 7.264965802278311e-07, 4.075012327575678e-07, 7.34667139568046e-07, 8.671676710036991e-08, 0.9999977350234985], "I1s2": [[2.6235412065034325e-07, 2.439304296331102e-07, 0.9999995231628418], [2.545870927406213e-07, 2.3083221378783492e-07, 0.9999995231628418], [3.0677625773023465e-07, 2.3185367581390892e-07, 0.9999994039535522], [3.8859215578668227e-07, 5.354880272534501e-07, 0.9999990463256836], [2.2051257531074953e-07, 3.234466419144155e-07, 0.9999994039535522], [5.001151066608145e-07, 4.3633542645693524e-07, 0.9999990463256836], [3.7200081237642735e-07, 4.524476366896124e-07, 0.9999991655349731], [2.517501798138255e-07, 3.0141788442961115e-07, 0.9999994039535522], [1.4185644658937235e-07, 1.753920173541701e-07, 0.9999996423721313], [2.1334938082873123e-07, 1.1977257940998243e-07, 0.9999996423721313], [3.256603235968214e-07, 2.693030012324016e-07, 0.9999994039535522], [3.1639183362131007e-07, 2.220403843011809e-07, 0.9999994039535522], [2.417262692233635e-07, 3.049555061807041e-07, 0.9999994039535522], [3.5619527238850424e-07, 4.3592206111497944e-07, 0.9999991655349731], [2.0328236871591798e-07, 2.130797582822197e-07, 0.9999996423721313], [1.544445211720813e-07, 8.798044603963717e-08, 0.9999997615814209], [2.969676415887079e-07, 3.162606105888699e-07, 0.9999994039535522], [2.8008159347336914e-07, 1.4378986179508502e-07, 0.9999995231628418], [4.735585434900713e-07, 5.656424377775693e-07, 0.999998927116394], [1.9581601407026028e-07, 3.450507222169108e-07, 0.9999994039535522], [2.333683966071476e-07, 2.750730061507056e-07, 0.9999995231628418], [6.817819553361915e-07, 3.032674271707947e-07, 0.9999990463256836], [2.0428647928838473e-07, 5.130038971401518e-07, 0.9999992847442627], [1.0916104997704679e-07, 8.638792792226013e-08, 0.9999997615814209], [1.3829275076204794e-06, 1.5878516990142089e-07, 0.9999984502792358], [2.1828280694080604e-07, 2.448167322199879e-07, 0.9999995231628418], [3.9139843011071207e-07, 3.458360708918917e-07, 0.9999992847442627], [1.6905769939512538e-07, 2.5034006512214546e-07, 0.9999995231628418]], "S4": [[4.3056834329036064e-06, 1.5396623211927363e-06, 0.999994158744812], [0.9999836683273315, 7.5048633334517945e-06, 8.850778613123111e-06], [4.3114494019391714e-07, 8.149967243298306e-07, 0.9999988079071045], [4.4932309606338094e-07, 7.531681376349297e-07, 0.9999988079071045], [8.130476203405124e-07, 1.0838241450983332e-06, 0.9999980926513672], [5.725412393076112e-07, 1.0358755844208645e-06, 0.9999984502792358], [5.488948886522849e-07, 6.379607384587871e-07, 0.9999988079071045], [5.903820010644267e-07, 4.3932081439379544e-07, 0.999998927116394], [6.021351737217628e-07, 7.641231150046224e-07, 0.9999986886978149], [4.526503118995606e-07, 7.943365858409379e-07, 0.9999988079071045], [5.333262151907547e-07, 1.1495504850245197e-06, 0.9999983310699463], [1.0263827334711095e-06, 1.016944452203461e-06, 0.9999979734420776], [7.530668995059386e-07, 1.3620617664855672e-06, 0.9999978542327881], [5.390990622800018e-07, 1.0479162710907985e-06, 0.9999984502792358], [4.268856912403862e-07, 1.103008798963856e-06, 0.9999984502792358], [7.135886903597566e-07, 4.6251793150986487e-07, 0.9999988079071045], [4.977558774044155e-07, 6.48939703751239e-07, 0.9999988079071045], [2.3535480409009324e-07, 6.063212367735105e-07, 0.9999991655349731], [8.80585901086306e-07, 9.633281479182187e-07, 0.9999982118606567], [4.969735414306342e-07, 9.116158139477193e-07, 0.9999985694885254], [5.062425998403342e-07, 1.014118879538728e-06, 0.9999984502792358], [7.636002692379407e-07, 1.2445636912161717e-06, 0.9999979734420776]]}, "infer_command_tokens": ["I1s2_0_2", "I1s2_1_2", "I1s2_2_2", "I1s2_3_2", "I1s2_4_2", "I1s2_5_2", "I1s2_6_2", "I1s2_7_2", "I1s2_8_2", "I1s2_9_2", "I1s2_10_2", "I1s2_11_2", "I1s2_12_2", "I1s2_13_2", "I1s2_14_2", "I1s2_15_2", "I1s2_16_2", "I1s2_17_2", "I1s2_18_2", "I1s2_19_2", "I1s2_20_2", "I1s2_21_2", "I1s2_22_2", "I1s2_23_2", "I1s2_24_2", "I1s2_25_2", "I1s2_26_2", "I1s2_27_2", "I4_28", "C1_4", "R1_2", "R3_2", "S2s1_17", "S4_0_2", "S4_1_0", "S4_2_2", "S4_3_2", "S4_4_2", "S4_5_2", "S4_6_2", "S4_7_2", "S4_8_2", "S4_9_2", "S4_10_2", "S4_11_2", "S4_12_2", "S4_13_2", "S4_14_2", "S4_15_2", "S4_16_2", "S4_17_2", "S4_18_2", "S4_19_2", "S4_20_2", "S4_21_2", "B1s1_3", "TS1s1_0", "K1_1", "T1s1_2", "P4_12", "ST1_14", "EM1_4", "TM1_5"]}