{"text": "The music's pitch range is within 3 octaves, creating a captivating and memorable experience with its choice of minor key. Running for 31 ~ 45 seconds, the track maintains a tempo that is neither too fast nor too slow. The time signature of the music is 4/4, and it spans about 14 bars in duration.", "pred_labels": {"R1": [0, 0, 1], "R3": [0, 1, 0, 0], "S2s1": [0, 0, 0, 0, 0, 0, 0, 0, 0, 0, 0, 0, 0, 0, 0, 0, 0, 1], "B1s1": [0, 0, 0, 1, 0], "TS1s1": [1, 0, 0, 0, 0, 0, 0, 0], "K1": [0, 1, 0], "T1s1": [0, 0, 0, 1], "P4": [0, 0, 0, 1, 0, 0, 0, 0, 0, 0, 0, 0, 0], "EM1": [0, 0, 0, 0, 1], "TM1": [0, 0, 1, 0, 0, 0], "I1s2": [[0, 0, 1], [0, 0, 1], [0, 0, 1], [0, 0, 1], [0, 0, 1], [0, 0, 1], [0, 0, 1], [0, 0, 1], [0, 0, 1], [0, 0, 1], [0, 0, 1], [0, 0, 1], [0, 0, 1], [0, 0, 1], [0, 0, 1], [0, 0, 1], [0, 0, 1], [0, 0, 1], [0, 0, 1], [0, 0, 1], [0, 0, 1], [0, 0, 1], [0, 0, 1], [0, 0, 1], [0, 0, 1], [0, 0, 1], [0, 0, 1], [0, 0, 1]], "S4": [[0, 0, 1], [0, 0, 1], [0, 0, 1], [0, 0, 1], [0, 0, 1], [0, 0, 1], [0, 0, 1], [0, 0, 1], [0, 0, 1], [0, 0, 1], [0, 0, 1], [0, 0, 1], [0, 0, 1], [0, 0, 1], [0, 0, 1], [0, 0, 1], [0, 0, 1], [0, 0, 1], [0, 0, 1], [0, 0, 1], [0, 0, 1], [0, 0, 1]]}, "pred_probs": {"R1": [4.334348432166735e-06, 4.60589717476978e-06, 0.9999910593032837], "R3": [1.7553089719513082e-06, 0.9999963045120239, 8.628220484752092e-07, 1.0926362392638111e-06], "S2s1": [2.485701315890765e-06, 2.580622094683349e-06, 4.611943495547166e-06, 3.1099966690817382e-06, 3.7461024930962594e-06, 4.063967935508117e-06, 3.1019958441902418e-06, 2.7646483431453817e-06, 2.5190420274157077e-06, 3.405755478524952e-06, 4.236466338625178e-06, 6.342359938571462e-06, 3.93566551792901e-06, 1.4491560023088823e-06, 4.06721665058285e-06, 8.21817411633674e-06, 2.2266135601967108e-06, 0.9999372959136963], "B1s1": [1.0592893886496313e-06, 9.299494649894768e-07, 9.12462894575583e-07, 0.999996542930603, 5.691209139513376e-07], "TS1s1": [0.9999977350234985, 3.7112184259058267e-07, 6.438526725105476e-07, 1.3990512570671854e-07, 3.548263975972077e-07, 1.5695431443418784e-07, 3.345269021792774e-07, 3.345441257351922e-07], "K1": [3.4236217061334173e-07, 0.9999991655349731, 4.3610418742900947e-07], "T1s1": [2.401569417997962e-06, 9.944970997821656e-07, 1.2519100209829048e-06, 0.9999953508377075], "P4": [2.2448625713877846e-07, 9.912456988558915e-08, 6.903373162003845e-08, 0.9999978542327881, 2.045753006996165e-07, 1.324360283661008e-07, 2.0580969817274308e-07, 2.0272540268706507e-07, 1.5817357734704274e-07, 8.85406947759293e-08, 1.2763084100697597e-07, 2.6646227979654213e-07, 3.778890800276713e-07], "EM1": [3.4374816095805727e-06, 5.778860213467851e-06, 6.552217200805899e-06, 2.3303648049477488e-05, 0.9999608993530273], "TM1": [6.334761906146014e-07, 4.5753159838568536e-07, 0.9999979734420776, 3.0320811106321344e-07, 2.935931036063266e-07, 3.000946264819504e-07], "I1s2": [[3.1043919079820625e-07, 2.2952978895318665e-07, 0.9999994039535522], [2.488532970801316e-07, 2.334957400762505e-07, 0.9999995231628418], [2.575153814632358e-07, 2.23351648287462e-07, 0.9999995231628418], [3.401750916509627e-07, 4.799965154234087e-07, 0.9999991655349731], [2.0251319199360296e-07, 3.168037210343755e-07, 0.9999995231628418], [4.949503704665403e-07, 4.2620050066943804e-07, 0.9999990463256836], [3.018899121798313e-07, 4.5095291056895803e-07, 0.9999992847442627], [2.404013912382652e-07, 2.798220748445601e-07, 0.9999995231628418], [1.4471116571712628e-07, 1.797126714109254e-07, 0.9999996423721313], [1.9555180585939524e-07, 1.1845703085100467e-07, 0.9999996423721313], [3.3668561627564486e-07, 2.6339847636336344e-07, 0.9999994039535522], [3.142975231185119e-07, 2.3227417500493175e-07, 0.9999994039535522], [2.679196882127144e-07, 2.803423910791025e-07, 0.9999994039535522], [3.660560707885452e-07, 4.205676304991357e-07, 0.9999991655349731], [1.9635668024875486e-07, 1.863435983295858e-07, 0.9999996423721313], [1.2799090143289504e-07, 9.690558044894715e-08, 0.9999997615814209], [3.0266369321907405e-07, 3.496932379221107e-07, 0.9999994039535522], [2.946341624010529e-07, 1.5322783042392984e-07, 0.9999995231628418], [5.031010346101539e-07, 5.569494874180236e-07, 0.999998927116394], [1.8829771875061851e-07, 3.5813070553558646e-07, 0.9999994039535522], [2.363767919177917e-07, 2.4152834043889015e-07, 0.9999995231628418], [6.111955599408248e-07, 3.1712639270153886e-07, 0.9999990463256836], [1.9359686120878905e-07, 5.069793473921891e-07, 0.9999992847442627], [1.1576254621559201e-07, 8.565812237293358e-08, 0.9999997615814209], [1.1202068890270311e-06, 1.3605470883248927e-07, 0.9999986886978149], [1.8510428390072775e-07, 2.3821004901947163e-07, 0.9999995231628418], [3.755490638468473e-07, 2.6991133950104995e-07, 0.9999994039535522], [1.380611962531475e-07, 2.788856647839566e-07, 0.9999996423721313]], "S4": [[4.179874849796761e-06, 1.638283720239997e-06, 0.999994158744812], [6.23978621661081e-07, 6.861074552944046e-07, 0.9999986886978149], [4.5278588345354365e-07, 7.522529017478519e-07, 0.9999988079071045], [4.2518024656601483e-07, 6.359986741699686e-07, 0.999998927116394], [7.77846935307025e-07, 9.8640691703622e-07, 0.9999982118606567], [5.740234314544068e-07, 1.0314445262338268e-06, 0.9999984502792358], [5.391805757426482e-07, 6.16588522461825e-07, 0.9999988079071045], [5.877899411643739e-07, 4.2066704963872326e-07, 0.9999990463256836], [5.983582695989753e-07, 7.602183700328169e-07, 0.9999986886978149], [4.6424179345194716e-07, 9.022635367728071e-07, 0.9999986886978149], [5.244182261776587e-07, 1.1541366120582097e-06, 0.9999983310699463], [1.0589000112304348e-06, 9.096994517676649e-07, 0.9999979734420776], [7.387789082713425e-07, 1.2457012417144142e-06, 0.9999979734420776], [5.478466960084916e-07, 9.65672938946227e-07, 0.9999984502792358], [4.971076918991457e-07, 8.796822612566757e-07, 0.9999985694885254], [6.59602960695338e-07, 4.923933261125057e-07, 0.9999988079071045], [4.867616780757089e-07, 6.474733709183056e-07, 0.9999988079071045], [2.423903708859143e-07, 5.179749678063672e-07, 0.9999992847442627], [7.921967153379228e-07, 1.0487838153494522e-06, 0.9999982118606567], [5.216346039560449e-07, 7.96829738192173e-07, 0.9999986886978149], [5.355693701858399e-07, 9.764021342562046e-07, 0.9999984502792358], [7.503701340283442e-07, 1.1757430229408783e-06, 0.9999980926513672]]}, "infer_command_tokens": ["I1s2_0_2", "I1s2_1_2", "I1s2_2_2", "I1s2_3_2", "I1s2_4_2", "I1s2_5_2", "I1s2_6_2", "I1s2_7_2", "I1s2_8_2", "I1s2_9_2", "I1s2_10_2", "I1s2_11_2", "I1s2_12_2", "I1s2_13_2", "I1s2_14_2", "I1s2_15_2", "I1s2_16_2", "I1s2_17_2", "I1s2_18_2", "I1s2_19_2", "I1s2_20_2", "I1s2_21_2", "I1s2_22_2", "I1s2_23_2", "I1s2_24_2", "I1s2_25_2", "I1s2_26_2", "I1s2_27_2", "I4_28", "C1_4", "R1_2", "R3_1", "S2s1_17", "S4_0_2", "S4_1_2", "S4_2_2", "S4_3_2", "S4_4_2", "S4_5_2", "S4_6_2", "S4_7_2", "S4_8_2", "S4_9_2", "S4_10_2", "S4_11_2", "S4_12_2", "S4_13_2", "S4_14_2", "S4_15_2", "S4_16_2", "S4_17_2", "S4_18_2", "S4_19_2", "S4_20_2", "S4_21_2", "B1s1_3", "TS1s1_0", "K1_1", "T1s1_3", "P4_3", "ST1_14", "EM1_4", "TM1_2"]}