{"text": "This song is a true representation of the new age genre with a pitch range of 4 octaves that offers a unique and memorable listening experience. It is composed in the minor key, has a length of 31 ~ 45 seconds and a smooth and steady rhythm. The music is brought to life through the use of bass, voice, flute, synth and drum and has a meter of 4/4. With a moderate tempo, this music is a complete package of artistic expression that can leave a lasting impression on the listener.", "pred_labels": {"R1": [0, 0, 1], "R3": [0, 1, 0, 0], "S2s1": [0, 0, 0, 0, 0, 0, 0, 0, 0, 0, 0, 0, 0, 0, 0, 0, 0, 1], "B1s1": [0, 0, 0, 0, 1], "TS1s1": [1, 0, 0, 0, 0, 0, 0, 0], "K1": [0, 1, 0], "T1s1": [0, 1, 0, 0], "P4": [0, 0, 0, 0, 1, 0, 0, 0, 0, 0, 0, 0, 0], "EM1": [0, 0, 0, 0, 1], "TM1": [0, 0, 1, 0, 0, 0], "I1s2": [[0, 0, 1], [0, 0, 1], [0, 0, 1], [0, 0, 1], [0, 0, 1], [1, 0, 0], [0, 0, 1], [0, 0, 1], [0, 0, 1], [0, 0, 1], [0, 0, 1], [1, 0, 0], [0, 0, 1], [0, 0, 1], [0, 0, 1], [0, 0, 1], [0, 0, 1], [0, 0, 1], [0, 0, 1], [0, 0, 1], [0, 0, 1], [0, 0, 1], [1, 0, 0], [0, 0, 1], [1, 0, 0], [0, 0, 1], [0, 0, 1], [1, 0, 0]], "S4": [[1, 0, 0], [0, 0, 1], [0, 0, 1], [0, 0, 1], [0, 0, 1], [0, 0, 1], [0, 0, 1], [0, 0, 1], [0, 0, 1], [0, 0, 1], [0, 0, 1], [0, 0, 1], [0, 0, 1], [0, 0, 1], [0, 0, 1], [0, 0, 1], [0, 0, 1], [0, 0, 1], [0, 0, 1], [0, 0, 1], [0, 0, 1], [0, 0, 1]]}, "pred_probs": {"R1": [4.303467903810088e-06, 4.027272552775685e-06, 0.9999916553497314], "R3": [1.036494495565421e-06, 0.9999959468841553, 1.3927009376857313e-06, 1.5678161844334682e-06], "S2s1": [2.818910616042558e-06, 2.5784358967939625e-06, 5.1683164201676846e-06, 3.1267254598787986e-06, 3.938899681088515e-06, 4.220047230774071e-06, 3.516085598676e-06, 3.479290398900048e-06, 2.9836421617801534e-06, 2.9456830361596076e-06, 5.6865847000153735e-06, 4.586890099744778e-06, 3.720813310792437e-06, 1.2268815225979779e-06, 4.398042619868647e-06, 1.091498870664509e-05, 1.9297249309602194e-06, 0.9999327659606934], "B1s1": [6.159322310850257e-06, 5.258479177427944e-06, 9.467790732742287e-06, 2.4494461285939906e-06, 0.999976634979248], "TS1s1": [0.9999978542327881, 3.301462356830598e-07, 6.443460733862594e-07, 1.4726212782534276e-07, 2.81178159866613e-07, 1.5705974476531992e-07, 3.205809662176762e-07, 3.983900285220443e-07], "K1": [3.5550775123738276e-07, 0.9999992847442627, 3.803003210123279e-07], "T1s1": [7.566864610453194e-07, 0.9999958276748657, 1.1330278084642487e-06, 2.2463625555246836e-06], "P4": [2.1792909876694466e-07, 9.88391306577796e-08, 8.269494600199323e-08, 7.227723841651823e-08, 0.9999980926513672, 1.0890175161648585e-07, 1.271455261075971e-07, 2.0694812974397792e-07, 1.2600709453636227e-07, 2.3789186798239825e-07, 1.8357596331952664e-07, 1.1496855734094424e-07, 2.602840538656892e-07], "EM1": [2.093780949508073e-06, 2.242399432361708e-06, 5.2637146836787e-06, 1.232981048815418e-05, 0.9999780654907227], "TM1": [6.318543910310837e-07, 4.393861843254854e-07, 0.9999979734420776, 3.406662187899201e-07, 2.819485587224335e-07, 3.2809106187414727e-07], "I1s2": [[2.8618316605388827e-07, 3.134599637633073e-07, 0.9999994039535522], [1.8302313264939585e-07, 2.898124478178943e-07, 0.9999995231628418], [3.6607144693334703e-07, 4.4650656150224677e-07, 0.9999991655349731], [6.143597488517116e-07, 3.610111207308364e-06, 0.9999958276748657], [6.363965781019942e-07, 2.4563662464061053e-06, 0.9999969005584717], [0.999991774559021, 3.656879016489256e-06, 4.572114448819775e-06], [4.4068121951568173e-07, 6.763529540876334e-07, 0.999998927116394], [2.6892931259681063e-07, 3.264190127083566e-07, 0.9999994039535522], [1.4445464557866217e-07, 7.460816959792282e-07, 0.9999991655349731], [2.9637797638315533e-07, 3.7418945453282504e-07, 0.9999992847442627], [4.3376405756134773e-07, 1.06309767033963e-06, 0.9999984502792358], [0.9999922513961792, 2.1197186015342595e-06, 5.575247541855788e-06], [4.6771651796007063e-07, 1.6787024605946499e-06, 0.9999978542327881], [1.1121203442598926e-06, 2.9150132832000963e-06, 0.9999959468841553], [2.5463805286563e-07, 3.868846647492319e-07, 0.9999994039535522], [2.2832334423128486e-07, 3.7527624385802483e-07, 0.9999994039535522], [5.00859357543959e-07, 1.0291728358424734e-06, 0.9999984502792358], [2.67656645291936e-07, 2.964288796647452e-07, 0.9999994039535522], [3.824441989763727e-07, 7.778221515764017e-07, 0.9999988079071045], [1.5080505022524449e-07, 4.1960100816140766e-07, 0.9999994039535522], [2.6822297627404623e-07, 1.0920471140707377e-06, 0.9999986886978149], [6.222591082405415e-07, 3.3912880326170125e-07, 0.9999990463256836], [0.999993085861206, 2.9108709895808715e-06, 4.0749368963588495e-06], [1.5064466651892872e-07, 1.6054067941695394e-07, 0.9999996423721313], [0.9999923706054688, 2.52038717007963e-06, 5.175500064069638e-06], [2.319564913477734e-07, 4.3881516376131913e-07, 0.9999992847442627], [5.0494645620347e-07, 1.200392603095679e-06, 0.9999983310699463], [0.9999927282333374, 2.7816406600322807e-06, 4.491175332077546e-06]], "S4": [[0.9999802112579346, 5.674416115653003e-06, 1.4072590602154378e-05], [5.571172891905007e-07, 5.989292048980133e-07, 0.9999988079071045], [4.739782752949395e-07, 5.984040853945771e-07, 0.999998927116394], [4.453531232684327e-07, 6.643162464570196e-07, 0.999998927116394], [7.537858550676901e-07, 7.846487051210715e-07, 0.9999984502792358], [5.758409429290623e-07, 1.2323446298978524e-06, 0.9999982118606567], [6.676111183878675e-07, 6.940230150576099e-07, 0.9999986886978149], [5.410875587585906e-07, 5.072673729955568e-07, 0.999998927116394], [6.58595865843381e-07, 8.079018698481377e-07, 0.9999985694885254], [5.116887678013882e-07, 6.300930408542627e-07, 0.9999988079071045], [4.846589831686288e-07, 1.0729785344665288e-06, 0.9999984502792358], [1.1164403304064763e-06, 7.934305585877155e-07, 0.9999980926513672], [7.209077352854365e-07, 1.3524809219234157e-06, 0.9999979734420776], [5.543564043364313e-07, 1.0109284858117462e-06, 0.9999984502792358], [6.232784244275535e-07, 9.52341338233964e-07, 0.9999984502792358], [1.3080094731776626e-06, 9.252982522411912e-07, 0.9999977350234985], [8.202413823710231e-07, 1.0748822205641773e-06, 0.9999980926513672], [2.1772306979528366e-07, 5.561360580941255e-07, 0.9999992847442627], [7.620661790497252e-07, 1.027308371703839e-06, 0.9999982118606567], [5.253439212538069e-07, 8.395725217269501e-07, 0.9999986886978149], [6.028433290339308e-07, 1.3371386557992082e-06, 0.9999980926513672], [7.718252277300053e-07, 1.1627413414316834e-06, 0.9999980926513672]]}, "infer_command_tokens": ["I1s2_0_2", "I1s2_1_2", "I1s2_2_2", "I1s2_3_2", "I1s2_4_2", "I1s2_5_0", "I1s2_6_2", "I1s2_7_2", "I1s2_8_2", "I1s2_9_2", "I1s2_10_2", "I1s2_11_0", "I1s2_12_2", "I1s2_13_2", "I1s2_14_2", "I1s2_15_2", "I1s2_16_2", "I1s2_17_2", "I1s2_18_2", "I1s2_19_2", "I1s2_20_2", "I1s2_21_2", "I1s2_22_0", "I1s2_23_2", "I1s2_24_0", "I1s2_25_2", "I1s2_26_2", "I1s2_27_0", "I4_28", "C1_4", "R1_2", "R3_1", "S2s1_17", "S4_0_0", "S4_1_2", "S4_2_2", "S4_3_2", "S4_4_2", "S4_5_2", "S4_6_2", "S4_7_2", "S4_8_2", "S4_9_2", "S4_10_2", "S4_11_2", "S4_12_2", "S4_13_2", "S4_14_2", "S4_15_2", "S4_16_2", "S4_17_2", "S4_18_2", "S4_19_2", "S4_20_2", "S4_21_2", "B1s1_4", "TS1s1_0", "K1_1", "T1s1_1", "P4_4", "ST1_14", "EM1_4", "TM1_2"]}