{"text": "This music offers a unique and memorable listening experience with its pitch range of 4 octaves. The major key adds a distinctive flavor to the music, which is enriched by piano. The sound of the song is heavily influenced by the classical genre, and it spans approximately about 15 bars. With a duration of 16 ~ 30 seconds, this song captures the listener's attention and showcases the talented musicianship behind it. Overall, the combination of the pitch range, key, duration, instruments, genre, and bars make for an extraordinary and unforgettable musical experience. The music is in the vein of Stravinsky. The beat of this song is extremely strong.", "pred_labels": {"R1": [0, 0, 1], "R3": [0, 0, 1, 0], "S2s1": [0, 0, 0, 0, 0, 0, 0, 0, 0, 0, 0, 0, 0, 1, 0, 0, 0, 0], "B1s1": [0, 0, 0, 1, 0], "TS1s1": [0, 0, 0, 0, 0, 0, 0, 1], "K1": [1, 0, 0], "T1s1": [0, 0, 0, 1], "P4": [0, 0, 0, 0, 1, 0, 0, 0, 0, 0, 0, 0, 0], "EM1": [0, 0, 0, 0, 1], "TM1": [0, 1, 0, 0, 0, 0], "I1s2": [[1, 0, 0], [0, 0, 1], [0, 0, 1], [0, 0, 1], [0, 0, 1], [0, 0, 1], [0, 0, 1], [0, 0, 1], [0, 0, 1], [0, 0, 1], [0, 0, 1], [0, 0, 1], [0, 0, 1], [0, 0, 1], [0, 0, 1], [0, 0, 1], [0, 0, 1], [0, 0, 1], [0, 0, 1], [0, 0, 1], [0, 0, 1], [0, 0, 1], [0, 0, 1], [0, 0, 1], [0, 0, 1], [0, 0, 1], [0, 0, 1], [0, 0, 1]], "S4": [[0, 0, 1], [0, 0, 1], [0, 0, 1], [0, 0, 1], [0, 0, 1], [0, 0, 1], [0, 0, 1], [0, 0, 1], [0, 0, 1], [0, 0, 1], [0, 0, 1], [1, 0, 0], [0, 0, 1], [0, 0, 1], [0, 0, 1], [0, 0, 1], [0, 0, 1], [0, 0, 1], [0, 0, 1], [0, 0, 1], [0, 0, 1], [0, 0, 1]]}, "pred_probs": {"R1": [4.047957645525457e-06, 4.25895677835797e-06, 0.9999916553497314], "R3": [7.990984158823267e-07, 1.678412900218973e-06, 0.9999970197677612, 4.6492951355503465e-07], "S2s1": [1.7094962458941154e-06, 2.7970133942289976e-06, 9.995786740546464e-07, 4.717415777122369e-06, 1.2528107617981732e-06, 1.6139639456014265e-06, 9.650497077018372e-07, 2.7021953883377137e-06, 3.8966718420851976e-06, 3.13859163725283e-06, 1.9141307348036207e-06, 3.3235064620384946e-06, 4.7742291826580185e-06, 0.9999555349349976, 2.5080064460780704e-06, 3.3680908018141054e-06, 3.2742746043368243e-06, 1.4164899084789795e-06], "B1s1": [1.0067240054922877e-06, 1.2373284334898926e-06, 8.877837558429746e-07, 0.9999964237213135, 4.438332439349324e-07], "TS1s1": [6.887529480081866e-07, 1.3379585652728565e-06, 9.333946877632116e-07, 2.0709787804662483e-06, 9.838560117714223e-07, 1.78705499820353e-06, 5.044587669544853e-05, 0.9999417066574097], "K1": [0.9999996423721313, 1.3394756592788326e-07, 2.3372211899186368e-07], "T1s1": [2.27464693125512e-06, 9.157962495009997e-07, 1.6280309864669107e-06, 0.999995231628418], "P4": [1.8036836024748482e-07, 7.39284899964332e-08, 8.199698697808344e-08, 7.598553963816812e-08, 0.9999984502792358, 8.058790257337023e-08, 9.911705944887217e-08, 1.5173394274370366e-07, 1.1243630382296033e-07, 1.6298622540489305e-07, 1.41188479574339e-07, 1.1305617420021008e-07, 1.9241684867665754e-07], "EM1": [1.8594032553664874e-06, 2.009834815908107e-06, 3.986853698734194e-06, 7.0059404606581666e-06, 0.9999850988388062], "TM1": [2.0492815622219496e-07, 0.9999988079071045, 2.600370976324484e-07, 1.9686764574089466e-07, 2.2057510307149641e-07, 2.1617661616346595e-07], "I1s2": [[0.9999915361404419, 3.131588755422854e-06, 5.330060957930982e-06], [2.0261136057797557e-07, 2.0456046456729382e-07, 0.9999996423721313], [4.4285445710556814e-07, 3.034998314888071e-07, 0.9999992847442627], [3.074761707466678e-07, 5.914234861847945e-07, 0.9999990463256836], [2.428058962777868e-07, 4.386657792565529e-07, 0.9999992847442627], [4.310398367124435e-07, 4.858537181462452e-07, 0.9999990463256836], [4.166703604369104e-07, 5.418022510639275e-07, 0.9999990463256836], [2.2631657259353233e-07, 3.071715184432833e-07, 0.9999995231628418], [9.6213078393248e-08, 2.175880240429251e-07, 0.9999996423721313], [2.2694381129895191e-07, 9.873000550442157e-08, 0.9999996423721313], [2.8157813858342706e-07, 3.1774831654729496e-07, 0.9999994039535522], [3.5351715155229613e-07, 2.2911666519576102e-07, 0.9999994039535522], [1.8443429894432484e-07, 4.563025584047864e-07, 0.9999994039535522], [4.164646156823437e-07, 4.35130800724437e-07, 0.9999991655349731], [1.974258481141078e-07, 2.161644232501203e-07, 0.9999996423721313], [1.0693050711552132e-07, 1.1136290112290226e-07, 0.9999997615814209], [3.051632120332215e-07, 3.3165613899655e-07, 0.9999994039535522], [3.0314615173665516e-07, 1.757419170189678e-07, 0.9999995231628418], [4.1071308487516944e-07, 5.878729325559107e-07, 0.9999990463256836], [1.42458233653997e-07, 3.496749059195281e-07, 0.9999995231628418], [3.381796602752729e-07, 3.6643405110226013e-07, 0.9999992847442627], [7.236382089104154e-07, 3.28144267314201e-07, 0.999998927116394], [2.6008331133198226e-07, 5.597947847491014e-07, 0.9999991655349731], [1.155599207436353e-07, 1.0074587208919183e-07, 0.9999997615814209], [1.367118443340587e-06, 1.7283537090406753e-07, 0.9999984502792358], [2.2478847938600666e-07, 2.0943521406024956e-07, 0.9999995231628418], [3.1039834880175476e-07, 2.965448118175118e-07, 0.9999994039535522], [1.1744543826353038e-07, 2.9378458066275925e-07, 0.9999996423721313]], "S4": [[4.003519279649481e-06, 1.3546786021834123e-06, 0.9999946355819702], [5.765710966443294e-07, 5.298169298839639e-07, 0.999998927116394], [4.2079781792381254e-07, 6.584554625987948e-07, 0.999998927116394], [4.836668949792511e-07, 7.136226827242353e-07, 0.9999988079071045], [7.715936476415663e-07, 8.235628001784789e-07, 0.9999984502792358], [5.138541041560529e-07, 7.52072764953482e-07, 0.9999986886978149], [6.647116492786154e-07, 5.734655701417068e-07, 0.9999988079071045], [5.5947600685613e-07, 4.599241663072462e-07, 0.999998927116394], [5.616956855192257e-07, 6.078958563193737e-07, 0.9999988079071045], [5.360836894396925e-07, 6.381006869560224e-07, 0.9999988079071045], [5.033801357967604e-07, 9.395288884661568e-07, 0.9999985694885254], [0.9999840259552002, 1.2286734090594109e-05, 3.7434704154293286e-06], [6.780517196602887e-07, 1.0573239705991e-06, 0.9999982118606567], [4.611168833434931e-07, 8.16486362964497e-07, 0.9999986886978149], [3.4569876561363344e-07, 7.757154207865824e-07, 0.999998927116394], [8.752205076234532e-07, 4.225486520681443e-07, 0.9999986886978149], [4.376648803372518e-07, 5.171929728930991e-07, 0.9999990463256836], [2.03375577711995e-07, 5.272801786304626e-07, 0.9999992847442627], [7.449456234098761e-07, 9.300363217334962e-07, 0.9999983310699463], [5.005157959203643e-07, 7.022676413726003e-07, 0.9999988079071045], [6.297501613516943e-07, 1.2439835472832783e-06, 0.9999980926513672], [7.796701311235665e-07, 1.15923717203259e-06, 0.9999980926513672]]}, "infer_command_tokens": ["I1s2_0_0", "I1s2_1_2", "I1s2_2_2", "I1s2_3_2", "I1s2_4_2", "I1s2_5_2", "I1s2_6_2", "I1s2_7_2", "I1s2_8_2", "I1s2_9_2", "I1s2_10_2", "I1s2_11_2", "I1s2_12_2", "I1s2_13_2", "I1s2_14_2", "I1s2_15_2", "I1s2_16_2", "I1s2_17_2", "I1s2_18_2", "I1s2_19_2", "I1s2_20_2", "I1s2_21_2", "I1s2_22_2", "I1s2_23_2", "I1s2_24_2", "I1s2_25_2", "I1s2_26_2", "I1s2_27_2", "I4_28", "C1_4", "R1_2", "R3_2", "S2s1_13", "S4_0_2", "S4_1_2", "S4_2_2", "S4_3_2", "S4_4_2", "S4_5_2", "S4_6_2", "S4_7_2", "S4_8_2", "S4_9_2", "S4_10_2", "S4_11_0", "S4_12_2", "S4_13_2", "S4_14_2", "S4_15_2", "S4_16_2", "S4_17_2", "S4_18_2", "S4_19_2", "S4_20_2", "S4_21_2", "B1s1_3", "TS1s1_7", "K1_0", "T1s1_3", "P4_4", "ST1_14", "EM1_4", "TM1_1"]}