{"text": "With a pitch range spanning 4 octaves, this music offers a diverse and dynamic listening experience, complemented by its use of major key, which creates a rich and dynamic sonic palette. The rhythm in this song is very dynamic, accompanied by a meter of 4/4, contributing to its fast-paced nature. As a prime representation of the easy listening and pop style, this music captivates listeners with its range, tonal variation, and energetic performance.", "pred_labels": {"R1": [0, 0, 1], "R3": [0, 0, 1, 0], "S2s1": [0, 0, 0, 0, 0, 0, 0, 0, 0, 0, 0, 0, 0, 0, 0, 0, 0, 1], "B1s1": [0, 0, 0, 0, 1], "TS1s1": [1, 0, 0, 0, 0, 0, 0, 0], "K1": [1, 0, 0], "T1s1": [0, 0, 1, 0], "P4": [0, 0, 0, 0, 1, 0, 0, 0, 0, 0, 0, 0, 0], "EM1": [0, 0, 0, 0, 1], "TM1": [0, 0, 0, 0, 0, 1], "I1s2": [[0, 0, 1], [0, 0, 1], [0, 0, 1], [0, 0, 1], [0, 0, 1], [0, 0, 1], [0, 0, 1], [0, 0, 1], [0, 0, 1], [0, 0, 1], [0, 0, 1], [0, 0, 1], [0, 0, 1], [0, 0, 1], [0, 0, 1], [0, 0, 1], [0, 0, 1], [0, 0, 1], [0, 0, 1], [0, 0, 1], [0, 0, 1], [0, 0, 1], [0, 0, 1], [0, 0, 1], [0, 0, 1], [0, 0, 1], [0, 0, 1], [0, 0, 1]], "S4": [[0, 0, 1], [0, 0, 1], [0, 0, 1], [0, 0, 1], [0, 0, 1], [1, 0, 0], [0, 0, 1], [0, 0, 1], [0, 0, 1], [0, 0, 1], [0, 0, 1], [0, 0, 1], [0, 0, 1], [1, 0, 0], [0, 0, 1], [0, 0, 1], [0, 0, 1], [0, 0, 1], [0, 0, 1], [0, 0, 1], [0, 0, 1], [0, 0, 1]]}, "pred_probs": {"R1": [4.262295078660827e-06, 4.490543688007165e-06, 0.9999912977218628], "R3": [2.4066559944913024e-06, 1.7468950090915314e-06, 0.9999949932098389, 8.481141549054882e-07], "S2s1": [2.5395347620360553e-06, 3.017152948814328e-06, 4.3782956709037535e-06, 2.86822023554123e-06, 3.2893119623622624e-06, 4.270751105650561e-06, 3.1382585348183056e-06, 2.58029422184336e-06, 2.542159108998021e-06, 3.2508228287042584e-06, 4.387818080431316e-06, 5.334855813998729e-06, 3.959540663345251e-06, 1.3210903944127494e-06, 3.7583861285384046e-06, 8.226821591961198e-06, 2.000208496610867e-06, 0.99993896484375], "B1s1": [8.017536856641527e-06, 4.530707883532159e-06, 7.892739631643053e-06, 2.6749817152449396e-06, 0.9999768733978271], "TS1s1": [0.9999972581863403, 4.422997790243244e-07, 9.674997727415757e-07, 1.3020665790008934e-07, 3.451562804457353e-07, 1.4071233067625144e-07, 3.292907422292046e-07, 3.9383701277984073e-07], "K1": [0.9999996423721313, 1.2800663284906477e-07, 2.3657527492559893e-07], "T1s1": [1.7517641026643105e-06, 8.846702144182927e-07, 0.999996542930603, 7.820929113222519e-07], "P4": [1.8941419455131836e-07, 8.370439275040553e-08, 7.775722821179443e-08, 6.644221173246478e-08, 0.9999984502792358, 1.11640297006943e-07, 1.3062171433375624e-07, 1.60486436584506e-07, 1.193716059333383e-07, 1.951754171614084e-07, 1.4967471884119732e-07, 1.1549652612075079e-07, 2.6125178465008503e-07], "EM1": [5.045550096838269e-06, 5.21876654602238e-06, 6.491522071883082e-06, 3.3292919397354126e-05, 0.9999499320983887], "TM1": [3.4844623542085174e-07, 7.373561743406754e-07, 4.3363760937609186e-07, 6.377045451699814e-07, 8.886925684237212e-08, 0.9999977350234985], "I1s2": [[2.470863194048434e-07, 2.695929026685917e-07, 0.9999995231628418], [2.788875121950696e-07, 2.3138564131386374e-07, 0.9999995231628418], [3.2092651736093103e-07, 2.437153341361409e-07, 0.9999994039535522], [3.111540536337998e-07, 5.692282911695656e-07, 0.9999991655349731], [3.473293759270746e-07, 3.225680984542123e-07, 0.9999992847442627], [4.78328558983776e-07, 5.01745546443999e-07, 0.9999990463256836], [3.2764054935796594e-07, 4.5093909761817486e-07, 0.9999991655349731], [2.3865933940214745e-07, 3.211530668068008e-07, 0.9999994039535522], [9.943435230752584e-08, 2.2731485671556584e-07, 0.9999996423721313], [2.1410536987787054e-07, 1.1647824749161373e-07, 0.9999996423721313], [2.9681135060855013e-07, 2.7867426410921325e-07, 0.9999994039535522], [2.793584030769125e-07, 2.4224067374234437e-07, 0.9999995231628418], [2.742771698649449e-07, 2.9284268521223566e-07, 0.9999994039535522], [3.3424456091779575e-07, 4.215945068608562e-07, 0.9999992847442627], [2.0941064349244698e-07, 2.09530696793081e-07, 0.9999995231628418], [1.3347143124065042e-07, 9.709392401191508e-08, 0.9999997615814209], [2.873574942441337e-07, 3.524856424519385e-07, 0.9999994039535522], [3.0713343335264653e-07, 1.62961228511449e-07, 0.9999995231628418], [4.1824611685115087e-07, 5.083696805741056e-07, 0.9999990463256836], [1.9470505208118993e-07, 3.733493088020623e-07, 0.9999994039535522], [2.507763667836116e-07, 2.781793284611922e-07, 0.9999995231628418], [6.431840233744879e-07, 2.9946397717139916e-07, 0.9999990463256836], [1.7982817723805056e-07, 5.037752544012619e-07, 0.9999992847442627], [1.0967779218162832e-07, 9.286811319952903e-08, 0.9999997615814209], [2.4493522232660325e-06, 2.2716849912285397e-07, 0.9999973773956299], [2.0668669264978234e-07, 2.2260270782226144e-07, 0.9999995231628418], [3.400032824174559e-07, 2.9165622095206345e-07, 0.9999994039535522], [1.232579620591423e-07, 2.803191705424979e-07, 0.9999996423721313]], "S4": [[4.575378625304438e-06, 1.5624589195795124e-06, 0.9999939203262329], [5.673923624271993e-07, 6.382522315107053e-07, 0.9999988079071045], [4.1773017755986075e-07, 8.100715263026359e-07, 0.9999988079071045], [4.421005712629267e-07, 7.645897426300508e-07, 0.9999988079071045], [7.14529448941903e-07, 9.73403643911297e-07, 0.9999983310699463], [0.9999852180480957, 7.640549483767245e-06, 7.186905804701382e-06], [5.946968713033129e-07, 6.745176506228745e-07, 0.9999986886978149], [6.327390451588144e-07, 4.28555040343781e-07, 0.999998927116394], [5.707985337721766e-07, 6.63173011616891e-07, 0.9999988079071045], [5.345709723769687e-07, 6.174158784233441e-07, 0.9999988079071045], [5.255400878922956e-07, 1.2251717862454825e-06, 0.9999982118606567], [1.1136806961076218e-06, 9.66263883128704e-07, 0.9999979734420776], [6.394490128514008e-07, 1.185137534776004e-06, 0.9999982118606567], [0.9999805688858032, 1.476120905863354e-05, 4.6054492486291565e-06], [4.4575114088729606e-07, 8.715897479305568e-07, 0.9999986886978149], [7.790663971718459e-07, 4.220239304686402e-07, 0.9999988079071045], [4.813849727725028e-07, 5.565793799178209e-07, 0.999998927116394], [2.152086864271041e-07, 5.304693218022294e-07, 0.9999992847442627], [9.145351782535727e-07, 8.902253512133029e-07, 0.9999982118606567], [5.381048140407074e-07, 7.959760637277213e-07, 0.9999986886978149], [6.336791216199344e-07, 1.6454390561193577e-06, 0.9999977350234985], [7.66466143886646e-07, 1.1398942660889588e-06, 0.9999980926513672]]}, "infer_command_tokens": ["I1s2_0_2", "I1s2_1_2", "I1s2_2_2", "I1s2_3_2", "I1s2_4_2", "I1s2_5_2", "I1s2_6_2", "I1s2_7_2", "I1s2_8_2", "I1s2_9_2", "I1s2_10_2", "I1s2_11_2", "I1s2_12_2", "I1s2_13_2", "I1s2_14_2", "I1s2_15_2", "I1s2_16_2", "I1s2_17_2", "I1s2_18_2", "I1s2_19_2", "I1s2_20_2", "I1s2_21_2", "I1s2_22_2", "I1s2_23_2", "I1s2_24_2", "I1s2_25_2", "I1s2_26_2", "I1s2_27_2", "I4_28", "C1_4", "R1_2", "R3_2", "S2s1_17", "S4_0_2", "S4_1_2", "S4_2_2", "S4_3_2", "S4_4_2", "S4_5_0", "S4_6_2", "S4_7_2", "S4_8_2", "S4_9_2", "S4_10_2", "S4_11_2", "S4_12_2", "S4_13_0", "S4_14_2", "S4_15_2", "S4_16_2", "S4_17_2", "S4_18_2", "S4_19_2", "S4_20_2", "S4_21_2", "B1s1_4", "TS1s1_0", "K1_0", "T1s1_2", "P4_4", "ST1_14", "EM1_4", "TM1_5"]}