{"text": "This music's use of the major key creates a rich and dynamic sonic palette, accompanied by a high-tempo composition that is brought to life through the use of piano and guitar. The song has a duration of about 40 seconds and is based on a 4/4 time signature, capturing a sense of mournfulness. This song has a moderate beat.", "pred_labels": {"R1": [0, 0, 1], "R3": [0, 1, 0, 0], "S2s1": [0, 0, 0, 0, 0, 0, 0, 0, 0, 0, 0, 0, 0, 0, 0, 0, 0, 1], "B1s1": [0, 0, 0, 0, 1], "TS1s1": [1, 0, 0, 0, 0, 0, 0, 0], "K1": [1, 0, 0], "T1s1": [0, 0, 1, 0], "P4": [0, 0, 0, 0, 0, 0, 0, 0, 0, 0, 0, 0, 1], "EM1": [0, 0, 1, 0, 0], "TM1": [0, 0, 1, 0, 0, 0], "I1s2": [[1, 0, 0], [0, 0, 1], [0, 0, 1], [0, 0, 1], [1, 0, 0], [0, 0, 1], [0, 0, 1], [0, 0, 1], [0, 0, 1], [0, 0, 1], [0, 0, 1], [0, 0, 1], [0, 0, 1], [0, 0, 1], [0, 0, 1], [0, 0, 1], [0, 0, 1], [0, 0, 1], [0, 0, 1], [0, 0, 1], [0, 0, 1], [0, 0, 1], [0, 0, 1], [0, 0, 1], [0, 0, 1], [0, 0, 1], [0, 0, 1], [0, 0, 1]], "S4": [[0, 0, 1], [0, 0, 1], [0, 0, 1], [0, 0, 1], [0, 0, 1], [0, 0, 1], [0, 0, 1], [0, 0, 1], [0, 0, 1], [0, 0, 1], [0, 0, 1], [0, 0, 1], [0, 0, 1], [0, 0, 1], [0, 0, 1], [0, 0, 1], [0, 0, 1], [0, 0, 1], [0, 0, 1], [0, 0, 1], [0, 0, 1], [0, 0, 1]]}, "pred_probs": {"R1": [4.324606379668694e-06, 4.189633727946784e-06, 0.9999915361404419], "R3": [8.641541171527933e-07, 0.9999969005584717, 1.1045681276300456e-06, 1.2178172710264334e-06], "S2s1": [2.437042212477536e-06, 2.573032816144405e-06, 4.274691036698641e-06, 3.1067086183611536e-06, 3.83320093533257e-06, 3.965987616538769e-06, 3.1952633889886783e-06, 2.70866235041467e-06, 2.858234438463114e-06, 2.992688450831338e-06, 4.865842583967606e-06, 5.053132099419599e-06, 3.7409283777378732e-06, 1.3914414012106135e-06, 4.0036743484961335e-06, 9.084420526050963e-06, 1.8297077986062504e-06, 0.9999380111694336], "B1s1": [7.7978602348594e-06, 5.153353413334116e-06, 9.237757694791071e-06, 2.216330358351115e-06, 0.9999755620956421], "TS1s1": [0.999997615814209, 3.857323349620856e-07, 7.085183142407914e-07, 1.3979202151404024e-07, 3.369721923718316e-07, 1.4389755165211682e-07, 3.024605916834844e-07, 3.1794749588698323e-07], "K1": [0.9999996423721313, 1.199228734094504e-07, 2.4008798504837614e-07], "T1s1": [1.6401868379034568e-06, 9.477665798840462e-07, 0.9999964237213135, 9.29280076888972e-07], "P4": [4.069936494488502e-07, 3.860014032852632e-07, 4.0598609984954237e-07, 4.941041424899595e-07, 7.085036486387253e-07, 2.4709058266125794e-07, 5.257635393718374e-07, 2.482344712007034e-07, 4.6594993818871444e-07, 5.168570851310506e-07, 2.7360715648683254e-07, 4.274451725905237e-07, 0.9999949932098389], "EM1": [2.8897907213831786e-06, 1.066331606125459e-06, 0.9999889135360718, 3.851314886560431e-06, 3.316844413348008e-06], "TM1": [6.239752110559493e-07, 5.479493552229542e-07, 0.9999979734420776, 3.717893264365557e-07, 2.706801751628518e-07, 2.974640835873288e-07], "I1s2": [[0.9999916553497314, 2.942646915471414e-06, 5.385546046454692e-06], [2.3119660852444213e-07, 2.381232775405806e-07, 0.9999995231628418], [2.9771595677630103e-07, 2.4243155394287896e-07, 0.9999994039535522], [2.7406653657635616e-07, 9.020563425110595e-07, 0.9999988079071045], [0.9999921321868896, 3.4234819850098575e-06, 4.3957788875559345e-06], [4.447402943696943e-07, 5.489463887897728e-07, 0.9999990463256836], [3.660379377379286e-07, 4.912902795695118e-07, 0.9999991655349731], [2.536685599352495e-07, 3.1297904001803545e-07, 0.9999994039535522], [1.3854548797098687e-07, 4.305182130792673e-07, 0.9999994039535522], [1.9109381810267223e-07, 1.557091309223324e-07, 0.9999996423721313], [2.6791357754518685e-07, 3.3449077818659134e-07, 0.9999994039535522], [3.5079074223176576e-07, 3.766857332720974e-07, 0.9999992847442627], [2.0406683631790656e-07, 4.7464519070672395e-07, 0.9999992847442627], [5.795745323666779e-07, 1.4571155588782858e-06, 0.9999979734420776], [2.1211464229509147e-07, 2.8548942054840154e-07, 0.9999995231628418], [1.3584831037860567e-07, 1.8067932217036287e-07, 0.9999996423721313], [2.726464174429566e-07, 3.489183768579096e-07, 0.9999994039535522], [2.7577377181842166e-07, 1.9775897897034156e-07, 0.9999995231628418], [3.941059389944712e-07, 6.621569355047541e-07, 0.999998927116394], [1.4832070860393287e-07, 4.0911513110586384e-07, 0.9999994039535522], [2.3800019732789224e-07, 3.817141873696528e-07, 0.9999994039535522], [5.417950887931511e-07, 3.374483412699192e-07, 0.9999991655349731], [2.615787479953724e-07, 7.951871339173522e-07, 0.999998927116394], [1.1405001032471773e-07, 1.3224470762907004e-07, 0.9999997615814209], [1.173263854070683e-06, 1.6773364563960058e-07, 0.9999986886978149], [2.1564203223078948e-07, 2.384423396506463e-07, 0.9999995231628418], [3.310051397420466e-07, 5.0350240599073e-07, 0.9999991655349731], [1.894754717568503e-07, 3.045201708573586e-07, 0.9999995231628418]], "S4": [[4.250520305504324e-06, 1.4559572036887403e-06, 0.9999942779541016], [5.773474072157114e-07, 5.752643801315571e-07, 0.9999988079071045], [4.254377472534543e-07, 7.394583008135669e-07, 0.9999988079071045], [4.586469515288627e-07, 6.280000661718077e-07, 0.999998927116394], [7.820091809662699e-07, 9.889992043099483e-07, 0.9999982118606567], [5.629177053378953e-07, 8.851471875459538e-07, 0.9999985694885254], [5.489520731316588e-07, 5.534401452678139e-07, 0.999998927116394], [5.827942004543729e-07, 4.4922205688635586e-07, 0.999998927116394], [6.08406196533906e-07, 6.947673227841733e-07, 0.9999986886978149], [4.822621235689439e-07, 6.537543981721683e-07, 0.9999988079071045], [5.159113811714633e-07, 9.853109759205836e-07, 0.9999984502792358], [1.097208496503299e-06, 9.144216051026888e-07, 0.9999979734420776], [6.781839942959778e-07, 1.420214175595902e-06, 0.9999978542327881], [5.270360361464554e-07, 9.025078497870709e-07, 0.9999985694885254], [4.50447146249644e-07, 8.973260037237196e-07, 0.9999986886978149], [7.771503760523046e-07, 4.5628056000168726e-07, 0.9999988079071045], [5.451295805869449e-07, 6.051760124137218e-07, 0.9999988079071045], [2.3222474965223228e-07, 5.085526595394185e-07, 0.9999992847442627], [8.456293585368257e-07, 9.23409572806122e-07, 0.9999982118606567], [5.380719585446059e-07, 7.593401960548363e-07, 0.9999986886978149], [5.517476893146522e-07, 9.44035718930536e-07, 0.9999984502792358], [7.630812888237415e-07, 1.1756242201954592e-06, 0.9999980926513672]]}, "infer_command_tokens": ["I1s2_0_0", "I1s2_1_2", "I1s2_2_2", "I1s2_3_2", "I1s2_4_0", "I1s2_5_2", "I1s2_6_2", "I1s2_7_2", "I1s2_8_2", "I1s2_9_2", "I1s2_10_2", "I1s2_11_2", "I1s2_12_2", "I1s2_13_2", "I1s2_14_2", "I1s2_15_2", "I1s2_16_2", "I1s2_17_2", "I1s2_18_2", "I1s2_19_2", "I1s2_20_2", "I1s2_21_2", "I1s2_22_2", "I1s2_23_2", "I1s2_24_2", "I1s2_25_2", "I1s2_26_2", "I1s2_27_2", "I4_28", "C1_4", "R1_2", "R3_1", "S2s1_17", "S4_0_2", "S4_1_2", "S4_2_2", "S4_3_2", "S4_4_2", "S4_5_2", "S4_6_2", "S4_7_2", "S4_8_2", "S4_9_2", "S4_10_2", "S4_11_2", "S4_12_2", "S4_13_2", "S4_14_2", "S4_15_2", "S4_16_2", "S4_17_2", "S4_18_2", "S4_19_2", "S4_20_2", "S4_21_2", "B1s1_4", "TS1s1_0", "K1_0", "T1s1_2", "P4_12", "ST1_14", "EM1_2", "TM1_2"]}