{"text": "This music's pitch range of 3 octaves offers a unique and memorable listening experience, while its use of major key conveys a unique and resonant sound. The tempo of the song is just right, and the time signature of the music is 3/4. The vital use of grand piano, drum, guitar and bass contributes to the overall composition. Combining all these elements, the music becomes a prime example of electronic style. The tempo of this song is moderate.", "pred_labels": {"R1": [0, 0, 1], "R3": [0, 1, 0, 0], "S2s1": [0, 0, 0, 0, 0, 0, 0, 0, 0, 0, 0, 0, 0, 0, 0, 0, 0, 1], "B1s1": [0, 0, 0, 0, 1], "TS1s1": [0, 0, 1, 0, 0, 0, 0, 0], "K1": [1, 0, 0], "T1s1": [0, 1, 0, 0], "P4": [0, 0, 0, 1, 0, 0, 0, 0, 0, 0, 0, 0, 0], "EM1": [0, 0, 0, 0, 1], "TM1": [0, 0, 0, 0, 0, 1], "I1s2": [[1, 0, 0], [0, 0, 1], [0, 0, 1], [0, 0, 1], [1, 0, 0], [1, 0, 0], [0, 0, 1], [0, 0, 1], [0, 0, 1], [0, 0, 1], [0, 0, 1], [0, 0, 1], [0, 0, 1], [0, 0, 1], [0, 0, 1], [0, 0, 1], [0, 0, 1], [0, 0, 1], [0, 0, 1], [0, 0, 1], [0, 0, 1], [0, 0, 1], [0, 0, 1], [0, 0, 1], [0, 0, 1], [0, 0, 1], [0, 0, 1], [1, 0, 0]], "S4": [[0, 0, 1], [1, 0, 0], [0, 0, 1], [0, 0, 1], [0, 0, 1], [0, 0, 1], [0, 0, 1], [0, 0, 1], [0, 0, 1], [0, 0, 1], [0, 0, 1], [0, 0, 1], [0, 0, 1], [0, 0, 1], [0, 0, 1], [0, 0, 1], [0, 0, 1], [0, 0, 1], [0, 0, 1], [0, 0, 1], [0, 0, 1], [0, 0, 1]]}, "pred_probs": {"R1": [4.393376457301201e-06, 4.705249011749402e-06, 0.9999909400939941], "R3": [1.8351802282268181e-06, 0.9999947547912598, 1.2479051747504855e-06, 2.2526501197717153e-06], "S2s1": [2.6144464300159598e-06, 3.178297674821806e-06, 5.737365427194163e-06, 3.151549890390015e-06, 3.5187092635169392e-06, 4.1771163523662835e-06, 3.2958357678580796e-06, 2.9711627576034516e-06, 2.7942360247834586e-06, 3.105528321611928e-06, 5.3507151278608944e-06, 4.911497399007203e-06, 3.6436306345422054e-06, 1.33710113914276e-06, 4.677108790929196e-06, 9.840232451097108e-06, 1.8758414626063313e-06, 0.9999338388442993], "B1s1": [7.210337571450509e-06, 5.3186840887065046e-06, 7.303802703972906e-06, 2.429605956422165e-06, 0.999977707862854], "TS1s1": [2.438721367070684e-07, 3.5056751812589937e-07, 0.9999978542327881, 2.8063405466127733e-07, 4.782705218531191e-07, 4.0128074374479183e-07, 2.409716159945674e-07, 2.5971490913434536e-07], "K1": [0.9999996423721313, 1.1146723011279391e-07, 2.756704873263516e-07], "T1s1": [4.4760336095350794e-06, 0.9999419450759888, 1.5338464436354116e-05, 3.810841735685244e-05], "P4": [2.6361843197264534e-07, 1.2197530452340288e-07, 1.0450307286191673e-07, 0.9999977350234985, 1.9352513902504143e-07, 1.479942000059964e-07, 2.423449245725351e-07, 2.1152278861791274e-07, 1.6630757215807535e-07, 9.000432754646681e-08, 1.3502091178452247e-07, 2.836399914940557e-07, 3.611889667354262e-07], "EM1": [3.1625202154828003e-06, 4.205527147860266e-06, 5.330229669198161e-06, 1.845212136686314e-05, 0.9999688863754272], "TM1": [3.581711496281059e-07, 7.371129981947888e-07, 4.330070453306689e-07, 6.017770033395209e-07, 6.575783118023537e-08, 0.9999978542327881], "I1s2": [[0.999994158744812, 2.822537908286904e-06, 3.0273267839220352e-06], [1.9973090559233242e-07, 2.5036248985088605e-07, 0.9999995231628418], [3.873531113640638e-07, 3.5030333833674376e-07, 0.9999992847442627], [5.349047000891005e-07, 3.194416876795003e-06, 0.9999963045120239], [0.9999932050704956, 3.103024482697947e-06, 3.6604362776415655e-06], [0.999992847442627, 3.1158547244558576e-06, 4.052388703712495e-06], [3.3200822713297384e-07, 5.694420792679011e-07, 0.9999990463256836], [2.2781377140290715e-07, 3.0318457788780506e-07, 0.9999995231628418], [1.4040094242773193e-07, 7.021935743978247e-07, 0.9999991655349731], [2.2915952513358206e-07, 2.425259140181879e-07, 0.9999995231628418], [3.3136041110992664e-07, 6.339591891446617e-07, 0.9999990463256836], [4.4947358901481493e-07, 6.676150405837689e-07, 0.999998927116394], [3.1000283229332126e-07, 1.202495354846178e-06, 0.9999984502792358], [1.1183354899912956e-06, 3.276711140642874e-06, 0.9999955892562866], [2.9066879392303235e-07, 4.084141949078912e-07, 0.9999992847442627], [2.217868768639164e-07, 2.0566366742968967e-07, 0.9999995231628418], [3.976574021180568e-07, 7.500730134779587e-07, 0.9999988079071045], [2.856097864878393e-07, 2.4412568677689706e-07, 0.9999995231628418], [3.956649834435666e-07, 7.8076072895783e-07, 0.9999988079071045], [1.579242194793551e-07, 4.178061487891682e-07, 0.9999994039535522], [1.8489990338821372e-07, 5.947266004113771e-07, 0.9999991655349731], [7.290230996659375e-07, 3.3158954693135456e-07, 0.999998927116394], [2.1815758088905568e-07, 9.741404483065708e-07, 0.9999988079071045], [1.525237962596293e-07, 1.9191091382708692e-07, 0.9999996423721313], [2.3131444777391152e-06, 2.6360552851656394e-07, 0.9999973773956299], [2.2329113846808468e-07, 3.959075627335551e-07, 0.9999994039535522], [4.413018075410946e-07, 1.0355101949244272e-06, 0.9999985694885254], [0.9999929666519165, 2.7783512450696435e-06, 4.302139586798148e-06]], "S4": [[4.460648597159889e-06, 1.557211021463445e-06, 0.9999940395355225], [0.999982476234436, 9.221458640240598e-06, 8.301525667775422e-06], [4.588490583046223e-07, 6.017036753291904e-07, 0.999998927116394], [4.417179013671557e-07, 7.210891794784402e-07, 0.9999988079071045], [7.571388778160326e-07, 8.520993901584006e-07, 0.9999984502792358], [5.416582666839531e-07, 9.95728214547853e-07, 0.9999984502792358], [6.182018523759325e-07, 5.996670893182454e-07, 0.9999988079071045], [5.849435638083378e-07, 4.356755027856707e-07, 0.999998927116394], [6.025557013344951e-07, 7.168216029640462e-07, 0.9999986886978149], [5.118429839967575e-07, 6.419533633561514e-07, 0.9999988079071045], [4.45484687361386e-07, 9.050954759004526e-07, 0.9999986886978149], [1.0269968697684817e-06, 8.045860795391491e-07, 0.9999982118606567], [6.292231091720168e-07, 1.2362618235783884e-06, 0.9999980926513672], [4.805586968359421e-07, 9.026076668305905e-07, 0.9999985694885254], [3.974159596964455e-07, 7.063899261083861e-07, 0.999998927116394], [1.0525843663344858e-06, 7.331878464356123e-07, 0.9999982118606567], [6.349300178953854e-07, 7.750999202471576e-07, 0.9999985694885254], [1.8724583128459926e-07, 5.60178818886925e-07, 0.9999992847442627], [7.720424832768913e-07, 9.921761829900788e-07, 0.9999982118606567], [4.76724039799592e-07, 7.493851512663241e-07, 0.9999988079071045], [5.389093757912633e-07, 1.1811355307145277e-06, 0.9999983310699463], [7.590863901896228e-07, 1.160066631200607e-06, 0.9999980926513672]]}, "infer_command_tokens": ["I1s2_0_0", "I1s2_1_2", "I1s2_2_2", "I1s2_3_2", "I1s2_4_0", "I1s2_5_0", "I1s2_6_2", "I1s2_7_2", "I1s2_8_2", "I1s2_9_2", "I1s2_10_2", "I1s2_11_2", "I1s2_12_2", "I1s2_13_2", "I1s2_14_2", "I1s2_15_2", "I1s2_16_2", "I1s2_17_2", "I1s2_18_2", "I1s2_19_2", "I1s2_20_2", "I1s2_21_2", "I1s2_22_2", "I1s2_23_2", "I1s2_24_2", "I1s2_25_2", "I1s2_26_2", "I1s2_27_0", "I4_28", "C1_4", "R1_2", "R3_1", "S2s1_17", "S4_0_2", "S4_1_0", "S4_2_2", "S4_3_2", "S4_4_2", "S4_5_2", "S4_6_2", "S4_7_2", "S4_8_2", "S4_9_2", "S4_10_2", "S4_11_2", "S4_12_2", "S4_13_2", "S4_14_2", "S4_15_2", "S4_16_2", "S4_17_2", "S4_18_2", "S4_19_2", "S4_20_2", "S4_21_2", "B1s1_4", "TS1s1_2", "K1_0", "T1s1_1", "P4_3", "ST1_14", "EM1_4", "TM1_5"]}