{"text": "This song is defined by its use of the major key, which creates a rich and dynamic sonic palette. It features a moderate beat and is played in 4/4 meter. The music is characterized by a strong sense of nervousness. Overall, the song consists of 13 ~ 16 bars and the combination of these musical elements creates a powerful and captivating listening experience. This song has a duration of about 20 seconds.", "pred_labels": {"R1": [0, 0, 1], "R3": [0, 1, 0, 0], "S2s1": [0, 0, 0, 0, 0, 0, 0, 0, 0, 0, 0, 0, 0, 0, 0, 0, 0, 1], "B1s1": [0, 0, 0, 1, 0], "TS1s1": [1, 0, 0, 0, 0, 0, 0, 0], "K1": [1, 0, 0], "T1s1": [0, 0, 0, 1], "P4": [0, 0, 0, 0, 0, 0, 0, 0, 0, 0, 0, 0, 1], "EM1": [0, 1, 0, 0, 0], "TM1": [0, 1, 0, 0, 0, 0], "I1s2": [[0, 0, 1], [0, 0, 1], [0, 0, 1], [0, 0, 1], [0, 0, 1], [0, 0, 1], [0, 0, 1], [0, 0, 1], [0, 0, 1], [0, 0, 1], [0, 0, 1], [0, 0, 1], [0, 0, 1], [0, 0, 1], [0, 0, 1], [0, 0, 1], [0, 0, 1], [0, 0, 1], [0, 0, 1], [0, 0, 1], [0, 0, 1], [0, 0, 1], [0, 0, 1], [0, 0, 1], [0, 0, 1], [0, 0, 1], [0, 0, 1], [0, 0, 1]], "S4": [[0, 0, 1], [0, 0, 1], [0, 0, 1], [0, 0, 1], [0, 0, 1], [0, 0, 1], [0, 0, 1], [0, 0, 1], [0, 0, 1], [0, 0, 1], [0, 0, 1], [0, 0, 1], [0, 0, 1], [0, 0, 1], [0, 0, 1], [0, 0, 1], [0, 0, 1], [0, 0, 1], [0, 0, 1], [0, 0, 1], [0, 0, 1], [0, 0, 1]]}, "pred_probs": {"R1": [4.165716745774262e-06, 4.331003310653614e-06, 0.9999915361404419], "R3": [6.565828130078444e-07, 0.9999966621398926, 1.5037144294183236e-06, 1.116359953812207e-06], "S2s1": [2.2874485239299247e-06, 2.2937506400921848e-06, 4.041799002152402e-06, 3.0310327474580845e-06, 3.927763373212656e-06, 4.243694093020167e-06, 3.2063005619420437e-06, 2.3580307697557146e-06, 2.650021997396834e-06, 3.3319779504381586e-06, 4.295244707464008e-06, 6.238432888494572e-06, 3.796071723627392e-06, 1.6014242874007323e-06, 3.7924569369351957e-06, 8.054967111092992e-06, 2.075692464131862e-06, 0.9999387264251709], "B1s1": [9.970891596822185e-07, 9.238591474058921e-07, 7.777967425681709e-07, 0.9999966621398926, 5.479178639689053e-07], "TS1s1": [0.9999974966049194, 3.9786667116459284e-07, 8.201126888707222e-07, 1.3654330643930734e-07, 3.1315551041188883e-07, 1.4919488933173852e-07, 3.303817095456907e-07, 3.7854292145311774e-07], "K1": [0.9999996423721313, 1.1916258557675974e-07, 2.3965105810930254e-07], "T1s1": [2.440008756821044e-06, 9.253953976440243e-07, 1.6564683846809203e-06, 0.9999949932098389], "P4": [4.245622164944507e-07, 3.6899376709698117e-07, 4.0282665736413037e-07, 4.806871061191487e-07, 7.102787549229106e-07, 2.4878687554519274e-07, 5.67639119708474e-07, 2.353618810957414e-07, 4.4618411720875883e-07, 4.938595452586014e-07, 2.1403901939720527e-07, 4.520881020653178e-07, 0.9999948740005493], "EM1": [2.0078703528270125e-05, 0.999961256980896, 5.30139413967845e-06, 6.543645213241689e-06, 6.862352620373713e-06], "TM1": [1.9175705290308542e-07, 0.9999986886978149, 3.480573411707155e-07, 2.645669496814662e-07, 2.2251441578191589e-07, 2.1410637884855532e-07], "I1s2": [[2.766733757653128e-07, 2.4740674575696175e-07, 0.9999995231628418], [2.3792262027200195e-07, 2.1485827517153666e-07, 0.9999995231628418], [3.005146425039129e-07, 2.152122391407829e-07, 0.9999995231628418], [3.7702022837038385e-07, 5.600425083684968e-07, 0.9999990463256836], [1.7723721157381078e-07, 2.9741661933258e-07, 0.9999995231628418], [4.726728946025105e-07, 4.270211206858221e-07, 0.9999990463256836], [3.4743601418085746e-07, 4.3706430119527795e-07, 0.9999991655349731], [2.5513492118989234e-07, 2.951192357159016e-07, 0.9999994039535522], [1.221614382984626e-07, 1.808215301934979e-07, 0.9999996423721313], [2.1855008469628956e-07, 1.0946773443265556e-07, 0.9999996423721313], [2.973615664814133e-07, 2.639856688801956e-07, 0.9999994039535522], [3.1809304346097633e-07, 2.2325174597881414e-07, 0.9999994039535522], [2.2487252238079236e-07, 2.802028973292181e-07, 0.9999995231628418], [3.8665035617668764e-07, 4.02882960770512e-07, 0.9999991655349731], [1.9148549768033263e-07, 1.8088431374962965e-07, 0.9999996423721313], [1.3444888224967144e-07, 1.2250164616034454e-07, 0.9999997615814209], [2.941927448318893e-07, 2.9556284175669134e-07, 0.9999994039535522], [2.857419474366907e-07, 1.440483146097904e-07, 0.9999995231628418], [4.1033607089957513e-07, 4.979867185284093e-07, 0.9999990463256836], [1.836527587784076e-07, 3.289189294264361e-07, 0.9999995231628418], [2.3204262333820225e-07, 2.649714474500797e-07, 0.9999995231628418], [6.621594934586028e-07, 2.9647401333932066e-07, 0.9999990463256836], [2.1538673422583088e-07, 4.305601066789677e-07, 0.9999994039535522], [1.0365602776118976e-07, 8.828958897311168e-08, 0.9999997615814209], [1.0433335546622402e-06, 1.412488614960239e-07, 0.9999988079071045], [2.4158086375791754e-07, 2.2373046704160515e-07, 0.9999995231628418], [3.744661114524206e-07, 3.1993761240300955e-07, 0.9999992847442627], [1.38746770517173e-07, 2.552289117829787e-07, 0.9999996423721313]], "S4": [[3.954727162636118e-06, 1.1942657920371857e-06, 0.9999948740005493], [5.941516292296001e-07, 5.536654725801782e-07, 0.9999988079071045], [4.3132919813615445e-07, 7.536667681051767e-07, 0.9999988079071045], [4.484601276999456e-07, 6.325574304355541e-07, 0.999998927116394], [8.651579719298752e-07, 9.57530232881254e-07, 0.9999982118606567], [5.459019689624256e-07, 9.417508977094258e-07, 0.9999985694885254], [5.566372465182212e-07, 5.733425609832921e-07, 0.999998927116394], [5.73700333461602e-07, 4.3873134814020887e-07, 0.9999990463256836], [6.355000436997216e-07, 7.363989311670593e-07, 0.9999985694885254], [4.79902041661262e-07, 7.123783802853723e-07, 0.9999988079071045], [5.514562531061529e-07, 9.711200164019829e-07, 0.9999984502792358], [1.0603764621919254e-06, 8.516489629073476e-07, 0.9999980926513672], [7.023843409115216e-07, 1.1655902198981494e-06, 0.9999980926513672], [5.297500820233836e-07, 9.121019388658169e-07, 0.9999985694885254], [4.097462920071848e-07, 7.95642165485333e-07, 0.9999988079071045], [7.172866958171653e-07, 4.471950489914889e-07, 0.9999988079071045], [5.243949772193446e-07, 6.597992978640832e-07, 0.9999988079071045], [2.422299587578891e-07, 5.340550046639692e-07, 0.9999991655349731], [9.205983246829419e-07, 1.0206911156274145e-06, 0.9999980926513672], [5.114145551488036e-07, 8.142919227793755e-07, 0.9999986886978149], [5.299319809637382e-07, 9.11941015147022e-07, 0.9999985694885254], [7.325293722715287e-07, 1.15509214992926e-06, 0.9999980926513672]]}, "infer_command_tokens": ["I1s2_0_2", "I1s2_1_2", "I1s2_2_2", "I1s2_3_2", "I1s2_4_2", "I1s2_5_2", "I1s2_6_2", "I1s2_7_2", "I1s2_8_2", "I1s2_9_2", "I1s2_10_2", "I1s2_11_2", "I1s2_12_2", "I1s2_13_2", "I1s2_14_2", "I1s2_15_2", "I1s2_16_2", "I1s2_17_2", "I1s2_18_2", "I1s2_19_2", "I1s2_20_2", "I1s2_21_2", "I1s2_22_2", "I1s2_23_2", "I1s2_24_2", "I1s2_25_2", "I1s2_26_2", "I1s2_27_2", "I4_28", "C1_4", "R1_2", "R3_1", "S2s1_17", "S4_0_2", "S4_1_2", "S4_2_2", "S4_3_2", "S4_4_2", "S4_5_2", "S4_6_2", "S4_7_2", "S4_8_2", "S4_9_2", "S4_10_2", "S4_11_2", "S4_12_2", "S4_13_2", "S4_14_2", "S4_15_2", "S4_16_2", "S4_17_2", "S4_18_2", "S4_19_2", "S4_20_2", "S4_21_2", "B1s1_3", "TS1s1_0", "K1_0", "T1s1_3", "P4_12", "ST1_14", "EM1_1", "TM1_1"]}