{"text": "The song, performed quickly with a smooth and steady rhythm, presents a captivating and memorable experience. Its compact pitch range of 3 octaves contributes to a focused and impactful musical performance, further enhanced by its choice of major key. Overall, this song offers a dynamic and engaging musical experience that leaves a lasting impression on the listener. The music is in 4/4.", "pred_labels": {"R1": [0, 0, 1], "R3": [0, 1, 0, 0], "S2s1": [0, 0, 0, 0, 0, 0, 0, 0, 0, 0, 0, 0, 0, 0, 0, 0, 0, 1], "B1s1": [0, 0, 0, 0, 1], "TS1s1": [1, 0, 0, 0, 0, 0, 0, 0], "K1": [1, 0, 0], "T1s1": [0, 0, 1, 0], "P4": [0, 0, 0, 1, 0, 0, 0, 0, 0, 0, 0, 0, 0], "EM1": [0, 0, 0, 0, 1], "TM1": [0, 0, 0, 0, 0, 1], "I1s2": [[0, 0, 1], [0, 0, 1], [0, 0, 1], [0, 0, 1], [0, 0, 1], [0, 0, 1], [0, 0, 1], [0, 0, 1], [0, 0, 1], [0, 0, 1], [0, 0, 1], [0, 0, 1], [0, 0, 1], [0, 0, 1], [0, 0, 1], [0, 0, 1], [0, 0, 1], [0, 0, 1], [0, 0, 1], [0, 0, 1], [0, 0, 1], [0, 0, 1], [0, 0, 1], [0, 0, 1], [0, 0, 1], [0, 0, 1], [0, 0, 1], [0, 0, 1]], "S4": [[0, 0, 1], [0, 0, 1], [0, 0, 1], [0, 0, 1], [0, 0, 1], [0, 0, 1], [0, 0, 1], [0, 0, 1], [0, 0, 1], [0, 0, 1], [0, 0, 1], [0, 0, 1], [0, 0, 1], [0, 0, 1], [0, 0, 1], [0, 0, 1], [0, 0, 1], [0, 0, 1], [0, 0, 1], [0, 0, 1], [0, 0, 1], [0, 0, 1]]}, "pred_probs": {"R1": [4.238578640070045e-06, 4.322148015489802e-06, 0.9999914169311523], "R3": [9.83749146143964e-07, 0.9999971389770508, 6.865809609735152e-07, 1.1887959772138856e-06], "S2s1": [2.2690674086334184e-06, 2.611443960631732e-06, 4.2469532672839705e-06, 2.944284915429307e-06, 3.597048817027826e-06, 4.359741069492884e-06, 3.0143221465550596e-06, 2.2383671876013977e-06, 2.4198941446229583e-06, 3.491902816676884e-06, 4.149775577388937e-06, 5.596171376964776e-06, 3.7810775666002883e-06, 1.5042425047795405e-06, 3.5088241929770447e-06, 7.641192496521398e-06, 1.9897970560123213e-06, 0.9999406337738037], "B1s1": [6.996357114985585e-06, 4.890793206868693e-06, 8.646781679999549e-06, 2.306993110323674e-06, 0.9999771118164062], "TS1s1": [0.9999969005584717, 4.508468975927826e-07, 1.183891185974062e-06, 1.416070887216847e-07, 3.567264741377585e-07, 1.6383091860916466e-07, 3.4459338849046617e-07, 4.2565244484649156e-07], "K1": [0.9999996423721313, 1.288774313934482e-07, 2.3944821236909775e-07], "T1s1": [1.1802736707977601e-06, 9.10708934043214e-07, 0.9999970197677612, 8.78927039593691e-07], "P4": [2.2680644917727477e-07, 1.1323101745119857e-07, 6.405373653706192e-08, 0.9999978542327881, 2.030371035743883e-07, 1.29676209326135e-07, 2.124868245800826e-07, 1.748282443259086e-07, 1.7359829485030787e-07, 8.39616234316054e-08, 1.270577456580213e-07, 2.685590914097702e-07, 3.631383833635482e-07], "EM1": [2.1359101083362475e-06, 2.4926705464167753e-06, 5.4115598686621524e-06, 9.998258065024856e-06, 0.9999799728393555], "TM1": [4.42681368895137e-07, 7.427692594319524e-07, 5.603445174529043e-07, 6.906317935317929e-07, 1.0800846439451561e-07, 0.9999974966049194], "I1s2": [[3.252171154599637e-07, 2.558603000579751e-07, 0.9999994039535522], [2.483899947947066e-07, 2.1918417303368187e-07, 0.9999995231628418], [2.952113220544561e-07, 2.2906469610006752e-07, 0.9999995231628418], [3.5846582591148035e-07, 4.954978294335888e-07, 0.9999991655349731], [1.6736977670461783e-07, 3.18564246981623e-07, 0.9999995231628418], [4.5501528234126454e-07, 4.485132194531616e-07, 0.9999990463256836], [3.285764478277997e-07, 4.4648783159573213e-07, 0.9999991655349731], [2.3193904041818314e-07, 3.132776669190207e-07, 0.9999994039535522], [1.192504726077459e-07, 1.6931494428717997e-07, 0.9999997615814209], [2.013886586382796e-07, 1.1085850104564088e-07, 0.9999996423721313], [3.167293414207961e-07, 2.6894213078776374e-07, 0.9999994039535522], [3.1300089631258743e-07, 2.0914818321671191e-07, 0.9999995231628418], [2.3786543579262798e-07, 2.9314730909391074e-07, 0.9999995231628418], [3.345788002206973e-07, 3.7614654502249323e-07, 0.9999992847442627], [1.7174949107356952e-07, 1.801447382376864e-07, 0.9999996423721313], [1.3214145155870938e-07, 1.1807469491031952e-07, 0.9999997615814209], [2.7735916319215903e-07, 3.3251123454647313e-07, 0.9999994039535522], [2.880717602238292e-07, 1.6640925082356262e-07, 0.9999995231628418], [4.0244665910904587e-07, 5.298351766214182e-07, 0.9999990463256836], [1.8063603590690036e-07, 3.82171691626354e-07, 0.9999994039535522], [2.0651528132020758e-07, 2.6467216684977757e-07, 0.9999995231628418], [6.192960313455842e-07, 3.012352749465208e-07, 0.9999990463256836], [1.6445309825030563e-07, 4.379025995149277e-07, 0.9999994039535522], [1.0823823259897836e-07, 8.017253350089959e-08, 0.9999997615814209], [9.33536227876175e-07, 1.5328517122270569e-07, 0.999998927116394], [2.1588935794625286e-07, 2.0937889644301322e-07, 0.9999995231628418], [3.8490799170176615e-07, 3.4371822721368517e-07, 0.9999992847442627], [1.254358608093753e-07, 2.819167548295809e-07, 0.9999996423721313]], "S4": [[4.624730081559392e-06, 1.6364123212042614e-06, 0.9999936819076538], [5.979401862532541e-07, 5.6427120398439e-07, 0.9999988079071045], [4.313259012178605e-07, 7.538975523857516e-07, 0.9999988079071045], [4.5872786813561106e-07, 6.18529156781733e-07, 0.999998927116394], [8.131501090247184e-07, 9.063657557817351e-07, 0.9999983310699463], [5.994204457238084e-07, 9.068059512173932e-07, 0.9999984502792358], [6.111836796662828e-07, 5.711867743229959e-07, 0.9999988079071045], [6.08482991992787e-07, 3.946686604194838e-07, 0.9999990463256836], [6.343786935758544e-07, 7.09212713445595e-07, 0.9999986886978149], [5.043095256951347e-07, 6.38396500107774e-07, 0.9999988079071045], [5.295404434946249e-07, 9.737723303260282e-07, 0.9999984502792358], [1.1701845323841553e-06, 7.940028012853872e-07, 0.9999980926513672], [6.705523674099823e-07, 1.122078515436442e-06, 0.9999982118606567], [5.414539145931485e-07, 7.908745942586393e-07, 0.9999986886978149], [4.1005506545843673e-07, 8.791388950157852e-07, 0.9999986886978149], [7.52108689994202e-07, 4.171330658664374e-07, 0.9999988079071045], [5.39664199550316e-07, 5.809574190607236e-07, 0.999998927116394], [2.3123712367123517e-07, 4.903644708065258e-07, 0.9999992847442627], [8.407884592998016e-07, 8.846414516483492e-07, 0.9999983310699463], [5.304862611410499e-07, 7.86541363595461e-07, 0.9999986886978149], [5.377805791795254e-07, 8.280923111669836e-07, 0.9999986886978149], [7.210618377939682e-07, 1.1582502565943287e-06, 0.9999980926513672]]}, "infer_command_tokens": ["I1s2_0_2", "I1s2_1_2", "I1s2_2_2", "I1s2_3_2", "I1s2_4_2", "I1s2_5_2", "I1s2_6_2", "I1s2_7_2", "I1s2_8_2", "I1s2_9_2", "I1s2_10_2", "I1s2_11_2", "I1s2_12_2", "I1s2_13_2", "I1s2_14_2", "I1s2_15_2", "I1s2_16_2", "I1s2_17_2", "I1s2_18_2", "I1s2_19_2", "I1s2_20_2", "I1s2_21_2", "I1s2_22_2", "I1s2_23_2", "I1s2_24_2", "I1s2_25_2", "I1s2_26_2", "I1s2_27_2", "I4_28", "C1_4", "R1_2", "R3_1", "S2s1_17", "S4_0_2", "S4_1_2", "S4_2_2", "S4_3_2", "S4_4_2", "S4_5_2", "S4_6_2", "S4_7_2", "S4_8_2", "S4_9_2", "S4_10_2", "S4_11_2", "S4_12_2", "S4_13_2", "S4_14_2", "S4_15_2", "S4_16_2", "S4_17_2", "S4_18_2", "S4_19_2", "S4_20_2", "S4_21_2", "B1s1_4", "TS1s1_0", "K1_0", "T1s1_2", "P4_3", "ST1_14", "EM1_4", "TM1_5"]}