{"text": "The use of a specific pitch range of 3 octaves creates a cohesive and unified sound throughout the musical piece, while the minor key adds a distinct atmosphere. With a runtime of about 40 seconds, the song maintains a lively and upbeat tempo. The sound of the music is primarily generated by synthesizer, brass, drum and guitar, and it follows a time signature of 4/4. Played at a rapid pace, this music squarely falls within the rap and pop genre.", "pred_labels": {"R1": [0, 0, 1], "R3": [0, 0, 1, 0], "S2s1": [0, 0, 0, 0, 0, 0, 0, 0, 0, 0, 0, 0, 0, 0, 0, 0, 0, 1], "B1s1": [0, 0, 0, 0, 1], "TS1s1": [1, 0, 0, 0, 0, 0, 0, 0], "K1": [0, 1, 0], "T1s1": [0, 0, 1, 0], "P4": [0, 0, 0, 1, 0, 0, 0, 0, 0, 0, 0, 0, 0], "EM1": [0, 0, 0, 0, 1], "TM1": [0, 0, 1, 0, 0, 0], "I1s2": [[0, 0, 1], [0, 0, 1], [0, 0, 1], [0, 0, 1], [1, 0, 0], [0, 0, 1], [0, 0, 1], [0, 0, 1], [0, 0, 1], [0, 0, 1], [0, 0, 1], [0, 0, 1], [0, 0, 1], [0, 0, 1], [0, 0, 1], [0, 0, 1], [1, 0, 0], [0, 0, 1], [0, 0, 1], [0, 0, 1], [0, 0, 1], [0, 0, 1], [0, 0, 1], [0, 0, 1], [1, 0, 0], [0, 0, 1], [0, 0, 1], [1, 0, 0]], "S4": [[0, 0, 1], [0, 0, 1], [1, 0, 0], [0, 0, 1], [0, 0, 1], [0, 0, 1], [0, 0, 1], [0, 0, 1], [0, 0, 1], [0, 0, 1], [0, 0, 1], [0, 0, 1], [0, 0, 1], [1, 0, 0], [0, 0, 1], [0, 0, 1], [0, 0, 1], [0, 0, 1], [0, 0, 1], [0, 0, 1], [0, 0, 1], [0, 0, 1]]}, "pred_probs": {"R1": [4.294210157240741e-06, 4.190249001112534e-06, 0.9999915361404419], "R3": [4.357160605650279e-07, 2.4288781332870713e-06, 0.9999966621398926, 4.738750476462883e-07], "S2s1": [2.642570734678884e-06, 2.777589770630584e-06, 4.438576070242561e-06, 3.009937245224137e-06, 3.423852149353479e-06, 3.992016445408808e-06, 3.181884494551923e-06, 3.0456556032731896e-06, 2.79290566140844e-06, 3.0585792956117075e-06, 5.072828571428545e-06, 4.993824404664338e-06, 3.7893785247433698e-06, 1.2702286085186643e-06, 4.307943981984863e-06, 9.812977623369079e-06, 1.9290787349746097e-06, 0.9999363422393799], "B1s1": [7.0312262323568575e-06, 5.489974682859611e-06, 9.776752449397463e-06, 2.3201232579594944e-06, 0.999975323677063], "TS1s1": [0.9999977350234985, 3.452094574640796e-07, 6.467870434789802e-07, 1.346075748642761e-07, 3.351351836045069e-07, 1.4490312594261923e-07, 3.2742488542680803e-07, 3.5350541338630137e-07], "K1": [3.17964122587e-07, 0.9999992847442627, 3.923162239516387e-07], "T1s1": [1.3901875490773818e-06, 1.068419692273892e-06, 0.9999967813491821, 6.766399565094616e-07], "P4": [2.0231959751981776e-07, 1.2873013588432514e-07, 8.119852878962774e-08, 0.9999977350234985, 1.9797147388089797e-07, 1.3813613009006076e-07, 2.543716277614294e-07, 1.8381643940301728e-07, 1.8834410298040893e-07, 8.82508572885854e-08, 1.3432327250484377e-07, 2.7587248041527346e-07, 4.1559275132385665e-07], "EM1": [2.201875304308487e-06, 2.5449703571212012e-06, 4.983356575394282e-06, 8.358972991118208e-06, 0.9999818801879883], "TM1": [6.493569912890962e-07, 5.67166239306971e-07, 0.9999978542327881, 4.1220371826966584e-07, 2.663372811184672e-07, 3.194691373664682e-07], "I1s2": [[2.7461609874990245e-07, 3.3465252613495977e-07, 0.9999994039535522], [2.328883823565775e-07, 2.349160581616161e-07, 0.9999995231628418], [3.023371277777187e-07, 3.3074016414502694e-07, 0.9999994039535522], [2.3467178777991649e-07, 1.120630031437031e-06, 0.9999986886978149], [0.9999932050704956, 3.1663996651332127e-06, 3.516932110869675e-06], [3.9882800706436683e-07, 6.602866164939769e-07, 0.999998927116394], [3.623504198912997e-07, 5.638377729155764e-07, 0.9999990463256836], [2.2115216324891662e-07, 3.335217968469806e-07, 0.9999994039535522], [1.2179347663732187e-07, 4.5031606532575097e-07, 0.9999994039535522], [1.981108681547994e-07, 1.9774692816554307e-07, 0.9999996423721313], [2.8614547886718356e-07, 3.9712136867819936e-07, 0.9999992847442627], [3.3965125112445094e-07, 4.709527559043636e-07, 0.9999991655349731], [2.484856622686493e-07, 4.812717406821321e-07, 0.9999992847442627], [6.223884838618687e-07, 2.1391126665548654e-06, 0.9999972581863403], [1.9310643040171271e-07, 2.536947079079255e-07, 0.9999995231628418], [1.9888700819592486e-07, 1.1493628448988602e-07, 0.9999996423721313], [0.9999940395355225, 1.9838967091345694e-06, 3.935438599000918e-06], [2.6770035788103996e-07, 2.219337176256886e-07, 0.9999995231628418], [4.466776601930178e-07, 6.621057764277793e-07, 0.999998927116394], [1.7195070256548206e-07, 3.800672629949986e-07, 0.9999994039535522], [2.1615878154079837e-07, 5.163184368939255e-07, 0.9999992847442627], [6.058402846065292e-07, 3.156714001306682e-07, 0.9999990463256836], [1.6698257354619273e-07, 9.554092912367196e-07, 0.999998927116394], [1.290064375325528e-07, 1.303708643263235e-07, 0.9999997615814209], [0.9999924898147583, 3.1221863991959253e-06, 4.447529136086814e-06], [1.93897349731742e-07, 2.539256342970475e-07, 0.9999995231628418], [3.145793812109332e-07, 4.4931132947567676e-07, 0.9999992847442627], [0.9999933242797852, 2.6094678560184548e-06, 4.010836164525244e-06]], "S4": [[6.429868790291948e-06, 2.18005925489706e-06, 0.9999914169311523], [5.617047804662434e-07, 6.1546057850137e-07, 0.9999988079071045], [0.9999890327453613, 5.185012469155481e-06, 5.850022262166021e-06], [4.894186531601008e-07, 6.728146217938047e-07, 0.9999988079071045], [7.675737947465677e-07, 8.909202051654574e-07, 0.9999983310699463], [5.661166255777061e-07, 9.588197826815303e-07, 0.9999984502792358], [5.310461688168289e-07, 5.806627427773492e-07, 0.999998927116394], [6.322998729046958e-07, 4.0677448964743235e-07, 0.999998927116394], [5.963199782854645e-07, 7.082015827108989e-07, 0.9999986886978149], [5.009035817238328e-07, 6.272572363741347e-07, 0.999998927116394], [4.886527449343703e-07, 9.816494639380835e-07, 0.9999985694885254], [1.0385558653069893e-06, 8.768901125222328e-07, 0.9999980926513672], [6.900837661305559e-07, 1.1889376310136868e-06, 0.9999980926513672], [0.9999814033508301, 1.3955026588519104e-05, 4.643756710720481e-06], [7.435812108269602e-07, 1.1436291060817894e-06, 0.9999980926513672], [7.626699698448647e-07, 5.083181235931988e-07, 0.9999986886978149], [4.7416187953785993e-07, 5.311121071827074e-07, 0.9999990463256836], [2.164783268199244e-07, 5.201664521337079e-07, 0.9999992847442627], [8.002334084267204e-07, 9.415736599294178e-07, 0.9999982118606567], [5.095300821267301e-07, 8.325195040015387e-07, 0.9999986886978149], [5.590669616140076e-07, 1.5044178098833072e-06, 0.9999979734420776], [8.442352736892644e-07, 1.0870279538721661e-06, 0.9999980926513672]]}, "infer_command_tokens": ["I1s2_0_2", "I1s2_1_2", "I1s2_2_2", "I1s2_3_2", "I1s2_4_0", "I1s2_5_2", "I1s2_6_2", "I1s2_7_2", "I1s2_8_2", "I1s2_9_2", "I1s2_10_2", "I1s2_11_2", "I1s2_12_2", "I1s2_13_2", "I1s2_14_2", "I1s2_15_2", "I1s2_16_0", "I1s2_17_2", "I1s2_18_2", "I1s2_19_2", "I1s2_20_2", "I1s2_21_2", "I1s2_22_2", "I1s2_23_2", "I1s2_24_0", "I1s2_25_2", "I1s2_26_2", "I1s2_27_0", "I4_28", "C1_4", "R1_2", "R3_2", "S2s1_17", "S4_0_2", "S4_1_2", "S4_2_0", "S4_3_2", "S4_4_2", "S4_5_2", "S4_6_2", "S4_7_2", "S4_8_2", "S4_9_2", "S4_10_2", "S4_11_2", "S4_12_2", "S4_13_0", "S4_14_2", "S4_15_2", "S4_16_2", "S4_17_2", "S4_18_2", "S4_19_2", "S4_20_2", "S4_21_2", "B1s1_4", "TS1s1_0", "K1_1", "T1s1_2", "P4_3", "ST1_14", "EM1_4", "TM1_2"]}