{"text": "The pitch range of 3 octaves adds a distinctive character to the music, emphasizing its emotional depth. This music's use of major key creates a distinct atmosphere, while its smooth and steady rhythm, with the inclusion of grand piano, further enhances the composition. The music, played at a rapid pace in 4/4, conveys dejection and is complemented by its running time of about 40 seconds.", "pred_labels": {"R1": [0, 0, 1], "R3": [0, 1, 0, 0], "S2s1": [0, 0, 0, 0, 0, 0, 0, 0, 0, 0, 0, 0, 0, 0, 0, 0, 0, 1], "B1s1": [0, 0, 0, 0, 1], "TS1s1": [1, 0, 0, 0, 0, 0, 0, 0], "K1": [1, 0, 0], "T1s1": [0, 0, 1, 0], "P4": [0, 0, 0, 1, 0, 0, 0, 0, 0, 0, 0, 0, 0], "EM1": [0, 0, 1, 0, 0], "TM1": [0, 0, 1, 0, 0, 0], "I1s2": [[1, 0, 0], [0, 0, 1], [0, 0, 1], [0, 0, 1], [0, 0, 1], [0, 0, 1], [0, 0, 1], [0, 0, 1], [0, 0, 1], [0, 0, 1], [0, 0, 1], [0, 0, 1], [0, 0, 1], [0, 0, 1], [0, 0, 1], [0, 0, 1], [0, 0, 1], [0, 0, 1], [0, 0, 1], [0, 0, 1], [0, 0, 1], [0, 0, 1], [0, 0, 1], [0, 0, 1], [0, 0, 1], [0, 0, 1], [0, 0, 1], [0, 0, 1]], "S4": [[0, 0, 1], [0, 0, 1], [0, 0, 1], [0, 0, 1], [0, 0, 1], [0, 0, 1], [0, 0, 1], [0, 0, 1], [0, 0, 1], [0, 0, 1], [0, 0, 1], [0, 0, 1], [0, 0, 1], [0, 0, 1], [0, 0, 1], [0, 0, 1], [0, 0, 1], [0, 0, 1], [0, 0, 1], [0, 0, 1], [0, 0, 1], [0, 0, 1]]}, "pred_probs": {"R1": [4.656179498851998e-06, 4.078833171661245e-06, 0.9999912977218628], "R3": [7.93724382219807e-07, 0.9999973773956299, 8.619568916401477e-07, 9.466644996791729e-07], "S2s1": [2.3818795398256043e-06, 2.7122807750856737e-06, 4.298564363125479e-06, 3.2476987144036684e-06, 3.777260872084298e-06, 3.686953505166457e-06, 3.462683935140376e-06, 2.85777309727564e-06, 2.6302570859115804e-06, 3.161269887641538e-06, 4.653080850403057e-06, 5.082074949314119e-06, 3.651610995802912e-06, 1.360083615509211e-06, 3.848133019346278e-06, 8.778652045293711e-06, 1.7977432662519277e-06, 0.9999387264251709], "B1s1": [6.073986241972307e-06, 4.908652954327408e-06, 8.592922313255258e-06, 2.1953940176899778e-06, 0.9999781847000122], "TS1s1": [0.9999972581863403, 4.2205024897157273e-07, 9.010730650516052e-07, 1.4683109839097597e-07, 3.1800348665456113e-07, 1.501583568597198e-07, 3.2221046808444953e-07, 3.775981838316511e-07], "K1": [0.9999996423721313, 1.249479026910194e-07, 2.2052017811802216e-07], "T1s1": [1.3422870779322693e-06, 1.0048905778603512e-06, 0.9999969005584717, 7.482925070689816e-07], "P4": [2.0352952390112478e-07, 1.1219052709066091e-07, 7.043841776521731e-08, 0.9999978542327881, 2.0378357135086844e-07, 1.3976098500734224e-07, 2.2107444408447918e-07, 1.5705509781582805e-07, 1.8252622169256938e-07, 8.174895782531166e-08, 1.3569348311648355e-07, 2.698882894947019e-07, 3.773100729631551e-07], "EM1": [3.837812073470559e-06, 2.1751220629084855e-06, 0.9999891519546509, 3.0742342005396495e-06, 1.7389064623785089e-06], "TM1": [6.234642455638095e-07, 5.029009457757638e-07, 0.9999979734420776, 3.7095281868460006e-07, 2.62629072267373e-07, 3.0582032195525244e-07], "I1s2": [[0.9999934434890747, 2.8328317966952454e-06, 3.720776476257015e-06], [2.919453834238084e-07, 2.411660489087808e-07, 0.9999995231628418], [2.8793962769668724e-07, 2.5361558186887123e-07, 0.9999994039535522], [2.937732119789871e-07, 6.729944743710803e-07, 0.9999990463256836], [1.9948952001414e-07, 4.1992566934823117e-07, 0.9999994039535522], [4.3248425640740606e-07, 5.13115310241119e-07, 0.9999990463256836], [3.3081767014664365e-07, 4.906806339022296e-07, 0.9999991655349731], [2.848467772764707e-07, 2.9889486086176476e-07, 0.9999994039535522], [1.4916304280632176e-07, 2.40608528656594e-07, 0.9999996423721313], [2.212165384207765e-07, 1.1980559122548584e-07, 0.9999996423721313], [2.8769696314157045e-07, 3.224395470624586e-07, 0.9999994039535522], [3.706534528191696e-07, 2.1929453453140013e-07, 0.9999994039535522], [2.3600600229656266e-07, 3.9171513321889506e-07, 0.9999994039535522], [5.091673074275604e-07, 5.336771096153825e-07, 0.999998927116394], [2.7499928023644316e-07, 2.4325791514456796e-07, 0.9999995231628418], [1.5130324015899532e-07, 1.419939934521608e-07, 0.9999997615814209], [3.194531359440589e-07, 4.0169291537495155e-07, 0.9999992847442627], [2.9205008900135e-07, 1.8367148868492222e-07, 0.9999995231628418], [4.780028461937036e-07, 6.824205911470926e-07, 0.9999988079071045], [1.7185561773658264e-07, 3.9267226270567335e-07, 0.9999994039535522], [2.345920648849642e-07, 3.2797046856103407e-07, 0.9999994039535522], [6.880471801196109e-07, 3.4189028497166873e-07, 0.999998927116394], [2.9325764216991956e-07, 5.775580120825907e-07, 0.9999991655349731], [1.306985240034919e-07, 9.786551657953169e-08, 0.9999997615814209], [1.2892738823211403e-06, 1.6809840985843039e-07, 0.9999985694885254], [1.8941729251764627e-07, 2.519921054044971e-07, 0.9999995231628418], [3.6148244930700457e-07, 3.277152984537679e-07, 0.9999992847442627], [1.3738998916323908e-07, 2.816582025388925e-07, 0.9999995231628418]], "S4": [[5.697128472093027e-06, 2.1013181594753405e-06, 0.9999922513961792], [5.719133469028748e-07, 6.247283295124362e-07, 0.9999988079071045], [4.507402877607092e-07, 7.389712095573486e-07, 0.9999988079071045], [4.617665467776533e-07, 6.10445681559213e-07, 0.999998927116394], [7.888132245170709e-07, 1.0990676173605607e-06, 0.9999980926513672], [5.930626798544836e-07, 1.024778043756669e-06, 0.9999983310699463], [5.799549285256944e-07, 5.519995625036245e-07, 0.999998927116394], [6.134249019851268e-07, 5.210042672842974e-07, 0.9999988079071045], [6.461236239374557e-07, 7.6403341608966e-07, 0.9999985694885254], [5.391029276324844e-07, 6.43232965558127e-07, 0.9999988079071045], [5.174575790078961e-07, 1.1538537592059583e-06, 0.9999983310699463], [1.0112472637047176e-06, 8.794896757535753e-07, 0.9999980926513672], [6.642150083280285e-07, 1.2654957117774757e-06, 0.9999980926513672], [5.586009024227678e-07, 9.681774599812343e-07, 0.9999984502792358], [4.63450419374567e-07, 8.613532145318459e-07, 0.9999986886978149], [8.806484856904717e-07, 4.893130949312763e-07, 0.9999986886978149], [5.070390898254118e-07, 5.536001026484882e-07, 0.999998927116394], [2.261814557869002e-07, 4.7599240815543453e-07, 0.9999992847442627], [8.022399811125069e-07, 1.0206620117969578e-06, 0.9999982118606567], [5.568340952777362e-07, 7.986891432665288e-07, 0.9999986886978149], [6.14257089637249e-07, 9.687648798717419e-07, 0.9999984502792358], [7.30910414858954e-07, 1.1939577007069602e-06, 0.9999980926513672]]}, "infer_command_tokens": ["I1s2_0_0", "I1s2_1_2", "I1s2_2_2", "I1s2_3_2", "I1s2_4_2", "I1s2_5_2", "I1s2_6_2", "I1s2_7_2", "I1s2_8_2", "I1s2_9_2", "I1s2_10_2", "I1s2_11_2", "I1s2_12_2", "I1s2_13_2", "I1s2_14_2", "I1s2_15_2", "I1s2_16_2", "I1s2_17_2", "I1s2_18_2", "I1s2_19_2", "I1s2_20_2", "I1s2_21_2", "I1s2_22_2", "I1s2_23_2", "I1s2_24_2", "I1s2_25_2", "I1s2_26_2", "I1s2_27_2", "I4_28", "C1_4", "R1_2", "R3_1", "S2s1_17", "S4_0_2", "S4_1_2", "S4_2_2", "S4_3_2", "S4_4_2", "S4_5_2", "S4_6_2", "S4_7_2", "S4_8_2", "S4_9_2", "S4_10_2", "S4_11_2", "S4_12_2", "S4_13_2", "S4_14_2", "S4_15_2", "S4_16_2", "S4_17_2", "S4_18_2", "S4_19_2", "S4_20_2", "S4_21_2", "B1s1_4", "TS1s1_0", "K1_0", "T1s1_2", "P4_3", "ST1_14", "EM1_2", "TM1_2"]}