{"text": "The use of a specific pitch range of 4 octaves creates a cohesive and unified sound throughout the musical piece, while the major key adds a distinct atmosphere. With a runtime of 16 ~ 30 seconds, the song maintains a lively and upbeat tempo. The sound of the music is primarily generated by drum, guitar and bass, and it follows a time signature of 4/4. Played at a rapid pace, this music squarely falls within the pop genre.", "pred_labels": {"R1": [0, 0, 1], "R3": [0, 0, 1, 0], "S2s1": [0, 0, 0, 0, 0, 0, 0, 0, 0, 0, 0, 0, 0, 0, 0, 0, 0, 1], "B1s1": [0, 0, 0, 0, 1], "TS1s1": [1, 0, 0, 0, 0, 0, 0, 0], "K1": [1, 0, 0], "T1s1": [0, 0, 1, 0], "P4": [0, 0, 0, 0, 1, 0, 0, 0, 0, 0, 0, 0, 0], "EM1": [0, 0, 0, 0, 1], "TM1": [0, 1, 0, 0, 0, 0], "I1s2": [[0, 0, 1], [0, 0, 1], [0, 0, 1], [0, 0, 1], [1, 0, 0], [1, 0, 0], [0, 0, 1], [0, 0, 1], [0, 0, 1], [0, 0, 1], [0, 0, 1], [0, 0, 1], [0, 0, 1], [0, 0, 1], [0, 0, 1], [0, 0, 1], [0, 0, 1], [0, 0, 1], [0, 0, 1], [0, 0, 1], [0, 0, 1], [0, 0, 1], [0, 0, 1], [0, 0, 1], [0, 0, 1], [0, 0, 1], [0, 0, 1], [1, 0, 0]], "S4": [[0, 0, 1], [0, 0, 1], [0, 0, 1], [0, 0, 1], [0, 0, 1], [0, 0, 1], [0, 0, 1], [0, 0, 1], [0, 0, 1], [0, 0, 1], [0, 0, 1], [0, 0, 1], [0, 0, 1], [1, 0, 0], [0, 0, 1], [0, 0, 1], [0, 0, 1], [0, 0, 1], [0, 0, 1], [0, 0, 1], [0, 0, 1], [0, 0, 1]]}, "pred_probs": {"R1": [4.28969542554114e-06, 4.228561920172069e-06, 0.9999915361404419], "R3": [4.298770477362268e-07, 2.4117700831993716e-06, 0.9999966621398926, 4.620284812517639e-07], "S2s1": [2.536712599976454e-06, 2.7953217340837e-06, 4.413780061440775e-06, 3.168671810271917e-06, 3.6345461467135465e-06, 4.174779860477429e-06, 3.1857762223808095e-06, 2.8199553980812198e-06, 2.851229510270059e-06, 3.0498897558572935e-06, 4.938793153996812e-06, 4.931305284117116e-06, 3.878855295624817e-06, 1.3800181477563456e-06, 4.167914084973745e-06, 9.19813373911893e-06, 1.814707275116234e-06, 0.9999370574951172], "B1s1": [7.179736257967306e-06, 5.167149993212661e-06, 1.0159281373489648e-05, 2.4286105144710746e-06, 0.9999750852584839], "TS1s1": [0.999997615814209, 3.984401075740607e-07, 7.250188218677067e-07, 1.3090181028019288e-07, 3.238587567011564e-07, 1.5058058977501787e-07, 3.370059289409255e-07, 3.7894750448685954e-07], "K1": [0.9999996423721313, 1.242018186076166e-07, 2.225033881586569e-07], "T1s1": [1.28263695842179e-06, 1.1008244200638728e-06, 0.9999969005584717, 6.825253535680531e-07], "P4": [2.080879255572654e-07, 8.976829946050202e-08, 8.567532461256633e-08, 7.343253827230001e-08, 0.9999983310699463, 8.421346109344086e-08, 1.2794995996046055e-07, 1.6421158477442077e-07, 1.138454450710924e-07, 2.0630008634725527e-07, 1.5316658164010732e-07, 1.1348392803256502e-07, 2.497283446700749e-07], "EM1": [2.1991377252561506e-06, 2.444608753648936e-06, 4.923249889543513e-06, 9.817727004701737e-06, 0.9999805688858032], "TM1": [2.0487087226683798e-07, 0.9999986886978149, 3.2076258094093646e-07, 1.997067613501713e-07, 2.059514230268178e-07, 1.9322637001550902e-07], "I1s2": [[2.795084128592862e-07, 3.4418570749039645e-07, 0.9999994039535522], [2.2752455208774336e-07, 2.3361289436252264e-07, 0.9999995231628418], [3.5259452602076635e-07, 3.328652837808477e-07, 0.9999992847442627], [5.22766981703171e-07, 2.9193856789788697e-06, 0.999996542930603], [0.9999926090240479, 3.366218606970506e-06, 4.051584255648777e-06], [0.9999926090240479, 3.5241348541603656e-06, 3.7623785829055123e-06], [3.6734755326506274e-07, 5.663393380928028e-07, 0.9999990463256836], [2.3228436418776255e-07, 3.184998149663443e-07, 0.9999994039535522], [1.9684162566591112e-07, 6.031383463778184e-07, 0.9999991655349731], [2.377014851617787e-07, 2.568448280726443e-07, 0.9999995231628418], [3.2299533359037014e-07, 5.618132377094298e-07, 0.9999991655349731], [4.828875148632505e-07, 7.629115543750231e-07, 0.9999988079071045], [3.710906639753375e-07, 1.0049055845229304e-06, 0.9999985694885254], [1.0680969353416003e-06, 2.9422078569041332e-06, 0.9999959468841553], [2.7738826702261576e-07, 3.561522134987172e-07, 0.9999994039535522], [2.181165683623476e-07, 1.6324247553711757e-07, 0.9999996423721313], [4.6989694624244294e-07, 6.992382282078324e-07, 0.9999988079071045], [3.014199023709807e-07, 2.4661497377564956e-07, 0.9999994039535522], [4.702511091636552e-07, 7.289646077879297e-07, 0.9999988079071045], [1.7872800128770905e-07, 3.6527885072246136e-07, 0.9999994039535522], [2.2186318915373704e-07, 5.107831952955166e-07, 0.9999992847442627], [6.600121764677169e-07, 3.019131895598548e-07, 0.9999990463256836], [1.837689751482685e-07, 8.346247000190488e-07, 0.999998927116394], [1.8084722341882298e-07, 1.6816849779388576e-07, 0.9999996423721313], [3.454459147178568e-06, 2.601850326300337e-07, 0.9999963045120239], [2.1677874428860378e-07, 3.5372218576412706e-07, 0.9999994039535522], [5.084096414975647e-07, 1.0804642442963086e-06, 0.9999984502792358], [0.9999934434890747, 2.8333315640338697e-06, 3.7268562209646916e-06]], "S4": [[6.469096661021467e-06, 2.2462902506958926e-06, 0.9999912977218628], [5.819066473122803e-07, 6.665284217888257e-07, 0.9999988079071045], [4.3780673308901896e-07, 7.13660824658291e-07, 0.9999988079071045], [4.326694522660546e-07, 6.833845418441342e-07, 0.999998927116394], [7.573481184408593e-07, 1.0372859833296388e-06, 0.9999982118606567], [6.21102401510143e-07, 1.1261167855991516e-06, 0.9999982118606567], [5.856500138179399e-07, 7.020606744845281e-07, 0.9999986886978149], [6.210335641299025e-07, 3.93599634662678e-07, 0.999998927116394], [6.15710519014101e-07, 8.229222316913365e-07, 0.9999985694885254], [5.015708666178398e-07, 6.26613882559468e-07, 0.999998927116394], [4.871413921136991e-07, 1.0364288982600556e-06, 0.9999984502792358], [1.0804524208651856e-06, 9.057010288415768e-07, 0.9999979734420776], [6.421696525649168e-07, 1.2661874961850117e-06, 0.9999980926513672], [0.9999830722808838, 1.2290601262066048e-05, 4.6248751459643245e-06], [4.132527067213232e-07, 8.292074653581949e-07, 0.9999988079071045], [1.0034457318397472e-06, 7.292012469406473e-07, 0.9999982118606567], [6.868169748486253e-07, 9.172606496576918e-07, 0.9999984502792358], [2.1192006727233093e-07, 6.14777377450082e-07, 0.9999991655349731], [8.189767868316267e-07, 1.0055072152681532e-06, 0.9999982118606567], [5.127037638885668e-07, 8.263803579211526e-07, 0.9999986886978149], [5.85675309139333e-07, 1.4213566146281664e-06, 0.9999979734420776], [7.382591888926981e-07, 1.1671063475660048e-06, 0.9999980926513672]]}, "infer_command_tokens": ["I1s2_0_2", "I1s2_1_2", "I1s2_2_2", "I1s2_3_2", "I1s2_4_0", "I1s2_5_0", "I1s2_6_2", "I1s2_7_2", "I1s2_8_2", "I1s2_9_2", "I1s2_10_2", "I1s2_11_2", "I1s2_12_2", "I1s2_13_2", "I1s2_14_2", "I1s2_15_2", "I1s2_16_2", "I1s2_17_2", "I1s2_18_2", "I1s2_19_2", "I1s2_20_2", "I1s2_21_2", "I1s2_22_2", "I1s2_23_2", "I1s2_24_2", "I1s2_25_2", "I1s2_26_2", "I1s2_27_0", "I4_28", "C1_4", "R1_2", "R3_2", "S2s1_17", "S4_0_2", "S4_1_2", "S4_2_2", "S4_3_2", "S4_4_2", "S4_5_2", "S4_6_2", "S4_7_2", "S4_8_2", "S4_9_2", "S4_10_2", "S4_11_2", "S4_12_2", "S4_13_0", "S4_14_2", "S4_15_2", "S4_16_2", "S4_17_2", "S4_18_2", "S4_19_2", "S4_20_2", "S4_21_2", "B1s1_4", "TS1s1_0", "K1_0", "T1s1_2", "P4_4", "ST1_14", "EM1_4", "TM1_1"]}