{"text": "This song has a slow tempo and a runtime of over 60 seconds. The music is enriched by synthesizer, drum, guitar and bass, which add depth and complexity to the composition. Despite its leisurely pace, the song maintains a sense of cohesion and purpose throughout, thanks in part to the skillful use of these instruments. Together, they create a unique sound that is both soothing and engaging, making this song a pleasure to listen to for fans of this particular style of music. The song belongs to the pop and rnB genre.", "pred_labels": {"R1": [0, 0, 1], "R3": [0, 0, 0, 1], "S2s1": [0, 0, 0, 0, 0, 0, 0, 0, 0, 0, 0, 0, 0, 0, 0, 0, 0, 1], "B1s1": [0, 0, 0, 0, 1], "TS1s1": [0, 0, 0, 0, 0, 0, 0, 1], "K1": [0, 0, 1], "T1s1": [1, 0, 0, 0], "P4": [0, 0, 0, 0, 0, 0, 0, 0, 0, 0, 0, 0, 1], "EM1": [0, 0, 0, 0, 1], "TM1": [0, 0, 0, 0, 1, 0], "I1s2": [[0, 0, 1], [0, 0, 1], [0, 0, 1], [0, 0, 1], [1, 0, 0], [1, 0, 0], [0, 0, 1], [0, 0, 1], [0, 0, 1], [0, 0, 1], [0, 0, 1], [0, 0, 1], [0, 0, 1], [0, 0, 1], [0, 0, 1], [0, 0, 1], [0, 0, 1], [0, 0, 1], [0, 0, 1], [0, 0, 1], [0, 0, 1], [0, 0, 1], [0, 0, 1], [0, 0, 1], [1, 0, 0], [0, 0, 1], [0, 0, 1], [1, 0, 0]], "S4": [[0, 0, 1], [0, 0, 1], [0, 0, 1], [0, 0, 1], [0, 0, 1], [0, 0, 1], [0, 0, 1], [1, 0, 0], [0, 0, 1], [0, 0, 1], [0, 0, 1], [0, 0, 1], [0, 0, 1], [1, 0, 0], [0, 0, 1], [0, 0, 1], [0, 0, 1], [0, 0, 1], [0, 0, 1], [0, 0, 1], [0, 0, 1], [0, 0, 1]]}, "pred_probs": {"R1": [4.176138190814527e-06, 4.230344984534895e-06, 0.9999915361404419], "R3": [3.966579242842272e-05, 6.363884494930971e-06, 3.824185114353895e-06, 0.9999501705169678], "S2s1": [2.3804652755643474e-06, 2.685812660274678e-06, 4.64390495835687e-06, 3.1942149689712096e-06, 3.87645104638068e-06, 4.429094133229228e-06, 3.4680347198445816e-06, 2.862899009414832e-06, 3.1313013550970936e-06, 3.2049406399892177e-06, 5.1572296797530726e-06, 5.235013759374851e-06, 3.8663679333694745e-06, 1.3070944078208413e-06, 4.547890057438053e-06, 1.02411295301863e-05, 1.7304367929682485e-06, 0.9999340772628784], "B1s1": [7.111876584531274e-06, 5.446009708975907e-06, 9.851872164290398e-06, 2.312063543286058e-06, 0.999975323677063], "TS1s1": [6.808201646890666e-07, 1.3176022548577748e-06, 1.0093374385178322e-06, 2.0974619019398233e-06, 9.596434438208234e-07, 2.0530990241240943e-06, 6.36677723377943e-05, 0.9999282360076904], "K1": [7.192120961008186e-07, 1.596457650521188e-06, 0.9999977350234985], "T1s1": [0.9999970197677612, 5.765821242675884e-07, 1.2893701750726905e-06, 1.0986188954120735e-06], "P4": [4.802754460797587e-07, 4.3480068256940285e-07, 5.345431759451458e-07, 5.609170443676703e-07, 1.0195083177677589e-06, 2.801242828809336e-07, 7.007793669799867e-07, 2.8001477403449826e-07, 5.95207325204683e-07, 6.12415703926672e-07, 3.22552693887701e-07, 6.193788522068644e-07, 0.9999935626983643], "EM1": [2.1502553408936365e-06, 2.2560134311788715e-06, 4.57037776868674e-06, 4.482782060222235e-06, 0.9999865293502808], "TM1": [1.8492161757421854e-07, 1.5469680647584028e-07, 2.2408147515307064e-07, 1.5660259577998659e-07, 0.9999992847442627, 3.188360508943333e-08], "I1s2": [[3.218975450636208e-07, 4.1839780351438094e-07, 0.9999992847442627], [2.2224760698463797e-07, 2.5260590064135613e-07, 0.9999995231628418], [4.954438850290899e-07, 4.373340232177725e-07, 0.9999990463256836], [7.354141189352958e-07, 3.7664317460439634e-06, 0.9999954700469971], [0.9999921321868896, 3.5697098610398825e-06, 4.255442490830319e-06], [0.999991774559021, 3.842220849037403e-06, 4.431576599017717e-06], [5.577535944212286e-07, 6.460430199695111e-07, 0.9999988079071045], [2.504252734070178e-07, 3.4336216003794107e-07, 0.9999994039535522], [2.2823165579666238e-07, 5.565190122069907e-07, 0.9999991655349731], [2.8118017780798255e-07, 2.8948645081072755e-07, 0.9999994039535522], [3.140062574402691e-07, 5.746335318690399e-07, 0.9999991655349731], [5.32297406152793e-07, 9.043723139257054e-07, 0.9999985694885254], [3.3322169201710494e-07, 1.1154841104143998e-06, 0.9999985694885254], [1.1518093288032105e-06, 3.0242561024351744e-06, 0.9999958276748657], [3.401699188998464e-07, 4.2200400685032946e-07, 0.9999992847442627], [2.0612198170510965e-07, 1.647284619821221e-07, 0.9999996423721313], [4.3717255948649836e-07, 7.100587140485004e-07, 0.9999988079071045], [3.2986508813337423e-07, 2.559073948305013e-07, 0.9999994039535522], [4.6384002416743897e-07, 6.692085889881128e-07, 0.9999988079071045], [1.5986289270131238e-07, 3.858702370962419e-07, 0.9999994039535522], [2.581841158644238e-07, 7.042107199595193e-07, 0.9999990463256836], [6.944283654775063e-07, 3.2268920335809526e-07, 0.999998927116394], [2.5213535082002636e-07, 1.1778489579228335e-06, 0.9999985694885254], [1.5437838385423674e-07, 1.7015406683640322e-07, 0.9999996423721313], [0.9999921321868896, 2.869185209419811e-06, 4.955564691044856e-06], [2.997971932927612e-07, 4.7897952981657e-07, 0.9999991655349731], [5.293428557706648e-07, 1.1713136700564064e-06, 0.9999983310699463], [0.9999921321868896, 2.679245426406851e-06, 5.284713097353233e-06]], "S4": [[4.037874077766901e-06, 1.6332794530171668e-06, 0.9999942779541016], [5.754740186603158e-07, 6.711010200888268e-07, 0.9999988079071045], [4.1682528717501555e-07, 7.179416456892795e-07, 0.9999988079071045], [4.427596422829083e-07, 7.029061634966638e-07, 0.9999988079071045], [8.253614396380726e-07, 1.073553448804887e-06, 0.9999980926513672], [6.243814141271287e-07, 1.0863927855098154e-06, 0.9999983310699463], [5.70480665373907e-07, 6.893382646921964e-07, 0.9999986886978149], [0.9999817609786987, 1.1593348972382955e-05, 6.699606274196412e-06], [6.299174515334016e-07, 8.422686050835182e-07, 0.9999985694885254], [4.583858412843256e-07, 7.785286584294226e-07, 0.9999988079071045], [4.931412718178763e-07, 1.1680074294417864e-06, 0.9999983310699463], [1.054270910572086e-06, 9.128758620136068e-07, 0.9999979734420776], [6.826893468314665e-07, 1.5719137991254684e-06, 0.9999977350234985], [0.9999735355377197, 1.985884409805294e-05, 6.592149929929292e-06], [8.543079843548185e-07, 1.2778569953297847e-06, 0.9999978542327881], [1.0090499245052342e-06, 8.648798370813893e-07, 0.9999980926513672], [8.07101343980321e-07, 1.158053692051908e-06, 0.9999980926513672], [2.3672477311720286e-07, 6.69369001116138e-07, 0.9999990463256836], [8.28080715109536e-07, 1.1114102562714834e-06, 0.9999980926513672], [4.7475626274717797e-07, 8.774653679211042e-07, 0.9999986886978149], [4.899016516901611e-07, 1.2414604952937225e-06, 0.9999982118606567], [8.161454729815887e-07, 1.3375005210036761e-06, 0.9999978542327881]]}, "infer_command_tokens": ["I1s2_0_2", "I1s2_1_2", "I1s2_2_2", "I1s2_3_2", "I1s2_4_0", "I1s2_5_0", "I1s2_6_2", "I1s2_7_2", "I1s2_8_2", "I1s2_9_2", "I1s2_10_2", "I1s2_11_2", "I1s2_12_2", "I1s2_13_2", "I1s2_14_2", "I1s2_15_2", "I1s2_16_2", "I1s2_17_2", "I1s2_18_2", "I1s2_19_2", "I1s2_20_2", "I1s2_21_2", "I1s2_22_2", "I1s2_23_2", "I1s2_24_0", "I1s2_25_2", "I1s2_26_2", "I1s2_27_0", "I4_28", "C1_4", "R1_2", "R3_3", "S2s1_17", "S4_0_2", "S4_1_2", "S4_2_2", "S4_3_2", "S4_4_2", "S4_5_2", "S4_6_2", "S4_7_0", "S4_8_2", "S4_9_2", "S4_10_2", "S4_11_2", "S4_12_2", "S4_13_0", "S4_14_2", "S4_15_2", "S4_16_2", "S4_17_2", "S4_18_2", "S4_19_2", "S4_20_2", "S4_21_2", "B1s1_4", "TS1s1_7", "K1_2", "T1s1_0", "P4_12", "ST1_14", "EM1_4", "TM1_4"]}