{"text": "The use of a specific pitch range of 5 octaves creates a cohesive and unified sound throughout this 31 ~ 45-second-long vocal-style musical piece, which is set at a very upbeat tempo. The music is steeped in the traditions of vocal style, and the chosen pitch range helps to create a sense of continuity and coherence, contributing to the overall unity of the composition. The use of piano, percussion, organ, guitar, bass, sax and drum is vital to the music as it provides a powerful and memorable sound through the minor key. The combination of these elements creates a unique and distinctive character for the music that can captivate the listener's attention. Without the piano, percussion, organ, guitar, bass, sax and drum, the music would lack its full potential, and without the minor, it would lose its defining quality. Therefore, the careful selection and use of these components are crucial in creating a compelling and successful piece of music.", "pred_labels": {"R1": [0, 0, 1], "R3": [0, 0, 1, 0], "S2s1": [0, 0, 0, 0, 0, 0, 0, 0, 0, 0, 0, 0, 0, 0, 0, 0, 0, 1], "B1s1": [0, 0, 0, 0, 1], "TS1s1": [0, 0, 0, 0, 0, 0, 0, 1], "K1": [0, 1, 0], "T1s1": [0, 0, 0, 1], "P4": [0, 0, 0, 0, 0, 1, 0, 0, 0, 0, 0, 0, 0], "EM1": [0, 0, 0, 0, 1], "TM1": [0, 0, 1, 0, 0, 0], "I1s2": [[1, 0, 0], [0, 0, 1], [1, 0, 0], [1, 0, 0], [1, 0, 0], [1, 0, 0], [0, 0, 1], [0, 0, 1], [0, 0, 1], [0, 0, 1], [0, 0, 1], [0, 0, 1], [0, 0, 1], [0, 0, 1], [0, 0, 1], [0, 0, 1], [0, 0, 1], [1, 0, 0], [0, 0, 1], [0, 0, 1], [0, 0, 1], [0, 0, 1], [0, 0, 1], [0, 0, 1], [0, 0, 1], [0, 0, 1], [0, 0, 1], [1, 0, 0]], "S4": [[0, 0, 1], [0, 0, 1], [0, 0, 1], [0, 0, 1], [0, 0, 1], [0, 0, 1], [0, 0, 1], [0, 0, 1], [0, 0, 1], [0, 0, 1], [0, 0, 1], [0, 0, 1], [0, 0, 1], [0, 0, 1], [0, 0, 1], [0, 0, 1], [0, 0, 1], [0, 0, 1], [1, 0, 0], [0, 0, 1], [0, 0, 1], [0, 0, 1]]}, "pred_probs": {"R1": [4.133856691623805e-06, 3.827563432423631e-06, 0.9999920129776001], "R3": [7.78389278366376e-07, 1.3562862477556337e-06, 0.9999971389770508, 6.935098326721345e-07], "S2s1": [2.61895570474735e-06, 2.8756714982591802e-06, 4.080283360963222e-06, 3.158355639243382e-06, 3.5228727028879803e-06, 4.184660156170139e-06, 3.406575160624925e-06, 3.178409997417475e-06, 2.828362994478084e-06, 2.964389977933024e-06, 4.9021150516637135e-06, 5.249685727903852e-06, 3.6325523069535848e-06, 1.1733534392988076e-06, 4.711576366389636e-06, 1.0068996743939351e-05, 1.7376879668518086e-06, 0.9999357461929321], "B1s1": [7.570764410047559e-06, 5.039327334088739e-06, 8.794921996013727e-06, 2.034129465755541e-06, 0.9999765157699585], "TS1s1": [6.920251962583279e-07, 1.2985277635380044e-06, 8.394253541155194e-07, 2.0029970073665027e-06, 8.583701855968684e-07, 2.1733578705607215e-06, 7.713976810919121e-05, 0.9999150037765503], "K1": [3.9734638335175987e-07, 0.9999992847442627, 3.3528087328704714e-07], "T1s1": [5.91662819715566e-06, 1.0897178981394973e-06, 1.8481266579328803e-06, 0.9999911785125732], "P4": [9.749719254159572e-08, 2.2586537795632466e-07, 2.5861240260383056e-07, 4.562135700325598e-07, 7.165200344161349e-08, 0.9999979734420776, 1.5327449887081457e-07, 1.315093527409772e-07, 8.312014898592679e-08, 1.1803631139173376e-07, 2.4464179659844376e-07, 1.0191828181405072e-07, 9.717600590875008e-08], "EM1": [3.025902515219059e-06, 2.8207848572492367e-06, 3.783326974371448e-06, 5.250716185400961e-06, 0.9999850988388062], "TM1": [6.171580935188103e-07, 4.308716654577438e-07, 0.9999979734420776, 3.086972242272168e-07, 2.856818355212454e-07, 3.279962754731969e-07], "I1s2": [[0.9999945163726807, 3.685310275614029e-06, 1.8150728919863468e-06], [1.798333642000216e-07, 2.9305701332305034e-07, 0.9999995231628418], [0.9999947547912598, 3.921082225133432e-06, 1.3217576224633376e-06], [0.9999927282333374, 5.767009042756399e-06, 1.5261929320331546e-06], [0.9999948740005493, 3.143807816741173e-06, 2.056587163679069e-06], [0.9999921321868896, 3.954222847823985e-06, 3.970069883507676e-06], [5.721461775465286e-07, 8.502584591951745e-07, 0.9999985694885254], [2.33649402048286e-07, 3.7823761545041634e-07, 0.9999994039535522], [2.826143088441313e-07, 7.75930004692782e-07, 0.999998927116394], [2.6114793172382633e-07, 2.6954378995469597e-07, 0.9999995231628418], [4.746837305447116e-07, 1.0499769587113406e-06, 0.9999984502792358], [7.88671911777783e-07, 1.0209638503511087e-06, 0.9999982118606567], [5.127415079186903e-07, 1.671284167059639e-06, 0.9999978542327881], [1.3076590903438046e-06, 2.709997716010548e-06, 0.9999959468841553], [3.947078539567883e-07, 4.62936867506869e-07, 0.9999991655349731], [2.567742569681286e-07, 3.055350816794089e-07, 0.9999994039535522], [9.397641633768217e-07, 1.9681053800013615e-06, 0.9999971389770508], [0.9999940395355225, 3.0035728286748054e-06, 2.9599691515613813e-06], [5.60856733500259e-07, 1.031927581607306e-06, 0.9999984502792358], [1.4831870487341803e-07, 5.844569841428893e-07, 0.9999992847442627], [2.296406904633841e-07, 8.110138765005104e-07, 0.999998927116394], [8.224179737226223e-07, 4.150474239850155e-07, 0.9999988079071045], [2.7878860464625177e-07, 1.1367519618943334e-06, 0.9999985694885254], [2.9232458587102883e-07, 2.3403011084610625e-07, 0.9999995231628418], [1.6876404060894856e-06, 2.8038317623213516e-07, 0.9999979734420776], [2.681077830857248e-07, 4.980039420843241e-07, 0.9999992847442627], [4.658516559175041e-07, 9.59908675213228e-07, 0.9999985694885254], [0.9999945163726807, 2.7489290914672893e-06, 2.7786497867055004e-06]], "S4": [[5.46923911315389e-06, 2.0775050870724954e-06, 0.9999924898147583], [5.2341471246109e-07, 5.581085815720144e-07, 0.999998927116394], [4.539550673143822e-07, 6.185811116665718e-07, 0.999998927116394], [6.147648150545137e-07, 5.812765948576271e-07, 0.9999988079071045], [8.269689715234563e-07, 8.693463655617961e-07, 0.9999983310699463], [6.142277584331168e-07, 1.049053025781177e-06, 0.9999983310699463], [7.125155434550834e-07, 5.84598808472947e-07, 0.9999986886978149], [5.923559456277872e-07, 5.199123620514001e-07, 0.999998927116394], [5.940715936958441e-07, 6.929813025635667e-07, 0.9999986886978149], [4.921952836411947e-07, 6.367232572301873e-07, 0.999998927116394], [4.914240321340912e-07, 9.297252745454898e-07, 0.9999985694885254], [1.2817237120543723e-06, 7.190730002548662e-07, 0.9999979734420776], [7.236009196276427e-07, 1.2452403552742908e-06, 0.9999979734420776], [4.89868625663803e-07, 1.0755624089142657e-06, 0.9999984502792358], [4.1475658463241416e-07, 7.703278583903739e-07, 0.9999988079071045], [1.0739171329987585e-06, 6.666825242973573e-07, 0.9999982118606567], [1.170774339698255e-06, 1.3888023886465817e-06, 0.9999974966049194], [2.0102224596030283e-07, 5.89424644203973e-07, 0.9999991655349731], [0.9999855756759644, 6.294892045843881e-06, 8.164364771801047e-06], [5.15798376454768e-07, 7.604518827974971e-07, 0.9999986886978149], [5.898053245800838e-07, 1.1864549378515221e-06, 0.9999982118606567], [8.17532225028117e-07, 1.2390993333610822e-06, 0.9999979734420776]]}, "infer_command_tokens": ["I1s2_0_0", "I1s2_1_2", "I1s2_2_0", "I1s2_3_0", "I1s2_4_0", "I1s2_5_0", "I1s2_6_2", "I1s2_7_2", "I1s2_8_2", "I1s2_9_2", "I1s2_10_2", "I1s2_11_2", "I1s2_12_2", "I1s2_13_2", "I1s2_14_2", "I1s2_15_2", "I1s2_16_2", "I1s2_17_0", "I1s2_18_2", "I1s2_19_2", "I1s2_20_2", "I1s2_21_2", "I1s2_22_2", "I1s2_23_2", "I1s2_24_2", "I1s2_25_2", "I1s2_26_2", "I1s2_27_0", "I4_28", "C1_4", "R1_2", "R3_2", "S2s1_17", "S4_0_2", "S4_1_2", "S4_2_2", "S4_3_2", "S4_4_2", "S4_5_2", "S4_6_2", "S4_7_2", "S4_8_2", "S4_9_2", "S4_10_2", "S4_11_2", "S4_12_2", "S4_13_2", "S4_14_2", "S4_15_2", "S4_16_2", "S4_17_2", "S4_18_0", "S4_19_2", "S4_20_2", "S4_21_2", "B1s1_4", "TS1s1_7", "K1_1", "T1s1_3", "P4_5", "ST1_14", "EM1_4", "TM1_2"]}