{"text": "The musical piece is a prime example of country and latin style, brought to life through the use of grand piano, drum and bass. It showcases a pitch range within 5 octaves and features major key, resulting in a unique and resonant sound. The tempo of this song is rapid.", "pred_labels": {"R1": [0, 0, 1], "R3": [0, 0, 0, 1], "S2s1": [0, 0, 0, 0, 0, 0, 0, 0, 0, 0, 0, 0, 0, 0, 0, 0, 0, 1], "B1s1": [0, 0, 0, 0, 1], "TS1s1": [0, 0, 0, 0, 0, 0, 0, 1], "K1": [1, 0, 0], "T1s1": [0, 0, 1, 0], "P4": [0, 0, 0, 0, 0, 1, 0, 0, 0, 0, 0, 0, 0], "EM1": [0, 0, 0, 0, 1], "TM1": [0, 0, 0, 0, 0, 1], "I1s2": [[1, 0, 0], [0, 0, 1], [0, 0, 1], [0, 0, 1], [0, 0, 1], [1, 0, 0], [0, 0, 1], [0, 0, 1], [0, 0, 1], [0, 0, 1], [0, 0, 1], [0, 0, 1], [0, 0, 1], [0, 0, 1], [0, 0, 1], [0, 0, 1], [0, 0, 1], [0, 0, 1], [0, 0, 1], [0, 0, 1], [0, 0, 1], [0, 0, 1], [0, 0, 1], [0, 0, 1], [0, 0, 1], [0, 0, 1], [0, 0, 1], [1, 0, 0]], "S4": [[0, 0, 1], [0, 0, 1], [0, 0, 1], [0, 0, 1], [0, 0, 1], [0, 0, 1], [0, 0, 1], [0, 0, 1], [1, 0, 0], [0, 0, 1], [0, 0, 1], [0, 0, 1], [0, 0, 1], [0, 0, 1], [0, 0, 1], [0, 0, 1], [0, 0, 1], [0, 0, 1], [0, 0, 1], [0, 0, 1], [1, 0, 0], [0, 0, 1]]}, "pred_probs": {"R1": [4.297257873986382e-06, 4.312958026275737e-06, 0.9999914169311523], "R3": [6.069491973903496e-06, 1.2241082913533319e-05, 0.00012093353871023282, 0.9998607635498047], "S2s1": [3.1886813758319477e-06, 3.0738094665139215e-06, 5.443370355351362e-06, 3.271862851761398e-06, 4.0805762182571925e-06, 4.904603429167764e-06, 3.38641211783397e-06, 3.3833775887615047e-06, 2.866135901058442e-06, 3.2923082926572533e-06, 5.66634525966947e-06, 4.687344244302949e-06, 3.923993062926456e-06, 1.2133818927395623e-06, 4.854078270000173e-06, 1.001210057438584e-05, 1.8080664858644013e-06, 0.9999310970306396], "B1s1": [7.290175290108891e-06, 4.808619451068807e-06, 9.909344953484833e-06, 2.470093704687315e-06, 0.9999755620956421], "TS1s1": [6.366522029566113e-07, 1.3925481425758335e-06, 8.873423098521016e-07, 1.9760773284360766e-06, 8.518762228959531e-07, 1.8220109723188216e-06, 5.375253385864198e-05, 0.9999387264251709], "K1": [0.9999996423721313, 1.3026247813741065e-07, 2.2779424568852846e-07], "T1s1": [4.4952430471312255e-06, 9.114281738220598e-07, 0.9999939203262329, 6.78356627759058e-07], "P4": [1.3194841130825807e-07, 2.688273923467932e-07, 2.7455311624180467e-07, 3.7345134273891745e-07, 7.899011933432121e-08, 0.9999979734420776, 1.273185432637547e-07, 1.4293595995695796e-07, 7.884547414960252e-08, 1.3858095826435601e-07, 2.5542473736095417e-07, 9.635506614813494e-08, 1.0221341284477603e-07], "EM1": [2.2615640773437917e-06, 2.808944145726855e-06, 4.100220394320786e-06, 7.4236190812371206e-06, 0.9999834299087524], "TM1": [4.153256440986297e-07, 7.62222668981849e-07, 4.815041734218539e-07, 6.644801828770142e-07, 7.882228914013467e-08, 0.999997615814209], "I1s2": [[0.9999924898147583, 2.758756409093621e-06, 4.795099357579602e-06], [2.083618113601915e-07, 2.9130268330845865e-07, 0.9999995231628418], [5.01233841987414e-07, 4.1623906099630403e-07, 0.9999990463256836], [6.290618443927087e-07, 3.859738171740901e-06, 0.9999954700469971], [6.047866349945252e-07, 1.548727709632658e-06, 0.9999978542327881], [0.9999920129776001, 3.620761845013476e-06, 4.3752597775892355e-06], [3.678979965116014e-07, 5.931790383328917e-07, 0.9999990463256836], [2.613285232655471e-07, 3.798389798248536e-07, 0.9999994039535522], [2.516612767067272e-07, 7.574065534754482e-07, 0.9999990463256836], [2.547891995163809e-07, 2.798482512389455e-07, 0.9999995231628418], [3.6553689142238e-07, 6.798924232498393e-07, 0.999998927116394], [5.458401801661239e-07, 6.857870857857051e-07, 0.9999988079071045], [3.897704914379574e-07, 1.6187369737963309e-06, 0.9999979734420776], [1.1936341479668044e-06, 2.7294433948554797e-06, 0.9999960660934448], [4.069282226737414e-07, 4.763456331602356e-07, 0.9999991655349731], [2.2307317237846291e-07, 4.238614224050252e-07, 0.9999994039535522], [6.289783414104022e-07, 1.1637222314675455e-06, 0.9999982118606567], [3.234731877910235e-07, 2.9724418482146575e-07, 0.9999994039535522], [5.243748546490679e-07, 8.801001172287215e-07, 0.9999985694885254], [1.611371516219151e-07, 4.6852795776430867e-07, 0.9999994039535522], [2.3126489168134867e-07, 6.531806775456062e-07, 0.9999991655349731], [8.468549026474648e-07, 3.471851357517153e-07, 0.9999988079071045], [2.5626405886214343e-07, 8.235859354499553e-07, 0.999998927116394], [1.8059198225728323e-07, 1.8219749620129733e-07, 0.9999996423721313], [3.560571713023819e-06, 2.607926603559463e-07, 0.9999961853027344], [2.7203864760849683e-07, 4.840593419430661e-07, 0.9999992847442627], [5.625648213936074e-07, 1.392876697536849e-06, 0.9999980926513672], [0.9999920129776001, 2.6271832211932633e-06, 5.420954039436765e-06]], "S4": [[5.092433639219962e-06, 1.6711057924112538e-06, 0.9999932050704956], [6.593952548428206e-07, 7.582546572848514e-07, 0.9999985694885254], [4.509836344368523e-07, 7.033406745904358e-07, 0.9999988079071045], [4.856321424995258e-07, 6.673463985862327e-07, 0.9999988079071045], [7.872037031120271e-07, 9.301480758949765e-07, 0.9999983310699463], [6.40405346530315e-07, 1.191014575852023e-06, 0.9999982118606567], [6.481504328803567e-07, 6.820912403782131e-07, 0.9999986886978149], [6.407033197319834e-07, 4.822290406991669e-07, 0.999998927116394], [0.9999678134918213, 2.699195647437591e-05, 5.221453193371417e-06], [4.928726298203401e-07, 6.394933507181122e-07, 0.999998927116394], [4.998262852495827e-07, 1.0985964991050423e-06, 0.9999984502792358], [1.0511646451050183e-06, 9.388584203406936e-07, 0.9999979734420776], [7.571238143100345e-07, 1.6684141428413568e-06, 0.999997615814209], [5.978145622975717e-07, 9.834418506216025e-07, 0.9999984502792358], [5.243518330644292e-07, 8.671390787640121e-07, 0.9999985694885254], [1.0646801911207149e-06, 7.704126119278953e-07, 0.9999982118606567], [6.621680199714319e-07, 7.90832245911588e-07, 0.9999985694885254], [2.1712338593715685e-07, 5.923255343986966e-07, 0.9999991655349731], [9.013779163069557e-07, 1.0846749773918418e-06, 0.9999979734420776], [5.369001883082092e-07, 7.775610129101551e-07, 0.9999986886978149], [0.9999843835830688, 1.0292706974723842e-05, 5.335535661288304e-06], [7.442373544108705e-07, 1.333488626187318e-06, 0.9999979734420776]]}, "infer_command_tokens": ["I1s2_0_0", "I1s2_1_2", "I1s2_2_2", "I1s2_3_2", "I1s2_4_2", "I1s2_5_0", "I1s2_6_2", "I1s2_7_2", "I1s2_8_2", "I1s2_9_2", "I1s2_10_2", "I1s2_11_2", "I1s2_12_2", "I1s2_13_2", "I1s2_14_2", "I1s2_15_2", "I1s2_16_2", "I1s2_17_2", "I1s2_18_2", "I1s2_19_2", "I1s2_20_2", "I1s2_21_2", "I1s2_22_2", "I1s2_23_2", "I1s2_24_2", "I1s2_25_2", "I1s2_26_2", "I1s2_27_0", "I4_28", "C1_4", "R1_2", "R3_3", "S2s1_17", "S4_0_2", "S4_1_2", "S4_2_2", "S4_3_2", "S4_4_2", "S4_5_2", "S4_6_2", "S4_7_2", "S4_8_0", "S4_9_2", "S4_10_2", "S4_11_2", "S4_12_2", "S4_13_2", "S4_14_2", "S4_15_2", "S4_16_2", "S4_17_2", "S4_18_2", "S4_19_2", "S4_20_0", "S4_21_2", "B1s1_4", "TS1s1_7", "K1_0", "T1s1_2", "P4_5", "ST1_14", "EM1_4", "TM1_5"]}