{"text": "The use of a specific pitch range of 5 octaves creates a cohesive and unified sound throughout the musical piece, while the major key adds a distinct atmosphere. With a runtime of 16 ~ 30 seconds, the song maintains a lively and upbeat tempo. The sound of the music is primarily generated by organ, guitar, bass, voice, flute and drum, and it follows a time signature of 4/4. Played at a rapid pace, this music squarely falls within the country, rnB and pop genre.", "pred_labels": {"R1": [0, 0, 1], "R3": [0, 0, 1, 0], "S2s1": [0, 0, 0, 0, 0, 0, 0, 0, 0, 0, 0, 0, 0, 0, 0, 0, 0, 1], "B1s1": [0, 0, 0, 0, 1], "TS1s1": [1, 0, 0, 0, 0, 0, 0, 0], "K1": [1, 0, 0], "T1s1": [0, 0, 1, 0], "P4": [0, 0, 0, 0, 0, 1, 0, 0, 0, 0, 0, 0, 0], "EM1": [0, 0, 0, 0, 1], "TM1": [0, 1, 0, 0, 0, 0], "I1s2": [[0, 0, 1], [0, 0, 1], [0, 0, 1], [1, 0, 0], [1, 0, 0], [1, 0, 0], [0, 0, 1], [0, 0, 1], [0, 0, 1], [0, 0, 1], [0, 0, 1], [1, 0, 0], [0, 0, 1], [0, 0, 1], [0, 0, 1], [0, 0, 1], [0, 0, 1], [0, 0, 1], [0, 0, 1], [0, 0, 1], [0, 0, 1], [0, 0, 1], [1, 0, 0], [0, 0, 1], [0, 0, 1], [0, 0, 1], [0, 0, 1], [1, 0, 0]], "S4": [[0, 0, 1], [0, 0, 1], [0, 0, 1], [0, 0, 1], [0, 0, 1], [0, 0, 1], [0, 0, 1], [1, 0, 0], [0, 0, 1], [0, 0, 1], [0, 0, 1], [0, 0, 1], [0, 0, 1], [1, 0, 0], [0, 0, 1], [0, 0, 1], [0, 0, 1], [0, 0, 1], [0, 0, 1], [0, 0, 1], [1, 0, 0], [0, 0, 1]]}, "pred_probs": {"R1": [4.337194695835933e-06, 4.203705429972615e-06, 0.9999914169311523], "R3": [4.3659323978317843e-07, 2.571387767602573e-06, 0.999996542930603, 4.3604856614365417e-07], "S2s1": [2.7616822535492247e-06, 2.9522839213314e-06, 4.902147793472977e-06, 3.137326530122664e-06, 3.889874733431498e-06, 4.404355422593653e-06, 3.332813321321737e-06, 3.201356548743206e-06, 3.2219143122347305e-06, 3.0358348794834455e-06, 5.512079496838851e-06, 4.563899437926011e-06, 4.049213657708606e-06, 1.25177803056431e-06, 4.462064680410549e-06, 1.0608267984935082e-05, 1.8328385067434283e-06, 0.9999328851699829], "B1s1": [7.502161679440178e-06, 4.976652689947514e-06, 1.1312951755826361e-05, 2.596834974610829e-06, 0.9999736547470093], "TS1s1": [0.9999974966049194, 3.8912963873372064e-07, 7.211714319055318e-07, 1.362537460636304e-07, 3.2408240713266423e-07, 1.5365363026376144e-07, 3.6373091916175326e-07, 4.350296762822836e-07], "K1": [0.9999996423721313, 1.2565747908865887e-07, 2.2225441398404655e-07], "T1s1": [1.406920887347951e-06, 1.036482672134298e-06, 0.9999969005584717, 6.868604600640538e-07], "P4": [1.1378808295603449e-07, 3.003972324222559e-07, 2.735228861183714e-07, 4.348999880221527e-07, 8.711415233619846e-08, 0.9999978542327881, 1.6436364091987343e-07, 1.3543439081331599e-07, 8.436632015218493e-08, 1.244575855707808e-07, 2.4022315869842714e-07, 1.0951474394005345e-07, 1.1878635319817477e-07], "EM1": [1.932615532496129e-06, 2.0823786144319456e-06, 4.7744738367327955e-06, 7.458465006493498e-06, 0.9999837875366211], "TM1": [2.0561388680562231e-07, 0.9999986886978149, 3.0534201300724817e-07, 2.0611392415048613e-07, 2.015208337979857e-07, 1.8564172421520198e-07], "I1s2": [[2.907525242790143e-07, 4.0828606984177895e-07, 0.9999992847442627], [2.1949709605451062e-07, 2.778362500066578e-07, 0.9999995231628418], [3.542500905950874e-07, 3.784020918828901e-07, 0.9999992847442627], [0.9999926090240479, 3.554126578819705e-06, 3.801094408117933e-06], [0.9999923706054688, 3.374565039848676e-06, 4.2542105802567676e-06], [0.9999924898147583, 3.7286552014847985e-06, 3.7781915125378873e-06], [4.180538439868542e-07, 6.870059792163374e-07, 0.999998927116394], [2.30944479540085e-07, 3.4004284543698304e-07, 0.9999994039535522], [2.0971086200916034e-07, 9.667255653766915e-07, 0.9999988079071045], [2.525109721318586e-07, 3.310399279143894e-07, 0.9999994039535522], [4.0294844438903965e-07, 1.0590036936264369e-06, 0.9999985694885254], [0.999993085861206, 2.151838771169423e-06, 4.803418505616719e-06], [5.050407025919412e-07, 1.4963818557589548e-06, 0.9999979734420776], [1.0721513490352663e-06, 3.1713002499600407e-06, 0.9999957084655762], [2.5513588752801297e-07, 3.621425435085257e-07, 0.9999994039535522], [1.9462653710888844e-07, 2.5205915221704345e-07, 0.9999995231628418], [5.830818849972275e-07, 9.609105973140686e-07, 0.9999984502792358], [2.955921445391141e-07, 3.2150151696441753e-07, 0.9999994039535522], [4.676312528317794e-07, 8.136639166878012e-07, 0.9999986886978149], [1.5009453591119382e-07, 4.188486002476566e-07, 0.9999994039535522], [2.6261025709573005e-07, 9.215503382620227e-07, 0.9999988079071045], [6.077731313780532e-07, 3.437938858041889e-07, 0.9999990463256836], [0.9999933242797852, 3.1389499781653285e-06, 3.564162625480094e-06], [1.942192113801866e-07, 2.1195532440287934e-07, 0.9999996423721313], [3.3978490137087647e-06, 2.5778629719752644e-07, 0.9999963045120239], [2.4110391905196593e-07, 4.4335226334624167e-07, 0.9999992847442627], [5.22927507518034e-07, 1.1808077715613763e-06, 0.9999983310699463], [0.9999935626983643, 2.7560427042772062e-06, 3.740629608728341e-06]], "S4": [[9.73452642938355e-06, 3.0471412628685357e-06, 0.9999872446060181], [5.769279596279375e-07, 6.943421340110945e-07, 0.9999986886978149], [4.571830629629403e-07, 7.135471946639882e-07, 0.9999988079071045], [6.521067348330689e-07, 6.128599352450692e-07, 0.9999986886978149], [7.617812798343948e-07, 9.849425168795278e-07, 0.9999982118606567], [6.200791062838107e-07, 1.1421011549828108e-06, 0.9999982118606567], [6.565503554156749e-07, 6.592507588720764e-07, 0.9999986886978149], [0.9999836683273315, 1.2331432117207441e-05, 4.072078354511177e-06], [6.416594260372221e-07, 8.179069936886663e-07, 0.9999985694885254], [4.925230427943461e-07, 5.867890422450728e-07, 0.999998927116394], [4.5168721385380195e-07, 1.049039155986975e-06, 0.9999984502792358], [1.1195023716936703e-06, 8.289348443213385e-07, 0.9999980926513672], [6.718528311466798e-07, 1.5119081808734336e-06, 0.9999978542327881], [0.9999731779098511, 1.919739406730514e-05, 7.68468999012839e-06], [3.6273647197049286e-07, 9.686939392850036e-07, 0.9999986886978149], [1.0936120133919758e-06, 7.588185439999506e-07, 0.9999980926513672], [8.253592227447371e-07, 9.569550911692204e-07, 0.9999982118606567], [2.007498238754124e-07, 6.080421712795214e-07, 0.9999991655349731], [7.756121362945123e-07, 9.387190402776469e-07, 0.9999983310699463], [5.078539402347815e-07, 8.572132514927944e-07, 0.9999986886978149], [0.9999830722808838, 9.695740118331742e-06, 7.244356311275624e-06], [7.751963835289644e-07, 1.1768782997023663e-06, 0.9999980926513672]]}, "infer_command_tokens": ["I1s2_0_2", "I1s2_1_2", "I1s2_2_2", "I1s2_3_0", "I1s2_4_0", "I1s2_5_0", "I1s2_6_2", "I1s2_7_2", "I1s2_8_2", "I1s2_9_2", "I1s2_10_2", "I1s2_11_0", "I1s2_12_2", "I1s2_13_2", "I1s2_14_2", "I1s2_15_2", "I1s2_16_2", "I1s2_17_2", "I1s2_18_2", "I1s2_19_2", "I1s2_20_2", "I1s2_21_2", "I1s2_22_0", "I1s2_23_2", "I1s2_24_2", "I1s2_25_2", "I1s2_26_2", "I1s2_27_0", "I4_28", "C1_4", "R1_2", "R3_2", "S2s1_17", "S4_0_2", "S4_1_2", "S4_2_2", "S4_3_2", "S4_4_2", "S4_5_2", "S4_6_2", "S4_7_0", "S4_8_2", "S4_9_2", "S4_10_2", "S4_11_2", "S4_12_2", "S4_13_0", "S4_14_2", "S4_15_2", "S4_16_2", "S4_17_2", "S4_18_2", "S4_19_2", "S4_20_0", "S4_21_2", "B1s1_4", "TS1s1_0", "K1_0", "T1s1_2", "P4_5", "ST1_14", "EM1_4", "TM1_1"]}