{"text": "The use of a specific pitch range of 5 octaves creates a cohesive and unified sound throughout the musical piece, while the major key adds a distinct atmosphere. With a runtime of about 20 seconds, the song maintains a lively and upbeat tempo. The sound of the music is primarily generated by organ, guitar, bass, voice, flute and drum, and it follows a time signature of 4/4. Played at a rapid pace, this music squarely falls within the country, rnB and pop genre.", "pred_labels": {"R1": [0, 0, 1], "R3": [0, 0, 1, 0], "S2s1": [0, 0, 0, 0, 0, 0, 0, 0, 0, 0, 0, 0, 0, 0, 0, 0, 0, 1], "B1s1": [0, 0, 0, 0, 1], "TS1s1": [1, 0, 0, 0, 0, 0, 0, 0], "K1": [1, 0, 0], "T1s1": [0, 0, 1, 0], "P4": [0, 0, 0, 0, 0, 1, 0, 0, 0, 0, 0, 0, 0], "EM1": [0, 0, 0, 0, 1], "TM1": [0, 1, 0, 0, 0, 0], "I1s2": [[0, 0, 1], [0, 0, 1], [0, 0, 1], [1, 0, 0], [1, 0, 0], [1, 0, 0], [0, 0, 1], [0, 0, 1], [0, 0, 1], [0, 0, 1], [0, 0, 1], [1, 0, 0], [0, 0, 1], [0, 0, 1], [0, 0, 1], [0, 0, 1], [0, 0, 1], [0, 0, 1], [0, 0, 1], [0, 0, 1], [0, 0, 1], [0, 0, 1], [1, 0, 0], [0, 0, 1], [0, 0, 1], [0, 0, 1], [0, 0, 1], [1, 0, 0]], "S4": [[0, 0, 1], [0, 0, 1], [0, 0, 1], [0, 0, 1], [0, 0, 1], [0, 0, 1], [0, 0, 1], [1, 0, 0], [0, 0, 1], [0, 0, 1], [0, 0, 1], [0, 0, 1], [0, 0, 1], [1, 0, 0], [0, 0, 1], [0, 0, 1], [0, 0, 1], [0, 0, 1], [0, 0, 1], [0, 0, 1], [1, 0, 0], [0, 0, 1]]}, "pred_probs": {"R1": [4.341850399214309e-06, 4.208659447613172e-06, 0.9999914169311523], "R3": [4.534872175554483e-07, 2.3122211132431403e-06, 0.9999967813491821, 4.508593178798037e-07], "S2s1": [2.7850826427311404e-06, 2.98000077236793e-06, 4.983480266673723e-06, 3.1337333439296344e-06, 3.974586434196681e-06, 4.445903869054746e-06, 3.3475025702500716e-06, 3.274245273132692e-06, 3.225512273274944e-06, 3.0857349884172436e-06, 5.522873834706843e-06, 4.596569851855747e-06, 4.0197237467509694e-06, 1.252649099114933e-06, 4.572287252813112e-06, 1.065900687535759e-05, 1.8623255755301216e-06, 0.9999322891235352], "B1s1": [7.492746135540074e-06, 5.087825229566079e-06, 1.197074834635714e-05, 2.588683173598838e-06, 0.9999728202819824], "TS1s1": [0.9999974966049194, 3.8111764411041804e-07, 7.149528755689971e-07, 1.36750500701055e-07, 3.253517490975355e-07, 1.5177852219494525e-07, 3.663670042897138e-07, 4.4032853452335985e-07], "K1": [0.9999996423721313, 1.2457039133551007e-07, 2.2412493194678973e-07], "T1s1": [1.438759568372916e-06, 1.0304988791176584e-06, 0.9999967813491821, 6.850783620393486e-07], "P4": [1.1563786017632083e-07, 3.0378581072909583e-07, 2.766069826520834e-07, 4.339437964517856e-07, 8.730327749617572e-08, 0.9999978542327881, 1.6812651892905706e-07, 1.3699647638532042e-07, 8.309081778179461e-08, 1.2521130088316568e-07, 2.474509130934166e-07, 1.1036588887236576e-07, 1.2147765460213122e-07], "EM1": [1.9499661902955268e-06, 2.0769064121850533e-06, 4.775683919433504e-06, 7.474072390323272e-06, 0.9999836683273315], "TM1": [2.1039078035300918e-07, 0.999998927116394, 2.7694619575413526e-07, 2.098185234444827e-07, 2.0463231464873388e-07, 1.751745770661728e-07], "I1s2": [[2.952917839138536e-07, 4.0396102463091665e-07, 0.9999992847442627], [2.19234763676468e-07, 2.77086371625046e-07, 0.9999995231628418], [3.6409736026143946e-07, 3.785233388953202e-07, 0.9999992847442627], [0.9999924898147583, 3.5305326946399873e-06, 3.933083917218028e-06], [0.9999921321868896, 3.4005543056991883e-06, 4.377305231173523e-06], [0.9999923706054688, 3.7707111459894804e-06, 3.811936949205119e-06], [4.3188904896851454e-07, 6.830053393969138e-07, 0.999998927116394], [2.3258650116986246e-07, 3.405812663004326e-07, 0.9999994039535522], [2.0442747938886896e-07, 9.379767220707436e-07, 0.9999988079071045], [2.58136452657709e-07, 3.3693166301418387e-07, 0.9999994039535522], [4.1114947180176387e-07, 1.0488301995792426e-06, 0.9999985694885254], [0.999993085861206, 2.121212673955597e-06, 4.7917606025293935e-06], [5.417014676822873e-07, 1.5180313539531198e-06, 0.9999979734420776], [1.0912891639236477e-06, 3.20816843668581e-06, 0.9999957084655762], [2.705896804400254e-07, 3.669078978418838e-07, 0.9999994039535522], [2.003344974355059e-07, 2.556678850851313e-07, 0.9999995231628418], [6.160863108561898e-07, 9.819601700655767e-07, 0.9999984502792358], [2.9400706580418046e-07, 3.203797405149089e-07, 0.9999994039535522], [4.72284312991178e-07, 8.16022406979755e-07, 0.9999986886978149], [1.4961406691327284e-07, 4.142223986036697e-07, 0.9999994039535522], [2.654722948136623e-07, 9.179750577459345e-07, 0.9999988079071045], [6.422425258278963e-07, 3.5118429764224857e-07, 0.9999990463256836], [0.9999933242797852, 3.1080894586921204e-06, 3.6153355722490232e-06], [2.0574412928908714e-07, 2.1066720989892929e-07, 0.9999996423721313], [3.258571268816013e-06, 2.548209749875241e-07, 0.999996542930603], [2.448741156513279e-07, 4.410799760989903e-07, 0.9999992847442627], [5.266932134873059e-07, 1.1786611366915167e-06, 0.9999983310699463], [0.9999935626983643, 2.692522684810683e-06, 3.7051788694952847e-06]], "S4": [[1.0143647159566171e-05, 3.2155060125660384e-06, 0.9999866485595703], [5.87858096423588e-07, 6.986076641624095e-07, 0.9999986886978149], [4.508382858148252e-07, 7.278281941580644e-07, 0.9999988079071045], [6.70328290652833e-07, 6.136752404017898e-07, 0.9999986886978149], [7.532998438364302e-07, 9.858614475888317e-07, 0.9999982118606567], [6.183011578286823e-07, 1.1544061635504477e-06, 0.9999982118606567], [6.471467486335314e-07, 6.690502800665854e-07, 0.9999986886978149], [0.9999831914901733, 1.3065798157185782e-05, 3.6977169202145888e-06], [6.377640602295287e-07, 8.138765110743407e-07, 0.9999985694885254], [4.95696212965413e-07, 5.884124334443186e-07, 0.999998927116394], [4.565946767343121e-07, 1.0756147048596176e-06, 0.9999984502792358], [1.130091845880088e-06, 8.411547014475218e-07, 0.9999979734420776], [6.771022071916377e-07, 1.5105360944289714e-06, 0.9999978542327881], [0.9999732971191406, 1.9119142962154e-05, 7.67324490880128e-06], [3.674402648812247e-07, 9.884660130410339e-07, 0.9999986886978149], [1.1220623719054856e-06, 7.834632356207294e-07, 0.9999980926513672], [7.373432140411751e-07, 8.739099257581984e-07, 0.9999983310699463], [2.0074311635198683e-07, 6.188986958477471e-07, 0.9999991655349731], [7.904805556790961e-07, 9.548720072416472e-07, 0.9999982118606567], [5.05042407894507e-07, 8.753931979299523e-07, 0.9999985694885254], [0.9999828338623047, 9.78377374849515e-06, 7.362458745774347e-06], [7.762121185805881e-07, 1.1839885019071517e-06, 0.9999980926513672]]}, "infer_command_tokens": ["I1s2_0_2", "I1s2_1_2", "I1s2_2_2", "I1s2_3_0", "I1s2_4_0", "I1s2_5_0", "I1s2_6_2", "I1s2_7_2", "I1s2_8_2", "I1s2_9_2", "I1s2_10_2", "I1s2_11_0", "I1s2_12_2", "I1s2_13_2", "I1s2_14_2", "I1s2_15_2", "I1s2_16_2", "I1s2_17_2", "I1s2_18_2", "I1s2_19_2", "I1s2_20_2", "I1s2_21_2", "I1s2_22_0", "I1s2_23_2", "I1s2_24_2", "I1s2_25_2", "I1s2_26_2", "I1s2_27_0", "I4_28", "C1_4", "R1_2", "R3_2", "S2s1_17", "S4_0_2", "S4_1_2", "S4_2_2", "S4_3_2", "S4_4_2", "S4_5_2", "S4_6_2", "S4_7_0", "S4_8_2", "S4_9_2", "S4_10_2", "S4_11_2", "S4_12_2", "S4_13_0", "S4_14_2", "S4_15_2", "S4_16_2", "S4_17_2", "S4_18_2", "S4_19_2", "S4_20_0", "S4_21_2", "B1s1_4", "TS1s1_0", "K1_0", "T1s1_2", "P4_5", "ST1_14", "EM1_4", "TM1_1"]}