{"text": "The music's pitch range of 3 octaves offers a unique and memorable listening experience, while its use of major key creates a rich and dynamic sonic palette. The song runs for 31 ~ 45 seconds and has a very peaceful beat, yet the fast-paced rhythm, 4/4 time signature, and use of piano and guitar add to the musical composition's complexity. The music is also filled with chill, making it an immersive and captivating experience for listeners.", "pred_labels": {"R1": [0, 0, 1], "R3": [1, 0, 0, 0], "S2s1": [0, 0, 0, 0, 0, 0, 0, 0, 0, 0, 0, 0, 0, 0, 0, 0, 0, 1], "B1s1": [0, 0, 0, 0, 1], "TS1s1": [1, 0, 0, 0, 0, 0, 0, 0], "K1": [1, 0, 0], "T1s1": [0, 0, 1, 0], "P4": [0, 0, 0, 1, 0, 0, 0, 0, 0, 0, 0, 0, 0], "EM1": [0, 0, 0, 1, 0], "TM1": [0, 0, 1, 0, 0, 0], "I1s2": [[1, 0, 0], [0, 0, 1], [0, 0, 1], [0, 0, 1], [1, 0, 0], [0, 0, 1], [0, 0, 1], [0, 0, 1], [0, 0, 1], [0, 0, 1], [0, 0, 1], [0, 0, 1], [0, 0, 1], [0, 0, 1], [0, 0, 1], [0, 0, 1], [0, 0, 1], [0, 0, 1], [0, 0, 1], [0, 0, 1], [0, 0, 1], [0, 0, 1], [0, 0, 1], [0, 0, 1], [0, 0, 1], [0, 0, 1], [0, 0, 1], [0, 0, 1]], "S4": [[0, 0, 1], [0, 0, 1], [0, 0, 1], [0, 0, 1], [0, 0, 1], [0, 0, 1], [0, 0, 1], [0, 0, 1], [0, 0, 1], [0, 0, 1], [0, 0, 1], [0, 0, 1], [0, 0, 1], [0, 0, 1], [0, 0, 1], [0, 0, 1], [0, 0, 1], [0, 0, 1], [0, 0, 1], [0, 0, 1], [0, 0, 1], [0, 0, 1]]}, "pred_probs": {"R1": [4.3425961848697625e-06, 4.177751634415472e-06, 0.9999915361404419], "R3": [0.9999983310699463, 5.527251119019638e-07, 8.09822381597769e-07, 2.6853436452256574e-07], "S2s1": [2.346210067116772e-06, 2.653221827131347e-06, 4.382131464808481e-06, 3.034157543879701e-06, 3.988845946878428e-06, 3.886631930072326e-06, 3.2060845569503726e-06, 2.803598363243509e-06, 2.7408218556956854e-06, 3.3934350085473852e-06, 4.515801265370101e-06, 5.6150338423321955e-06, 3.782366547966376e-06, 1.3375034768614569e-06, 4.244428509991849e-06, 8.862614777171984e-06, 1.8648689774636296e-06, 0.9999371767044067], "B1s1": [6.128146651462885e-06, 5.660203896695748e-06, 9.07209687284194e-06, 2.3450813841918716e-06, 0.9999767541885376], "TS1s1": [0.9999977350234985, 3.6473244335866184e-07, 5.916218128731998e-07, 1.3894114658796752e-07, 3.251920759339555e-07, 1.4458730390742858e-07, 3.309125133910129e-07, 3.3137453669951356e-07], "K1": [0.9999996423721313, 1.2722165365630644e-07, 2.2763940421555162e-07], "T1s1": [1.089243482965685e-06, 7.977447467055754e-07, 0.9999971389770508, 9.77436798166309e-07], "P4": [2.1110869852236647e-07, 1.0106112569019388e-07, 7.219882292019975e-08, 0.9999979734420776, 2.0085336416286736e-07, 1.4664718150925182e-07, 2.2379457220722543e-07, 1.745264057717577e-07, 1.6725797991057334e-07, 8.286197328288836e-08, 1.2778663460721873e-07, 2.4352422656193085e-07, 3.708848907990614e-07], "EM1": [3.283012802057783e-06, 1.526279788777174e-06, 1.8230282421427546e-06, 0.9999895095825195, 3.85040630135336e-06], "TM1": [6.547658131239587e-07, 5.473930855259823e-07, 0.9999978542327881, 3.3547419775459275e-07, 2.8074140345779597e-07, 3.6822009974457615e-07], "I1s2": [[0.999994158744812, 2.728802883211756e-06, 3.145167056572973e-06], [2.962175358334207e-07, 2.0498282538028434e-07, 0.9999995231628418], [3.1873469197307713e-07, 2.4162324052667827e-07, 0.9999994039535522], [2.8775230020983145e-07, 6.929941491762293e-07, 0.9999990463256836], [0.9999948740005493, 2.627434014357277e-06, 2.5592808015062474e-06], [4.268077873348375e-07, 5.223690777711454e-07, 0.9999990463256836], [3.153654404286499e-07, 4.6311041046465107e-07, 0.9999991655349731], [2.710928583837813e-07, 2.763334521205252e-07, 0.9999994039535522], [1.62207669518466e-07, 3.690169592118764e-07, 0.9999995231628418], [2.0085370522338053e-07, 1.2084431944003882e-07, 0.9999996423721313], [2.7295521931591793e-07, 3.279319855664653e-07, 0.9999994039535522], [3.7347678016885766e-07, 3.2767309221526375e-07, 0.9999992847442627], [2.60176932442846e-07, 3.5429678746368154e-07, 0.9999994039535522], [7.727350634922914e-07, 1.7044742435246008e-06, 0.9999974966049194], [2.083192924828836e-07, 2.1349895007460873e-07, 0.9999995231628418], [1.1690437418110378e-07, 1.0850654064142873e-07, 0.9999997615814209], [3.0046533083805116e-07, 3.1655932275498344e-07, 0.9999994039535522], [3.5361662753530254e-07, 1.6663270230310445e-07, 0.9999995231628418], [4.84862653138407e-07, 6.14855764524691e-07, 0.999998927116394], [1.7054652801107295e-07, 3.7659631857422937e-07, 0.9999994039535522], [2.0148179658008303e-07, 3.1061279059940716e-07, 0.9999995231628418], [6.322167109829024e-07, 3.0704484288435197e-07, 0.9999990463256836], [2.634202189710777e-07, 7.826767500773713e-07, 0.999998927116394], [1.374571354517684e-07, 1.1844834801877369e-07, 0.9999997615814209], [1.352614390270901e-06, 1.4647825707925222e-07, 0.9999984502792358], [2.0914259835080884e-07, 2.2856040970964386e-07, 0.9999995231628418], [3.481607961930422e-07, 3.973482876062917e-07, 0.9999992847442627], [1.538009968271581e-07, 3.0414955176638614e-07, 0.9999995231628418]], "S4": [[5.774788405688014e-06, 1.9302558484923793e-06, 0.9999922513961792], [5.768707751485636e-07, 6.005787440699351e-07, 0.9999988079071045], [4.846863816965197e-07, 7.997318220986926e-07, 0.9999986886978149], [4.392881294279505e-07, 6.320780130408821e-07, 0.999998927116394], [7.637612498001545e-07, 1.0847310250028386e-06, 0.9999980926513672], [5.621644163511519e-07, 1.0044216196547495e-06, 0.9999984502792358], [5.395282869358198e-07, 5.943828682575258e-07, 0.9999988079071045], [6.023122409715143e-07, 4.800082820111129e-07, 0.999998927116394], [5.972618168925692e-07, 8.050699307204923e-07, 0.9999985694885254], [4.7405325176441693e-07, 7.5543698585534e-07, 0.9999988079071045], [4.815486818188219e-07, 1.0433809620735701e-06, 0.9999984502792358], [9.596784593668417e-07, 8.970413887254836e-07, 0.9999980926513672], [6.93996810241515e-07, 1.1780011845985427e-06, 0.9999980926513672], [4.993494258087594e-07, 9.440664143767208e-07, 0.9999985694885254], [4.336272638738592e-07, 8.289733273159072e-07, 0.9999986886978149], [7.303033839889395e-07, 5.060704779680236e-07, 0.9999988079071045], [4.721907487237331e-07, 5.697157803297159e-07, 0.999998927116394], [2.3507691082613746e-07, 4.876898174188682e-07, 0.9999992847442627], [7.915397191027296e-07, 9.725850986797013e-07, 0.9999982118606567], [5.140991561347619e-07, 7.407329007946828e-07, 0.9999986886978149], [5.517766226148524e-07, 9.989068985305494e-07, 0.9999984502792358], [7.509929673688021e-07, 1.1988033747911686e-06, 0.9999980926513672]]}, "infer_command_tokens": ["I1s2_0_0", "I1s2_1_2", "I1s2_2_2", "I1s2_3_2", "I1s2_4_0", "I1s2_5_2", "I1s2_6_2", "I1s2_7_2", "I1s2_8_2", "I1s2_9_2", "I1s2_10_2", "I1s2_11_2", "I1s2_12_2", "I1s2_13_2", "I1s2_14_2", "I1s2_15_2", "I1s2_16_2", "I1s2_17_2", "I1s2_18_2", "I1s2_19_2", "I1s2_20_2", "I1s2_21_2", "I1s2_22_2", "I1s2_23_2", "I1s2_24_2", "I1s2_25_2", "I1s2_26_2", "I1s2_27_2", "I4_28", "C1_4", "R1_2", "R3_0", "S2s1_17", "S4_0_2", "S4_1_2", "S4_2_2", "S4_3_2", "S4_4_2", "S4_5_2", "S4_6_2", "S4_7_2", "S4_8_2", "S4_9_2", "S4_10_2", "S4_11_2", "S4_12_2", "S4_13_2", "S4_14_2", "S4_15_2", "S4_16_2", "S4_17_2", "S4_18_2", "S4_19_2", "S4_20_2", "S4_21_2", "B1s1_4", "TS1s1_0", "K1_0", "T1s1_2", "P4_3", "ST1_14", "EM1_3", "TM1_2"]}