{"text": "The compact pitch range of 5 octaves results in a focused and impactful musical performance. This about 40-second-long song, with the use of grand piano, bass, harp, strings, synth and drum, is vital to the music. Its rhythm is moderate, and the music spans 13 ~ 16 bars. The song belongs to the jazz genre.", "pred_labels": {"R1": [0, 0, 1], "R3": [0, 0, 0, 1], "S2s1": [0, 0, 0, 0, 0, 0, 0, 0, 0, 0, 0, 0, 0, 0, 0, 0, 0, 1], "B1s1": [0, 0, 0, 1, 0], "TS1s1": [0, 0, 0, 0, 0, 0, 0, 1], "K1": [0, 0, 1], "T1s1": [0, 1, 0, 0], "P4": [0, 0, 0, 0, 0, 1, 0, 0, 0, 0, 0, 0, 0], "EM1": [0, 0, 0, 0, 1], "TM1": [0, 0, 1, 0, 0, 0], "I1s2": [[1, 0, 0], [0, 0, 1], [0, 0, 1], [0, 0, 1], [0, 0, 1], [1, 0, 0], [0, 0, 1], [0, 0, 1], [0, 0, 1], [1, 0, 0], [1, 0, 0], [0, 0, 1], [0, 0, 1], [0, 0, 1], [0, 0, 1], [0, 0, 1], [0, 0, 1], [0, 0, 1], [0, 0, 1], [0, 0, 1], [0, 0, 1], [0, 0, 1], [0, 0, 1], [0, 0, 1], [1, 0, 0], [0, 0, 1], [0, 0, 1], [1, 0, 0]], "S4": [[0, 0, 1], [0, 0, 1], [0, 0, 1], [0, 0, 1], [0, 0, 1], [0, 0, 1], [0, 0, 1], [0, 0, 1], [0, 0, 1], [0, 0, 1], [1, 0, 0], [0, 0, 1], [0, 0, 1], [0, 0, 1], [0, 0, 1], [0, 0, 1], [0, 0, 1], [0, 0, 1], [0, 0, 1], [0, 0, 1], [0, 0, 1], [0, 0, 1]]}, "pred_probs": {"R1": [4.2763681449287105e-06, 4.105446350877173e-06, 0.9999916553497314], "R3": [4.232877017784631e-06, 3.862821813527262e-06, 4.631947831512662e-06, 0.9999872446060181], "S2s1": [2.561446990512195e-06, 2.6468092073628213e-06, 5.2305713325040415e-06, 3.4555387173895724e-06, 3.970365469285753e-06, 3.932204890588764e-06, 3.3844394238258246e-06, 3.5441773889033357e-06, 2.8425433811207768e-06, 2.72841498372145e-06, 4.952923518430907e-06, 5.041530130256433e-06, 3.871430180879543e-06, 1.2122368389100302e-06, 4.706686468125554e-06, 1.1267733498243615e-05, 1.7431306105208932e-06, 0.9999330043792725], "B1s1": [9.96279140963452e-07, 1.0887192729569506e-06, 1.067228822648758e-06, 0.9999964237213135, 4.609777874975407e-07], "TS1s1": [6.138856178949936e-07, 1.334005219177925e-06, 8.350866096407117e-07, 1.9799826986854896e-06, 7.969660487106012e-07, 1.9444919416855555e-06, 6.0170950746396556e-05, 0.9999322891235352], "K1": [1.0182297955907416e-06, 2.380641035415465e-06, 0.999996542930603], "T1s1": [5.269417329145654e-07, 0.9999971389770508, 8.658998922328465e-07, 1.530927193016396e-06], "P4": [1.288812541133666e-07, 3.275479514286417e-07, 3.6903534805787785e-07, 3.240473063215177e-07, 8.432368758803932e-08, 0.9999978542327881, 1.5157446853208967e-07, 1.4231177658530214e-07, 7.446082861406467e-08, 1.466429608854014e-07, 2.7653075562739104e-07, 1.0473934963783904e-07, 1.1203357530575886e-07], "EM1": [2.090110683639068e-06, 1.971481651708018e-06, 3.5038101486861706e-06, 6.446435691032093e-06, 0.999985933303833], "TM1": [6.421016678359592e-07, 4.4509161511996354e-07, 0.9999980926513672, 3.3672176869004034e-07, 2.762877500117611e-07, 2.947506345662987e-07], "I1s2": [[0.9999939203262329, 3.0108969895081827e-06, 3.132916390313767e-06], [1.8353193809161894e-07, 3.3037008506653365e-07, 0.9999995231628418], [3.910696761977306e-07, 4.2102271891053533e-07, 0.9999991655349731], [6.34717423508846e-07, 3.8199700611585286e-06, 0.9999955892562866], [6.979660156503087e-07, 2.0616071196855046e-06, 0.9999972581863403], [0.9999920129776001, 3.6971641748095863e-06, 4.265319603291573e-06], [4.578654682063643e-07, 7.82783445174573e-07, 0.9999988079071045], [2.1901782076838572e-07, 3.491533675514802e-07, 0.9999994039535522], [2.646880830070586e-07, 1.0367850791226374e-06, 0.9999986886978149], [0.9999923706054688, 2.949735289803357e-06, 4.647272362490185e-06], [0.9999914169311523, 3.79832522412471e-06, 4.768844519276172e-06], [5.78261960981763e-07, 8.767935355535883e-07, 0.9999985694885254], [4.96896461754659e-07, 2.45650721808488e-06, 0.9999970197677612], [1.2796456303476589e-06, 4.1238658923248295e-06, 0.9999946355819702], [3.125572050066694e-07, 5.409597179095726e-07, 0.9999991655349731], [2.0365273201150558e-07, 4.7634569000365445e-07, 0.9999992847442627], [6.493457362921617e-07, 1.6685352193235303e-06, 0.9999977350234985], [2.91939215912862e-07, 4.200281580324372e-07, 0.9999992847442627], [4.931215471515316e-07, 1.1100071333203232e-06, 0.9999984502792358], [1.3335788651147595e-07, 5.019376771997486e-07, 0.9999994039535522], [2.32557283652568e-07, 1.085381427401444e-06, 0.9999986886978149], [6.052985668247857e-07, 3.3154850598293706e-07, 0.9999990463256836], [2.0951574697392061e-07, 1.1580510772546404e-06, 0.9999986886978149], [1.7566034671290254e-07, 2.1312405351636698e-07, 0.9999996423721313], [0.9999923706054688, 2.8603831196960527e-06, 4.730975433631102e-06], [2.3816546956823004e-07, 5.326379550751881e-07, 0.9999992847442627], [5.12991562118259e-07, 1.355537506242399e-06, 0.9999980926513672], [0.9999932050704956, 2.710814897000091e-06, 4.0513855310564395e-06]], "S4": [[4.984139195585158e-06, 2.0905956716887886e-06, 0.9999929666519165], [5.469156576509704e-07, 6.01548663325957e-07, 0.9999988079071045], [4.727476721200219e-07, 6.133716965450731e-07, 0.999998927116394], [4.345058073340624e-07, 6.346541567836539e-07, 0.999998927116394], [8.239052249336964e-07, 8.380266649510304e-07, 0.9999983310699463], [6.39337429220177e-07, 1.1904468237844412e-06, 0.9999982118606567], [6.327076107481844e-07, 6.000120151838928e-07, 0.9999988079071045], [5.634774993268366e-07, 5.115922476761625e-07, 0.999998927116394], [6.511043579848774e-07, 7.076364454405848e-07, 0.9999986886978149], [4.710711891675601e-07, 6.660150120296748e-07, 0.9999988079071045], [0.9999897480010986, 6.599899734283099e-06, 3.6893297874485143e-06], [1.0586779808363644e-06, 8.034526786104834e-07, 0.9999980926513672], [7.158917583183211e-07, 1.7075819869205588e-06, 0.999997615814209], [5.475380362440774e-07, 1.0207731975242496e-06, 0.9999984502792358], [1.108727360588091e-06, 9.831036322793807e-07, 0.9999978542327881], [1.3579060578194913e-06, 1.0527955964789726e-06, 0.999997615814209], [1.295881588703196e-06, 1.6340551383109414e-06, 0.9999970197677612], [2.467353397150873e-07, 6.485253720711626e-07, 0.9999990463256836], [7.417567644552037e-07, 1.129353904616437e-06, 0.9999980926513672], [4.844332011089136e-07, 7.469677711924305e-07, 0.9999988079071045], [5.038670565227221e-07, 1.0846920304175e-06, 0.9999984502792358], [7.61648891511868e-07, 1.2262164545973064e-06, 0.9999979734420776]]}, "infer_command_tokens": ["I1s2_0_0", "I1s2_1_2", "I1s2_2_2", "I1s2_3_2", "I1s2_4_2", "I1s2_5_0", "I1s2_6_2", "I1s2_7_2", "I1s2_8_2", "I1s2_9_0", "I1s2_10_0", "I1s2_11_2", "I1s2_12_2", "I1s2_13_2", "I1s2_14_2", "I1s2_15_2", "I1s2_16_2", "I1s2_17_2", "I1s2_18_2", "I1s2_19_2", "I1s2_20_2", "I1s2_21_2", "I1s2_22_2", "I1s2_23_2", "I1s2_24_0", "I1s2_25_2", "I1s2_26_2", "I1s2_27_0", "I4_28", "C1_4", "R1_2", "R3_3", "S2s1_17", "S4_0_2", "S4_1_2", "S4_2_2", "S4_3_2", "S4_4_2", "S4_5_2", "S4_6_2", "S4_7_2", "S4_8_2", "S4_9_2", "S4_10_0", "S4_11_2", "S4_12_2", "S4_13_2", "S4_14_2", "S4_15_2", "S4_16_2", "S4_17_2", "S4_18_2", "S4_19_2", "S4_20_2", "S4_21_2", "B1s1_3", "TS1s1_7", "K1_2", "T1s1_1", "P4_5", "ST1_14", "EM1_4", "TM1_2"]}