{"text": "The compact pitch range of 5 octaves gives rise to a focused and impactful musical performance in this major key. With a length of 16 ~ 30 seconds, this song boasts a highly intense rhythm and a fast-paced tempo. The music is brought to life through the use of piano, percussion and guitar and the time signature of 3/4. As a result, this music effectively conveys grief and has a special emotional quality that is truly captivating.", "pred_labels": {"R1": [0, 0, 1], "R3": [0, 0, 1, 0], "S2s1": [0, 0, 0, 0, 0, 0, 0, 0, 0, 0, 0, 0, 0, 0, 0, 0, 0, 1], "B1s1": [0, 0, 0, 0, 1], "TS1s1": [0, 0, 1, 0, 0, 0, 0, 0], "K1": [1, 0, 0], "T1s1": [0, 0, 1, 0], "P4": [0, 0, 0, 0, 0, 1, 0, 0, 0, 0, 0, 0, 0], "EM1": [0, 0, 1, 0, 0], "TM1": [0, 1, 0, 0, 0, 0], "I1s2": [[1, 0, 0], [0, 0, 1], [1, 0, 0], [0, 0, 1], [1, 0, 0], [0, 0, 1], [0, 0, 1], [0, 0, 1], [0, 0, 1], [0, 0, 1], [0, 0, 1], [0, 0, 1], [0, 0, 1], [0, 0, 1], [0, 0, 1], [0, 0, 1], [0, 0, 1], [0, 0, 1], [0, 0, 1], [0, 0, 1], [0, 0, 1], [0, 0, 1], [0, 0, 1], [0, 0, 1], [0, 0, 1], [0, 0, 1], [0, 0, 1], [0, 0, 1]], "S4": [[0, 0, 1], [0, 0, 1], [0, 0, 1], [0, 0, 1], [0, 0, 1], [0, 0, 1], [0, 0, 1], [0, 0, 1], [0, 0, 1], [0, 0, 1], [0, 0, 1], [0, 0, 1], [0, 0, 1], [0, 0, 1], [0, 0, 1], [0, 0, 1], [0, 0, 1], [0, 0, 1], [0, 0, 1], [0, 0, 1], [0, 0, 1], [0, 0, 1]]}, "pred_probs": {"R1": [4.287147021386772e-06, 4.249146059009945e-06, 0.9999914169311523], "R3": [8.440021588285163e-07, 1.7742382851793081e-06, 0.9999966621398926, 7.652679983038979e-07], "S2s1": [2.4280391244246857e-06, 2.807662667692057e-06, 4.1146176954498515e-06, 3.3765870739443926e-06, 3.759419087145943e-06, 4.051174528285628e-06, 3.432401172176469e-06, 2.846442839654628e-06, 2.772878360701725e-06, 2.9540708510467084e-06, 4.7231496864696965e-06, 5.338668415788561e-06, 3.933199877792504e-06, 1.309108256464242e-06, 4.275437731848797e-06, 9.841654900810681e-06, 1.8852667835744796e-06, 0.9999362230300903], "B1s1": [7.083201126079075e-06, 5.258013061393285e-06, 9.708864126878325e-06, 2.1712858142564073e-06, 0.9999758005142212], "TS1s1": [2.3909385049591947e-07, 3.4247210578541853e-07, 0.9999978542327881, 2.4654121943967766e-07, 4.888369744548982e-07, 3.2993503396028245e-07, 2.2345267325363238e-07, 2.41011605339736e-07], "K1": [0.9999996423721313, 1.2388218806336226e-07, 2.2423995460485457e-07], "T1s1": [9.267429277315387e-07, 1.490716726948449e-06, 0.9999957084655762, 1.9077670003753155e-06], "P4": [1.11969299609882e-07, 2.508769512132858e-07, 2.323724714869968e-07, 3.6457259966482525e-07, 7.685071068408433e-08, 0.9999980926513672, 1.445832111812706e-07, 1.2316928632571944e-07, 8.932710926501386e-08, 1.1973733649028873e-07, 2.3386378700251953e-07, 1.0512324877254287e-07, 9.410918977437177e-08], "EM1": [2.0270808818168007e-06, 1.6529334061488044e-06, 0.9999910593032837, 2.782893943731324e-06, 2.5533495318086352e-06], "TM1": [1.9403351814162306e-07, 0.9999986886978149, 3.547681899362942e-07, 2.4721668978600064e-07, 1.9792919658812025e-07, 2.053203473906251e-07], "I1s2": [[0.9999935626983643, 2.655125626915833e-06, 3.808623887380236e-06], [2.1662232541075355e-07, 2.592456951333588e-07, 0.9999995231628418], [0.9999934434890747, 2.5446238396398257e-06, 4.0888435250963084e-06], [2.5236008127649256e-07, 9.89263980955002e-07, 0.9999988079071045], [0.9999932050704956, 2.991061819557217e-06, 3.831658432318363e-06], [4.1965483887906885e-07, 6.281719606704428e-07, 0.999998927116394], [3.0496238423438626e-07, 4.854184112446092e-07, 0.9999991655349731], [2.3092070478014648e-07, 3.13488669689832e-07, 0.9999994039535522], [1.3283514022077725e-07, 7.658670142518531e-07, 0.9999990463256836], [1.7657353623690142e-07, 1.6907611666283628e-07, 0.9999996423721313], [2.742178253356542e-07, 1.1209633612452308e-06, 0.9999985694885254], [3.5362765515856154e-07, 4.603982119988359e-07, 0.9999991655349731], [2.245720196469847e-07, 4.813148848370474e-07, 0.9999992847442627], [6.448710792028578e-07, 1.5549627505606622e-06, 0.9999978542327881], [2.125042044553993e-07, 2.730711230469751e-07, 0.9999995231628418], [9.81829870738693e-08, 1.5510120476847078e-07, 0.9999997615814209], [2.390876261415542e-07, 3.8166106719472737e-07, 0.9999994039535522], [2.665298381998582e-07, 1.90547496004001e-07, 0.9999995231628418], [3.856761452425417e-07, 6.351755246214452e-07, 0.999998927116394], [1.619998641899656e-07, 4.19003214346958e-07, 0.9999994039535522], [1.9804167550319107e-07, 4.041680199406983e-07, 0.9999994039535522], [5.621283776235941e-07, 3.08833335793679e-07, 0.9999991655349731], [2.3545240424027725e-07, 7.902173706497706e-07, 0.999998927116394], [1.2848681762989145e-07, 1.4436589879096573e-07, 0.9999997615814209], [1.2798874422514928e-06, 1.7926230100329121e-07, 0.9999985694885254], [2.0796179001081327e-07, 2.6795706276061537e-07, 0.9999995231628418], [3.1548478318654816e-07, 7.152532930376765e-07, 0.999998927116394], [1.518783108167554e-07, 3.2108758318827313e-07, 0.9999995231628418]], "S4": [[3.7364484342106152e-06, 1.4818747331446502e-06, 0.9999947547912598], [5.770804136773222e-07, 5.984370545775164e-07, 0.9999988079071045], [4.326450948610727e-07, 6.729333676958049e-07, 0.999998927116394], [4.377666584787221e-07, 6.312936875474406e-07, 0.999998927116394], [7.277334361788235e-07, 9.168573456008744e-07, 0.9999983310699463], [5.683816652890528e-07, 9.577652235748246e-07, 0.9999984502792358], [6.007701927046583e-07, 5.291392994877242e-07, 0.999998927116394], [5.690413900083513e-07, 4.907375910079281e-07, 0.999998927116394], [6.053687116036599e-07, 7.752950637041067e-07, 0.9999985694885254], [4.706881213678571e-07, 7.309263310162351e-07, 0.9999988079071045], [4.93444815674593e-07, 9.4315032583836e-07, 0.9999985694885254], [1.0934983265542542e-06, 8.257244417109177e-07, 0.9999980926513672], [6.567265131707245e-07, 1.275921135857061e-06, 0.9999980926513672], [4.787363536706835e-07, 8.607948416283762e-07, 0.9999986886978149], [3.851567669244105e-07, 8.060611094151682e-07, 0.9999988079071045], [7.598530942232173e-07, 5.089021328785748e-07, 0.9999986886978149], [5.11302516770229e-07, 5.29575515884062e-07, 0.999998927116394], [2.1734612687396293e-07, 5.195387871026469e-07, 0.9999992847442627], [7.589590609313746e-07, 9.794543984753545e-07, 0.9999982118606567], [4.88019452404842e-07, 7.413117373289424e-07, 0.9999988079071045], [4.865267442255572e-07, 9.292129448112973e-07, 0.9999985694885254], [7.48975992337364e-07, 1.2037604619763442e-06, 0.9999980926513672]]}, "infer_command_tokens": ["I1s2_0_0", "I1s2_1_2", "I1s2_2_0", "I1s2_3_2", "I1s2_4_0", "I1s2_5_2", "I1s2_6_2", "I1s2_7_2", "I1s2_8_2", "I1s2_9_2", "I1s2_10_2", "I1s2_11_2", "I1s2_12_2", "I1s2_13_2", "I1s2_14_2", "I1s2_15_2", "I1s2_16_2", "I1s2_17_2", "I1s2_18_2", "I1s2_19_2", "I1s2_20_2", "I1s2_21_2", "I1s2_22_2", "I1s2_23_2", "I1s2_24_2", "I1s2_25_2", "I1s2_26_2", "I1s2_27_2", "I4_28", "C1_4", "R1_2", "R3_2", "S2s1_17", "S4_0_2", "S4_1_2", "S4_2_2", "S4_3_2", "S4_4_2", "S4_5_2", "S4_6_2", "S4_7_2", "S4_8_2", "S4_9_2", "S4_10_2", "S4_11_2", "S4_12_2", "S4_13_2", "S4_14_2", "S4_15_2", "S4_16_2", "S4_17_2", "S4_18_2", "S4_19_2", "S4_20_2", "S4_21_2", "B1s1_4", "TS1s1_2", "K1_0", "T1s1_2", "P4_5", "ST1_14", "EM1_2", "TM1_1"]}