{"text": "The beat of this song is extremely strong.", "pred_labels": {"R1": [0, 0, 1], "R3": [0, 0, 1, 0], "S2s1": [0, 0, 0, 0, 0, 0, 0, 0, 0, 0, 0, 0, 0, 0, 0, 0, 0, 1], "B1s1": [0, 0, 0, 0, 1], "TS1s1": [0, 0, 0, 0, 0, 0, 0, 1], "K1": [0, 0, 1], "T1s1": [0, 0, 0, 1], "P4": [0, 0, 0, 0, 0, 0, 0, 0, 0, 0, 0, 0, 1], "EM1": [0, 0, 0, 0, 1], "TM1": [0, 0, 0, 0, 0, 1], "I1s2": [[0, 0, 1], [0, 0, 1], [0, 0, 1], [0, 0, 1], [0, 0, 1], [0, 0, 1], [0, 0, 1], [0, 0, 1], [0, 0, 1], [0, 0, 1], [0, 0, 1], [0, 0, 1], [0, 0, 1], [0, 0, 1], [0, 0, 1], [0, 0, 1], [0, 0, 1], [0, 0, 1], [0, 0, 1], [0, 0, 1], [0, 0, 1], [0, 0, 1], [0, 0, 1], [0, 0, 1], [0, 0, 1], [0, 0, 1], [0, 0, 1], [0, 0, 1]], "S4": [[0, 0, 1], [0, 0, 1], [0, 0, 1], [0, 0, 1], [0, 0, 1], [0, 0, 1], [0, 0, 1], [0, 0, 1], [0, 0, 1], [0, 0, 1], [0, 0, 1], [0, 0, 1], [0, 0, 1], [0, 0, 1], [0, 0, 1], [0, 0, 1], [0, 0, 1], [0, 0, 1], [0, 0, 1], [0, 0, 1], [0, 0, 1], [0, 0, 1]]}, "pred_probs": {"R1": [4.859969067183556e-06, 5.189796411286807e-06, 0.9999899864196777], "R3": [7.605917176078947e-07, 2.2229835394682596e-06, 0.999996542930603, 4.4737066673405934e-07], "S2s1": [5.079646143713035e-06, 4.7671146603534e-06, 1.214215808431618e-05, 5.7568222473491915e-06, 8.93965352588566e-06, 9.786168448044918e-06, 5.543308816413628e-06, 7.23101675248472e-06, 3.928744717995869e-06, 6.809886599512538e-06, 8.317985702888109e-06, 1.0112001291417982e-05, 7.574666142318165e-06, 2.2687900127493776e-06, 1.0053337064164225e-05, 1.5418270777445287e-05, 4.390018148114905e-06, 0.9998718500137329], "B1s1": [1.4933468264644034e-05, 1.0625305549183395e-05, 2.2662454284727573e-05, 4.779354185302509e-06, 0.9999469518661499], "TS1s1": [1.0613297263262211e-06, 2.4646742531331256e-06, 1.9879526007571258e-06, 2.6618265565048205e-06, 1.025606252369471e-06, 2.5697549972392153e-06, 4.996565985493362e-05, 0.9999382495880127], "K1": [6.37149651083746e-06, 4.840591373067582e-06, 0.9999887943267822], "T1s1": [3.0873134164721705e-06, 5.657438578055007e-06, 3.4059373774653068e-06, 0.9999878406524658], "P4": [8.009238854356227e-07, 7.117032509995624e-07, 6.121512683421315e-07, 5.707368586627126e-07, 1.1697467243720894e-06, 3.4247594271619164e-07, 9.789868045118055e-07, 6.394541287590982e-07, 8.342782393810921e-07, 1.169222514363355e-06, 5.769553581558284e-07, 7.36717197469261e-07, 0.9999909400939941], "EM1": [3.5863661196344765e-06, 3.842805654130643e-06, 6.061064141249517e-06, 6.525415301439352e-06, 0.9999799728393555], "TM1": [9.829135478867101e-07, 1.2933664947922807e-06, 1.1003019153577043e-06, 1.33812704916636e-06, 1.6460961660413886e-07, 0.9999951124191284], "I1s2": [[4.120235246318771e-07, 2.9172520044085104e-07, 0.9999992847442627], [5.058491865383985e-07, 2.9897375952714356e-07, 0.9999991655349731], [4.861383331444813e-07, 2.88810809934148e-07, 0.9999991655349731], [7.350700457209314e-07, 6.822414775342622e-07, 0.9999985694885254], [5.152252811058133e-07, 3.8503307564496936e-07, 0.9999990463256836], [7.083062882884406e-07, 5.622009666694794e-07, 0.9999986886978149], [6.87621991346532e-07, 5.820420483360067e-07, 0.9999986886978149], [5.661514705934678e-07, 3.8856398987263674e-07, 0.9999990463256836], [4.306660059683054e-07, 2.8859167855443957e-07, 0.9999992847442627], [3.8203984331630636e-07, 1.541737191246284e-07, 0.9999995231628418], [6.257397444642265e-07, 3.1842893122302485e-07, 0.9999990463256836], [7.11752420556877e-07, 2.846875020168227e-07, 0.9999990463256836], [4.1215164969798934e-07, 3.523387306358927e-07, 0.9999992847442627], [9.553614290780388e-07, 6.162073873383633e-07, 0.9999984502792358], [5.626855568152678e-07, 3.490699782560114e-07, 0.9999990463256836], [2.562987333476485e-07, 1.1843138736367109e-07, 0.9999996423721313], [5.95264509684057e-07, 3.9229107073879277e-07, 0.9999990463256836], [4.5781334279126895e-07, 1.6153904880411574e-07, 0.9999994039535522], [9.355749170936178e-07, 7.700791684328578e-07, 0.9999983310699463], [3.1750280982123513e-07, 7.837179509806447e-07, 0.999998927116394], [3.7457112966876593e-07, 3.144527909171302e-07, 0.9999992847442627], [9.206717663801101e-07, 3.9367913018395484e-07, 0.9999986886978149], [3.1072636375029106e-07, 7.508274393330794e-07, 0.999998927116394], [2.396702711848775e-07, 1.2845887908952136e-07, 0.9999996423721313], [1.5683790479670279e-06, 2.0994927751871728e-07, 0.9999982118606567], [3.8825737647130154e-07, 2.922709825270431e-07, 0.9999992847442627], [7.990747121766617e-07, 3.7171730582485907e-07, 0.9999988079071045], [3.332638982556091e-07, 3.381932174306712e-07, 0.9999992847442627]], "S4": [[5.553618848352926e-06, 2.071225935651455e-06, 0.9999923706054688], [1.1052455874960287e-06, 1.1203895837752498e-06, 0.9999977350234985], [6.272543942031916e-07, 1.1143873734908993e-06, 0.9999982118606567], [7.632202709828562e-07, 1.1666344335026224e-06, 0.9999980926513672], [1.2770326520694653e-06, 2.40502095039119e-06, 0.9999963045120239], [1.0045246199297253e-06, 2.776760311462567e-06, 0.9999961853027344], [5.640625886371708e-07, 1.3148285233910428e-06, 0.9999980926513672], [9.965506251319312e-07, 9.453904112888267e-07, 0.9999980926513672], [8.476089305986534e-07, 1.152711661234207e-06, 0.9999979734420776], [1.4643898111899034e-06, 5.580571269092616e-06, 0.9999929666519165], [8.08373840754939e-07, 2.026822585321497e-06, 0.9999971389770508], [1.479837806073192e-06, 2.049045178864617e-06, 0.9999964237213135], [1.518050908089208e-06, 2.868223873520037e-06, 0.9999955892562866], [7.693295174249215e-07, 2.2398151031666202e-06, 0.9999970197677612], [8.790176480033551e-07, 1.9787330529652536e-06, 0.9999971389770508], [1.038381583384762e-06, 8.703590879122203e-07, 0.9999980926513672], [7.632265806023497e-07, 1.5013845313660568e-06, 0.9999977350234985], [4.1415214013795776e-07, 9.96065523395373e-07, 0.9999985694885254], [9.790813237486873e-06, 6.339112587738782e-06, 0.9999839067459106], [5.877197395420808e-07, 1.5132468433876056e-06, 0.9999978542327881], [8.512911904290377e-07, 1.6827571016619913e-06, 0.9999974966049194], [8.71451220518793e-07, 1.9894996512448415e-06, 0.9999971389770508]]}, "infer_command_tokens": ["I1s2_0_2", "I1s2_1_2", "I1s2_2_2", "I1s2_3_2", "I1s2_4_2", "I1s2_5_2", "I1s2_6_2", "I1s2_7_2", "I1s2_8_2", "I1s2_9_2", "I1s2_10_2", "I1s2_11_2", "I1s2_12_2", "I1s2_13_2", "I1s2_14_2", "I1s2_15_2", "I1s2_16_2", "I1s2_17_2", "I1s2_18_2", "I1s2_19_2", "I1s2_20_2", "I1s2_21_2", "I1s2_22_2", "I1s2_23_2", "I1s2_24_2", "I1s2_25_2", "I1s2_26_2", "I1s2_27_2", "I4_28", "C1_4", "R1_2", "R3_2", "S2s1_17", "S4_0_2", "S4_1_2", "S4_2_2", "S4_3_2", "S4_4_2", "S4_5_2", "S4_6_2", "S4_7_2", "S4_8_2", "S4_9_2", "S4_10_2", "S4_11_2", "S4_12_2", "S4_13_2", "S4_14_2", "S4_15_2", "S4_16_2", "S4_17_2", "S4_18_2", "S4_19_2", "S4_20_2", "S4_21_2", "B1s1_4", "TS1s1_7", "K1_2", "T1s1_3", "P4_12", "ST1_14", "EM1_4", "TM1_5"]}