{"text": "The about 40-second song with a limited pitch range of 4 octaves allows for a greater emphasis on the nuances of tone and phrasing, while the minor key contributes to its special emotional quality. The rhythm of the song is just right, not too fast or too slow, and the grand piano, drum and bass play an important role in creating its overall sound. It is performed at a rapid pace, using the 4/4 time signature, and is characterized by its downheartedness nature.", "pred_labels": {"R1": [0, 0, 1], "R3": [0, 1, 0, 0], "S2s1": [0, 0, 0, 0, 0, 0, 0, 0, 0, 0, 0, 0, 0, 0, 0, 0, 0, 1], "B1s1": [0, 0, 0, 0, 1], "TS1s1": [1, 0, 0, 0, 0, 0, 0, 0], "K1": [0, 1, 0], "T1s1": [0, 0, 1, 0], "P4": [0, 0, 0, 0, 1, 0, 0, 0, 0, 0, 0, 0, 0], "EM1": [0, 0, 1, 0, 0], "TM1": [0, 0, 1, 0, 0, 0], "I1s2": [[1, 0, 0], [0, 0, 1], [0, 0, 1], [0, 0, 1], [0, 0, 1], [1, 0, 0], [0, 0, 1], [0, 0, 1], [0, 0, 1], [0, 0, 1], [0, 0, 1], [0, 0, 1], [0, 0, 1], [0, 0, 1], [0, 0, 1], [0, 0, 1], [0, 0, 1], [0, 0, 1], [0, 0, 1], [0, 0, 1], [0, 0, 1], [0, 0, 1], [0, 0, 1], [0, 0, 1], [0, 0, 1], [0, 0, 1], [0, 0, 1], [1, 0, 0]], "S4": [[0, 0, 1], [0, 0, 1], [0, 0, 1], [0, 0, 1], [0, 0, 1], [0, 0, 1], [0, 0, 1], [0, 0, 1], [0, 0, 1], [0, 0, 1], [0, 0, 1], [0, 0, 1], [0, 0, 1], [0, 0, 1], [0, 0, 1], [0, 0, 1], [0, 0, 1], [0, 0, 1], [0, 0, 1], [0, 0, 1], [0, 0, 1], [0, 0, 1]]}, "pred_probs": {"R1": [4.607555638358463e-06, 3.7987276755302446e-06, 0.9999915361404419], "R3": [2.2815711417933926e-06, 0.9999963045120239, 5.385070380725665e-07, 7.780642476973298e-07], "S2s1": [2.3969748781382805e-06, 2.639240847202018e-06, 4.452855137060396e-06, 3.400581817913917e-06, 3.3165651984745637e-06, 3.947347977373283e-06, 3.438826297497144e-06, 3.186341700711637e-06, 2.6903253456111997e-06, 2.6940249426843366e-06, 5.174631951376796e-06, 4.430518856679555e-06, 3.607920234571793e-06, 1.3324428209671169e-06, 4.156114300712943e-06, 9.157662134384736e-06, 1.7636517668506713e-06, 0.9999381303787231], "B1s1": [6.258062967390288e-06, 5.061664523964282e-06, 8.577275366405956e-06, 2.039145556409494e-06, 0.9999780654907227], "TS1s1": [0.9999978542327881, 3.80058310156528e-07, 5.745039288740372e-07, 1.3477252025495545e-07, 2.917921051448502e-07, 1.5271929498794634e-07, 3.33607800939717e-07, 3.414878051444248e-07], "K1": [3.343060939187126e-07, 0.9999992847442627, 3.5882843008039345e-07], "T1s1": [1.7018901417031884e-06, 9.266015581488318e-07, 0.9999966621398926, 6.896551667523454e-07], "P4": [2.2330749516186188e-07, 9.511489906799397e-08, 7.908511889809233e-08, 6.823301390568304e-08, 0.9999983310699463, 8.79925750041366e-08, 1.3945444266028062e-07, 1.684303754245775e-07, 1.3278337007704977e-07, 2.3753533184844855e-07, 1.548971511056152e-07, 1.1128566512752514e-07, 2.430813879072957e-07], "EM1": [5.231549494055798e-06, 1.8587852537166327e-06, 0.999988317489624, 2.4217019927164074e-06, 2.2226854525797535e-06], "TM1": [5.891772616450908e-07, 5.070053248346085e-07, 0.9999980926513672, 3.920603148799273e-07, 2.573583799403423e-07, 2.558890059844998e-07], "I1s2": [[0.9999942779541016, 2.781488547043409e-06, 2.978148359034094e-06], [2.0325501282059122e-07, 2.7915706368730753e-07, 0.9999995231628418], [3.7399644270408317e-07, 3.849806660127797e-07, 0.9999992847442627], [5.285523911879864e-07, 3.1976842365111224e-06, 0.9999963045120239], [5.855800964127411e-07, 1.9092101410933537e-06, 0.9999974966049194], [0.9999927282333374, 3.0010521641088417e-06, 4.245910986355739e-06], [4.1112608073490264e-07, 6.872641620248032e-07, 0.999998927116394], [2.2374305785888282e-07, 3.006903739333211e-07, 0.9999995231628418], [2.0246483245500713e-07, 6.362208750942955e-07, 0.9999991655349731], [2.6164948963014467e-07, 2.979366513500281e-07, 0.9999994039535522], [3.346744392729306e-07, 6.396306844180799e-07, 0.9999990463256836], [4.3214453171458445e-07, 5.426244342743303e-07, 0.9999990463256836], [4.75545249400966e-07, 1.689330929366406e-06, 0.9999978542327881], [1.2863667961937608e-06, 2.9617558539030142e-06, 0.9999957084655762], [2.9307457793947833e-07, 3.844629645755049e-07, 0.9999992847442627], [2.802364633680554e-07, 5.084251029074949e-07, 0.9999991655349731], [5.539407652577211e-07, 1.3396211215876974e-06, 0.9999980926513672], [2.9285695291036973e-07, 2.844091966380802e-07, 0.9999994039535522], [4.7575107942066097e-07, 9.534246601106133e-07, 0.9999985694885254], [1.3545512445034547e-07, 4.3145615791218006e-07, 0.9999994039535522], [2.0794783495148295e-07, 6.276918611547444e-07, 0.9999991655349731], [6.459255246227258e-07, 3.5505297546478687e-07, 0.9999990463256836], [2.454375191973668e-07, 7.634823759872233e-07, 0.9999990463256836], [1.6479020814585965e-07, 1.6838964711496374e-07, 0.9999996423721313], [1.7867481574285193e-06, 2.248387289682796e-07, 0.9999979734420776], [2.135267891389958e-07, 4.452793973541702e-07, 0.9999992847442627], [5.054797611592221e-07, 1.2605416941369185e-06, 0.9999982118606567], [0.9999939203262329, 2.53613097811467e-06, 3.555399189281161e-06]], "S4": [[6.901264896441717e-06, 2.3331731426878832e-06, 0.9999908208847046], [5.326322138898831e-07, 5.931122473157302e-07, 0.999998927116394], [4.569786824504263e-07, 6.133570877864258e-07, 0.999998927116394], [4.6593265778938076e-07, 6.345628094095446e-07, 0.999998927116394], [7.996110298336134e-07, 9.139415624304092e-07, 0.9999983310699463], [6.303307031885197e-07, 1.0191953379035112e-06, 0.9999983310699463], [7.172797609200643e-07, 6.321453724922321e-07, 0.9999986886978149], [5.544036980609235e-07, 4.794542860508955e-07, 0.999998927116394], [6.345165957100107e-07, 7.634157555003185e-07, 0.9999985694885254], [5.164205845176184e-07, 6.498792117781704e-07, 0.9999988079071045], [4.901270358459442e-07, 1.0092638831338263e-06, 0.9999984502792358], [1.1170494644829887e-06, 8.11006259482383e-07, 0.9999980926513672], [6.60981640976388e-07, 1.1714230367942946e-06, 0.9999982118606567], [5.800630447083677e-07, 9.21147545795975e-07, 0.9999984502792358], [4.752188260681578e-07, 7.07831588897534e-07, 0.9999988079071045], [1.4575610975953168e-06, 8.9794821178657e-07, 0.999997615814209], [7.917072935015312e-07, 1.0273456609866116e-06, 0.9999982118606567], [2.2752820427740517e-07, 4.98645533753006e-07, 0.9999992847442627], [7.427352102240548e-07, 9.354598091704247e-07, 0.9999983310699463], [5.50614515759662e-07, 7.147090173020842e-07, 0.9999986886978149], [5.526762265617435e-07, 9.037885888574237e-07, 0.9999985694885254], [7.328033575504378e-07, 1.0510907486604992e-06, 0.9999982118606567]]}, "infer_command_tokens": ["I1s2_0_0", "I1s2_1_2", "I1s2_2_2", "I1s2_3_2", "I1s2_4_2", "I1s2_5_0", "I1s2_6_2", "I1s2_7_2", "I1s2_8_2", "I1s2_9_2", "I1s2_10_2", "I1s2_11_2", "I1s2_12_2", "I1s2_13_2", "I1s2_14_2", "I1s2_15_2", "I1s2_16_2", "I1s2_17_2", "I1s2_18_2", "I1s2_19_2", "I1s2_20_2", "I1s2_21_2", "I1s2_22_2", "I1s2_23_2", "I1s2_24_2", "I1s2_25_2", "I1s2_26_2", "I1s2_27_0", "I4_28", "C1_4", "R1_2", "R3_1", "S2s1_17", "S4_0_2", "S4_1_2", "S4_2_2", "S4_3_2", "S4_4_2", "S4_5_2", "S4_6_2", "S4_7_2", "S4_8_2", "S4_9_2", "S4_10_2", "S4_11_2", "S4_12_2", "S4_13_2", "S4_14_2", "S4_15_2", "S4_16_2", "S4_17_2", "S4_18_2", "S4_19_2", "S4_20_2", "S4_21_2", "B1s1_4", "TS1s1_0", "K1_1", "T1s1_2", "P4_4", "ST1_14", "EM1_2", "TM1_2"]}