{"text": "The pitch range of 4 octaves adds a distinctive character to the music, emphasizing its emotional depth, while the use of major key creates a rich and dynamic sonic palette. With a length of 31 ~ 45 seconds, this song showcases a rapid tempo and relies heavily on the vital use of piano and strings. Its time signature is 4/4, accompanied by a moderate rhythm, and overall, the music exudes delight in nature.", "pred_labels": {"R1": [0, 0, 1], "R3": [0, 0, 1, 0], "S2s1": [0, 0, 0, 0, 0, 0, 0, 0, 0, 0, 0, 0, 0, 0, 0, 0, 0, 1], "B1s1": [0, 0, 0, 0, 1], "TS1s1": [1, 0, 0, 0, 0, 0, 0, 0], "K1": [1, 0, 0], "T1s1": [0, 1, 0, 0], "P4": [0, 0, 0, 0, 1, 0, 0, 0, 0, 0, 0, 0, 0], "EM1": [1, 0, 0, 0, 0], "TM1": [0, 0, 1, 0, 0, 0], "I1s2": [[1, 0, 0], [0, 0, 1], [0, 0, 1], [0, 0, 1], [0, 0, 1], [0, 0, 1], [0, 0, 1], [0, 0, 1], [0, 0, 1], [0, 0, 1], [1, 0, 0], [0, 0, 1], [0, 0, 1], [0, 0, 1], [0, 0, 1], [0, 0, 1], [0, 0, 1], [0, 0, 1], [0, 0, 1], [0, 0, 1], [0, 0, 1], [0, 0, 1], [0, 0, 1], [0, 0, 1], [0, 0, 1], [0, 0, 1], [0, 0, 1], [0, 0, 1]], "S4": [[0, 0, 1], [0, 0, 1], [0, 0, 1], [0, 0, 1], [0, 0, 1], [0, 0, 1], [0, 0, 1], [0, 0, 1], [0, 0, 1], [0, 0, 1], [0, 0, 1], [0, 0, 1], [0, 0, 1], [0, 0, 1], [0, 0, 1], [0, 0, 1], [0, 0, 1], [0, 0, 1], [0, 0, 1], [0, 0, 1], [0, 0, 1], [0, 0, 1]]}, "pred_probs": {"R1": [4.754179371957434e-06, 4.280857410776662e-06, 0.9999909400939941], "R3": [9.325153200734349e-07, 1.7785548607207602e-06, 0.9999966621398926, 5.848206683367607e-07], "S2s1": [2.471009338478325e-06, 2.4372466214117594e-06, 4.5613946895173285e-06, 3.3452654406573856e-06, 3.943046976928599e-06, 4.051822998007992e-06, 3.5220475638197968e-06, 2.9722748422500445e-06, 2.7906419290957274e-06, 3.053926775464788e-06, 4.834661922359373e-06, 5.606685590464622e-06, 3.5854598081641598e-06, 1.2410672525220434e-06, 4.442454155650921e-06, 9.2449545263662e-06, 1.890143494165386e-06, 0.9999361038208008], "B1s1": [6.264535841182806e-06, 5.2347249948070385e-06, 8.553945917810779e-06, 1.9325291304994607e-06, 0.9999780654907227], "TS1s1": [0.999997615814209, 3.803073127528478e-07, 6.651978878835507e-07, 1.3217859873293492e-07, 3.4270888704668323e-07, 1.4261061664910812e-07, 3.311564853447635e-07, 3.5338536008566734e-07], "K1": [0.9999996423721313, 1.2441354613201838e-07, 2.139255599331591e-07], "T1s1": [7.542180355812889e-07, 0.9999974966049194, 8.482360271955258e-07, 9.891286936181132e-07], "P4": [1.8482114683138207e-07, 9.734004180472766e-08, 7.878387719983948e-08, 6.477409186800287e-08, 0.9999984502792358, 1.0059942212592432e-07, 1.2459909726203477e-07, 1.7018534492763138e-07, 1.1156898693798212e-07, 1.9611279356013256e-07, 1.574060775055841e-07, 1.0985644394168048e-07, 2.2689722811719548e-07], "EM1": [0.9999676942825317, 1.837600939325057e-05, 3.143383537462796e-06, 7.0465989665535744e-06, 3.860974629787961e-06], "TM1": [6.841070216978551e-07, 5.047392619417224e-07, 0.9999979734420776, 2.9796237299706263e-07, 2.8199804091855185e-07, 3.5180573831894435e-07], "I1s2": [[0.9999921321868896, 3.0343039725266863e-06, 4.931107014272129e-06], [2.267006493639201e-07, 2.5187893015754526e-07, 0.9999995231628418], [2.7970386895503907e-07, 3.034371047760942e-07, 0.9999994039535522], [2.3227273970860551e-07, 8.099735282485199e-07, 0.999998927116394], [1.888278404749144e-07, 4.574833951664914e-07, 0.9999994039535522], [3.8952234149292053e-07, 5.708672574655793e-07, 0.9999990463256836], [3.754880424367002e-07, 5.317831437423592e-07, 0.9999990463256836], [2.508777754428593e-07, 3.343147341183794e-07, 0.9999994039535522], [1.1889387963037734e-07, 3.002110133820679e-07, 0.9999995231628418], [2.282742030956797e-07, 1.323182345913665e-07, 0.9999996423721313], [0.9999914169311523, 4.185036686976673e-06, 4.468688530323561e-06], [3.350737642904278e-07, 2.4909545004447864e-07, 0.9999994039535522], [2.455808498780243e-07, 5.821777335768274e-07, 0.9999991655349731], [4.2927496224365314e-07, 6.084765686864557e-07, 0.999998927116394], [2.3673165117088502e-07, 2.6588955392981006e-07, 0.9999995231628418], [1.1320597081976302e-07, 1.331932253378909e-07, 0.9999997615814209], [2.9400592893580324e-07, 3.639293311152869e-07, 0.9999992847442627], [2.3904615886749525e-07, 2.520113184800721e-07, 0.9999995231628418], [4.1907648551386956e-07, 7.290021244443778e-07, 0.9999988079071045], [1.4919474722319137e-07, 4.2970972913281e-07, 0.9999994039535522], [2.39166524806933e-07, 3.8651145928270125e-07, 0.9999994039535522], [6.19957290837192e-07, 3.243015100906632e-07, 0.9999990463256836], [2.3136945515034313e-07, 6.546036956933676e-07, 0.9999991655349731], [1.29497024659031e-07, 1.0911087855447477e-07, 0.9999997615814209], [1.3964962590762298e-06, 1.82112685820357e-07, 0.9999984502792358], [1.8369654242178513e-07, 2.608905447232246e-07, 0.9999995231628418], [3.283882392679516e-07, 3.8473365293612005e-07, 0.9999992847442627], [1.3422092592918489e-07, 3.222779128009279e-07, 0.9999995231628418]], "S4": [[3.6190044738759752e-06, 1.521690819572541e-06, 0.9999948740005493], [5.433699925561086e-07, 6.470622793131042e-07, 0.9999988079071045], [4.43478938905173e-07, 6.551094884343911e-07, 0.999998927116394], [4.773546038450149e-07, 7.1728396733306e-07, 0.9999988079071045], [7.049903274491953e-07, 9.198254247166915e-07, 0.9999983310699463], [5.401283260653145e-07, 9.93102275970159e-07, 0.9999984502792358], [6.415959319383546e-07, 5.568776941800024e-07, 0.9999988079071045], [5.501894975168398e-07, 5.581394475484558e-07, 0.999998927116394], [6.25220479832933e-07, 7.522892815359228e-07, 0.9999985694885254], [5.221642709329899e-07, 6.569662787114794e-07, 0.9999988079071045], [4.954927135258913e-07, 1.0717380973801482e-06, 0.9999984502792358], [1.0522651336941635e-06, 8.502369155394263e-07, 0.9999980926513672], [6.733051236551546e-07, 1.2744156947519514e-06, 0.9999980926513672], [5.289060709401383e-07, 9.364909487885598e-07, 0.9999985694885254], [3.9209538726936444e-07, 8.345322726199811e-07, 0.9999988079071045], [9.048554261426034e-07, 5.529066129383864e-07, 0.9999985694885254], [4.608963593000226e-07, 5.414448196461308e-07, 0.9999990463256836], [2.3179197228273551e-07, 4.785061378242972e-07, 0.9999992847442627], [7.901798539933225e-07, 1.013053406495601e-06, 0.9999982118606567], [5.405361207522219e-07, 7.158146786423458e-07, 0.9999986886978149], [5.627597943203e-07, 9.82012693384604e-07, 0.9999984502792358], [7.335849545597739e-07, 1.244530494659557e-06, 0.9999979734420776]]}, "infer_command_tokens": ["I1s2_0_0", "I1s2_1_2", "I1s2_2_2", "I1s2_3_2", "I1s2_4_2", "I1s2_5_2", "I1s2_6_2", "I1s2_7_2", "I1s2_8_2", "I1s2_9_2", "I1s2_10_0", "I1s2_11_2", "I1s2_12_2", "I1s2_13_2", "I1s2_14_2", "I1s2_15_2", "I1s2_16_2", "I1s2_17_2", "I1s2_18_2", "I1s2_19_2", "I1s2_20_2", "I1s2_21_2", "I1s2_22_2", "I1s2_23_2", "I1s2_24_2", "I1s2_25_2", "I1s2_26_2", "I1s2_27_2", "I4_28", "C1_4", "R1_2", "R3_2", "S2s1_17", "S4_0_2", "S4_1_2", "S4_2_2", "S4_3_2", "S4_4_2", "S4_5_2", "S4_6_2", "S4_7_2", "S4_8_2", "S4_9_2", "S4_10_2", "S4_11_2", "S4_12_2", "S4_13_2", "S4_14_2", "S4_15_2", "S4_16_2", "S4_17_2", "S4_18_2", "S4_19_2", "S4_20_2", "S4_21_2", "B1s1_4", "TS1s1_0", "K1_0", "T1s1_1", "P4_4", "ST1_14", "EM1_0", "TM1_2"]}