{"text": "The music I'm referring to is a prime example of the rap and pop style. It has a moderate tempo and comprises about 14 bars. Additionally, the time signature of the music is 4/4. Grand piano, strings and drum should be included in the music. This music is composed in the minor key.", "pred_labels": {"R1": [0, 0, 1], "R3": [0, 0, 0, 1], "S2s1": [0, 0, 0, 0, 0, 0, 0, 0, 0, 0, 0, 0, 0, 0, 0, 0, 0, 1], "B1s1": [0, 0, 0, 1, 0], "TS1s1": [1, 0, 0, 0, 0, 0, 0, 0], "K1": [0, 1, 0], "T1s1": [0, 1, 0, 0], "P4": [0, 0, 0, 0, 0, 0, 0, 0, 0, 0, 0, 0, 1], "EM1": [0, 0, 0, 0, 1], "TM1": [0, 0, 0, 0, 0, 1], "I1s2": [[1, 0, 0], [0, 0, 1], [0, 0, 1], [0, 0, 1], [0, 0, 1], [0, 0, 1], [0, 0, 1], [0, 0, 1], [0, 0, 1], [0, 0, 1], [1, 0, 0], [0, 0, 1], [0, 0, 1], [0, 0, 1], [0, 0, 1], [0, 0, 1], [0, 0, 1], [0, 0, 1], [0, 0, 1], [0, 0, 1], [0, 0, 1], [0, 0, 1], [0, 0, 1], [0, 0, 1], [0, 0, 1], [0, 0, 1], [0, 0, 1], [1, 0, 0]], "S4": [[0, 0, 1], [0, 0, 1], [1, 0, 0], [0, 0, 1], [0, 0, 1], [0, 0, 1], [0, 0, 1], [0, 0, 1], [0, 0, 1], [0, 0, 1], [0, 0, 1], [0, 0, 1], [0, 0, 1], [1, 0, 0], [0, 0, 1], [0, 0, 1], [0, 0, 1], [0, 0, 1], [0, 0, 1], [0, 0, 1], [0, 0, 1], [0, 0, 1]]}, "pred_probs": {"R1": [4.113061095267767e-06, 4.206047833577031e-06, 0.9999916553497314], "R3": [3.3500900826766156e-06, 1.1554190677998122e-05, 8.740962584852241e-06, 0.999976396560669], "S2s1": [2.7313310511090094e-06, 2.765783847280545e-06, 4.9833470256999135e-06, 3.034359224329819e-06, 3.5225041301600868e-06, 4.4744233491655905e-06, 3.2136110803548945e-06, 3.309171688670176e-06, 2.7903008685825625e-06, 2.968419039461878e-06, 5.332561158866156e-06, 5.379158665164141e-06, 3.844916591333458e-06, 1.3634746665047714e-06, 4.596902726916596e-06, 9.442744158150163e-06, 1.9776896351686446e-06, 0.9999340772628784], "B1s1": [1.1869045692947111e-06, 9.515288184047677e-07, 8.338716384059808e-07, 0.999996542930603, 4.952725589646434e-07], "TS1s1": [0.9999977350234985, 3.585993511023844e-07, 6.323280672404508e-07, 1.4774698797737074e-07, 3.2248112802335527e-07, 1.507152234125897e-07, 3.582507019928016e-07, 3.6516993873192405e-07], "K1": [3.269117598847515e-07, 0.9999991655349731, 4.4705151935886533e-07], "T1s1": [1.0477648402229534e-06, 0.9999970197677612, 9.728379382067942e-07, 9.08230049390113e-07], "P4": [4.7027657501530484e-07, 4.229711123571178e-07, 4.2502685460021894e-07, 4.991485411665053e-07, 7.83778261848056e-07, 2.6500578087507165e-07, 5.703108172383509e-07, 2.6974333877660683e-07, 3.8710282979081967e-07, 5.027502538723638e-07, 2.3031832085962378e-07, 4.0916785337685724e-07, 0.9999947547912598], "EM1": [2.9617401651194086e-06, 2.761037649179343e-06, 6.02139107286348e-06, 2.5540186470607296e-05, 0.9999626874923706], "TM1": [3.497326588330907e-07, 7.448869041581929e-07, 4.409993721310457e-07, 6.893179147482442e-07, 7.903667409436821e-08, 0.9999977350234985], "I1s2": [[0.9999947547912598, 2.62185676547233e-06, 2.6096308829437476e-06], [2.1902077662616648e-07, 2.411419188774744e-07, 0.9999995231628418], [3.328214859266154e-07, 2.9232927545308485e-07, 0.9999994039535522], [3.106863175617036e-07, 8.72065413659584e-07, 0.9999988079071045], [4.0905186438067176e-07, 4.512824034463847e-07, 0.9999991655349731], [4.5659751890525513e-07, 6.388168003468309e-07, 0.999998927116394], [4.157851662967005e-07, 5.796956656922703e-07, 0.9999990463256836], [2.6068335046147695e-07, 3.0488280344798113e-07, 0.9999994039535522], [2.1078815848341037e-07, 2.588084555554815e-07, 0.9999995231628418], [2.3285087991098408e-07, 1.589696125847695e-07, 0.9999996423721313], [0.9999918937683105, 4.158886895311298e-06, 3.942063813155983e-06], [3.7934881902401685e-07, 2.526126081647817e-07, 0.9999994039535522], [2.229982811741138e-07, 5.442913675324235e-07, 0.9999992847442627], [5.52664175756945e-07, 6.028598136254004e-07, 0.9999988079071045], [2.5116887059084547e-07, 2.9479687668754195e-07, 0.9999994039535522], [3.584970897918538e-07, 1.4305223317023774e-07, 0.9999995231628418], [2.9358173492255446e-07, 4.065349514803529e-07, 0.9999992847442627], [2.702456924907892e-07, 2.609751561521989e-07, 0.9999995231628418], [4.4939554300071904e-07, 6.897079174450482e-07, 0.9999988079071045], [1.7067767998923955e-07, 3.345252537201304e-07, 0.9999995231628418], [2.30405731826977e-07, 4.1284798157903424e-07, 0.9999994039535522], [7.805791142345697e-07, 3.1953376833371294e-07, 0.999998927116394], [2.2219792583655362e-07, 6.166493449200061e-07, 0.9999991655349731], [1.2503589630341594e-07, 1.0748157563966743e-07, 0.9999997615814209], [3.0124338081805035e-06, 2.102747913568237e-07, 0.9999967813491821], [2.2867726556796697e-07, 2.975618542677694e-07, 0.9999995231628418], [3.871861338211602e-07, 4.0376454535362427e-07, 0.9999991655349731], [0.9999935626983643, 2.5654085220594425e-06, 3.768407623283565e-06]], "S4": [[4.768210146721685e-06, 1.4870915947540198e-06, 0.9999938011169434], [5.93896004374983e-07, 6.58418230159441e-07, 0.9999986886978149], [0.9999892711639404, 5.077428795630112e-06, 5.561355010286206e-06], [4.904998718302522e-07, 6.502145879494492e-07, 0.9999988079071045], [8.880443260750326e-07, 9.87146449915599e-07, 0.9999980926513672], [5.408855940913782e-07, 8.941822216002038e-07, 0.9999985694885254], [5.975012413728109e-07, 6.385645860973455e-07, 0.9999988079071045], [5.87904253279703e-07, 4.845936132369388e-07, 0.999998927116394], [6.173332849357394e-07, 7.602473601764359e-07, 0.9999985694885254], [4.7605982445020345e-07, 7.671372941331356e-07, 0.9999988079071045], [5.406297418630857e-07, 1.0158854593100841e-06, 0.9999984502792358], [1.0965715091515449e-06, 9.187414775624347e-07, 0.9999979734420776], [7.148394161049509e-07, 1.2495373766796547e-06, 0.9999980926513672], [0.9999827146530151, 1.322250591329066e-05, 4.08620735470322e-06], [4.745022863517079e-07, 9.568477707944112e-07, 0.9999985694885254], [7.549356837444066e-07, 5.68308053061628e-07, 0.9999986886978149], [5.00680926052155e-07, 6.627114998991601e-07, 0.9999988079071045], [2.2391826348666655e-07, 5.477886588778347e-07, 0.9999992847442627], [9.10563130673836e-07, 1.014083750305872e-06, 0.9999980926513672], [5.363260129342962e-07, 8.041238857003918e-07, 0.9999986886978149], [5.033176080360136e-07, 1.213479663420003e-06, 0.9999983310699463], [8.026033810892841e-07, 1.12754594283615e-06, 0.9999980926513672]]}, "infer_command_tokens": ["I1s2_0_0", "I1s2_1_2", "I1s2_2_2", "I1s2_3_2", "I1s2_4_2", "I1s2_5_2", "I1s2_6_2", "I1s2_7_2", "I1s2_8_2", "I1s2_9_2", "I1s2_10_0", "I1s2_11_2", "I1s2_12_2", "I1s2_13_2", "I1s2_14_2", "I1s2_15_2", "I1s2_16_2", "I1s2_17_2", "I1s2_18_2", "I1s2_19_2", "I1s2_20_2", "I1s2_21_2", "I1s2_22_2", "I1s2_23_2", "I1s2_24_2", "I1s2_25_2", "I1s2_26_2", "I1s2_27_0", "I4_28", "C1_4", "R1_2", "R3_3", "S2s1_17", "S4_0_2", "S4_1_2", "S4_2_0", "S4_3_2", "S4_4_2", "S4_5_2", "S4_6_2", "S4_7_2", "S4_8_2", "S4_9_2", "S4_10_2", "S4_11_2", "S4_12_2", "S4_13_0", "S4_14_2", "S4_15_2", "S4_16_2", "S4_17_2", "S4_18_2", "S4_19_2", "S4_20_2", "S4_21_2", "B1s1_3", "TS1s1_0", "K1_1", "T1s1_1", "P4_12", "ST1_14", "EM1_4", "TM1_5"]}