{"text": "This song, representative of the typical Latin sound, is divided into about 15 bars and features an incredibly stimulating rhythm. The song's running time is 31 ~ 45 seconds, and it is given its sound through voice, sound effect, strings and bass. These instruments, whether played live or electronically produced, contribute to the overall sound of the music. The choice of instruments used can greatly impact the tone and feel of the song, as well as its emotional impact on the listener. A skilled musician or producer will carefully select the instruments to be used in a composition, ensuring that they blend well together and create the desired effect. Ultimately, the combination of running time and instrumentation can make or break a song's success.", "pred_labels": {"R1": [0, 0, 1], "R3": [0, 0, 1, 0], "S2s1": [0, 0, 0, 0, 0, 0, 0, 0, 0, 0, 0, 0, 0, 0, 0, 0, 0, 1], "B1s1": [0, 0, 0, 1, 0], "TS1s1": [0, 0, 0, 0, 0, 0, 0, 1], "K1": [0, 0, 1], "T1s1": [0, 0, 0, 1], "P4": [0, 0, 0, 0, 0, 0, 0, 0, 0, 0, 0, 0, 1], "EM1": [0, 0, 0, 0, 1], "TM1": [0, 0, 1, 0, 0, 0], "I1s2": [[0, 0, 1], [0, 0, 1], [0, 0, 1], [0, 0, 1], [0, 0, 1], [1, 0, 0], [0, 0, 1], [0, 0, 1], [0, 0, 1], [0, 0, 1], [1, 0, 0], [1, 0, 0], [0, 0, 1], [0, 0, 1], [0, 0, 1], [0, 0, 1], [0, 0, 1], [0, 0, 1], [0, 0, 1], [0, 0, 1], [0, 0, 1], [0, 0, 1], [0, 0, 1], [0, 0, 1], [0, 0, 1], [0, 0, 1], [1, 0, 0], [0, 0, 1]], "S4": [[0, 0, 1], [0, 0, 1], [0, 0, 1], [0, 0, 1], [0, 0, 1], [0, 0, 1], [0, 0, 1], [0, 0, 1], [1, 0, 0], [0, 0, 1], [0, 0, 1], [0, 0, 1], [0, 0, 1], [0, 0, 1], [0, 0, 1], [0, 0, 1], [0, 0, 1], [0, 0, 1], [0, 0, 1], [0, 0, 1], [0, 0, 1], [0, 0, 1]]}, "pred_probs": {"R1": [3.938770987588214e-06, 4.409010216477327e-06, 0.9999916553497314], "R3": [9.165029837276961e-07, 1.4833259456281667e-06, 0.9999970197677612, 5.675233865076734e-07], "S2s1": [2.502836878193193e-06, 2.53635653280071e-06, 4.221368726575747e-06, 3.118861513939919e-06, 3.758970024136943e-06, 4.383688974485267e-06, 3.5919074434787035e-06, 2.6781472115544602e-06, 2.7582743769016815e-06, 3.0553740089089843e-06, 4.771573458128842e-06, 5.2321133807708975e-06, 3.546950210875366e-06, 1.2573117373904097e-06, 4.05171431339113e-06, 9.163688446278684e-06, 1.67920393323584e-06, 0.999937891960144], "B1s1": [8.834268783175503e-07, 9.339794928564515e-07, 8.84285839219956e-07, 0.9999967813491821, 5.189472744859813e-07], "TS1s1": [7.369164336523681e-07, 1.377706553284952e-06, 9.894737331705983e-07, 2.0213599327689735e-06, 8.942313911575184e-07, 1.8933731098513817e-06, 5.108103869133629e-05, 0.9999409914016724], "K1": [6.717885980833671e-07, 1.7110247654272825e-06, 0.999997615814209], "T1s1": [4.374683157948311e-06, 1.4507310197586776e-06, 1.4285883480624761e-06, 0.9999927282333374], "P4": [4.1441600728830963e-07, 4.120734615753463e-07, 4.124792383208842e-07, 4.3901906110477285e-07, 7.835666337996372e-07, 2.548671602653485e-07, 5.748835860686086e-07, 2.746881477833085e-07, 4.6102093165245606e-07, 5.034592618358147e-07, 3.820124732101249e-07, 4.526622490175214e-07, 0.9999946355819702], "EM1": [2.3384407086268766e-06, 1.8779472839014488e-06, 4.472137788980035e-06, 4.571995759761194e-06, 0.9999867677688599], "TM1": [6.759311759196862e-07, 4.1731090050234343e-07, 0.9999978542327881, 3.336637917072949e-07, 2.9869377726754465e-07, 3.359768641075789e-07], "I1s2": [[2.972555250835285e-07, 3.450954864092637e-07, 0.9999994039535522], [1.7671807484020974e-07, 2.3464761511604593e-07, 0.9999996423721313], [4.7005175929371035e-07, 3.8605676877523365e-07, 0.9999991655349731], [5.58558781449392e-07, 2.85453620563203e-06, 0.999996542930603], [4.150579968609236e-07, 9.92476657302177e-07, 0.9999985694885254], [0.9999918937683105, 3.877070867019938e-06, 4.166310645814519e-06], [4.177955759132601e-07, 6.0769195897592e-07, 0.999998927116394], [2.50789270239693e-07, 3.045918788302515e-07, 0.9999994039535522], [2.513893093691877e-07, 4.448184540706279e-07, 0.9999992847442627], [2.110967756152604e-07, 1.7794653217606538e-07, 0.9999996423721313], [0.9999910593032837, 3.983377609984018e-06, 5.019375294068595e-06], [0.9999915361404419, 2.3677143872191664e-06, 6.125117124611279e-06], [2.786695461054478e-07, 1.0900993174800533e-06, 0.9999986886978149], [1.037156835081987e-06, 2.283156391058583e-06, 0.9999966621398926], [2.538936314522289e-07, 3.259154084389593e-07, 0.9999994039535522], [1.9393174000015279e-07, 2.550862916450569e-07, 0.9999995231628418], [4.878510253547574e-07, 6.923149271642615e-07, 0.9999988079071045], [3.401832202598598e-07, 3.689334846512793e-07, 0.9999992847442627], [4.1571215092517377e-07, 6.704453880956862e-07, 0.999998927116394], [1.4723372032676707e-07, 3.3496388596176985e-07, 0.9999995231628418], [2.2515182251936494e-07, 7.782334137118596e-07, 0.9999990463256836], [6.670309744549741e-07, 3.4596791920193937e-07, 0.9999990463256836], [2.1038376019077987e-07, 8.097719046418206e-07, 0.999998927116394], [1.676855134746802e-07, 1.2246695746398473e-07, 0.9999997615814209], [2.4514297365385573e-06, 2.0765833141922485e-07, 0.9999973773956299], [2.3453122821592842e-07, 4.1327498934151663e-07, 0.9999994039535522], [0.9999903440475464, 3.7122442790860077e-06, 5.914705070608761e-06], [1.5678375575589598e-07, 3.258184904098016e-07, 0.9999995231628418]], "S4": [[4.656568307837006e-06, 1.7107178109654342e-06, 0.9999936819076538], [8.262941264547408e-06, 1.5725374851172091e-06, 0.9999901056289673], [4.2291634372304543e-07, 7.289708605640044e-07, 0.9999988079071045], [4.856993314206193e-07, 6.713090670018573e-07, 0.9999988079071045], [8.815538876660867e-07, 9.36492483560869e-07, 0.9999982118606567], [4.942676241626032e-07, 9.560742455505533e-07, 0.9999985694885254], [6.243721486498544e-07, 5.82794143610954e-07, 0.9999988079071045], [5.658179134115926e-07, 4.424423423188273e-07, 0.9999990463256836], [0.9999698400497437, 2.5393697796971537e-05, 4.807555342267733e-06], [5.006589844924747e-07, 7.096525109773211e-07, 0.9999988079071045], [4.718816910553869e-07, 1.1017251608791412e-06, 0.9999984502792358], [1.1836136764031835e-06, 7.439202818204649e-07, 0.9999980926513672], [6.773877885279944e-07, 1.3066993460597587e-06, 0.9999979734420776], [5.240478913037805e-07, 8.869851058079803e-07, 0.9999985694885254], [4.0739791984378826e-07, 8.385355272366724e-07, 0.9999988079071045], [1.1874509482368012e-06, 7.581155045954802e-07, 0.9999980926513672], [7.78737614837155e-07, 1.042384155880427e-06, 0.9999982118606567], [2.1888331502850633e-07, 5.32920978457696e-07, 0.9999992847442627], [8.405557991864043e-07, 1.0267050356560503e-06, 0.9999980926513672], [5.173088197807374e-07, 7.222467957035406e-07, 0.9999988079071045], [5.761127681580547e-07, 1.2923704844070016e-06, 0.9999980926513672], [8.077487905211456e-07, 1.2090341670045746e-06, 0.9999979734420776]]}, "infer_command_tokens": ["I1s2_0_2", "I1s2_1_2", "I1s2_2_2", "I1s2_3_2", "I1s2_4_2", "I1s2_5_0", "I1s2_6_2", "I1s2_7_2", "I1s2_8_2", "I1s2_9_2", "I1s2_10_0", "I1s2_11_0", "I1s2_12_2", "I1s2_13_2", "I1s2_14_2", "I1s2_15_2", "I1s2_16_2", "I1s2_17_2", "I1s2_18_2", "I1s2_19_2", "I1s2_20_2", "I1s2_21_2", "I1s2_22_2", "I1s2_23_2", "I1s2_24_2", "I1s2_25_2", "I1s2_26_0", "I1s2_27_2", "I4_28", "C1_4", "R1_2", "R3_2", "S2s1_17", "S4_0_2", "S4_1_2", "S4_2_2", "S4_3_2", "S4_4_2", "S4_5_2", "S4_6_2", "S4_7_2", "S4_8_0", "S4_9_2", "S4_10_2", "S4_11_2", "S4_12_2", "S4_13_2", "S4_14_2", "S4_15_2", "S4_16_2", "S4_17_2", "S4_18_2", "S4_19_2", "S4_20_2", "S4_21_2", "B1s1_3", "TS1s1_7", "K1_2", "T1s1_3", "P4_12", "ST1_14", "EM1_4", "TM1_2"]}