{"text": "The music's limited pitch range of 3 octaves allows for a greater emphasis on the nuances of tone and phrasing in this about 20-second-long song, where 4/4 serves as the meter. Performed quickly, the music radiates rejuvenate. Synthesizer should be included in the music.", "pred_labels": {"R1": [0, 0, 1], "R3": [0, 0, 0, 1], "S2s1": [0, 0, 0, 0, 0, 0, 0, 0, 0, 0, 0, 0, 0, 0, 0, 0, 0, 1], "B1s1": [0, 0, 0, 0, 1], "TS1s1": [1, 0, 0, 0, 0, 0, 0, 0], "K1": [0, 0, 1], "T1s1": [0, 0, 1, 0], "P4": [0, 0, 0, 1, 0, 0, 0, 0, 0, 0, 0, 0, 0], "EM1": [0, 0, 0, 1, 0], "TM1": [0, 1, 0, 0, 0, 0], "I1s2": [[0, 0, 1], [0, 0, 1], [0, 0, 1], [0, 0, 1], [0, 0, 1], [0, 0, 1], [0, 0, 1], [0, 0, 1], [0, 0, 1], [0, 0, 1], [0, 0, 1], [0, 0, 1], [0, 0, 1], [0, 0, 1], [0, 0, 1], [0, 0, 1], [0, 0, 1], [0, 0, 1], [0, 0, 1], [0, 0, 1], [0, 0, 1], [0, 0, 1], [0, 0, 1], [0, 0, 1], [1, 0, 0], [0, 0, 1], [0, 0, 1], [0, 0, 1]], "S4": [[0, 0, 1], [0, 0, 1], [0, 0, 1], [0, 0, 1], [0, 0, 1], [0, 0, 1], [0, 0, 1], [0, 0, 1], [0, 0, 1], [0, 0, 1], [0, 0, 1], [0, 0, 1], [0, 0, 1], [0, 0, 1], [0, 0, 1], [0, 0, 1], [0, 0, 1], [0, 0, 1], [0, 0, 1], [0, 0, 1], [0, 0, 1], [0, 0, 1]]}, "pred_probs": {"R1": [4.3270392779959366e-06, 4.224619260639884e-06, 0.9999914169311523], "R3": [1.6318697362294188e-06, 2.331538553335122e-06, 1.210038590215845e-06, 0.9999948740005493], "S2s1": [2.2412627913581673e-06, 2.371610889895237e-06, 4.414657269080635e-06, 3.170873696944909e-06, 3.99242799176136e-06, 3.906699930666946e-06, 3.285296998001286e-06, 2.6086900106747635e-06, 2.5308634121756768e-06, 3.2600416943751043e-06, 4.104749677935615e-06, 6.232793111848878e-06, 3.659837375380448e-06, 1.35434140702273e-06, 3.883705630869372e-06, 7.879289114498533e-06, 1.8747929289020249e-06, 0.9999393224716187], "B1s1": [6.521355771837989e-06, 5.184449037187733e-06, 9.365351615997497e-06, 2.2937063022254733e-06, 0.999976634979248], "TS1s1": [0.9999973773956299, 4.426049144967692e-07, 8.521691938767617e-07, 1.5529116126344888e-07, 3.021254997292999e-07, 1.5635130523605767e-07, 3.3316982239739446e-07, 3.947828304262657e-07], "K1": [6.578322881978238e-07, 1.2326852356636664e-06, 0.9999980926513672], "T1s1": [1.0016736951001803e-06, 1.0548933460086118e-06, 0.9999969005584717, 1.0256487712467788e-06], "P4": [1.7980921995786048e-07, 1.0578335007949136e-07, 6.569715793602882e-08, 0.9999978542327881, 1.9926085315091768e-07, 1.238047246943097e-07, 2.092292277211527e-07, 1.8604495721774583e-07, 1.6904050426092e-07, 8.034474774376577e-08, 1.310467325765785e-07, 2.556886613547249e-07, 3.4080005661962787e-07], "EM1": [4.890544460067758e-06, 2.206461431342177e-06, 1.4521282309942762e-06, 0.999988317489624, 3.147777306367061e-06], "TM1": [1.931232418428408e-07, 0.9999988079071045, 2.8822131525885197e-07, 1.912913205615041e-07, 2.0500262110090262e-07, 1.8368292842296796e-07], "I1s2": [[3.271963180395687e-07, 2.662812903508893e-07, 0.9999994039535522], [2.545822326283087e-07, 2.0098282504932286e-07, 0.9999995231628418], [3.66699765663725e-07, 2.730320431965083e-07, 0.9999994039535522], [2.92400272883242e-07, 6.405799126696365e-07, 0.9999990463256836], [1.8340264773542003e-07, 3.268052921612252e-07, 0.9999995231628418], [4.6966007971604995e-07, 4.6253435925791564e-07, 0.9999990463256836], [3.480369343833445e-07, 4.821491188522486e-07, 0.9999991655349731], [2.2959440570957668e-07, 2.851161298167426e-07, 0.9999995231628418], [1.2541302396584797e-07, 1.9989005295428797e-07, 0.9999996423721313], [1.8259395062614203e-07, 1.1451572135001697e-07, 0.9999997615814209], [2.998561683398293e-07, 2.634075144669623e-07, 0.9999994039535522], [3.584225112263084e-07, 2.5176890972034016e-07, 0.9999994039535522], [2.3778240176852705e-07, 3.273286495186767e-07, 0.9999994039535522], [3.47191587479756e-07, 4.3919442305195844e-07, 0.9999991655349731], [2.1002487926580216e-07, 1.9226465042265772e-07, 0.9999996423721313], [1.3341417570700287e-07, 1.5208532033739175e-07, 0.9999997615814209], [2.498815945273236e-07, 3.4756268973978877e-07, 0.9999994039535522], [2.8150407160865143e-07, 1.652066998758528e-07, 0.9999995231628418], [4.369025532469095e-07, 5.072248541182489e-07, 0.9999990463256836], [1.882345088688453e-07, 3.592396922158514e-07, 0.9999994039535522], [1.6551075532333925e-07, 2.8401728968674433e-07, 0.9999995231628418], [6.357112738442083e-07, 2.968528463043185e-07, 0.9999990463256836], [1.7628809700909187e-07, 5.485571250574139e-07, 0.9999992847442627], [1.3453930591822427e-07, 9.369400544301243e-08, 0.9999997615814209], [0.999992847442627, 3.0651763154310174e-06, 4.110940153623233e-06], [1.9362479974915914e-07, 2.419543818632519e-07, 0.9999995231628418], [3.633723792972887e-07, 3.1586301929564797e-07, 0.9999992847442627], [1.5375449891052995e-07, 2.722260603604809e-07, 0.9999995231628418]], "S4": [[5.958751444268273e-06, 2.0075767679372802e-06, 0.9999920129776001], [6.12188216564391e-07, 6.091447062317457e-07, 0.9999988079071045], [4.26835356392985e-07, 7.073173833305191e-07, 0.9999988079071045], [4.550898609068099e-07, 6.259228939597961e-07, 0.999998927116394], [8.586453645875736e-07, 1.059839632944204e-06, 0.9999980926513672], [5.721220759369317e-07, 9.435190690965101e-07, 0.9999984502792358], [5.40518101388443e-07, 6.079654326640593e-07, 0.9999988079071045], [5.839993946210598e-07, 3.930625211978622e-07, 0.9999990463256836], [6.025073844284634e-07, 7.417289111799619e-07, 0.9999986886978149], [4.993905236005958e-07, 6.89518515173404e-07, 0.9999988079071045], [5.256063673186873e-07, 1.1627139429037925e-06, 0.9999983310699463], [1.0964585044348496e-06, 8.797421173767361e-07, 0.9999979734420776], [6.651956709902151e-07, 1.2549950270113186e-06, 0.9999980926513672], [5.152328981239407e-07, 9.051256029124488e-07, 0.9999985694885254], [5.90827823998552e-07, 1.0010153346229345e-06, 0.9999984502792358], [6.916616825947131e-07, 4.3068598643003497e-07, 0.999998927116394], [4.953549819219916e-07, 5.464194146043155e-07, 0.999998927116394], [2.267494636498668e-07, 5.404600642577861e-07, 0.9999992847442627], [7.824695558156236e-07, 9.125506608143041e-07, 0.9999983310699463], [4.837480105379655e-07, 8.203991797017807e-07, 0.9999986886978149], [4.837627329834504e-07, 9.287318789574783e-07, 0.9999985694885254], [7.14720158612181e-07, 1.2012626484647626e-06, 0.9999980926513672]]}, "infer_command_tokens": ["I1s2_0_2", "I1s2_1_2", "I1s2_2_2", "I1s2_3_2", "I1s2_4_2", "I1s2_5_2", "I1s2_6_2", "I1s2_7_2", "I1s2_8_2", "I1s2_9_2", "I1s2_10_2", "I1s2_11_2", "I1s2_12_2", "I1s2_13_2", "I1s2_14_2", "I1s2_15_2", "I1s2_16_2", "I1s2_17_2", "I1s2_18_2", "I1s2_19_2", "I1s2_20_2", "I1s2_21_2", "I1s2_22_2", "I1s2_23_2", "I1s2_24_0", "I1s2_25_2", "I1s2_26_2", "I1s2_27_2", "I4_28", "C1_4", "R1_2", "R3_3", "S2s1_17", "S4_0_2", "S4_1_2", "S4_2_2", "S4_3_2", "S4_4_2", "S4_5_2", "S4_6_2", "S4_7_2", "S4_8_2", "S4_9_2", "S4_10_2", "S4_11_2", "S4_12_2", "S4_13_2", "S4_14_2", "S4_15_2", "S4_16_2", "S4_17_2", "S4_18_2", "S4_19_2", "S4_20_2", "S4_21_2", "B1s1_4", "TS1s1_0", "K1_2", "T1s1_2", "P4_3", "ST1_14", "EM1_3", "TM1_1"]}