{"text": "This music offers a diverse and dynamic listening experience with a pitch range spanning 3 octaves. Its use of minor key creates a distinct atmosphere that embodies the essence of new age music. The song is about 40 seconds long and moves at a rapid rate, while the beat remains gentle and calming. The musical performance utilizes piano and voice, and the time signature of the music is 4/4. Together, these elements combine to create a truly unique and enjoyable listening experience.", "pred_labels": {"R1": [0, 0, 1], "R3": [1, 0, 0, 0], "S2s1": [0, 0, 0, 0, 0, 0, 0, 0, 0, 0, 0, 0, 0, 0, 0, 0, 0, 1], "B1s1": [0, 0, 0, 0, 1], "TS1s1": [1, 0, 0, 0, 0, 0, 0, 0], "K1": [0, 1, 0], "T1s1": [0, 0, 1, 0], "P4": [0, 0, 0, 1, 0, 0, 0, 0, 0, 0, 0, 0, 0], "EM1": [0, 0, 0, 0, 1], "TM1": [0, 0, 1, 0, 0, 0], "I1s2": [[1, 0, 0], [0, 0, 1], [0, 0, 1], [0, 0, 1], [0, 0, 1], [0, 0, 1], [0, 0, 1], [0, 0, 1], [0, 0, 1], [0, 0, 1], [0, 0, 1], [1, 0, 0], [0, 0, 1], [0, 0, 1], [0, 0, 1], [0, 0, 1], [0, 0, 1], [0, 0, 1], [0, 0, 1], [0, 0, 1], [0, 0, 1], [0, 0, 1], [0, 0, 1], [0, 0, 1], [0, 0, 1], [0, 0, 1], [0, 0, 1], [0, 0, 1]], "S4": [[1, 0, 0], [0, 0, 1], [0, 0, 1], [0, 0, 1], [0, 0, 1], [0, 0, 1], [0, 0, 1], [0, 0, 1], [0, 0, 1], [0, 0, 1], [0, 0, 1], [0, 0, 1], [0, 0, 1], [0, 0, 1], [0, 0, 1], [0, 0, 1], [0, 0, 1], [0, 0, 1], [0, 0, 1], [0, 0, 1], [0, 0, 1], [0, 0, 1]]}, "pred_probs": {"R1": [4.310572421672987e-06, 4.352953055786202e-06, 0.9999912977218628], "R3": [0.9999980926513672, 9.005437391351734e-07, 7.240179229484056e-07, 2.499756135421194e-07], "S2s1": [2.7200817385164555e-06, 2.4590560769865988e-06, 4.707398147729691e-06, 2.9033981263637543e-06, 3.9083879528334364e-06, 4.110100690013496e-06, 3.239354782635928e-06, 3.249398105253931e-06, 2.8184106213302584e-06, 3.29104204865871e-06, 5.217043963057222e-06, 5.0317394197918475e-06, 3.5315167679073056e-06, 1.2839265082220663e-06, 4.16921966461814e-06, 9.808600225369446e-06, 2.0410452634678222e-06, 0.999935507774353], "B1s1": [6.439958269766066e-06, 5.285128281684592e-06, 9.372667591378558e-06, 2.6178581720159855e-06, 0.9999762773513794], "TS1s1": [0.9999977350234985, 3.1616932005817944e-07, 6.273569965742354e-07, 1.472108550615303e-07, 3.246516655508458e-07, 1.402543432504899e-07, 3.363929863553494e-07, 3.449728467330715e-07], "K1": [4.02490513806697e-07, 0.9999992847442627, 3.5640326245811593e-07], "T1s1": [7.363217946476652e-07, 1.0998934385497705e-06, 0.9999967813491821, 1.4258541796152713e-06], "P4": [2.3102667512375774e-07, 1.2927598902479076e-07, 6.225694448858121e-08, 0.999997615814209, 1.9725267463854834e-07, 1.3780072549707256e-07, 2.5340986553601397e-07, 1.8157147962938325e-07, 1.9693389674557693e-07, 8.990549105192258e-08, 1.3499295903329767e-07, 2.9571822324214736e-07, 4.7535741032334045e-07], "EM1": [2.1631549316225573e-06, 2.12999407267489e-06, 5.056032023276202e-06, 1.291492208110867e-05, 0.999977707862854], "TM1": [5.864058039151132e-07, 4.9141760882776e-07, 0.9999979734420776, 3.9624845271646336e-07, 2.9728343520218914e-07, 3.3352830541844014e-07], "I1s2": [[0.9999918937683105, 2.7287107968732016e-06, 5.311536369845271e-06], [2.2154060275170195e-07, 2.3270212068382534e-07, 0.9999995231628418], [3.1677919309913705e-07, 2.7840093252962106e-07, 0.9999994039535522], [3.075980998801242e-07, 8.470827310702589e-07, 0.9999988079071045], [2.1890464552143385e-07, 4.198039675884502e-07, 0.9999994039535522], [4.846006049774587e-07, 5.231108843872789e-07, 0.9999990463256836], [4.0197372186412395e-07, 5.00916542023333e-07, 0.9999990463256836], [2.8969247978238855e-07, 3.0272548201537575e-07, 0.9999994039535522], [1.4275514104156173e-07, 2.3516174962878722e-07, 0.9999996423721313], [2.3292439266242582e-07, 1.3149791300293145e-07, 0.9999996423721313], [2.948511337308446e-07, 3.321381996101991e-07, 0.9999994039535522], [0.9999943971633911, 1.7857605598692317e-06, 3.7983218135195784e-06], [2.5599427999623003e-07, 4.030997615700471e-07, 0.9999992847442627], [5.233912361291004e-07, 6.385767505889817e-07, 0.9999988079071045], [2.1911456826728681e-07, 2.5849172402558906e-07, 0.9999995231628418], [1.3463363757182378e-07, 1.251919599098983e-07, 0.9999997615814209], [3.3298593393737974e-07, 3.866065014790365e-07, 0.9999992847442627], [2.903114761920733e-07, 1.8395829215478443e-07, 0.9999995231628418], [4.7108247258620395e-07, 6.606998113056761e-07, 0.999998927116394], [1.5823960097804957e-07, 3.948547941945435e-07, 0.9999994039535522], [2.539139529744716e-07, 4.935058655064495e-07, 0.9999992847442627], [7.528321930294624e-07, 3.508625638914964e-07, 0.999998927116394], [2.928638309640519e-07, 5.639362825604621e-07, 0.9999991655349731], [1.2512154512478446e-07, 1.1499045626806037e-07, 0.9999997615814209], [1.4450089338424732e-06, 1.6776813538399438e-07, 0.9999983310699463], [2.3686172312409326e-07, 2.409552450899355e-07, 0.9999995231628418], [3.6804649994337524e-07, 3.4394480508126435e-07, 0.9999992847442627], [1.441918016098498e-07, 2.8361020554257266e-07, 0.9999995231628418]], "S4": [[0.9999819993972778, 5.002785201213555e-06, 1.3010586371819954e-05], [5.550167543333373e-07, 5.903797273276723e-07, 0.9999988079071045], [4.4896759732182545e-07, 7.729940989520401e-07, 0.9999988079071045], [4.812118845620716e-07, 6.768065077267238e-07, 0.9999988079071045], [7.992983341864601e-07, 1.0233316061203368e-06, 0.9999982118606567], [5.879964533050952e-07, 1.07568644125422e-06, 0.9999983310699463], [6.416337896553159e-07, 6.626305548707023e-07, 0.9999986886978149], [5.857954192833859e-07, 5.107391416458995e-07, 0.999998927116394], [5.930125439590483e-07, 7.447029588547593e-07, 0.9999986886978149], [5.020000344302389e-07, 6.708521027576353e-07, 0.9999988079071045], [4.88901548578724e-07, 1.0887962389460881e-06, 0.9999984502792358], [9.902769306791015e-07, 8.577860057812359e-07, 0.9999980926513672], [7.571759397251299e-07, 1.3468983297570958e-06, 0.9999978542327881], [5.250823846836283e-07, 9.871752126855426e-07, 0.9999984502792358], [3.51966775724577e-07, 8.903201091925439e-07, 0.9999988079071045], [8.261006314569386e-07, 5.225547283771448e-07, 0.9999986886978149], [5.299098688738013e-07, 6.061562203285575e-07, 0.9999988079071045], [2.3162822060385224e-07, 5.01000272379315e-07, 0.9999992847442627], [7.954701572998601e-07, 1.0550726301516988e-06, 0.9999980926513672], [5.391453896663734e-07, 8.663248536322499e-07, 0.9999985694885254], [6.413740720745409e-07, 1.2045966286677867e-06, 0.9999982118606567], [7.487474249501247e-07, 1.2108829423596035e-06, 0.9999980926513672]]}, "infer_command_tokens": ["I1s2_0_0", "I1s2_1_2", "I1s2_2_2", "I1s2_3_2", "I1s2_4_2", "I1s2_5_2", "I1s2_6_2", "I1s2_7_2", "I1s2_8_2", "I1s2_9_2", "I1s2_10_2", "I1s2_11_0", "I1s2_12_2", "I1s2_13_2", "I1s2_14_2", "I1s2_15_2", "I1s2_16_2", "I1s2_17_2", "I1s2_18_2", "I1s2_19_2", "I1s2_20_2", "I1s2_21_2", "I1s2_22_2", "I1s2_23_2", "I1s2_24_2", "I1s2_25_2", "I1s2_26_2", "I1s2_27_2", "I4_28", "C1_4", "R1_2", "R3_0", "S2s1_17", "S4_0_0", "S4_1_2", "S4_2_2", "S4_3_2", "S4_4_2", "S4_5_2", "S4_6_2", "S4_7_2", "S4_8_2", "S4_9_2", "S4_10_2", "S4_11_2", "S4_12_2", "S4_13_2", "S4_14_2", "S4_15_2", "S4_16_2", "S4_17_2", "S4_18_2", "S4_19_2", "S4_20_2", "S4_21_2", "B1s1_4", "TS1s1_0", "K1_1", "T1s1_2", "P4_3", "ST1_14", "EM1_4", "TM1_2"]}