{"text": "The music's limited pitch range of 4 octaves allows for a greater emphasis on the nuances of tone and phrasing, while 4/4 sets the meter of the music. It incorporates synthesizer, drum, guitar and bass to create a complete musical experience. With a slow pace and about 15 bars, this music serves as a prime representation of the pop and rnB style.", "pred_labels": {"R1": [0, 0, 1], "R3": [0, 0, 0, 1], "S2s1": [0, 0, 0, 0, 0, 0, 0, 0, 0, 0, 0, 0, 0, 0, 0, 0, 0, 1], "B1s1": [0, 0, 0, 1, 0], "TS1s1": [1, 0, 0, 0, 0, 0, 0, 0], "K1": [0, 0, 1], "T1s1": [1, 0, 0, 0], "P4": [0, 0, 0, 0, 1, 0, 0, 0, 0, 0, 0, 0, 0], "EM1": [0, 0, 0, 0, 1], "TM1": [0, 0, 0, 0, 0, 1], "I1s2": [[0, 0, 1], [0, 0, 1], [0, 0, 1], [0, 0, 1], [1, 0, 0], [1, 0, 0], [0, 0, 1], [0, 0, 1], [0, 0, 1], [0, 0, 1], [0, 0, 1], [0, 0, 1], [0, 0, 1], [0, 0, 1], [0, 0, 1], [0, 0, 1], [0, 0, 1], [0, 0, 1], [0, 0, 1], [0, 0, 1], [0, 0, 1], [0, 0, 1], [0, 0, 1], [0, 0, 1], [1, 0, 0], [0, 0, 1], [0, 0, 1], [1, 0, 0]], "S4": [[0, 0, 1], [0, 0, 1], [0, 0, 1], [0, 0, 1], [0, 0, 1], [0, 0, 1], [0, 0, 1], [1, 0, 0], [0, 0, 1], [0, 0, 1], [0, 0, 1], [0, 0, 1], [0, 0, 1], [1, 0, 0], [0, 0, 1], [0, 0, 1], [0, 0, 1], [0, 0, 1], [0, 0, 1], [0, 0, 1], [0, 0, 1], [0, 0, 1]]}, "pred_probs": {"R1": [4.356127192295389e-06, 3.963829840358812e-06, 0.9999916553497314], "R3": [2.3248355773830554e-06, 1.6147217820616788e-06, 2.1166879378142767e-06, 0.9999939203262329], "S2s1": [2.53578969022783e-06, 2.7406763365434017e-06, 5.434163085737964e-06, 3.2637440199323464e-06, 3.5093989936285652e-06, 4.40954545410932e-06, 3.2805512546474347e-06, 3.2292475680151256e-06, 2.9195055049058283e-06, 2.8076369744667318e-06, 4.971600901626516e-06, 4.808761786989635e-06, 3.751770236704033e-06, 1.1983100876022945e-06, 4.502042884269031e-06, 9.45378724281909e-06, 1.6128577726703952e-06, 0.9999356269836426], "B1s1": [8.358672403119272e-07, 7.50286915263132e-07, 8.557006481169083e-07, 0.9999969005584717, 6.951074169592175e-07], "TS1s1": [0.999997615814209, 3.1673181410951656e-07, 6.903664484525507e-07, 1.520616308425815e-07, 3.003060840001126e-07, 1.526254891359713e-07, 3.3993487136285694e-07, 4.112502836051135e-07], "K1": [7.968993145368586e-07, 1.8034554614132503e-06, 0.9999973773956299], "T1s1": [0.9999970197677612, 7.868101192798349e-07, 9.254528663404926e-07, 1.1709770433299127e-06], "P4": [2.0323906824160076e-07, 9.91611130984893e-08, 8.424366626513802e-08, 7.823281578112073e-08, 0.9999983310699463, 7.689604331062583e-08, 1.1904020880137978e-07, 1.7359026571739378e-07, 1.2315757658143411e-07, 2.2940218968869885e-07, 1.6722997031592968e-07, 1.0406098027715416e-07, 2.3000175985998794e-07], "EM1": [3.864423433697084e-06, 4.120583525946131e-06, 5.853872153238626e-06, 4.013636498712003e-05, 0.9999459981918335], "TM1": [4.674419358252635e-07, 9.267910741073138e-07, 5.183850362300291e-07, 8.057431273300608e-07, 1.1651273013058017e-07, 0.9999971389770508], "I1s2": [[2.664979774635867e-07, 4.1080565438278427e-07, 0.9999992847442627], [2.1534567906655866e-07, 2.959159814963641e-07, 0.9999995231628418], [4.2488440499255375e-07, 4.891247726845904e-07, 0.9999990463256836], [6.69543339881784e-07, 3.960186859330861e-06, 0.9999953508377075], [0.9999922513961792, 3.71276109945029e-06, 4.0506206460122485e-06], [0.9999920129776001, 3.7761328712804243e-06, 4.189627361483872e-06], [4.5682261884394393e-07, 7.50359163248504e-07, 0.9999988079071045], [2.2948930222810304e-07, 3.340336434121127e-07, 0.9999994039535522], [2.1417689310965216e-07, 8.938943665270926e-07, 0.999998927116394], [2.7216373155170004e-07, 3.3644937502685934e-07, 0.9999994039535522], [3.280210023604013e-07, 6.365436320265871e-07, 0.9999990463256836], [5.260267244011629e-07, 9.625607617635978e-07, 0.9999985694885254], [3.69074911077405e-07, 1.4143204225547379e-06, 0.9999982118606567], [8.75261832788965e-07, 3.7991369481460424e-06, 0.9999953508377075], [2.2910333541403816e-07, 3.7609601122312597e-07, 0.9999994039535522], [2.0947855716713093e-07, 2.494064119673567e-07, 0.9999995231628418], [4.049536244110641e-07, 9.379891139360552e-07, 0.9999986886978149], [2.8498942583610187e-07, 3.628851459325233e-07, 0.9999994039535522], [4.2956895640600123e-07, 7.640969670319464e-07, 0.9999988079071045], [1.4738529330315941e-07, 4.0797823430693825e-07, 0.9999994039535522], [1.9890775604380906e-07, 7.553363161605375e-07, 0.9999990463256836], [5.867392474101507e-07, 3.2838221386555233e-07, 0.9999990463256836], [2.1787262483030645e-07, 1.4031548971615848e-06, 0.9999983310699463], [1.8261725642787496e-07, 2.042097975163415e-07, 0.9999996423721313], [0.9999922513961792, 2.970342166008777e-06, 4.750075277115684e-06], [2.2181517067565437e-07, 4.817989633920661e-07, 0.9999992847442627], [4.943673843627039e-07, 1.1796878425229806e-06, 0.9999983310699463], [0.999993085861206, 2.744281346167554e-06, 4.127778538531857e-06]], "S4": [[5.765185960626695e-06, 2.040008894255152e-06, 0.9999922513961792], [5.487912630997016e-07, 6.783379831176717e-07, 0.9999988079071045], [4.399480246775056e-07, 6.388374913512962e-07, 0.999998927116394], [4.764326888562209e-07, 6.806046712881653e-07, 0.9999988079071045], [7.910718409220863e-07, 9.574353043717565e-07, 0.9999982118606567], [6.935475198588392e-07, 1.197514393425081e-06, 0.9999980926513672], [6.541715720231878e-07, 7.106208954610338e-07, 0.9999986886978149], [0.9999827146530151, 1.3835291611030698e-05, 3.514216359690181e-06], [6.480811407527654e-07, 7.299982485164946e-07, 0.9999985694885254], [4.81121503526083e-07, 6.129325811343733e-07, 0.999998927116394], [5.147603587829508e-07, 1.185349105981004e-06, 0.9999983310699463], [1.0744620340119582e-06, 8.495204042446858e-07, 0.9999980926513672], [6.135466037449078e-07, 1.4608569927077042e-06, 0.9999979734420776], [0.9999737739562988, 2.033285090874415e-05, 5.835756837768713e-06], [1.27572309338575e-06, 1.3903261333325645e-06, 0.9999973773956299], [1.1490711813166854e-06, 7.509041211051226e-07, 0.9999980926513672], [6.729017059114994e-07, 8.109230975605897e-07, 0.9999985694885254], [2.1725574583797425e-07, 5.791210355710064e-07, 0.9999991655349731], [8.611704060967895e-07, 1.0129750762644107e-06, 0.9999980926513672], [5.172440751266549e-07, 8.74071815815114e-07, 0.9999985694885254], [5.687538759957533e-07, 1.4176920331010479e-06, 0.9999979734420776], [6.987851861595118e-07, 1.1824494094980764e-06, 0.9999980926513672]]}, "infer_command_tokens": ["I1s2_0_2", "I1s2_1_2", "I1s2_2_2", "I1s2_3_2", "I1s2_4_0", "I1s2_5_0", "I1s2_6_2", "I1s2_7_2", "I1s2_8_2", "I1s2_9_2", "I1s2_10_2", "I1s2_11_2", "I1s2_12_2", "I1s2_13_2", "I1s2_14_2", "I1s2_15_2", "I1s2_16_2", "I1s2_17_2", "I1s2_18_2", "I1s2_19_2", "I1s2_20_2", "I1s2_21_2", "I1s2_22_2", "I1s2_23_2", "I1s2_24_0", "I1s2_25_2", "I1s2_26_2", "I1s2_27_0", "I4_28", "C1_4", "R1_2", "R3_3", "S2s1_17", "S4_0_2", "S4_1_2", "S4_2_2", "S4_3_2", "S4_4_2", "S4_5_2", "S4_6_2", "S4_7_0", "S4_8_2", "S4_9_2", "S4_10_2", "S4_11_2", "S4_12_2", "S4_13_0", "S4_14_2", "S4_15_2", "S4_16_2", "S4_17_2", "S4_18_2", "S4_19_2", "S4_20_2", "S4_21_2", "B1s1_3", "TS1s1_0", "K1_2", "T1s1_0", "P4_4", "ST1_14", "EM1_4", "TM1_5"]}