{"text": "In creating a cohesive and unified sound throughout the musical piece, a specific pitch range of 3 octaves is utilized. The sound of this music is given by the drum, guitar and pipe used, which also imbue it with calmness. The music is characterized by its rapid tempo, and the song itself is made up of about 15 bars. With a duration of 16 ~ 30 seconds, the music is a complete expression of its emotional content, conveyed through its carefully crafted musical elements. The music is in 4/4.", "pred_labels": {"R1": [0, 0, 1], "R3": [0, 0, 0, 1], "S2s1": [0, 0, 0, 0, 0, 0, 0, 0, 0, 0, 0, 0, 0, 0, 0, 0, 0, 1], "B1s1": [0, 0, 0, 1, 0], "TS1s1": [1, 0, 0, 0, 0, 0, 0, 0], "K1": [0, 0, 1], "T1s1": [0, 0, 1, 0], "P4": [0, 0, 0, 1, 0, 0, 0, 0, 0, 0, 0, 0, 0], "EM1": [0, 0, 0, 1, 0], "TM1": [0, 1, 0, 0, 0, 0], "I1s2": [[0, 0, 1], [0, 0, 1], [0, 0, 1], [0, 0, 1], [1, 0, 0], [0, 0, 1], [0, 0, 1], [0, 0, 1], [0, 0, 1], [0, 0, 1], [0, 0, 1], [0, 0, 1], [0, 0, 1], [0, 0, 1], [0, 0, 1], [0, 0, 1], [0, 0, 1], [0, 0, 1], [0, 0, 1], [0, 0, 1], [0, 0, 1], [0, 0, 1], [0, 0, 1], [1, 0, 0], [0, 0, 1], [0, 0, 1], [0, 0, 1], [1, 0, 0]], "S4": [[0, 0, 1], [0, 0, 1], [0, 0, 1], [0, 0, 1], [0, 0, 1], [0, 0, 1], [0, 0, 1], [0, 0, 1], [0, 0, 1], [0, 0, 1], [0, 0, 1], [0, 0, 1], [0, 0, 1], [0, 0, 1], [0, 0, 1], [0, 0, 1], [0, 0, 1], [0, 0, 1], [0, 0, 1], [0, 0, 1], [0, 0, 1], [0, 0, 1]]}, "pred_probs": {"R1": [4.2852921069425065e-06, 4.026289389003068e-06, 0.9999916553497314], "R3": [1.9175677152816206e-06, 1.8010427993431222e-06, 2.450756937832921e-06, 0.9999938011169434], "S2s1": [2.2574668037123047e-06, 2.45318801717076e-06, 4.368778263597051e-06, 3.067634452236234e-06, 3.8140501601446886e-06, 3.715659431691165e-06, 3.202774905730621e-06, 2.711374008868006e-06, 2.7648222840070957e-06, 3.0483286082017003e-06, 4.33957848144928e-06, 5.240829523245338e-06, 3.6047285902895965e-06, 1.3164849406166468e-06, 4.022892426291946e-06, 8.347766197402962e-06, 1.7009225530273397e-06, 0.999940037727356], "B1s1": [1.0163515753447427e-06, 1.0303100452802028e-06, 8.365152552869404e-07, 0.999996542930603, 5.446050295176974e-07], "TS1s1": [0.9999974966049194, 4.164901383774122e-07, 8.22774609332555e-07, 1.5238622097513144e-07, 2.9270421464389074e-07, 1.6740280273097596e-07, 3.5901092587664607e-07, 4.634736967545905e-07], "K1": [5.707567538593139e-07, 1.3298123349159141e-06, 0.9999980926513672], "T1s1": [1.9831504687317647e-06, 8.253947498815251e-07, 0.9999964237213135, 7.203128689070581e-07], "P4": [2.0750378837419703e-07, 1.1406751809772686e-07, 8.762757630620399e-08, 0.9999977350234985, 2.0505069642240414e-07, 1.4075347110065195e-07, 2.5234274403374e-07, 1.714079900239085e-07, 1.887443517034626e-07, 8.763058190197626e-08, 1.4694464312015043e-07, 3.0170178888511145e-07, 3.535023722633923e-07], "EM1": [3.3920186979230493e-06, 1.7199638477904955e-06, 1.8362636637903051e-06, 0.9999898672103882, 3.265891791670583e-06], "TM1": [1.9271185180969042e-07, 0.9999988079071045, 2.973420976104535e-07, 2.1499093350030307e-07, 2.1054128751529788e-07, 2.199449511408602e-07], "I1s2": [[3.118183258266072e-07, 3.1073804507286695e-07, 0.9999994039535522], [2.1201776689849794e-07, 2.236946130551587e-07, 0.9999995231628418], [3.457879813595355e-07, 2.632274629377207e-07, 0.9999994039535522], [3.2952615924841666e-07, 1.1050757393604727e-06, 0.9999985694885254], [0.9999939203262329, 2.980209956149338e-06, 3.1174156447377754e-06], [4.475547825677495e-07, 5.874122166460438e-07, 0.999998927116394], [3.829325976312248e-07, 5.890649390494218e-07, 0.9999990463256836], [2.398284379978577e-07, 3.0249054816522403e-07, 0.9999994039535522], [1.4814712301358668e-07, 3.76483967556851e-07, 0.9999995231628418], [2.0346604401311197e-07, 1.539385152682371e-07, 0.9999996423721313], [2.9905424980825046e-07, 3.342586296639638e-07, 0.9999994039535522], [3.873298055623309e-07, 4.425985480338568e-07, 0.9999991655349731], [2.229532327646666e-07, 4.1418800833525893e-07, 0.9999994039535522], [7.74757950239291e-07, 1.4187399983711657e-06, 0.9999978542327881], [1.7783423800210585e-07, 2.0037388992477645e-07, 0.9999996423721313], [1.0436504283006798e-07, 1.2759639389514632e-07, 0.9999997615814209], [2.777127576791827e-07, 3.9167585441646224e-07, 0.9999992847442627], [2.8853503408754477e-07, 1.962665976407152e-07, 0.9999995231628418], [3.777335280119587e-07, 5.495718369274982e-07, 0.9999990463256836], [1.661591682022845e-07, 3.3888454709085636e-07, 0.9999995231628418], [1.732775132268216e-07, 4.196566578684724e-07, 0.9999994039535522], [7.063333669066196e-07, 3.108505381987925e-07, 0.999998927116394], [1.8714654004270415e-07, 6.405128374353808e-07, 0.9999991655349731], [0.9999924898147583, 4.543109753285535e-06, 2.9524990168283693e-06], [1.5096497918420937e-06, 1.7935374785338354e-07, 0.9999983310699463], [2.2187657577887876e-07, 2.2585408032682608e-07, 0.9999995231628418], [3.4713332297542365e-07, 4.5069961629451427e-07, 0.9999991655349731], [0.9999932050704956, 2.5339750209241174e-06, 4.279940640117275e-06]], "S4": [[6.72332589601865e-06, 2.1092766928632045e-06, 0.9999911785125732], [5.765589321526932e-07, 5.703446959159919e-07, 0.9999988079071045], [4.3572578078965307e-07, 6.131617169558012e-07, 0.999998927116394], [4.859180648963957e-07, 5.812489121126418e-07, 0.999998927116394], [8.375408242500271e-07, 1.0019616638601292e-06, 0.9999982118606567], [5.324679932527943e-07, 9.240952749678399e-07, 0.9999985694885254], [5.742809889852651e-07, 5.775016234110808e-07, 0.9999988079071045], [5.324600920175726e-07, 4.355629528163263e-07, 0.9999990463256836], [5.837921435158933e-07, 6.390336579897848e-07, 0.9999988079071045], [5.209307119002915e-07, 6.901487950017327e-07, 0.9999988079071045], [5.038243671151577e-07, 9.46674674651149e-07, 0.9999985694885254], [1.1327106221870054e-06, 7.896976512711262e-07, 0.9999980926513672], [6.780917942705855e-07, 1.1211104720132425e-06, 0.9999982118606567], [4.856270265918283e-07, 8.731221896596253e-07, 0.9999986886978149], [4.273672971066844e-07, 7.91513002695865e-07, 0.9999988079071045], [8.445570642834355e-07, 4.483727593651565e-07, 0.9999986886978149], [4.720647268641187e-07, 5.366014192986768e-07, 0.9999990463256836], [2.1754769363724336e-07, 5.366819095797837e-07, 0.9999992847442627], [7.631062430846214e-07, 9.192738161800662e-07, 0.9999983310699463], [5.182361064726138e-07, 7.870470994930656e-07, 0.9999986886978149], [5.280447226141405e-07, 8.793693950792658e-07, 0.9999985694885254], [7.257939955707116e-07, 1.0938687182715512e-06, 0.9999982118606567]]}, "infer_command_tokens": ["I1s2_0_2", "I1s2_1_2", "I1s2_2_2", "I1s2_3_2", "I1s2_4_0", "I1s2_5_2", "I1s2_6_2", "I1s2_7_2", "I1s2_8_2", "I1s2_9_2", "I1s2_10_2", "I1s2_11_2", "I1s2_12_2", "I1s2_13_2", "I1s2_14_2", "I1s2_15_2", "I1s2_16_2", "I1s2_17_2", "I1s2_18_2", "I1s2_19_2", "I1s2_20_2", "I1s2_21_2", "I1s2_22_2", "I1s2_23_0", "I1s2_24_2", "I1s2_25_2", "I1s2_26_2", "I1s2_27_0", "I4_28", "C1_4", "R1_2", "R3_3", "S2s1_17", "S4_0_2", "S4_1_2", "S4_2_2", "S4_3_2", "S4_4_2", "S4_5_2", "S4_6_2", "S4_7_2", "S4_8_2", "S4_9_2", "S4_10_2", "S4_11_2", "S4_12_2", "S4_13_2", "S4_14_2", "S4_15_2", "S4_16_2", "S4_17_2", "S4_18_2", "S4_19_2", "S4_20_2", "S4_21_2", "B1s1_3", "TS1s1_0", "K1_2", "T1s1_2", "P4_3", "ST1_14", "EM1_3", "TM1_1"]}