{"text": "With a pitch range spanning 1 octaves, this music offers a diverse and dynamic listening experience. Composed in the major key, the song lasts 31 ~ 45 seconds and features a heavy beat. It showcases drum and guitar and has a time signature of 4/4, while being played at a moderate speed. Characterized by unease, the music comprises 13 ~ 16 bars, resulting in a captivating musical composition.", "pred_labels": {"R1": [0, 0, 1], "R3": [0, 0, 1, 0], "S2s1": [0, 0, 0, 0, 0, 0, 0, 0, 0, 0, 0, 0, 0, 0, 0, 0, 0, 1], "B1s1": [0, 0, 0, 1, 0], "TS1s1": [1, 0, 0, 0, 0, 0, 0, 0], "K1": [1, 0, 0], "T1s1": [0, 1, 0, 0], "P4": [0, 1, 0, 0, 0, 0, 0, 0, 0, 0, 0, 0, 0], "EM1": [0, 1, 0, 0, 0], "TM1": [0, 0, 1, 0, 0, 0], "I1s2": [[0, 0, 1], [0, 0, 1], [0, 0, 1], [0, 0, 1], [1, 0, 0], [0, 0, 1], [0, 0, 1], [0, 0, 1], [0, 0, 1], [0, 0, 1], [0, 0, 1], [0, 0, 1], [0, 0, 1], [0, 0, 1], [0, 0, 1], [0, 0, 1], [0, 0, 1], [0, 0, 1], [0, 0, 1], [0, 0, 1], [0, 0, 1], [0, 0, 1], [0, 0, 1], [0, 0, 1], [0, 0, 1], [0, 0, 1], [0, 0, 1], [1, 0, 0]], "S4": [[0, 0, 1], [0, 0, 1], [0, 0, 1], [0, 0, 1], [0, 0, 1], [0, 0, 1], [0, 0, 1], [0, 0, 1], [0, 0, 1], [0, 0, 1], [0, 0, 1], [0, 0, 1], [0, 0, 1], [0, 0, 1], [0, 0, 1], [0, 0, 1], [0, 0, 1], [0, 0, 1], [0, 0, 1], [0, 0, 1], [0, 0, 1], [0, 0, 1]]}, "pred_probs": {"R1": [4.507792709773639e-06, 4.241704118612688e-06, 0.9999912977218628], "R3": [1.0453031791257672e-06, 3.880270014633425e-06, 0.9999946355819702, 4.2455928905837936e-07], "S2s1": [2.4510077309969347e-06, 2.261200052089407e-06, 4.346187324699713e-06, 3.2239775009657023e-06, 3.9520177779195365e-06, 3.897146143572172e-06, 3.171334810758708e-06, 3.143092044410878e-06, 2.56885459748446e-06, 2.9235325200716034e-06, 4.577212621370563e-06, 5.385415533964988e-06, 3.857212504954077e-06, 1.4064783044887008e-06, 4.0757458918960765e-06, 8.968740985437762e-06, 1.9162155240337597e-06, 0.999937891960144], "B1s1": [9.076034643840103e-07, 1.0930396001640474e-06, 1.3909640301790205e-06, 0.9999963045120239, 4.130881166020117e-07], "TS1s1": [0.9999977350234985, 3.6904376088386925e-07, 6.134710588412418e-07, 1.3443643354094093e-07, 3.283489036220999e-07, 1.4518739988034213e-07, 3.4342085086791485e-07, 3.638364773905778e-07], "K1": [0.9999996423721313, 1.1282376988219767e-07, 2.2200443083875143e-07], "T1s1": [1.2051707471982809e-06, 0.9999970197677612, 8.18523744783306e-07, 9.5399616384384e-07], "P4": [2.4453018454551056e-07, 0.9999984502792358, 1.0135479300288353e-07, 5.217247789346402e-08, 9.387885313572042e-08, 1.7447324296426814e-07, 7.531043166864038e-08, 1.2958210504621093e-07, 8.63463043287993e-08, 8.574595256050088e-08, 1.2563444329316553e-07, 1.780502145720675e-07, 1.5936620911816135e-07], "EM1": [2.151750413759146e-05, 0.99996018409729, 4.192604137642775e-06, 7.021303645160515e-06, 7.063157681841403e-06], "TM1": [6.448920544244174e-07, 4.5538379822573916e-07, 0.9999979734420776, 3.161157167141937e-07, 2.865730266421451e-07, 3.1506806408287957e-07], "I1s2": [[2.839408921317954e-07, 2.7318259299136116e-07, 0.9999994039535522], [2.2244311992380972e-07, 2.4159908207366243e-07, 0.9999995231628418], [2.94912439358086e-07, 2.4726494984861347e-07, 0.9999994039535522], [2.897829460835055e-07, 8.821935466585273e-07, 0.9999988079071045], [0.9999940395355225, 3.0812584554951172e-06, 2.8377548915159423e-06], [4.2724354898382444e-07, 5.543355428017094e-07, 0.9999990463256836], [3.965286339280283e-07, 5.492699983733473e-07, 0.9999990463256836], [2.3170049701093376e-07, 3.162639075071638e-07, 0.9999994039535522], [1.527268267409454e-07, 3.9277415453398135e-07, 0.9999994039535522], [1.8579173399757565e-07, 1.8963257275572687e-07, 0.9999996423721313], [2.7127128987558535e-07, 3.3086919870584097e-07, 0.9999994039535522], [3.4991464303857356e-07, 4.912106419396878e-07, 0.9999991655349731], [2.601327082629723e-07, 4.683367080815515e-07, 0.9999992847442627], [7.767891361254442e-07, 1.8377842252448318e-06, 0.9999973773956299], [1.9031395481761137e-07, 2.346162659705442e-07, 0.9999995231628418], [1.0122490579078658e-07, 1.1836094415684784e-07, 0.9999997615814209], [2.8618558189918986e-07, 3.700039314935566e-07, 0.9999992847442627], [2.3470936127978348e-07, 2.0116077337206661e-07, 0.9999995231628418], [3.807469397543173e-07, 6.351185675157467e-07, 0.999998927116394], [1.6208780095894326e-07, 3.827020123026159e-07, 0.9999994039535522], [1.9387624661248992e-07, 3.760558229259914e-07, 0.9999994039535522], [6.316960252661374e-07, 3.112519664227875e-07, 0.9999990463256836], [2.1619004542117182e-07, 9.160136187347234e-07, 0.999998927116394], [1.2588563436111144e-07, 1.1746785588684361e-07, 0.9999997615814209], [1.4605692513214308e-06, 1.8399735779439652e-07, 0.9999983310699463], [2.0361160579795978e-07, 2.207019491606843e-07, 0.9999995231628418], [3.183700698627945e-07, 4.877232413491583e-07, 0.9999991655349731], [0.9999936819076538, 2.6667153179005254e-06, 3.7422607874759706e-06]], "S4": [[4.738617008115398e-06, 1.4496705489364103e-06, 0.9999938011169434], [5.437914865069615e-07, 6.24507890734094e-07, 0.9999988079071045], [4.586836155340279e-07, 6.768814273527823e-07, 0.9999988079071045], [4.581878556564334e-07, 6.794386422370735e-07, 0.9999988079071045], [7.199386118372786e-07, 7.885262220952427e-07, 0.9999984502792358], [5.499552457877144e-07, 1.0018452485383023e-06, 0.9999984502792358], [5.57539863166312e-07, 5.67843301269022e-07, 0.999998927116394], [5.453948688227683e-07, 4.4868434656564204e-07, 0.9999990463256836], [6.109971764090005e-07, 7.396141086246644e-07, 0.9999986886978149], [4.680917982113897e-07, 7.076736778799386e-07, 0.9999988079071045], [5.054196208220674e-07, 1.0417285238872864e-06, 0.9999984502792358], [1.0587859833322e-06, 8.274475931102643e-07, 0.9999980926513672], [6.5398035076214e-07, 1.189628505926521e-06, 0.9999982118606567], [4.855681936533074e-07, 8.743145372136496e-07, 0.9999986886978149], [4.3617052369882003e-07, 8.441987233709369e-07, 0.9999986886978149], [8.724711619834125e-07, 5.152692779120116e-07, 0.9999985694885254], [4.880986352873151e-07, 5.672187057825795e-07, 0.999998927116394], [2.095764131126998e-07, 5.102174895910139e-07, 0.9999992847442627], [7.472930292351521e-07, 9.063043648893654e-07, 0.9999983310699463], [5.422890012596326e-07, 7.592243491671979e-07, 0.9999986886978149], [5.039825055064284e-07, 8.413206273871765e-07, 0.9999986886978149], [7.362582437053788e-07, 1.0965195542667061e-06, 0.9999982118606567]]}, "infer_command_tokens": ["I1s2_0_2", "I1s2_1_2", "I1s2_2_2", "I1s2_3_2", "I1s2_4_0", "I1s2_5_2", "I1s2_6_2", "I1s2_7_2", "I1s2_8_2", "I1s2_9_2", "I1s2_10_2", "I1s2_11_2", "I1s2_12_2", "I1s2_13_2", "I1s2_14_2", "I1s2_15_2", "I1s2_16_2", "I1s2_17_2", "I1s2_18_2", "I1s2_19_2", "I1s2_20_2", "I1s2_21_2", "I1s2_22_2", "I1s2_23_2", "I1s2_24_2", "I1s2_25_2", "I1s2_26_2", "I1s2_27_0", "I4_28", "C1_4", "R1_2", "R3_2", "S2s1_17", "S4_0_2", "S4_1_2", "S4_2_2", "S4_3_2", "S4_4_2", "S4_5_2", "S4_6_2", "S4_7_2", "S4_8_2", "S4_9_2", "S4_10_2", "S4_11_2", "S4_12_2", "S4_13_2", "S4_14_2", "S4_15_2", "S4_16_2", "S4_17_2", "S4_18_2", "S4_19_2", "S4_20_2", "S4_21_2", "B1s1_3", "TS1s1_0", "K1_0", "T1s1_1", "P4_1", "ST1_14", "EM1_1", "TM1_2"]}