{"text": "The compact pitch range of 5 octaves results in a focused and impactful musical performance, while the choice of major key adds to the captivating and memorable experience. With a duration of about 40 seconds, the rapid tempo of this song combined with the distinct sound of piano, bass, harp, strings, synthesizer and drum creates its unique musical identity. The meter of the music follows 4/4, and it is played at a moderate tempo, further enhancing its overall effect. The song's style is defined by its jazz influences, culminating in a compelling musical composition.", "pred_labels": {"R1": [0, 0, 1], "R3": [0, 0, 1, 0], "S2s1": [0, 0, 0, 0, 0, 0, 0, 0, 0, 0, 0, 0, 0, 0, 0, 0, 0, 1], "B1s1": [0, 0, 0, 0, 1], "TS1s1": [1, 0, 0, 0, 0, 0, 0, 0], "K1": [1, 0, 0], "T1s1": [0, 1, 0, 0], "P4": [0, 0, 0, 0, 0, 1, 0, 0, 0, 0, 0, 0, 0], "EM1": [0, 0, 0, 0, 1], "TM1": [0, 0, 1, 0, 0, 0], "I1s2": [[1, 0, 0], [0, 0, 1], [0, 0, 1], [0, 0, 1], [0, 0, 1], [1, 0, 0], [0, 0, 1], [0, 0, 1], [0, 0, 1], [1, 0, 0], [1, 0, 0], [0, 0, 1], [0, 0, 1], [0, 0, 1], [0, 0, 1], [0, 0, 1], [0, 0, 1], [0, 0, 1], [0, 0, 1], [0, 0, 1], [0, 0, 1], [0, 0, 1], [0, 0, 1], [0, 0, 1], [1, 0, 0], [0, 0, 1], [0, 0, 1], [1, 0, 0]], "S4": [[0, 0, 1], [0, 0, 1], [0, 0, 1], [0, 0, 1], [0, 0, 1], [0, 0, 1], [0, 0, 1], [0, 0, 1], [0, 0, 1], [0, 0, 1], [1, 0, 0], [0, 0, 1], [0, 0, 1], [0, 0, 1], [0, 0, 1], [0, 0, 1], [0, 0, 1], [0, 0, 1], [0, 0, 1], [0, 0, 1], [0, 0, 1], [0, 0, 1]]}, "pred_probs": {"R1": [4.307778908696491e-06, 4.192815140413586e-06, 0.9999915361404419], "R3": [1.0094119033965399e-06, 1.9251767753303284e-06, 0.9999963045120239, 6.762254542991286e-07], "S2s1": [2.615522362248157e-06, 2.670328512976994e-06, 4.538761913863709e-06, 3.361063136253506e-06, 3.7292452361725736e-06, 4.130568413529545e-06, 3.4171353036072105e-06, 3.1108386338019045e-06, 3.0267096917668823e-06, 2.7840337679663207e-06, 5.0187700253445655e-06, 4.707473635789938e-06, 3.6597145935957087e-06, 1.2859186426794622e-06, 4.3337963688827585e-06, 1.0580246453173459e-05, 1.7575333686181693e-06, 0.9999352693557739], "B1s1": [5.937896276009269e-06, 4.908835308015114e-06, 7.694548003200907e-06, 2.3522657102148514e-06, 0.9999791383743286], "TS1s1": [0.999997615814209, 3.269649084813864e-07, 7.231198537738237e-07, 1.4399104486528813e-07, 3.2462068588756665e-07, 1.570622600866045e-07, 3.0758775437789154e-07, 4.1353129631716e-07], "K1": [0.9999996423721313, 1.1081452555572469e-07, 2.2721407333392563e-07], "T1s1": [1.0503077874091105e-06, 0.9999969005584717, 9.408391292708984e-07, 1.0813646440510638e-06], "P4": [1.1645984443475754e-07, 2.716533060720394e-07, 2.9602026074826426e-07, 3.3985691061388934e-07, 7.262269008379008e-08, 0.9999979734420776, 1.5275062992259336e-07, 1.2943124261255434e-07, 7.293544257436224e-08, 1.3160344281004654e-07, 2.5627238642300654e-07, 9.996358585340204e-08, 1.0242671777405121e-07], "EM1": [1.975282884814078e-06, 1.8859030888052075e-06, 5.0932890189869795e-06, 9.208315532305278e-06, 0.9999818801879883], "TM1": [6.145614861452486e-07, 4.435453320184024e-07, 0.9999979734420776, 3.773151320274337e-07, 2.8119427497586e-07, 3.1589570426149294e-07], "I1s2": [[0.9999918937683105, 3.2153604934137547e-06, 4.9235914048040286e-06], [2.0106507747641444e-07, 2.919735209161445e-07, 0.9999995231628418], [3.8468812135761254e-07, 4.2706921021817834e-07, 0.9999991655349731], [5.724557468056446e-07, 3.5108225802105153e-06, 0.9999959468841553], [5.618895784209599e-07, 1.6905394204513868e-06, 0.9999977350234985], [0.9999921321868896, 3.6680116863863077e-06, 4.204101060167886e-06], [4.173829495357495e-07, 7.226781235658564e-07, 0.9999988079071045], [2.0647311771426757e-07, 3.4577973906380066e-07, 0.9999994039535522], [2.1080890633129457e-07, 9.706684522825526e-07, 0.9999988079071045], [0.9999922513961792, 3.093200803050422e-06, 4.667623215937056e-06], [0.9999911785125732, 3.7903632801317144e-06, 4.9904606385098305e-06], [5.449131776913418e-07, 9.032362981997721e-07, 0.9999985694885254], [5.357224495128321e-07, 2.3162035631685285e-06, 0.9999971389770508], [1.3274951697894721e-06, 4.03984358854359e-06, 0.9999946355819702], [2.8534648777167604e-07, 4.5667127324122703e-07, 0.9999992847442627], [2.2263533594468754e-07, 4.86705289404199e-07, 0.9999992847442627], [6.404193300113548e-07, 1.30150340282853e-06, 0.9999980926513672], [2.8570099175340147e-07, 4.0325741679225757e-07, 0.9999992847442627], [5.134781986271264e-07, 1.1747256394301075e-06, 0.9999983310699463], [1.3553808742017281e-07, 4.256072259067878e-07, 0.9999994039535522], [2.2786659314988356e-07, 1.0432428325657384e-06, 0.9999986886978149], [6.169992730065132e-07, 3.318445749300736e-07, 0.9999990463256836], [2.1314521347903792e-07, 9.663956461736234e-07, 0.9999988079071045], [1.8332099216422648e-07, 1.938737028694959e-07, 0.9999996423721313], [0.9999921321868896, 2.704776989048696e-06, 5.12991164214327e-06], [2.4661068209752557e-07, 5.466691845867899e-07, 0.9999991655349731], [5.065896857558982e-07, 1.352216600025713e-06, 0.9999980926513672], [0.999992847442627, 2.687338792384253e-06, 4.362738309282577e-06]], "S4": [[4.473960871109739e-06, 1.7792012840800453e-06, 0.9999938011169434], [5.545375074689218e-07, 5.668515541401575e-07, 0.999998927116394], [4.92172716803907e-07, 5.762819341725844e-07, 0.999998927116394], [4.4246718289286946e-07, 6.471457254519919e-07, 0.999998927116394], [7.99054589606385e-07, 7.271452204804518e-07, 0.9999984502792358], [5.864759486939874e-07, 1.1412204230509815e-06, 0.9999983310699463], [6.648523935837147e-07, 5.156675797479693e-07, 0.9999988079071045], [5.519932528841309e-07, 4.742084058761975e-07, 0.999998927116394], [6.255329481064109e-07, 7.665199177608883e-07, 0.9999985694885254], [4.783814233633166e-07, 6.203291604833794e-07, 0.999998927116394], [0.9999855756759644, 6.940103048691526e-06, 7.507361715397565e-06], [1.0899999551838846e-06, 7.670577133467305e-07, 0.9999980926513672], [6.793077318434371e-07, 1.4602342162106652e-06, 0.9999978542327881], [5.378686864787596e-07, 9.090122716770566e-07, 0.9999985694885254], [9.147496484729345e-07, 1.0492458386579528e-06, 0.9999980926513672], [1.2191652558612986e-06, 9.549127071295516e-07, 0.9999978542327881], [9.780063692232943e-07, 1.18272316740331e-06, 0.9999978542327881], [2.1878123845908704e-07, 6.046928433534049e-07, 0.9999991655349731], [7.572658091703488e-07, 1.0378104207120487e-06, 0.9999982118606567], [5.051508651376935e-07, 7.468480589523097e-07, 0.9999986886978149], [5.742971893596405e-07, 1.1147883469675435e-06, 0.9999983310699463], [8.066818395491282e-07, 1.2374518973956583e-06, 0.9999979734420776]]}, "infer_command_tokens": ["I1s2_0_0", "I1s2_1_2", "I1s2_2_2", "I1s2_3_2", "I1s2_4_2", "I1s2_5_0", "I1s2_6_2", "I1s2_7_2", "I1s2_8_2", "I1s2_9_0", "I1s2_10_0", "I1s2_11_2", "I1s2_12_2", "I1s2_13_2", "I1s2_14_2", "I1s2_15_2", "I1s2_16_2", "I1s2_17_2", "I1s2_18_2", "I1s2_19_2", "I1s2_20_2", "I1s2_21_2", "I1s2_22_2", "I1s2_23_2", "I1s2_24_0", "I1s2_25_2", "I1s2_26_2", "I1s2_27_0", "I4_28", "C1_4", "R1_2", "R3_2", "S2s1_17", "S4_0_2", "S4_1_2", "S4_2_2", "S4_3_2", "S4_4_2", "S4_5_2", "S4_6_2", "S4_7_2", "S4_8_2", "S4_9_2", "S4_10_0", "S4_11_2", "S4_12_2", "S4_13_2", "S4_14_2", "S4_15_2", "S4_16_2", "S4_17_2", "S4_18_2", "S4_19_2", "S4_20_2", "S4_21_2", "B1s1_4", "TS1s1_0", "K1_0", "T1s1_1", "P4_5", "ST1_14", "EM1_4", "TM1_2"]}