{"text": "The pitch range of 5 octaves adds a distinctive character to the music, emphasizing its emotional depth, while the major key provides a powerful and memorable sound. Clocking in at about 20 seconds, this song captivates with its highly intense rhythm and features a variety of cello and strings. Set in the 4/4 time signature, the music moves at a quick tempo, effectively conveying anxiety.", "pred_labels": {"R1": [0, 0, 1], "R3": [0, 0, 1, 0], "S2s1": [0, 0, 0, 0, 0, 0, 0, 0, 0, 0, 0, 0, 0, 0, 0, 0, 0, 1], "B1s1": [0, 0, 0, 0, 1], "TS1s1": [1, 0, 0, 0, 0, 0, 0, 0], "K1": [1, 0, 0], "T1s1": [0, 0, 1, 0], "P4": [0, 0, 0, 0, 0, 1, 0, 0, 0, 0, 0, 0, 0], "EM1": [0, 1, 0, 0, 0], "TM1": [0, 1, 0, 0, 0, 0], "I1s2": [[0, 0, 1], [0, 0, 1], [0, 0, 1], [0, 0, 1], [0, 0, 1], [0, 0, 1], [0, 0, 1], [0, 0, 1], [1, 0, 0], [0, 0, 1], [1, 0, 0], [0, 0, 1], [0, 0, 1], [0, 0, 1], [0, 0, 1], [0, 0, 1], [0, 0, 1], [0, 0, 1], [0, 0, 1], [0, 0, 1], [0, 0, 1], [0, 0, 1], [0, 0, 1], [0, 0, 1], [0, 0, 1], [0, 0, 1], [0, 0, 1], [0, 0, 1]], "S4": [[0, 0, 1], [0, 0, 1], [0, 0, 1], [0, 0, 1], [0, 0, 1], [0, 0, 1], [0, 0, 1], [0, 0, 1], [0, 0, 1], [0, 0, 1], [0, 0, 1], [0, 0, 1], [0, 0, 1], [0, 0, 1], [0, 0, 1], [0, 0, 1], [0, 0, 1], [0, 0, 1], [0, 0, 1], [0, 0, 1], [0, 0, 1], [0, 0, 1]]}, "pred_probs": {"R1": [4.26821134169586e-06, 4.121093752473826e-06, 0.9999916553497314], "R3": [8.892808409655117e-07, 1.3981708661958692e-06, 0.9999971389770508, 5.402615670391242e-07], "S2s1": [2.3336194772127783e-06, 2.3236789274960756e-06, 3.875128186336951e-06, 3.367764975337195e-06, 4.005732535006246e-06, 3.750344149011653e-06, 3.408594238862861e-06, 2.7533096726983786e-06, 2.5972251478378894e-06, 3.132508027192671e-06, 4.268266366125317e-06, 5.678214165527606e-06, 4.0956606426334474e-06, 1.3826723943566321e-06, 4.154369435127592e-06, 9.169160875899252e-06, 1.919617716339417e-06, 0.999937891960144], "B1s1": [6.556525931955548e-06, 4.909014023724012e-06, 9.775644684850704e-06, 2.1953549094178015e-06, 0.9999765157699585], "TS1s1": [0.9999972581863403, 4.3612539002424455e-07, 9.157561748907028e-07, 1.3887417082969478e-07, 3.3109859032265376e-07, 1.450212607778667e-07, 3.6049675600224873e-07, 4.02499296114911e-07], "K1": [0.9999996423721313, 1.1034145330768297e-07, 2.1562313179401826e-07], "T1s1": [1.6533286952835624e-06, 9.590137324266834e-07, 0.999996542930603, 7.756855211482616e-07], "P4": [1.1841911629062452e-07, 2.38691796994317e-07, 2.291397436238185e-07, 3.302593825083022e-07, 7.552113601150268e-08, 0.9999980926513672, 1.5553598586848238e-07, 1.2693097062310699e-07, 8.153019592782584e-08, 1.2482800570978725e-07, 2.4071582060969376e-07, 9.456406502295067e-08, 9.001054479540471e-08], "EM1": [1.9505256204865873e-05, 0.9999619722366333, 5.066455742053222e-06, 7.2421862569171935e-06, 6.039986601535929e-06], "TM1": [1.9895306024864112e-07, 0.999998927116394, 2.7919736567127984e-07, 2.2045399816761346e-07, 1.763164476642487e-07, 1.9747598400954303e-07], "I1s2": [[3.5373497553337074e-07, 2.909614238433278e-07, 0.9999994039535522], [2.348443643995779e-07, 2.583606146799866e-07, 0.9999995231628418], [3.119492077985342e-07, 2.7797005941465613e-07, 0.9999994039535522], [3.0554681984540366e-07, 8.926606938075565e-07, 0.9999988079071045], [1.6500325727974996e-07, 4.157056139320048e-07, 0.9999994039535522], [4.199968373086449e-07, 5.488055876412545e-07, 0.9999990463256836], [4.3353355749786715e-07, 5.239172082838195e-07, 0.9999990463256836], [2.830584264756908e-07, 3.1627055818717054e-07, 0.9999994039535522], [0.9999947547912598, 2.4113421659421874e-06, 2.9074135454720818e-06], [2.2740354665984341e-07, 1.2995054987641197e-07, 0.9999996423721313], [0.9999914169311523, 4.535130756266881e-06, 4.024714598926948e-06], [3.290845711489965e-07, 2.6829684429685585e-07, 0.9999994039535522], [2.507356384739978e-07, 5.801846327813109e-07, 0.9999991655349731], [3.63230952871163e-07, 5.227274186836439e-07, 0.9999991655349731], [2.317648437610842e-07, 2.3628709300282935e-07, 0.9999995231628418], [1.0733121058592587e-07, 1.000373970327928e-07, 0.9999997615814209], [3.1695896041128435e-07, 3.5700773537428176e-07, 0.9999992847442627], [2.4807653176139866e-07, 2.901005586863903e-07, 0.9999994039535522], [4.744838975057064e-07, 6.403947736544069e-07, 0.999998927116394], [1.716444870680789e-07, 3.749907477867964e-07, 0.9999994039535522], [2.2565276935893053e-07, 3.799277124016953e-07, 0.9999994039535522], [8.665292057230545e-07, 3.393131180473574e-07, 0.9999988079071045], [1.8869963014367386e-07, 6.659695372945862e-07, 0.9999991655349731], [1.3849084723460692e-07, 9.743397555439515e-08, 0.9999997615814209], [1.5907379520285758e-06, 1.8161902914926031e-07, 0.9999982118606567], [2.0948195356140786e-07, 2.611863010315574e-07, 0.9999995231628418], [3.5237735573900864e-07, 3.692256314025144e-07, 0.9999992847442627], [1.7970032217817788e-07, 2.7808252411887224e-07, 0.9999995231628418]], "S4": [[6.15560975347762e-06, 2.23750384975574e-06, 0.9999916553497314], [5.633710316033103e-07, 6.989168923610123e-07, 0.9999986886978149], [4.4433107859731535e-07, 7.743273044980015e-07, 0.9999988079071045], [4.2312134951316693e-07, 6.24142387550819e-07, 0.999998927116394], [8.325007456733147e-07, 1.1242914297326934e-06, 0.9999980926513672], [6.838389481345075e-07, 1.292699494115368e-06, 0.9999979734420776], [5.95443793827144e-07, 6.089954354138172e-07, 0.9999988079071045], [5.757814847129339e-07, 5.416120529844193e-07, 0.999998927116394], [6.386557629411982e-07, 7.811269142621313e-07, 0.9999985694885254], [5.118146759741649e-07, 6.883332730467373e-07, 0.9999988079071045], [5.145355430613563e-07, 1.1811558806584799e-06, 0.9999983310699463], [1.1114959761471255e-06, 9.159672913483519e-07, 0.9999979734420776], [6.938960837032937e-07, 1.2856754665335757e-06, 0.9999979734420776], [5.217684133640432e-07, 9.313270652455685e-07, 0.9999985694885254], [3.790476910126017e-07, 8.829838407109492e-07, 0.9999986886978149], [8.489847118653415e-07, 5.871140160707e-07, 0.9999985694885254], [4.735079528472852e-07, 5.439492269943003e-07, 0.999998927116394], [2.2613120620462723e-07, 5.476152296068904e-07, 0.9999992847442627], [8.636056350042054e-07, 1.0264112688673777e-06, 0.9999980926513672], [5.570348093897337e-07, 8.58871828768315e-07, 0.9999985694885254], [5.505560807250731e-07, 1.0785256563394796e-06, 0.9999983310699463], [7.150711667236465e-07, 1.2534926554508274e-06, 0.9999979734420776]]}, "infer_command_tokens": ["I1s2_0_2", "I1s2_1_2", "I1s2_2_2", "I1s2_3_2", "I1s2_4_2", "I1s2_5_2", "I1s2_6_2", "I1s2_7_2", "I1s2_8_0", "I1s2_9_2", "I1s2_10_0", "I1s2_11_2", "I1s2_12_2", "I1s2_13_2", "I1s2_14_2", "I1s2_15_2", "I1s2_16_2", "I1s2_17_2", "I1s2_18_2", "I1s2_19_2", "I1s2_20_2", "I1s2_21_2", "I1s2_22_2", "I1s2_23_2", "I1s2_24_2", "I1s2_25_2", "I1s2_26_2", "I1s2_27_2", "I4_28", "C1_4", "R1_2", "R3_2", "S2s1_17", "S4_0_2", "S4_1_2", "S4_2_2", "S4_3_2", "S4_4_2", "S4_5_2", "S4_6_2", "S4_7_2", "S4_8_2", "S4_9_2", "S4_10_2", "S4_11_2", "S4_12_2", "S4_13_2", "S4_14_2", "S4_15_2", "S4_16_2", "S4_17_2", "S4_18_2", "S4_19_2", "S4_20_2", "S4_21_2", "B1s1_4", "TS1s1_0", "K1_0", "T1s1_2", "P4_5", "ST1_14", "EM1_1", "TM1_1"]}