{"text": "The song is a fast-paced, trepidation-radiating piece that spans approximately 13 ~ 16 bars, with a length of about 20 seconds and a tempo that is really intense. It uses the 4/4 time signature and the pitch range is within 6 octaves. minor key adds a unique flavor to the music, and it's recommended that organ, guitar and bass are included in the arrangement to complement its energetic vibe.", "pred_labels": {"R1": [0, 0, 1], "R3": [0, 0, 1, 0], "S2s1": [0, 0, 0, 0, 0, 0, 0, 0, 0, 0, 0, 0, 0, 0, 0, 0, 0, 1], "B1s1": [0, 0, 0, 1, 0], "TS1s1": [1, 0, 0, 0, 0, 0, 0, 0], "K1": [0, 1, 0], "T1s1": [0, 0, 1, 0], "P4": [0, 0, 0, 0, 0, 0, 1, 0, 0, 0, 0, 0, 0], "EM1": [0, 1, 0, 0, 0], "TM1": [0, 1, 0, 0, 0, 0], "I1s2": [[0, 0, 1], [0, 0, 1], [0, 0, 1], [1, 0, 0], [1, 0, 0], [1, 0, 0], [0, 0, 1], [0, 0, 1], [0, 0, 1], [0, 0, 1], [0, 0, 1], [0, 0, 1], [0, 0, 1], [0, 0, 1], [0, 0, 1], [0, 0, 1], [0, 0, 1], [0, 0, 1], [0, 0, 1], [0, 0, 1], [0, 0, 1], [0, 0, 1], [0, 0, 1], [0, 0, 1], [0, 0, 1], [0, 0, 1], [0, 0, 1], [0, 0, 1]], "S4": [[0, 0, 1], [0, 0, 1], [0, 0, 1], [0, 0, 1], [0, 0, 1], [0, 0, 1], [0, 0, 1], [0, 0, 1], [0, 0, 1], [0, 0, 1], [0, 0, 1], [0, 0, 1], [0, 0, 1], [0, 0, 1], [0, 0, 1], [0, 0, 1], [0, 0, 1], [0, 0, 1], [0, 0, 1], [0, 0, 1], [0, 0, 1], [0, 0, 1]]}, "pred_probs": {"R1": [4.530202659225324e-06, 4.1363146010553464e-06, 0.9999912977218628], "R3": [1.0003541319747455e-06, 1.4788208773097722e-06, 0.999996542930603, 9.662220463724225e-07], "S2s1": [2.4601617951702792e-06, 2.5089905193453887e-06, 4.006889867014252e-06, 3.167556087646517e-06, 3.480207169559435e-06, 4.0534605432185344e-06, 3.1654603844799567e-06, 3.0106623398751253e-06, 2.6615916794980876e-06, 2.862188921426423e-06, 4.396978511067573e-06, 5.430154033092549e-06, 4.108260327484459e-06, 1.3295532426127465e-06, 4.031232492707204e-06, 8.630485353933182e-06, 1.8755554265226237e-06, 0.9999387264251709], "B1s1": [9.959562703443225e-07, 9.731261343404185e-07, 1.0648856232364778e-06, 0.999996542930603, 4.621460902853869e-07], "TS1s1": [0.9999978542327881, 3.73761281480256e-07, 5.084792178422504e-07, 1.47509510384225e-07, 3.157487071803189e-07, 1.4064278275327524e-07, 3.527648857470922e-07, 3.4811148452718044e-07], "K1": [3.265569148425129e-07, 0.9999992847442627, 4.013980401396111e-07], "T1s1": [2.2492897642223397e-06, 7.307822329494229e-07, 0.9999963045120239, 7.48185755128361e-07], "P4": [1.6376455391764466e-07, 4.8826038323568355e-08, 2.812987354161578e-08, 8.647408122897104e-08, 7.925278566744964e-08, 1.1469366967276073e-07, 0.999998927116394, 3.007172821867243e-08, 1.0142213824337887e-07, 1.1742407224346607e-07, 9.403857603729193e-08, 1.0680730611056788e-07, 1.3547082744480576e-07], "EM1": [2.428747757221572e-05, 0.9999576807022095, 5.726984454668127e-06, 5.718618012906518e-06, 6.572974143637111e-06], "TM1": [1.789686763231657e-07, 0.9999986886978149, 3.099529521932709e-07, 2.2850028358334384e-07, 2.0927132027281914e-07, 1.8920084698947903e-07], "I1s2": [[3.095507850048307e-07, 3.822387100171909e-07, 0.9999992847442627], [2.1055549837001308e-07, 2.5038352191586455e-07, 0.9999995231628418], [4.928802468384674e-07, 3.570216904336121e-07, 0.9999991655349731], [0.9999932050704956, 3.475030553090619e-06, 3.3523647289257497e-06], [0.999993085861206, 3.2968391678878106e-06, 3.533061089910916e-06], [0.9999922513961792, 3.899157036357792e-06, 3.790006076087593e-06], [3.656182059330604e-07, 5.986860855955456e-07, 0.9999990463256836], [2.3293925721645792e-07, 2.907026726006734e-07, 0.9999995231628418], [2.553258866555552e-07, 6.820876592428249e-07, 0.9999990463256836], [1.8073568242016336e-07, 2.1797724514271977e-07, 0.9999996423721313], [3.318126289286738e-07, 6.719696443724388e-07, 0.9999990463256836], [6.18610840774636e-07, 1.0307422826372203e-06, 0.9999983310699463], [4.2033155978060677e-07, 1.1840544402730302e-06, 0.9999984502792358], [1.0894732440647203e-06, 2.550953240643139e-06, 0.9999963045120239], [2.3623773870440345e-07, 2.995209626988071e-07, 0.9999995231628418], [2.484712240402587e-07, 3.951342932850821e-07, 0.9999994039535522], [4.597779650339362e-07, 1.007677042252908e-06, 0.9999985694885254], [2.667983949322661e-07, 2.65135497556912e-07, 0.9999995231628418], [4.401607895943016e-07, 7.967158239807759e-07, 0.9999988079071045], [1.4086208466324024e-07, 3.812783972989564e-07, 0.9999995231628418], [2.1755477064289153e-07, 4.347882907040912e-07, 0.9999994039535522], [6.198584969752119e-07, 3.178182055307843e-07, 0.9999990463256836], [1.9124787797863974e-07, 1.094330286832701e-06, 0.9999986886978149], [1.7719651168590644e-07, 2.0337235184797464e-07, 0.9999996423721313], [1.7781111409931327e-06, 1.9443997700818727e-07, 0.9999979734420776], [1.944410286114362e-07, 3.3990346537393634e-07, 0.9999995231628418], [4.667102757593966e-07, 1.123312244999397e-06, 0.9999984502792358], [1.9142285623274802e-07, 3.4303488405384996e-07, 0.9999995231628418]], "S4": [[5.683009931090055e-06, 1.95706252270611e-06, 0.9999923706054688], [5.625834660349938e-07, 6.084155188545992e-07, 0.9999988079071045], [4.1464232936050394e-07, 6.877027658447332e-07, 0.999998927116394], [5.001350587008346e-07, 6.174494728838908e-07, 0.999998927116394], [8.054198019635805e-07, 1.0067901712318417e-06, 0.9999982118606567], [6.18031776866701e-07, 1.00997624485899e-06, 0.9999983310699463], [6.270801122809644e-07, 6.567908030774561e-07, 0.9999986886978149], [5.529727786779404e-07, 4.402242552714597e-07, 0.9999990463256836], [5.642323799293081e-07, 7.269692332556588e-07, 0.9999986886978149], [4.7030320615704113e-07, 6.558345830853796e-07, 0.999998927116394], [4.803291631105822e-07, 9.310863902101119e-07, 0.9999985694885254], [1.0777604302347754e-06, 7.973689548634866e-07, 0.9999980926513672], [7.31475211068755e-07, 1.2576740573422285e-06, 0.9999979734420776], [4.99086581839947e-07, 9.921366199705517e-07, 0.9999984502792358], [4.0970604686663137e-07, 7.8970344929985e-07, 0.9999988079071045], [1.117001602324308e-06, 8.051800932662445e-07, 0.9999980926513672], [7.208131478364521e-07, 9.010577173285128e-07, 0.9999983310699463], [2.211306338040231e-07, 5.427384053291462e-07, 0.9999992847442627], [7.330620519496733e-07, 9.7669726528693e-07, 0.9999983310699463], [5.255935207060247e-07, 7.783326054777717e-07, 0.9999986886978149], [5.137276275490876e-07, 9.047751632351719e-07, 0.9999985694885254], [7.755431852274342e-07, 1.1392041869839886e-06, 0.9999980926513672]]}, "infer_command_tokens": ["I1s2_0_2", "I1s2_1_2", "I1s2_2_2", "I1s2_3_0", "I1s2_4_0", "I1s2_5_0", "I1s2_6_2", "I1s2_7_2", "I1s2_8_2", "I1s2_9_2", "I1s2_10_2", "I1s2_11_2", "I1s2_12_2", "I1s2_13_2", "I1s2_14_2", "I1s2_15_2", "I1s2_16_2", "I1s2_17_2", "I1s2_18_2", "I1s2_19_2", "I1s2_20_2", "I1s2_21_2", "I1s2_22_2", "I1s2_23_2", "I1s2_24_2", "I1s2_25_2", "I1s2_26_2", "I1s2_27_2", "I4_28", "C1_4", "R1_2", "R3_2", "S2s1_17", "S4_0_2", "S4_1_2", "S4_2_2", "S4_3_2", "S4_4_2", "S4_5_2", "S4_6_2", "S4_7_2", "S4_8_2", "S4_9_2", "S4_10_2", "S4_11_2", "S4_12_2", "S4_13_2", "S4_14_2", "S4_15_2", "S4_16_2", "S4_17_2", "S4_18_2", "S4_19_2", "S4_20_2", "S4_21_2", "B1s1_3", "TS1s1_0", "K1_1", "T1s1_2", "P4_6", "ST1_14", "EM1_1", "TM1_1"]}