{"text": "The music is composed in the major key and follows a 4/4 meter with a fast tempo. The use of grand piano, drum and guitar brings the music to life, creating a dynamic and engaging sound that captures the listener's attention. Whether it's the interplay between instruments or the driving rhythm that propels the song forward, this music is sure to leave a lasting impression on anyone who hears it.", "pred_labels": {"R1": [0, 0, 1], "R3": [0, 0, 0, 1], "S2s1": [0, 0, 0, 0, 0, 0, 0, 0, 0, 0, 0, 0, 0, 0, 0, 0, 0, 1], "B1s1": [0, 0, 0, 0, 1], "TS1s1": [1, 0, 0, 0, 0, 0, 0, 0], "K1": [1, 0, 0], "T1s1": [0, 0, 1, 0], "P4": [0, 0, 0, 0, 0, 0, 0, 0, 0, 0, 0, 0, 1], "EM1": [0, 0, 0, 0, 1], "TM1": [0, 0, 0, 0, 0, 1], "I1s2": [[1, 0, 0], [0, 0, 1], [0, 0, 1], [0, 0, 1], [1, 0, 0], [0, 0, 1], [0, 0, 1], [0, 0, 1], [0, 0, 1], [0, 0, 1], [0, 0, 1], [0, 0, 1], [0, 0, 1], [0, 0, 1], [0, 0, 1], [0, 0, 1], [0, 0, 1], [0, 0, 1], [0, 0, 1], [0, 0, 1], [0, 0, 1], [0, 0, 1], [0, 0, 1], [0, 0, 1], [0, 0, 1], [0, 0, 1], [0, 0, 1], [1, 0, 0]], "S4": [[0, 0, 1], [0, 0, 1], [0, 0, 1], [0, 0, 1], [0, 0, 1], [0, 0, 1], [0, 0, 1], [0, 0, 1], [0, 0, 1], [0, 0, 1], [0, 0, 1], [0, 0, 1], [0, 0, 1], [0, 0, 1], [0, 0, 1], [0, 0, 1], [0, 0, 1], [0, 0, 1], [0, 0, 1], [0, 0, 1], [0, 0, 1], [0, 0, 1]]}, "pred_probs": {"R1": [3.971545993408654e-06, 4.1100111047853716e-06, 0.9999918937683105], "R3": [1.8503934597902116e-06, 3.430689730521408e-06, 1.3201938600104768e-06, 0.9999934434890747], "S2s1": [2.4686205506441183e-06, 2.7480159587867092e-06, 5.299481472320622e-06, 3.214920070604421e-06, 4.11204700867529e-06, 4.532332695816876e-06, 3.621895530159236e-06, 2.9778695989080006e-06, 2.72617057817115e-06, 3.3978028568526497e-06, 5.4833913054608274e-06, 5.430170403997181e-06, 3.579432814149186e-06, 1.3477502989189816e-06, 5.178826995688723e-06, 8.758791409491096e-06, 1.953182163560996e-06, 0.999933123588562], "B1s1": [8.079595318122301e-06, 5.1067654567305e-06, 9.281226084567606e-06, 2.4466617105645128e-06, 0.9999750852584839], "TS1s1": [0.9999970197677612, 5.511247422873566e-07, 9.390258242092386e-07, 1.5808447528797842e-07, 3.1072281103661226e-07, 1.7117230299845687e-07, 3.793388714257162e-07, 5.011276584809821e-07], "K1": [0.9999996423721313, 1.2784511227437179e-07, 2.136181223022504e-07], "T1s1": [1.5743263475087588e-06, 8.171408012458414e-07, 0.9999969005584717, 7.431450512740412e-07], "P4": [4.460692082375317e-07, 3.9434002019334e-07, 4.014444812128204e-07, 4.359721117452864e-07, 7.688766459068574e-07, 2.484508740963065e-07, 5.517840691027232e-07, 2.6610820214045816e-07, 4.36252008739757e-07, 5.49878222955158e-07, 3.468104807780037e-07, 4.045525088258728e-07, 0.9999947547912598], "EM1": [4.776923560712021e-06, 5.044253157393541e-06, 7.463182555511594e-06, 6.75570554449223e-05, 0.9999151229858398], "TM1": [4.1263382399847615e-07, 7.497465048800223e-07, 5.280456321088423e-07, 7.74641534917464e-07, 1.0004993811207896e-07, 0.9999973773956299], "I1s2": [[0.9999929666519165, 2.6133618575840956e-06, 4.376665856398176e-06], [2.487531673978083e-07, 2.3268792403996486e-07, 0.9999995231628418], [4.0996420125338773e-07, 2.848070721483964e-07, 0.9999992847442627], [3.333224469770357e-07, 1.0777084753499366e-06, 0.9999985694885254], [0.9999936819076538, 2.8707825094898e-06, 3.4912090995931067e-06], [4.4455279635258194e-07, 6.475538043559936e-07, 0.999998927116394], [6.029466135260009e-07, 5.889895646760124e-07, 0.9999988079071045], [2.609698981359543e-07, 2.924349473687471e-07, 0.9999994039535522], [2.1915860770604922e-07, 4.780960694006353e-07, 0.9999992847442627], [2.4819581767587806e-07, 2.2318705816815054e-07, 0.9999995231628418], [2.9408445811895945e-07, 3.793393545947765e-07, 0.9999992847442627], [5.042673478783399e-07, 4.9498481757837e-07, 0.9999990463256836], [2.5946940240828553e-07, 5.259798285806028e-07, 0.9999991655349731], [9.159151659332565e-07, 1.829257939789386e-06, 0.9999972581863403], [2.6616044124239124e-07, 2.999877608544921e-07, 0.9999994039535522], [1.1652526410443897e-07, 1.3105749019359791e-07, 0.9999997615814209], [3.1133811262407107e-07, 3.6656129509538005e-07, 0.9999992847442627], [3.343332366512186e-07, 2.1156873231120699e-07, 0.9999994039535522], [4.222192160341365e-07, 6.569400738953846e-07, 0.999998927116394], [1.560662070687613e-07, 3.497893032999855e-07, 0.9999995231628418], [2.3325486608882784e-07, 4.851481776313449e-07, 0.9999992847442627], [9.074896070160321e-07, 3.5010805277124746e-07, 0.9999986886978149], [2.7406392177908856e-07, 9.505903904027946e-07, 0.9999988079071045], [1.5308704348626634e-07, 1.460808505271416e-07, 0.9999996423721313], [1.6544497611903353e-06, 1.755361722644011e-07, 0.9999982118606567], [2.2900178464624332e-07, 2.695805392249895e-07, 0.9999995231628418], [3.690945789003308e-07, 5.52727101421624e-07, 0.9999990463256836], [0.9999926090240479, 2.4020048385864357e-06, 4.97482960781781e-06]], "S4": [[6.0526467677846085e-06, 1.8128388319382793e-06, 0.9999921321868896], [6.283768243520171e-07, 5.700597967006615e-07, 0.9999988079071045], [4.4083839156883187e-07, 7.098860237420013e-07, 0.9999988079071045], [4.923201686324319e-07, 5.988134148537938e-07, 0.999998927116394], [9.94619085759041e-07, 1.1761947007471463e-06, 0.9999978542327881], [6.313594553830626e-07, 1.1069951142417267e-06, 0.9999982118606567], [6.548431770170282e-07, 6.635829095102963e-07, 0.9999986886978149], [5.991960279061459e-07, 5.334104002940876e-07, 0.9999988079071045], [6.23739310867677e-07, 7.489691711271007e-07, 0.9999985694885254], [4.699552675901941e-07, 6.605473572562914e-07, 0.999998927116394], [5.369830091694894e-07, 1.0369311667091097e-06, 0.9999984502792358], [1.2016510027024196e-06, 8.586321769143979e-07, 0.9999979734420776], [7.593641271341767e-07, 1.4664652780993492e-06, 0.9999977350234985], [4.990409365746018e-07, 9.394751145919145e-07, 0.9999985694885254], [5.01861563861894e-07, 9.436667482987104e-07, 0.9999985694885254], [9.046233344633947e-07, 5.152992912371701e-07, 0.9999985694885254], [5.394289814830699e-07, 6.227771791600389e-07, 0.9999988079071045], [2.3655464076455246e-07, 5.743228825849656e-07, 0.9999991655349731], [9.244843113265233e-07, 1.0782537174236495e-06, 0.9999979734420776], [5.455069640447618e-07, 8.382459100175765e-07, 0.9999985694885254], [5.385687700254493e-07, 9.586844953446416e-07, 0.9999984502792358], [7.666583883292333e-07, 1.306423996538797e-06, 0.9999979734420776]]}, "infer_command_tokens": ["I1s2_0_0", "I1s2_1_2", "I1s2_2_2", "I1s2_3_2", "I1s2_4_0", "I1s2_5_2", "I1s2_6_2", "I1s2_7_2", "I1s2_8_2", "I1s2_9_2", "I1s2_10_2", "I1s2_11_2", "I1s2_12_2", "I1s2_13_2", "I1s2_14_2", "I1s2_15_2", "I1s2_16_2", "I1s2_17_2", "I1s2_18_2", "I1s2_19_2", "I1s2_20_2", "I1s2_21_2", "I1s2_22_2", "I1s2_23_2", "I1s2_24_2", "I1s2_25_2", "I1s2_26_2", "I1s2_27_0", "I4_28", "C1_4", "R1_2", "R3_3", "S2s1_17", "S4_0_2", "S4_1_2", "S4_2_2", "S4_3_2", "S4_4_2", "S4_5_2", "S4_6_2", "S4_7_2", "S4_8_2", "S4_9_2", "S4_10_2", "S4_11_2", "S4_12_2", "S4_13_2", "S4_14_2", "S4_15_2", "S4_16_2", "S4_17_2", "S4_18_2", "S4_19_2", "S4_20_2", "S4_21_2", "B1s1_4", "TS1s1_0", "K1_0", "T1s1_2", "P4_12", "ST1_14", "EM1_4", "TM1_5"]}