{"text": "The use of a specific pitch range of 5 octaves creates a cohesive and unified sound throughout the musical piece, while its utilization of the major key forms a rich and dynamic sonic palette. With a duration of about 40 seconds, this song captivates listeners with its powerful and driving beat, further enhanced by the inclusion of drum, guitar and bass. Following a 4/4 meter, the music moves at a balanced rate, maintaining its unmistakable RnB and pop style.", "pred_labels": {"R1": [0, 0, 1], "R3": [0, 0, 1, 0], "S2s1": [0, 0, 0, 0, 0, 0, 0, 0, 0, 0, 0, 0, 0, 0, 0, 0, 0, 1], "B1s1": [0, 0, 0, 0, 1], "TS1s1": [1, 0, 0, 0, 0, 0, 0, 0], "K1": [1, 0, 0], "T1s1": [0, 1, 0, 0], "P4": [0, 0, 0, 0, 0, 1, 0, 0, 0, 0, 0, 0, 0], "EM1": [0, 0, 0, 0, 1], "TM1": [0, 0, 1, 0, 0, 0], "I1s2": [[0, 0, 1], [0, 0, 1], [0, 0, 1], [0, 0, 1], [1, 0, 0], [1, 0, 0], [0, 0, 1], [0, 0, 1], [0, 0, 1], [0, 0, 1], [0, 0, 1], [0, 0, 1], [0, 0, 1], [0, 0, 1], [0, 0, 1], [0, 0, 1], [0, 0, 1], [0, 0, 1], [0, 0, 1], [0, 0, 1], [0, 0, 1], [0, 0, 1], [0, 0, 1], [0, 0, 1], [0, 0, 1], [0, 0, 1], [0, 0, 1], [1, 0, 0]], "S4": [[0, 0, 1], [0, 0, 1], [0, 0, 1], [0, 0, 1], [0, 0, 1], [0, 0, 1], [0, 0, 1], [1, 0, 0], [0, 0, 1], [0, 0, 1], [0, 0, 1], [0, 0, 1], [0, 0, 1], [1, 0, 0], [0, 0, 1], [0, 0, 1], [0, 0, 1], [0, 0, 1], [0, 0, 1], [0, 0, 1], [0, 0, 1], [0, 0, 1]]}, "pred_probs": {"R1": [4.317229468142614e-06, 4.2757469600474e-06, 0.9999914169311523], "R3": [6.298542416516284e-07, 3.3033206818799954e-06, 0.9999954700469971, 5.473457918014901e-07], "S2s1": [2.6331103981647175e-06, 2.5612660010665422e-06, 4.418432126840344e-06, 3.1048534765432123e-06, 3.7204411000857363e-06, 4.067299869348062e-06, 3.2924806419032393e-06, 2.897681270042085e-06, 2.9647435439983383e-06, 3.0132468964438885e-06, 4.9398654482502025e-06, 5.0140074563387316e-06, 3.6708493098558392e-06, 1.2917096228193259e-06, 4.155664555582916e-06, 9.665876859799027e-06, 1.8777207060338696e-06, 0.9999366998672485], "B1s1": [6.558469522133237e-06, 5.173778390599182e-06, 9.897064046526793e-06, 2.083469325953047e-06, 0.9999762773513794], "TS1s1": [0.9999974966049194, 3.1887819318399124e-07, 7.577493192911788e-07, 1.5261994690263236e-07, 3.2492974355591286e-07, 1.447695296974416e-07, 3.3538577781655476e-07, 4.291969730729761e-07], "K1": [0.9999996423721313, 1.1199745131307282e-07, 2.3251470793184126e-07], "T1s1": [1.3640104725709534e-06, 0.9999970197677612, 8.555122690268036e-07, 8.136594829011301e-07], "P4": [1.1365706598098768e-07, 2.7694878212969343e-07, 2.914041488111252e-07, 4.211984503399435e-07, 7.909248012083481e-08, 0.9999978542327881, 1.5505492001466337e-07, 1.3719690628022363e-07, 7.387431821825885e-08, 1.347113425254065e-07, 2.480626619671966e-07, 1.0424906093930986e-07, 1.1121176868300608e-07], "EM1": [2.7859362035087543e-06, 4.117559001315385e-06, 7.378360805887496e-06, 2.0684068658738397e-05, 0.9999650716781616], "TM1": [5.80659559545893e-07, 4.252707128671318e-07, 0.9999980926513672, 3.9692926634415926e-07, 2.9192881356721045e-07, 3.164065276450856e-07], "I1s2": [[2.864518364731339e-07, 3.5192269365325046e-07, 0.9999994039535522], [2.366014228982749e-07, 2.764681710232253e-07, 0.9999995231628418], [3.3843744517980667e-07, 3.538958992521657e-07, 0.9999992847442627], [5.686943609362061e-07, 3.05093180941185e-06, 0.9999964237213135], [0.9999934434890747, 3.2257742077490548e-06, 3.293590680186753e-06], [0.9999927282333374, 3.5405478229222354e-06, 3.639191618276527e-06], [4.022563473426999e-07, 5.818301929139125e-07, 0.9999990463256836], [2.641450862483907e-07, 3.3532182897033636e-07, 0.9999994039535522], [1.588152827025624e-07, 5.340743882698007e-07, 0.9999992847442627], [2.3484795974582084e-07, 2.772906952941412e-07, 0.9999995231628418], [3.02294949960924e-07, 5.280933805806853e-07, 0.9999991655349731], [3.902956962065218e-07, 6.416840960810077e-07, 0.999998927116394], [3.195144699930097e-07, 1.0585775953586563e-06, 0.9999985694885254], [8.230532557718107e-07, 2.6449210963619407e-06, 0.999996542930603], [2.2478695882455213e-07, 3.3429083146074845e-07, 0.9999994039535522], [1.8343274632570683e-07, 1.709135659666572e-07, 0.9999996423721313], [4.622405072041147e-07, 7.895512794675597e-07, 0.9999986886978149], [2.6569639999252104e-07, 2.53366351898876e-07, 0.9999995231628418], [4.7460778773711354e-07, 8.030838785089145e-07, 0.9999986886978149], [1.5415693610520975e-07, 3.928629155325325e-07, 0.9999994039535522], [2.1103087988194602e-07, 4.984995598533715e-07, 0.9999992847442627], [5.729430654355383e-07, 3.3299855317636684e-07, 0.9999990463256836], [1.5616095083714754e-07, 9.053011922333098e-07, 0.999998927116394], [1.5517782969709515e-07, 1.629295383054341e-07, 0.9999996423721313], [2.6357015485700686e-06, 2.4483856009283045e-07, 0.9999971389770508], [2.0276128509522096e-07, 3.8108856870167074e-07, 0.9999994039535522], [4.776773039338877e-07, 1.0687516578400391e-06, 0.9999984502792358], [0.9999933242797852, 2.7549383503355784e-06, 3.956653017667122e-06]], "S4": [[4.353155873104697e-06, 1.6100198081403505e-06, 0.9999940395355225], [5.289414843900886e-07, 6.424825755857455e-07, 0.9999988079071045], [4.323835867126036e-07, 6.732813062626519e-07, 0.999998927116394], [4.3751376210821036e-07, 6.540731760651397e-07, 0.999998927116394], [7.304159339582839e-07, 8.379644782507967e-07, 0.9999984502792358], [6.062507509341231e-07, 1.0898484106292017e-06, 0.9999983310699463], [5.919944214838324e-07, 5.583475513049052e-07, 0.9999988079071045], [0.9999836683273315, 1.2474815775931347e-05, 3.80819005840749e-06], [6.196117396939371e-07, 7.747555628156988e-07, 0.9999985694885254], [5.099243480799487e-07, 6.440910738092498e-07, 0.9999988079071045], [4.7200867925312195e-07, 1.005442413770652e-06, 0.9999985694885254], [1.019853357320244e-06, 8.329510023941111e-07, 0.9999980926513672], [6.564872592207394e-07, 1.343639723927481e-06, 0.9999979734420776], [0.999972939491272, 2.0988973119528964e-05, 6.074365956010297e-06], [4.367944939076551e-07, 8.70336350544676e-07, 0.9999986886978149], [8.639246971142711e-07, 6.39087090803514e-07, 0.9999984502792358], [6.295811090240022e-07, 8.168725571522373e-07, 0.9999985694885254], [2.0576622716816928e-07, 5.531759939003678e-07, 0.9999992847442627], [8.959368074101803e-07, 9.667082849773578e-07, 0.9999980926513672], [5.193393803892832e-07, 8.095493058135617e-07, 0.9999986886978149], [5.455535756482277e-07, 1.2386058187985327e-06, 0.9999982118606567], [7.44083592962852e-07, 1.101579869100533e-06, 0.9999982118606567]]}, "infer_command_tokens": ["I1s2_0_2", "I1s2_1_2", "I1s2_2_2", "I1s2_3_2", "I1s2_4_0", "I1s2_5_0", "I1s2_6_2", "I1s2_7_2", "I1s2_8_2", "I1s2_9_2", "I1s2_10_2", "I1s2_11_2", "I1s2_12_2", "I1s2_13_2", "I1s2_14_2", "I1s2_15_2", "I1s2_16_2", "I1s2_17_2", "I1s2_18_2", "I1s2_19_2", "I1s2_20_2", "I1s2_21_2", "I1s2_22_2", "I1s2_23_2", "I1s2_24_2", "I1s2_25_2", "I1s2_26_2", "I1s2_27_0", "I4_28", "C1_4", "R1_2", "R3_2", "S2s1_17", "S4_0_2", "S4_1_2", "S4_2_2", "S4_3_2", "S4_4_2", "S4_5_2", "S4_6_2", "S4_7_0", "S4_8_2", "S4_9_2", "S4_10_2", "S4_11_2", "S4_12_2", "S4_13_0", "S4_14_2", "S4_15_2", "S4_16_2", "S4_17_2", "S4_18_2", "S4_19_2", "S4_20_2", "S4_21_2", "B1s1_4", "TS1s1_0", "K1_0", "T1s1_1", "P4_5", "ST1_14", "EM1_4", "TM1_2"]}