{"text": "This music offers a diverse and dynamic listening experience with a pitch range spanning 4 octaves. The duration of the track is 16 ~ 30 seconds, and the tempo of the song is just right. 3/4 is the time signature of the music, and the musical performance employs grand piano, drum, guitar and bass. This song falls into the category of electronic music. This music is not suitable for dancing. The tempo of this song is moderate.", "pred_labels": {"R1": [0, 1, 0], "R3": [0, 1, 0, 0], "S2s1": [0, 0, 0, 0, 0, 0, 0, 0, 0, 0, 0, 0, 0, 0, 0, 0, 0, 1], "B1s1": [0, 0, 0, 0, 1], "TS1s1": [0, 0, 1, 0, 0, 0, 0, 0], "K1": [0, 0, 1], "T1s1": [0, 1, 0, 0], "P4": [0, 0, 0, 0, 1, 0, 0, 0, 0, 0, 0, 0, 0], "EM1": [0, 0, 0, 0, 1], "TM1": [0, 1, 0, 0, 0, 0], "I1s2": [[1, 0, 0], [0, 0, 1], [0, 0, 1], [0, 0, 1], [1, 0, 0], [1, 0, 0], [0, 0, 1], [0, 0, 1], [0, 0, 1], [0, 0, 1], [0, 0, 1], [0, 0, 1], [0, 0, 1], [0, 0, 1], [0, 0, 1], [0, 0, 1], [0, 0, 1], [0, 0, 1], [0, 0, 1], [0, 0, 1], [0, 0, 1], [0, 0, 1], [0, 0, 1], [0, 0, 1], [0, 0, 1], [0, 0, 1], [0, 0, 1], [1, 0, 0]], "S4": [[0, 0, 1], [1, 0, 0], [0, 0, 1], [0, 0, 1], [0, 0, 1], [0, 0, 1], [0, 0, 1], [0, 0, 1], [0, 0, 1], [0, 0, 1], [0, 0, 1], [0, 0, 1], [0, 0, 1], [0, 0, 1], [0, 0, 1], [0, 0, 1], [0, 0, 1], [0, 0, 1], [0, 0, 1], [0, 0, 1], [0, 0, 1], [0, 0, 1]]}, "pred_probs": {"R1": [3.380872840352822e-06, 0.9999934434890747, 3.160668256896315e-06], "R3": [1.8181666519012651e-06, 0.9999942779541016, 1.2776697531080572e-06, 2.6030229491880164e-06], "S2s1": [2.5456456569372676e-06, 2.8109420782129746e-06, 5.3071648835611995e-06, 3.162033863191027e-06, 3.94223161492846e-06, 4.093228653800907e-06, 3.3942635582207004e-06, 2.9373279630817706e-06, 2.87046714220196e-06, 3.107499878751696e-06, 5.353366759663913e-06, 4.894559424428735e-06, 3.5497023418429308e-06, 1.4185200143401744e-06, 4.727741725218948e-06, 1.0432319868414197e-05, 2.1198504782660166e-06, 0.9999333620071411], "B1s1": [7.570223260700004e-06, 5.486087957251584e-06, 7.998715773283038e-06, 2.4717548967601033e-06, 0.9999765157699585], "TS1s1": [2.4944452547970286e-07, 3.604777418786398e-07, 0.9999978542327881, 2.7935180924032466e-07, 4.710662437901192e-07, 3.883442047936114e-07, 2.470432320933469e-07, 2.4938384513006895e-07], "K1": [7.899404295130807e-07, 1.7560091691848356e-06, 0.9999974966049194], "T1s1": [3.2604361877019983e-06, 0.9999220371246338, 5.708676781068789e-06, 6.904822657816112e-05], "P4": [2.895052091389516e-07, 9.312517335047232e-08, 7.755429720646134e-08, 6.958462961392797e-08, 0.9999983310699463, 9.309444948257806e-08, 1.0829074170715103e-07, 1.5721823842795857e-07, 1.10411633613694e-07, 1.978123123080877e-07, 1.6409683212259552e-07, 1.1114205733520066e-07, 2.447179383580078e-07], "EM1": [3.065885493924725e-06, 3.436744691498461e-06, 5.079261427454185e-06, 1.40056054078741e-05, 0.9999743700027466], "TM1": [1.9365640469004575e-07, 0.9999986886978149, 3.5471100545692025e-07, 2.084765213794526e-07, 2.041815605480224e-07, 2.0174965698060987e-07], "I1s2": [[0.9999942779541016, 2.82908422377659e-06, 2.878897021219018e-06], [2.027189793807338e-07, 2.445542293116887e-07, 0.9999995231628418], [3.59335615485179e-07, 3.1185754778562114e-07, 0.9999992847442627], [5.553717983275419e-07, 2.915290224336786e-06, 0.999996542930603], [0.9999934434890747, 3.0402168249565875e-06, 3.4916943150165025e-06], [0.9999932050704956, 3.2589086913503706e-06, 3.5388479773246218e-06], [4.1641453663032735e-07, 5.688097530764935e-07, 0.9999990463256836], [2.3413142002937093e-07, 3.065148348468938e-07, 0.9999994039535522], [2.1709209363507398e-07, 6.942483423699741e-07, 0.9999990463256836], [2.3267548954208905e-07, 2.258237117302997e-07, 0.9999995231628418], [3.512425905682903e-07, 6.279072977122269e-07, 0.9999990463256836], [5.686631538992515e-07, 7.726394528617675e-07, 0.9999986886978149], [3.385315210380213e-07, 9.66222273746098e-07, 0.9999986886978149], [1.327721861343889e-06, 3.029549361599493e-06, 0.9999955892562866], [2.4572662482569285e-07, 3.4355508660155465e-07, 0.9999994039535522], [2.5441380557822413e-07, 2.1479189626916195e-07, 0.9999995231628418], [4.136308291435853e-07, 7.785494631207257e-07, 0.9999988079071045], [3.0170747322699754e-07, 2.486677601609699e-07, 0.9999994039535522], [4.2128522181883454e-07, 7.290640269275173e-07, 0.9999988079071045], [1.5742797643270023e-07, 4.1919344084817567e-07, 0.9999994039535522], [1.9592636135712382e-07, 6.199200583978381e-07, 0.9999991655349731], [7.996663953235839e-07, 3.253230715927202e-07, 0.999998927116394], [2.798987281948939e-07, 1.0077194474433782e-06, 0.9999986886978149], [1.617794396224781e-07, 1.8022379322246707e-07, 0.9999996423721313], [2.429778760415502e-06, 2.633954352404544e-07, 0.9999972581863403], [2.470681295108079e-07, 3.8265454804786714e-07, 0.9999994039535522], [5.163357172932592e-07, 1.0068777100968873e-06, 0.9999984502792358], [0.9999927282333374, 2.642240815475816e-06, 4.6460509111057036e-06]], "S4": [[4.660877948481357e-06, 1.6215761888815905e-06, 0.9999936819076538], [0.9999827146530151, 7.59344402467832e-06, 9.640204552852083e-06], [4.492533207667293e-07, 6.06570949912566e-07, 0.999998927116394], [4.4628677642322145e-07, 6.823991611781821e-07, 0.999998927116394], [7.95406492670736e-07, 9.499554494141194e-07, 0.9999982118606567], [5.742040798395465e-07, 1.0637019158821204e-06, 0.9999983310699463], [6.030144277247018e-07, 6.655755555584619e-07, 0.9999986886978149], [5.917044063608046e-07, 3.9840494991949527e-07, 0.9999990463256836], [6.154363632049353e-07, 7.566582667095645e-07, 0.9999985694885254], [4.7390500412802794e-07, 7.512026058975607e-07, 0.9999988079071045], [4.7578237172274385e-07, 9.35509092414577e-07, 0.9999985694885254], [1.046608417709649e-06, 8.745709010327118e-07, 0.9999980926513672], [6.909819489919755e-07, 1.3356880117498804e-06, 0.9999979734420776], [5.014434236727539e-07, 8.746955586502736e-07, 0.9999985694885254], [4.0854996541384025e-07, 8.135212965498795e-07, 0.9999988079071045], [1.0134998547073337e-06, 7.342752610384196e-07, 0.9999982118606567], [7.927174578981067e-07, 9.862968681773054e-07, 0.9999982118606567], [2.0152668867012835e-07, 6.050314027561399e-07, 0.9999991655349731], [7.372271397798613e-07, 9.996680319090956e-07, 0.9999982118606567], [4.4646290575656167e-07, 8.471827754874539e-07, 0.9999986886978149], [4.68380591200912e-07, 9.581581252859905e-07, 0.9999985694885254], [7.723649559920887e-07, 1.1260447081440361e-06, 0.9999980926513672]]}, "infer_command_tokens": ["I1s2_0_0", "I1s2_1_2", "I1s2_2_2", "I1s2_3_2", "I1s2_4_0", "I1s2_5_0", "I1s2_6_2", "I1s2_7_2", "I1s2_8_2", "I1s2_9_2", "I1s2_10_2", "I1s2_11_2", "I1s2_12_2", "I1s2_13_2", "I1s2_14_2", "I1s2_15_2", "I1s2_16_2", "I1s2_17_2", "I1s2_18_2", "I1s2_19_2", "I1s2_20_2", "I1s2_21_2", "I1s2_22_2", "I1s2_23_2", "I1s2_24_2", "I1s2_25_2", "I1s2_26_2", "I1s2_27_0", "I4_28", "C1_4", "R1_1", "R3_1", "S2s1_17", "S4_0_2", "S4_1_0", "S4_2_2", "S4_3_2", "S4_4_2", "S4_5_2", "S4_6_2", "S4_7_2", "S4_8_2", "S4_9_2", "S4_10_2", "S4_11_2", "S4_12_2", "S4_13_2", "S4_14_2", "S4_15_2", "S4_16_2", "S4_17_2", "S4_18_2", "S4_19_2", "S4_20_2", "S4_21_2", "B1s1_4", "TS1s1_2", "K1_2", "T1s1_1", "P4_4", "ST1_14", "EM1_4", "TM1_1"]}