{"text": "The compact pitch range of 6 octaves results in a focused and impactful musical performance composed in the major key, playing for about 20 seconds. The rhythm in this song is incredibly stimulating, and the music should feature grand piano. It features a 4/4 meter and is played at a quick pace, evoking tension. The song structure is made up of about 14 bars.", "pred_labels": {"R1": [0, 0, 1], "R3": [0, 0, 1, 0], "S2s1": [0, 0, 0, 0, 0, 0, 0, 0, 0, 0, 0, 0, 0, 0, 0, 0, 0, 1], "B1s1": [0, 0, 0, 1, 0], "TS1s1": [1, 0, 0, 0, 0, 0, 0, 0], "K1": [1, 0, 0], "T1s1": [0, 0, 1, 0], "P4": [0, 0, 0, 0, 0, 0, 1, 0, 0, 0, 0, 0, 0], "EM1": [0, 1, 0, 0, 0], "TM1": [0, 1, 0, 0, 0, 0], "I1s2": [[1, 0, 0], [0, 0, 1], [0, 0, 1], [0, 0, 1], [0, 0, 1], [0, 0, 1], [0, 0, 1], [0, 0, 1], [0, 0, 1], [0, 0, 1], [0, 0, 1], [0, 0, 1], [0, 0, 1], [0, 0, 1], [0, 0, 1], [0, 0, 1], [0, 0, 1], [0, 0, 1], [0, 0, 1], [0, 0, 1], [0, 0, 1], [0, 0, 1], [0, 0, 1], [0, 0, 1], [0, 0, 1], [0, 0, 1], [0, 0, 1], [0, 0, 1]], "S4": [[0, 0, 1], [0, 0, 1], [0, 0, 1], [0, 0, 1], [0, 0, 1], [0, 0, 1], [0, 0, 1], [0, 0, 1], [0, 0, 1], [0, 0, 1], [0, 0, 1], [0, 0, 1], [0, 0, 1], [0, 0, 1], [0, 0, 1], [0, 0, 1], [0, 0, 1], [0, 0, 1], [0, 0, 1], [0, 0, 1], [0, 0, 1], [0, 0, 1]]}, "pred_probs": {"R1": [4.335929588705767e-06, 4.093006282346323e-06, 0.9999915361404419], "R3": [7.917834636828047e-07, 1.5124753645068267e-06, 0.9999971389770508, 6.280234856603784e-07], "S2s1": [2.259545681226882e-06, 2.358382971578976e-06, 4.232807441439945e-06, 3.041038326045964e-06, 3.7195850381976925e-06, 3.733032372110756e-06, 3.239601937821135e-06, 2.7379721814213553e-06, 2.55493705481058e-06, 3.0814690035185777e-06, 4.1871658140735235e-06, 5.532058821700048e-06, 4.0062654989014845e-06, 1.3570462442658027e-06, 3.919369191862643e-06, 8.551542123313993e-06, 1.974494352907641e-06, 0.9999393224716187], "B1s1": [1.0398463246019674e-06, 9.838178129939479e-07, 1.1709952332239482e-06, 0.9999963045120239, 4.655743168768822e-07], "TS1s1": [0.9999974966049194, 3.639193266735674e-07, 7.906534165158519e-07, 1.5071762504703656e-07, 3.177710539148393e-07, 1.3849779634256265e-07, 3.3866029980345047e-07, 4.0673197077012446e-07], "K1": [0.9999996423721313, 1.2090286816146545e-07, 2.3323359243931918e-07], "T1s1": [1.6288454389723483e-06, 9.600277053323225e-07, 0.9999966621398926, 7.078962198647787e-07], "P4": [1.5788950236128585e-07, 5.067091990440531e-08, 2.8703238896810035e-08, 1.0051258669818708e-07, 7.682073288606261e-08, 1.277740722116505e-07, 0.999998927116394, 3.198055154030044e-08, 1.0704959407803472e-07, 1.2118630365876015e-07, 9.600037742529821e-08, 1.1672313604549345e-07, 1.4610108678425604e-07], "EM1": [1.506183161836816e-05, 0.9999610185623169, 7.528140940848971e-06, 8.166289262589999e-06, 8.18550142867025e-06], "TM1": [2.045081970436513e-07, 0.9999988079071045, 2.723739100929379e-07, 2.119321038662747e-07, 1.879208753052808e-07, 2.024778922304904e-07], "I1s2": [[0.9999942779541016, 2.8061579087079735e-06, 2.8599029064935166e-06], [2.5676988002487633e-07, 2.2057233195482695e-07, 0.9999995231628418], [2.8625689196815074e-07, 2.2738160510016314e-07, 0.9999995231628418], [2.818596556153352e-07, 5.764943011854484e-07, 0.9999991655349731], [1.7768635984793946e-07, 3.930011871489114e-07, 0.9999994039535522], [4.225782106459519e-07, 4.857425324189535e-07, 0.9999990463256836], [4.0348425045522163e-07, 4.988266368854966e-07, 0.9999990463256836], [2.368140741282332e-07, 2.962935354844376e-07, 0.9999995231628418], [1.3010816246605827e-07, 2.51662385153395e-07, 0.9999996423721313], [2.148509281596489e-07, 1.2193319776088174e-07, 0.9999996423721313], [2.77626469369352e-07, 3.061134350446082e-07, 0.9999994039535522], [3.548269944531057e-07, 2.099349103446002e-07, 0.9999994039535522], [2.5786434321162233e-07, 3.919800803942053e-07, 0.9999994039535522], [4.4486250772024505e-07, 4.448014294666791e-07, 0.9999991655349731], [1.7633391280469368e-07, 2.0533151712243125e-07, 0.9999996423721313], [1.3170853208066546e-07, 1.2790610526280943e-07, 0.9999997615814209], [2.811777903843904e-07, 3.585712420317577e-07, 0.9999994039535522], [2.8886489644719404e-07, 1.6532585789263976e-07, 0.9999995231628418], [4.3642694436130114e-07, 5.777363298875571e-07, 0.999998927116394], [1.6147608050687268e-07, 3.6158422744847485e-07, 0.9999995231628418], [2.1970129182591336e-07, 3.1077337325768895e-07, 0.9999995231628418], [7.360930567301693e-07, 3.124254135400406e-07, 0.999998927116394], [2.6756217152978934e-07, 5.212519340602739e-07, 0.9999991655349731], [1.245736029886757e-07, 9.462755201639084e-08, 0.9999997615814209], [1.234031401509128e-06, 1.6973832828170998e-07, 0.9999985694885254], [2.1183849696626567e-07, 2.3433540263795294e-07, 0.9999995231628418], [3.5024319799958903e-07, 3.5330609193806595e-07, 0.9999992847442627], [1.5598914160364075e-07, 2.561753262853017e-07, 0.9999996423721313]], "S4": [[5.601134489552351e-06, 1.758038251864491e-06, 0.9999926090240479], [5.821131594530016e-07, 6.360434667840309e-07, 0.9999988079071045], [4.215995375034254e-07, 7.888889967944124e-07, 0.9999988079071045], [4.4591070036403835e-07, 6.275187161008944e-07, 0.999998927116394], [7.684123488616024e-07, 1.0690256431189482e-06, 0.9999982118606567], [5.667956770594174e-07, 9.690014621810406e-07, 0.9999984502792358], [5.422591584647307e-07, 5.866082801730954e-07, 0.999998927116394], [5.406016612141684e-07, 5.190250931264018e-07, 0.999998927116394], [6.283826223807409e-07, 7.480811632376572e-07, 0.9999985694885254], [4.70824147669191e-07, 6.959969027775514e-07, 0.9999988079071045], [5.198119765736919e-07, 1.0798698895087e-06, 0.9999984502792358], [1.0435526291985298e-06, 8.557016712984478e-07, 0.9999980926513672], [7.080869295350567e-07, 1.3446704087982653e-06, 0.9999979734420776], [5.0998016831727e-07, 9.409636163582036e-07, 0.9999985694885254], [3.6954034499103727e-07, 8.829139801491692e-07, 0.9999986886978149], [8.815886758384295e-07, 5.032927674619714e-07, 0.9999985694885254], [4.582674364428385e-07, 5.854279834238696e-07, 0.999998927116394], [2.231340090474987e-07, 5.512175107469375e-07, 0.9999992847442627], [8.180642794286541e-07, 9.771042641659733e-07, 0.9999982118606567], [5.192720209379331e-07, 7.582953003293369e-07, 0.9999986886978149], [4.98126098591456e-07, 8.8155172761617e-07, 0.9999985694885254], [7.105214763214462e-07, 1.1764799410229898e-06, 0.9999980926513672]]}, "infer_command_tokens": ["I1s2_0_0", "I1s2_1_2", "I1s2_2_2", "I1s2_3_2", "I1s2_4_2", "I1s2_5_2", "I1s2_6_2", "I1s2_7_2", "I1s2_8_2", "I1s2_9_2", "I1s2_10_2", "I1s2_11_2", "I1s2_12_2", "I1s2_13_2", "I1s2_14_2", "I1s2_15_2", "I1s2_16_2", "I1s2_17_2", "I1s2_18_2", "I1s2_19_2", "I1s2_20_2", "I1s2_21_2", "I1s2_22_2", "I1s2_23_2", "I1s2_24_2", "I1s2_25_2", "I1s2_26_2", "I1s2_27_2", "I4_28", "C1_4", "R1_2", "R3_2", "S2s1_17", "S4_0_2", "S4_1_2", "S4_2_2", "S4_3_2", "S4_4_2", "S4_5_2", "S4_6_2", "S4_7_2", "S4_8_2", "S4_9_2", "S4_10_2", "S4_11_2", "S4_12_2", "S4_13_2", "S4_14_2", "S4_15_2", "S4_16_2", "S4_17_2", "S4_18_2", "S4_19_2", "S4_20_2", "S4_21_2", "B1s1_3", "TS1s1_0", "K1_0", "T1s1_2", "P4_6", "ST1_14", "EM1_1", "TM1_1"]}