{"text": "This international music is brought to life through the use of brass, sax, drum and bass and is based on a 4/4 time signature, which gives it a distinct rhythmic structure. The music is played at a quick pace, adding to its lively and energetic feel. Overall, the combination of the unique time signature, the quick tempo, and the choice of instruments used creates a dynamic and engaging musical experience. This song has a duration of about 20 seconds.", "pred_labels": {"R1": [0, 0, 1], "R3": [0, 0, 0, 1], "S2s1": [0, 0, 0, 0, 0, 0, 0, 0, 0, 0, 0, 0, 0, 0, 0, 0, 0, 1], "B1s1": [0, 0, 0, 0, 1], "TS1s1": [1, 0, 0, 0, 0, 0, 0, 0], "K1": [0, 0, 1], "T1s1": [0, 0, 1, 0], "P4": [0, 0, 0, 0, 0, 0, 0, 0, 0, 0, 0, 0, 1], "EM1": [0, 0, 0, 0, 1], "TM1": [0, 1, 0, 0, 0, 0], "I1s2": [[0, 0, 1], [0, 0, 1], [0, 0, 1], [0, 0, 1], [0, 0, 1], [1, 0, 0], [0, 0, 1], [0, 0, 1], [0, 0, 1], [0, 0, 1], [0, 0, 1], [0, 0, 1], [0, 0, 1], [0, 0, 1], [0, 0, 1], [0, 0, 1], [1, 0, 0], [1, 0, 0], [0, 0, 1], [0, 0, 1], [0, 0, 1], [0, 0, 1], [0, 0, 1], [0, 0, 1], [0, 0, 1], [0, 0, 1], [0, 0, 1], [1, 0, 0]], "S4": [[0, 0, 1], [0, 0, 1], [0, 0, 1], [0, 0, 1], [1, 0, 0], [0, 0, 1], [0, 0, 1], [0, 0, 1], [0, 0, 1], [0, 0, 1], [0, 0, 1], [0, 0, 1], [0, 0, 1], [0, 0, 1], [0, 0, 1], [0, 0, 1], [0, 0, 1], [0, 0, 1], [0, 0, 1], [0, 0, 1], [0, 0, 1], [0, 0, 1]]}, "pred_probs": {"R1": [4.1348844206368085e-06, 4.225990323902806e-06, 0.9999916553497314], "R3": [1.6532867448404431e-06, 2.997406454596785e-06, 4.117575826967368e-06, 0.9999911785125732], "S2s1": [2.548525344536756e-06, 2.7118769594380865e-06, 4.468618499231525e-06, 3.2460695820191177e-06, 3.829005436273292e-06, 4.376044216769515e-06, 3.2956850191112608e-06, 2.8427546112652635e-06, 2.9568091122200713e-06, 3.083027650063741e-06, 5.447654530144064e-06, 4.847665877605323e-06, 3.7545587474596687e-06, 1.3845484545527142e-06, 4.582750079862308e-06, 9.930055057338905e-06, 1.8731672071226058e-06, 0.9999347925186157], "B1s1": [7.92861646914389e-06, 4.993019501853269e-06, 9.261017112294212e-06, 2.4119510726450244e-06, 0.9999754428863525], "TS1s1": [0.9999973773956299, 5.37249832177622e-07, 6.87811905208946e-07, 1.3837380663517251e-07, 3.2556090445723385e-07, 1.5095942274001573e-07, 3.7147049170016544e-07, 3.872618776767922e-07], "K1": [8.359178309547133e-07, 1.8144654632124002e-06, 0.9999973773956299], "T1s1": [2.070645678031724e-06, 8.041151318138873e-07, 0.9999964237213135, 7.391836334136315e-07], "P4": [5.090155354992021e-07, 4.3811641603497264e-07, 4.226971839216276e-07, 4.5909345658401435e-07, 7.449576742146746e-07, 2.4429729705843783e-07, 6.179268439154839e-07, 2.826863578775374e-07, 4.3854529963027744e-07, 5.972457302050316e-07, 3.3603245697122475e-07, 4.6370092832148657e-07, 0.9999945163726807], "EM1": [3.304883648524992e-06, 3.210904196748743e-06, 5.226804205449298e-06, 2.0424655303941108e-05, 0.9999678134918213], "TM1": [1.9441120002738899e-07, 0.9999986886978149, 3.178917609147902e-07, 2.3349821276497096e-07, 2.0500122843714053e-07, 2.0853040894053265e-07], "I1s2": [[3.3772332130865834e-07, 4.197174234832346e-07, 0.9999992847442627], [2.091449999852557e-07, 2.983370279707742e-07, 0.9999995231628418], [5.812888161926821e-07, 4.980483936378732e-07, 0.999998927116394], [6.328499466690118e-07, 3.576961262297118e-06, 0.9999958276748657], [6.129003509158792e-07, 1.5216693327602115e-06, 0.9999978542327881], [0.9999922513961792, 3.3972614801314194e-06, 4.371565864857985e-06], [5.940048595221015e-07, 6.543675681314198e-07, 0.9999988079071045], [2.586480434274563e-07, 3.292917654107441e-07, 0.9999994039535522], [2.3007235938621307e-07, 6.161555461403623e-07, 0.9999991655349731], [2.931402889316814e-07, 3.011834053268103e-07, 0.9999994039535522], [3.6743963960361725e-07, 6.489441375379101e-07, 0.999998927116394], [5.097697339806473e-07, 6.804956456107902e-07, 0.9999988079071045], [4.7397102775903477e-07, 1.5309080936276587e-06, 0.9999979734420776], [1.2301882179599488e-06, 2.862683004423161e-06, 0.9999959468841553], [3.5665755149238976e-07, 4.460881655177218e-07, 0.9999991655349731], [2.4668273113093164e-07, 3.546930145148508e-07, 0.9999994039535522], [0.9999921321868896, 2.16105809158762e-06, 5.714044618798653e-06], [0.999992847442627, 2.527792730688816e-06, 4.612753855326446e-06], [5.584843734141032e-07, 7.507269970119523e-07, 0.9999986886978149], [1.6991599238735944e-07, 3.467324063421984e-07, 0.9999995231628418], [2.942784647075314e-07, 7.850741781112447e-07, 0.999998927116394], [8.48019510613085e-07, 3.341902186093648e-07, 0.9999988079071045], [1.933055244762727e-07, 7.7072922977095e-07, 0.9999990463256836], [1.6439747696495033e-07, 1.4334490572309733e-07, 0.9999996423721313], [1.8183590100306901e-06, 2.387778295087628e-07, 0.9999979734420776], [3.1539701694782707e-07, 4.743885426705674e-07, 0.9999991655349731], [6.003303951729322e-07, 1.306238573306473e-06, 0.9999980926513672], [0.9999927282333374, 2.515887899789959e-06, 4.737966264656279e-06]], "S4": [[7.253749117808184e-06, 2.426251512588351e-06, 0.9999903440475464], [6.320526608760701e-07, 6.056154120415158e-07, 0.9999988079071045], [4.3630953427964414e-07, 7.720392432020162e-07, 0.9999988079071045], [4.526002896909631e-07, 6.696823788843176e-07, 0.999998927116394], [0.999988317489624, 5.6067910918500274e-06, 6.055544872651808e-06], [6.527652658405714e-07, 1.2903064998681657e-06, 0.9999980926513672], [6.913567744959437e-07, 7.399935384455603e-07, 0.9999985694885254], [6.098667313381156e-07, 4.971652742824517e-07, 0.999998927116394], [6.480941578956845e-07, 8.045019512792351e-07, 0.9999985694885254], [5.106660978526634e-07, 5.901962367715896e-07, 0.999998927116394], [5.234250011199038e-07, 1.049008119480277e-06, 0.9999984502792358], [1.1173157190569327e-06, 8.532520610060601e-07, 0.9999979734420776], [7.046130008347973e-07, 1.312053882429609e-06, 0.9999979734420776], [5.748188414145261e-07, 9.432725391889107e-07, 0.9999984502792358], [4.6033656531108136e-07, 8.960253126133466e-07, 0.9999986886978149], [1.1393431122996844e-06, 8.873618639881897e-07, 0.9999979734420776], [9.154721283266554e-07, 1.114358497034118e-06, 0.9999979734420776], [2.4153010258487484e-07, 6.35332014553569e-07, 0.9999991655349731], [8.710590577720723e-07, 1.054516360454727e-06, 0.9999980926513672], [5.314270197231963e-07, 8.890599474398186e-07, 0.9999985694885254], [6.590504426640109e-07, 1.2232907238285406e-06, 0.9999980926513672], [7.785887987665774e-07, 1.3115558203935507e-06, 0.9999978542327881]]}, "infer_command_tokens": ["I1s2_0_2", "I1s2_1_2", "I1s2_2_2", "I1s2_3_2", "I1s2_4_2", "I1s2_5_0", "I1s2_6_2", "I1s2_7_2", "I1s2_8_2", "I1s2_9_2", "I1s2_10_2", "I1s2_11_2", "I1s2_12_2", "I1s2_13_2", "I1s2_14_2", "I1s2_15_2", "I1s2_16_0", "I1s2_17_0", "I1s2_18_2", "I1s2_19_2", "I1s2_20_2", "I1s2_21_2", "I1s2_22_2", "I1s2_23_2", "I1s2_24_2", "I1s2_25_2", "I1s2_26_2", "I1s2_27_0", "I4_28", "C1_4", "R1_2", "R3_3", "S2s1_17", "S4_0_2", "S4_1_2", "S4_2_2", "S4_3_2", "S4_4_0", "S4_5_2", "S4_6_2", "S4_7_2", "S4_8_2", "S4_9_2", "S4_10_2", "S4_11_2", "S4_12_2", "S4_13_2", "S4_14_2", "S4_15_2", "S4_16_2", "S4_17_2", "S4_18_2", "S4_19_2", "S4_20_2", "S4_21_2", "B1s1_4", "TS1s1_0", "K1_2", "T1s1_2", "P4_12", "ST1_14", "EM1_4", "TM1_1"]}