{"text": "The use of a specific pitch range of 5 octaves creates a cohesive and unified sound throughout the musical piece. This is further enhanced by the musical performance that employs brass, drum, guitar and bass. By utilizing these instruments within the defined pitch range, the overall sound of the piece is strengthened, providing a consistent and harmonious experience for the listener. The use of a controlled pitch range and instrumentation is a common technique in music composition that helps to create a specific mood or atmosphere and to convey a particular emotional message to the audience.", "pred_labels": {"R1": [0, 0, 1], "R3": [0, 0, 0, 1], "S2s1": [0, 0, 0, 0, 0, 0, 0, 0, 0, 0, 0, 0, 0, 0, 0, 0, 0, 1], "B1s1": [0, 0, 0, 0, 1], "TS1s1": [0, 0, 0, 0, 0, 0, 0, 1], "K1": [0, 0, 1], "T1s1": [0, 0, 0, 1], "P4": [0, 0, 0, 0, 0, 1, 0, 0, 0, 0, 0, 0, 0], "EM1": [0, 0, 0, 0, 1], "TM1": [0, 0, 0, 0, 0, 1], "I1s2": [[0, 0, 1], [0, 0, 1], [0, 0, 1], [0, 0, 1], [1, 0, 0], [1, 0, 0], [0, 0, 1], [0, 0, 1], [0, 0, 1], [0, 0, 1], [0, 0, 1], [0, 0, 1], [0, 0, 1], [0, 0, 1], [0, 0, 1], [0, 0, 1], [1, 0, 0], [0, 0, 1], [0, 0, 1], [0, 0, 1], [0, 0, 1], [0, 0, 1], [0, 0, 1], [0, 0, 1], [0, 0, 1], [0, 0, 1], [0, 0, 1], [1, 0, 0]], "S4": [[0, 0, 1], [0, 0, 1], [0, 0, 1], [0, 0, 1], [0, 0, 1], [0, 0, 1], [0, 0, 1], [0, 0, 1], [0, 0, 1], [0, 0, 1], [0, 0, 1], [0, 0, 1], [0, 0, 1], [0, 0, 1], [0, 0, 1], [0, 0, 1], [0, 0, 1], [0, 0, 1], [0, 0, 1], [0, 0, 1], [0, 0, 1], [0, 0, 1]]}, "pred_probs": {"R1": [4.291050572646782e-06, 3.9799629121262114e-06, 0.999991774559021], "R3": [8.703656021680217e-06, 8.858665410116373e-07, 8.221772986871656e-06, 0.9999822378158569], "S2s1": [2.4910023057600483e-06, 2.6432708182255737e-06, 5.0534117690403946e-06, 3.235065605622367e-06, 3.74371234102e-06, 4.248376171744894e-06, 3.4771592254401185e-06, 2.811370677591185e-06, 2.4557696178817423e-06, 3.186581352565554e-06, 4.873593752563465e-06, 4.753347639052663e-06, 3.7043830616312334e-06, 1.2117274081901996e-06, 4.688449280365603e-06, 9.683577445684932e-06, 1.6254183492492302e-06, 0.9999361038208008], "B1s1": [6.071634743420873e-06, 4.784501925314544e-06, 9.633818990550935e-06, 2.3012669316813117e-06, 0.9999772310256958], "TS1s1": [6.889314363434096e-07, 1.2707098449027399e-06, 9.587248541720328e-07, 1.8150542473449605e-06, 8.669298949826043e-07, 1.9151534615957644e-06, 5.214376506046392e-05, 0.9999403953552246], "K1": [8.318054938172281e-07, 2.0308236798882717e-06, 0.9999971389770508], "T1s1": [2.6248667381878477e-06, 1.3948207424618886e-06, 2.078873649224988e-06, 0.9999939203262329], "P4": [9.01927279528536e-08, 2.0430829295037256e-07, 2.202435211984266e-07, 3.452788064350898e-07, 6.334857971523888e-08, 0.9999983310699463, 9.617350826829352e-08, 1.1129989019309505e-07, 7.259045275986864e-08, 1.122800696862214e-07, 2.0045541759827756e-07, 8.46472971716139e-08, 8.173855547966014e-08], "EM1": [2.1236148768366547e-06, 2.367900378885679e-06, 3.6927694964106195e-06, 7.493017619708553e-06, 0.9999842643737793], "TM1": [3.673137882742594e-07, 6.413193318621779e-07, 4.847293553211784e-07, 6.962829957046779e-07, 8.778097537742724e-08, 0.9999977350234985], "I1s2": [[3.3203011184923525e-07, 4.5402271098282654e-07, 0.9999991655349731], [1.8461946638126392e-07, 2.700287780044164e-07, 0.9999995231628418], [4.295125393127819e-07, 3.760998481538991e-07, 0.9999991655349731], [4.882055009147734e-07, 2.887097252823878e-06, 0.9999966621398926], [0.999993085861206, 3.3726594210747862e-06, 3.5425280202616705e-06], [0.9999924898147583, 3.543661478033755e-06, 3.882475084537873e-06], [4.474928800846101e-07, 6.46772434720333e-07, 0.999998927116394], [2.150735127770531e-07, 3.790530058722652e-07, 0.9999994039535522], [1.9943729512306163e-07, 8.624664360468159e-07, 0.999998927116394], [2.499049571724754e-07, 2.698771481846052e-07, 0.9999995231628418], [3.5247609275756986e-07, 6.234167813090608e-07, 0.9999990463256836], [5.486990630743094e-07, 8.332199286087416e-07, 0.9999985694885254], [3.087597804096731e-07, 1.2370571766950889e-06, 0.9999984502792358], [1.0555147582635982e-06, 2.578592557256343e-06, 0.9999964237213135], [2.1901220748077321e-07, 3.1318094784182904e-07, 0.9999995231628418], [1.5441767686752428e-07, 3.183823480412684e-07, 0.9999995231628418], [0.9999936819076538, 1.989543989111553e-06, 4.271265879651764e-06], [2.90587877316284e-07, 2.845974904630566e-07, 0.9999994039535522], [4.0011374835557945e-07, 6.816466679993027e-07, 0.999998927116394], [1.3416985211733845e-07, 4.126306976104388e-07, 0.9999994039535522], [2.0017954227569135e-07, 6.461314683292585e-07, 0.9999991655349731], [7.305368399102008e-07, 3.3145298061754147e-07, 0.999998927116394], [1.707550438823091e-07, 1.1003876352333464e-06, 0.9999986886978149], [1.519678676231706e-07, 1.6717581274861004e-07, 0.9999996423721313], [1.7399471516910126e-06, 2.2223498774565087e-07, 0.9999980926513672], [2.1524034821140958e-07, 2.7958148507423175e-07, 0.9999995231628418], [4.7209636022671475e-07, 1.154640813183505e-06, 0.9999983310699463], [0.9999927282333374, 2.804984433169011e-06, 4.373698629933642e-06]], "S4": [[5.473424607771449e-06, 1.8738203380053164e-06, 0.9999926090240479], [5.803061640108353e-07, 5.700043175238534e-07, 0.9999988079071045], [4.4281333089202235e-07, 5.710239747713786e-07, 0.999998927116394], [4.858096644966281e-07, 5.608414426205854e-07, 0.999998927116394], [8.469320391668589e-07, 8.764622521084675e-07, 0.9999983310699463], [6.092501507737325e-07, 1.0413231166239711e-06, 0.9999983310699463], [6.713859193041571e-07, 5.530854991775414e-07, 0.9999988079071045], [5.91178661579761e-07, 4.992867843611748e-07, 0.999998927116394], [6.110846015872085e-07, 6.892521469126223e-07, 0.9999986886978149], [5.131333864483167e-07, 6.091320869927586e-07, 0.999998927116394], [5.164223466636031e-07, 1.0177637932429207e-06, 0.9999984502792358], [1.2371309594527702e-06, 7.548602525275783e-07, 0.9999979734420776], [6.988644827288226e-07, 1.2649009022425162e-06, 0.9999980926513672], [4.809319307241822e-07, 8.211521844714298e-07, 0.9999986886978149], [4.2432148461557517e-07, 6.738414413121063e-07, 0.999998927116394], [1.1554568573046708e-06, 7.494990086343023e-07, 0.9999980926513672], [6.671018581982935e-07, 7.843667049201031e-07, 0.9999985694885254], [2.242379224526303e-07, 6.096720994719362e-07, 0.9999991655349731], [8.422490509474301e-07, 9.764037258719327e-07, 0.9999982118606567], [5.150998276803875e-07, 8.174836807484098e-07, 0.9999986886978149], [5.058884084974125e-07, 8.954793315751886e-07, 0.9999985694885254], [6.780257422178693e-07, 1.2036962289130315e-06, 0.9999980926513672]]}, "infer_command_tokens": ["I1s2_0_2", "I1s2_1_2", "I1s2_2_2", "I1s2_3_2", "I1s2_4_0", "I1s2_5_0", "I1s2_6_2", "I1s2_7_2", "I1s2_8_2", "I1s2_9_2", "I1s2_10_2", "I1s2_11_2", "I1s2_12_2", "I1s2_13_2", "I1s2_14_2", "I1s2_15_2", "I1s2_16_0", "I1s2_17_2", "I1s2_18_2", "I1s2_19_2", "I1s2_20_2", "I1s2_21_2", "I1s2_22_2", "I1s2_23_2", "I1s2_24_2", "I1s2_25_2", "I1s2_26_2", "I1s2_27_0", "I4_28", "C1_4", "R1_2", "R3_3", "S2s1_17", "S4_0_2", "S4_1_2", "S4_2_2", "S4_3_2", "S4_4_2", "S4_5_2", "S4_6_2", "S4_7_2", "S4_8_2", "S4_9_2", "S4_10_2", "S4_11_2", "S4_12_2", "S4_13_2", "S4_14_2", "S4_15_2", "S4_16_2", "S4_17_2", "S4_18_2", "S4_19_2", "S4_20_2", "S4_21_2", "B1s1_4", "TS1s1_7", "K1_2", "T1s1_3", "P4_5", "ST1_14", "EM1_4", "TM1_5"]}