{"text": "The musical piece utilizes a specific pitch range of 3 octaves, which helps to create a cohesive and unified sound. With a duration of 31 ~ 45 seconds, the track incorporates keyboard, strings and voice that contribute to the overall composition. This song is a classic example of the classical style, spanning 9 ~ 12 bars in its musical arrangement. Together, these elements combine to form a well-crafted piece of music that showcases the beauty and power of classical music. The tempo of this song is slow.", "pred_labels": {"R1": [0, 0, 1], "R3": [0, 0, 0, 1], "S2s1": [0, 0, 0, 0, 0, 0, 0, 0, 0, 0, 0, 0, 0, 0, 0, 0, 0, 1], "B1s1": [0, 0, 1, 0, 0], "TS1s1": [0, 0, 0, 0, 0, 0, 0, 1], "K1": [0, 0, 1], "T1s1": [1, 0, 0, 0], "P4": [0, 0, 0, 1, 0, 0, 0, 0, 0, 0, 0, 0, 0], "EM1": [0, 0, 0, 0, 1], "TM1": [0, 0, 1, 0, 0, 0], "I1s2": [[0, 0, 1], [1, 0, 0], [0, 0, 1], [0, 0, 1], [0, 0, 1], [0, 0, 1], [0, 0, 1], [0, 0, 1], [0, 0, 1], [0, 0, 1], [1, 0, 0], [1, 0, 0], [0, 0, 1], [0, 0, 1], [0, 0, 1], [0, 0, 1], [0, 0, 1], [0, 0, 1], [0, 0, 1], [0, 0, 1], [0, 0, 1], [0, 0, 1], [0, 0, 1], [0, 0, 1], [0, 0, 1], [0, 0, 1], [0, 0, 1], [0, 0, 1]], "S4": [[0, 0, 1], [0, 0, 1], [0, 0, 1], [0, 0, 1], [0, 0, 1], [0, 0, 1], [0, 0, 1], [0, 0, 1], [0, 0, 1], [0, 0, 1], [0, 0, 1], [1, 0, 0], [0, 0, 1], [0, 0, 1], [0, 0, 1], [0, 0, 1], [0, 0, 1], [0, 0, 1], [0, 0, 1], [0, 0, 1], [0, 0, 1], [0, 0, 1]]}, "pred_probs": {"R1": [4.479166364035336e-06, 4.29422516390332e-06, 0.9999911785125732], "R3": [2.7868638881045626e-06, 1.6610283637419343e-06, 1.8651095388122485e-06, 0.9999936819076538], "S2s1": [2.3754478206683416e-06, 2.540841705922503e-06, 4.431919478520285e-06, 3.147329380226438e-06, 3.397785121705965e-06, 3.794420308622648e-06, 3.2760146950749913e-06, 2.9225225262052845e-06, 2.6952618554787477e-06, 3.1088113701116526e-06, 4.279938821127871e-06, 5.177521416044328e-06, 3.472273192528519e-06, 1.2224400052218698e-06, 3.930123057216406e-06, 8.177561539923772e-06, 1.7435424979339587e-06, 0.9999403953552246], "B1s1": [1.2172367860330269e-06, 1.1158738288941095e-06, 0.9999959468841553, 6.959438110243354e-07, 9.129236673288688e-07], "TS1s1": [7.194475983851589e-07, 1.3235644473752473e-06, 9.506694027550111e-07, 2.032546035479754e-06, 9.415743420504441e-07, 1.8813868791767163e-06, 5.046290607424453e-05, 0.9999417066574097], "K1": [4.988675641470763e-07, 1.3275861192596494e-06, 0.9999982118606567], "T1s1": [0.9999969005584717, 6.63429887026723e-07, 1.127552081925387e-06, 1.323488618254487e-06], "P4": [1.866924606019893e-07, 1.1100367203198402e-07, 9.78963328179816e-08, 0.9999979734420776, 1.8067885321215726e-07, 1.4199441977780225e-07, 1.998102447942074e-07, 1.9640185655589448e-07, 1.5751247417483683e-07, 7.932226964157962e-08, 1.3429448131319077e-07, 2.591251586636645e-07, 2.6948168851959053e-07], "EM1": [2.416599045318435e-06, 2.2452538814832224e-06, 4.1759226405702066e-06, 4.568116310110781e-06, 0.9999866485595703], "TM1": [6.160601628835138e-07, 4.142233365200809e-07, 0.9999978542327881, 3.2902789826039225e-07, 3.001332231633569e-07, 3.4327388220845023e-07], "I1s2": [[3.0602441825067217e-07, 2.472470441716723e-07, 0.9999994039535522], [0.999991774559021, 3.884013040078571e-06, 4.345890829426935e-06], [3.4514479807512544e-07, 3.321815711387899e-07, 0.9999992847442627], [2.624913122417638e-07, 9.177229571832868e-07, 0.9999988079071045], [2.302721497926541e-07, 5.178520154913713e-07, 0.9999992847442627], [3.7992174384271493e-07, 7.009890055087453e-07, 0.999998927116394], [3.409848261526349e-07, 4.805722824130498e-07, 0.9999991655349731], [2.2791718379266968e-07, 3.3682337630125403e-07, 0.9999994039535522], [1.2787413083970023e-07, 2.8712963739963016e-07, 0.9999996423721313], [2.693331282443978e-07, 1.0834191499498047e-07, 0.9999996423721313], [0.9999915361404419, 4.0464869925926905e-06, 4.4045382310287096e-06], [0.9999934434890747, 1.887272560452402e-06, 4.603659817803418e-06], [2.0050109128533222e-07, 6.318774694591411e-07, 0.9999991655349731], [5.06694732393953e-07, 1.0335694469176815e-06, 0.9999984502792358], [2.0660786503867712e-07, 2.2432718083109648e-07, 0.9999995231628418], [1.003010581257513e-07, 1.3237088580808631e-07, 0.9999997615814209], [2.7922624212806113e-07, 3.8087705434008967e-07, 0.9999992847442627], [2.5652215640548093e-07, 2.973799837491242e-07, 0.9999994039535522], [4.22231664742867e-07, 7.834003099560505e-07, 0.9999988079071045], [1.5172020084719406e-07, 4.114192790893867e-07, 0.9999994039535522], [2.5058770347641257e-07, 4.964334152646188e-07, 0.9999992847442627], [6.643847996201657e-07, 2.981542763791367e-07, 0.9999990463256836], [1.8045244587483467e-07, 6.788578730265726e-07, 0.9999991655349731], [1.1787734877088951e-07, 1.1232948793349351e-07, 0.9999997615814209], [1.4810182165092556e-06, 1.8215227726159355e-07, 0.9999983310699463], [1.9682610741256212e-07, 2.428680261346017e-07, 0.9999995231628418], [3.2305482022820797e-07, 3.071152434586111e-07, 0.9999994039535522], [1.4545166493462602e-07, 3.04889795188501e-07, 0.9999995231628418]], "S4": [[4.1436119317950215e-06, 1.4396716778719565e-06, 0.9999943971633911], [5.702805196960981e-07, 5.835338470205897e-07, 0.9999988079071045], [4.21274421569251e-07, 7.106285124791611e-07, 0.999998927116394], [4.365151369256637e-07, 7.288047640940931e-07, 0.9999988079071045], [7.044104677333962e-07, 8.046890798141249e-07, 0.9999984502792358], [5.36054926669749e-07, 8.390352945752966e-07, 0.9999985694885254], [5.589101306213706e-07, 6.193992021508166e-07, 0.9999988079071045], [5.588431690739526e-07, 4.4373877017278573e-07, 0.9999990463256836], [5.83745304538752e-07, 7.181127443800506e-07, 0.9999986886978149], [4.930117256662925e-07, 6.936379577382468e-07, 0.9999988079071045], [4.830462785321288e-07, 1.0795773732752423e-06, 0.9999984502792358], [0.999982476234436, 1.3836514881404582e-05, 3.7142690416658297e-06], [6.862469490442891e-07, 1.4036147604201687e-06, 0.9999978542327881], [5.244173735263757e-07, 8.229615673371882e-07, 0.9999986886978149], [4.1594248045839777e-07, 8.709582175470132e-07, 0.9999986886978149], [7.943032187540666e-07, 5.466808943310753e-07, 0.9999986886978149], [4.652728193832445e-07, 5.931835289629817e-07, 0.999998927116394], [2.2866129256726708e-07, 5.250522576716321e-07, 0.9999992847442627], [8.076411859292421e-07, 9.94422180156107e-07, 0.9999982118606567], [4.737946710520191e-07, 8.535741358173254e-07, 0.9999986886978149], [5.8988285900341e-07, 1.345025793852983e-06, 0.9999980926513672], [7.357626259363315e-07, 1.2134262306062737e-06, 0.9999980926513672]]}, "infer_command_tokens": ["I1s2_0_2", "I1s2_1_0", "I1s2_2_2", "I1s2_3_2", "I1s2_4_2", "I1s2_5_2", "I1s2_6_2", "I1s2_7_2", "I1s2_8_2", "I1s2_9_2", "I1s2_10_0", "I1s2_11_0", "I1s2_12_2", "I1s2_13_2", "I1s2_14_2", "I1s2_15_2", "I1s2_16_2", "I1s2_17_2", "I1s2_18_2", "I1s2_19_2", "I1s2_20_2", "I1s2_21_2", "I1s2_22_2", "I1s2_23_2", "I1s2_24_2", "I1s2_25_2", "I1s2_26_2", "I1s2_27_2", "I4_28", "C1_4", "R1_2", "R3_3", "S2s1_17", "S4_0_2", "S4_1_2", "S4_2_2", "S4_3_2", "S4_4_2", "S4_5_2", "S4_6_2", "S4_7_2", "S4_8_2", "S4_9_2", "S4_10_2", "S4_11_0", "S4_12_2", "S4_13_2", "S4_14_2", "S4_15_2", "S4_16_2", "S4_17_2", "S4_18_2", "S4_19_2", "S4_20_2", "S4_21_2", "B1s1_2", "TS1s1_7", "K1_2", "T1s1_0", "P4_3", "ST1_14", "EM1_4", "TM1_2"]}