{"text": "The use of a specific pitch range of 3 octaves creates a cohesive and unified sound throughout the musical piece, complemented by its use of major key, conveying a unique and resonant sound. The track lasts for 31 ~ 45 seconds, featuring a serene rhythm and enhanced by the addition of grand piano and strings to the composition. With a time signature of 4/4, the music maintains a moderate speed while evoking tranquility in nature.", "pred_labels": {"R1": [0, 0, 1], "R3": [1, 0, 0, 0], "S2s1": [0, 0, 0, 0, 0, 0, 0, 0, 0, 0, 0, 0, 0, 0, 0, 0, 0, 1], "B1s1": [0, 0, 0, 0, 1], "TS1s1": [1, 0, 0, 0, 0, 0, 0, 0], "K1": [1, 0, 0], "T1s1": [0, 1, 0, 0], "P4": [0, 0, 0, 1, 0, 0, 0, 0, 0, 0, 0, 0, 0], "EM1": [0, 0, 0, 1, 0], "TM1": [0, 0, 1, 0, 0, 0], "I1s2": [[1, 0, 0], [0, 0, 1], [0, 0, 1], [0, 0, 1], [0, 0, 1], [0, 0, 1], [0, 0, 1], [0, 0, 1], [0, 0, 1], [0, 0, 1], [1, 0, 0], [0, 0, 1], [0, 0, 1], [0, 0, 1], [0, 0, 1], [0, 0, 1], [0, 0, 1], [0, 0, 1], [0, 0, 1], [0, 0, 1], [0, 0, 1], [0, 0, 1], [0, 0, 1], [0, 0, 1], [0, 0, 1], [0, 0, 1], [0, 0, 1], [0, 0, 1]], "S4": [[0, 0, 1], [0, 0, 1], [0, 0, 1], [0, 0, 1], [0, 0, 1], [0, 0, 1], [0, 0, 1], [0, 0, 1], [0, 0, 1], [0, 0, 1], [0, 0, 1], [0, 0, 1], [0, 0, 1], [0, 0, 1], [0, 0, 1], [0, 0, 1], [0, 0, 1], [0, 0, 1], [0, 0, 1], [0, 0, 1], [0, 0, 1], [0, 0, 1]]}, "pred_probs": {"R1": [4.6452028072963e-06, 3.919965820387006e-06, 0.9999914169311523], "R3": [0.9999986886978149, 4.4431450874071743e-07, 6.266938612498052e-07, 2.3670932591812743e-07], "S2s1": [2.3124991912482074e-06, 2.4016280804062262e-06, 4.472306954994565e-06, 3.1203992421069415e-06, 3.984696377301589e-06, 3.94291419070214e-06, 3.5686546198121505e-06, 2.8852039122284623e-06, 2.565536988186068e-06, 3.362212737556547e-06, 4.462724518816685e-06, 5.400685495260404e-06, 3.5567020404414507e-06, 1.3105368452670518e-06, 4.328264367359225e-06, 8.941521628003102e-06, 1.8125483620679006e-06, 0.9999377727508545], "B1s1": [5.823113042424666e-06, 5.3902112995274365e-06, 9.346505066787358e-06, 2.1831863250554306e-06, 0.9999772310256958], "TS1s1": [0.999997615814209, 3.4512086699578504e-07, 6.740481808265031e-07, 1.4704288275879662e-07, 3.1752995255374117e-07, 1.422120021743467e-07, 3.508523889195203e-07, 3.4992845598935673e-07], "K1": [0.9999996423721313, 1.3170701151921094e-07, 2.1512607872864464e-07], "T1s1": [8.364688142137311e-07, 0.9999972581863403, 9.230344630850595e-07, 9.595614756108262e-07], "P4": [2.2789268427914067e-07, 1.244422662693978e-07, 6.6109954843796e-08, 0.9999977350234985, 2.1741875855241233e-07, 1.366530142377087e-07, 2.437353714412893e-07, 1.86532602697298e-07, 1.957100153049396e-07, 9.818391077942579e-08, 1.431185694400483e-07, 2.923817703504028e-07, 4.016152956864971e-07], "EM1": [2.702432539081201e-06, 1.527807967249828e-06, 1.983105448744027e-06, 0.9999898672103882, 3.881791599269491e-06], "TM1": [6.594288493033673e-07, 4.6934749775573437e-07, 0.9999979734420776, 3.2626107326905185e-07, 2.927626781001891e-07, 3.8384700928872917e-07], "I1s2": [[0.9999943971633911, 2.940108061011415e-06, 2.6502530090510845e-06], [2.184087861678563e-07, 2.3284130179490603e-07, 0.9999995231628418], [3.467092426490126e-07, 3.0877217227498477e-07, 0.9999994039535522], [2.7954510528616083e-07, 6.752188141945226e-07, 0.9999990463256836], [1.815084260670119e-07, 4.179300674422848e-07, 0.9999994039535522], [4.402628803745756e-07, 5.68173277315509e-07, 0.9999990463256836], [3.6964763694413705e-07, 5.273469696476241e-07, 0.9999990463256836], [2.77655857416903e-07, 3.017903509316966e-07, 0.9999994039535522], [1.2174774610684835e-07, 2.682710942281119e-07, 0.9999996423721313], [2.5081754984057625e-07, 1.1692989687617228e-07, 0.9999996423721313], [0.9999921321868896, 4.0394638745056e-06, 3.82246389563079e-06], [3.7513026995839027e-07, 2.260393756614576e-07, 0.9999994039535522], [2.4617690996819874e-07, 5.378249170462368e-07, 0.9999991655349731], [5.035195158598071e-07, 5.725191840610933e-07, 0.999998927116394], [2.613946037399728e-07, 2.526670925817598e-07, 0.9999995231628418], [1.1827394530428137e-07, 1.3177712787637574e-07, 0.9999997615814209], [3.385465845440194e-07, 3.884254908825824e-07, 0.9999992847442627], [2.7560736270970665e-07, 2.5379441126460733e-07, 0.9999995231628418], [4.770642476614739e-07, 6.713000857416773e-07, 0.9999988079071045], [1.738091128800079e-07, 4.0787941202324873e-07, 0.9999994039535522], [2.462004431436071e-07, 3.7141103348403703e-07, 0.9999994039535522], [7.44741498692747e-07, 3.447604512984981e-07, 0.999998927116394], [2.574509494479571e-07, 6.322952117443492e-07, 0.9999991655349731], [1.509341558403321e-07, 9.985839000137275e-08, 0.9999997615814209], [1.3714171700485167e-06, 1.750649261111903e-07, 0.9999984502792358], [1.9323667288517754e-07, 2.5760382982298324e-07, 0.9999995231628418], [3.7326739743548387e-07, 3.2133749527929467e-07, 0.9999992847442627], [1.4006209880790266e-07, 3.4451710462235496e-07, 0.9999995231628418]], "S4": [[4.373936462798156e-06, 1.8223042843601434e-06, 0.9999938011169434], [5.751420530941687e-07, 6.303310442490329e-07, 0.9999988079071045], [4.566745417378115e-07, 7.578153145004762e-07, 0.9999988079071045], [4.4590984771275544e-07, 6.383807544807496e-07, 0.999998927116394], [8.176930350600742e-07, 9.745357374413288e-07, 0.9999982118606567], [5.867679533366754e-07, 1.1117349458800163e-06, 0.9999983310699463], [6.055738026589097e-07, 5.960772568869288e-07, 0.9999988079071045], [5.993195486553304e-07, 5.216048748479807e-07, 0.999998927116394], [6.573201858373068e-07, 7.576496727779158e-07, 0.9999985694885254], [5.163230412108533e-07, 7.053908461784886e-07, 0.9999988079071045], [5.337429342944233e-07, 1.183449285235838e-06, 0.9999983310699463], [1.0830378869286506e-06, 8.140391400957014e-07, 0.9999980926513672], [7.114531399565749e-07, 1.2502215440690634e-06, 0.9999980926513672], [5.493367893905088e-07, 8.890837079889025e-07, 0.9999985694885254], [4.0694359881854325e-07, 7.321115731429018e-07, 0.9999988079071045], [1.0257725762130576e-06, 5.749581077907351e-07, 0.9999984502792358], [5.094854600429244e-07, 5.884169240744086e-07, 0.999998927116394], [2.4148636157406145e-07, 4.887159548161435e-07, 0.9999992847442627], [8.999238616524963e-07, 1.0393524689789047e-06, 0.9999980926513672], [5.844565293955384e-07, 8.416791956733505e-07, 0.9999985694885254], [6.206020657373301e-07, 1.1087997791037196e-06, 0.9999982118606567], [7.326467539314763e-07, 1.232518343385891e-06, 0.9999980926513672]]}, "infer_command_tokens": ["I1s2_0_0", "I1s2_1_2", "I1s2_2_2", "I1s2_3_2", "I1s2_4_2", "I1s2_5_2", "I1s2_6_2", "I1s2_7_2", "I1s2_8_2", "I1s2_9_2", "I1s2_10_0", "I1s2_11_2", "I1s2_12_2", "I1s2_13_2", "I1s2_14_2", "I1s2_15_2", "I1s2_16_2", "I1s2_17_2", "I1s2_18_2", "I1s2_19_2", "I1s2_20_2", "I1s2_21_2", "I1s2_22_2", "I1s2_23_2", "I1s2_24_2", "I1s2_25_2", "I1s2_26_2", "I1s2_27_2", "I4_28", "C1_4", "R1_2", "R3_0", "S2s1_17", "S4_0_2", "S4_1_2", "S4_2_2", "S4_3_2", "S4_4_2", "S4_5_2", "S4_6_2", "S4_7_2", "S4_8_2", "S4_9_2", "S4_10_2", "S4_11_2", "S4_12_2", "S4_13_2", "S4_14_2", "S4_15_2", "S4_16_2", "S4_17_2", "S4_18_2", "S4_19_2", "S4_20_2", "S4_21_2", "B1s1_4", "TS1s1_0", "K1_0", "T1s1_1", "P4_3", "ST1_14", "EM1_3", "TM1_2"]}