{"text": "With a pitch range spanning 3 octaves, this music offers a diverse and dynamic listening experience. Its use of major key creates a distinct atmosphere, while being over 60 seconds in length. The beat in this energetic song is brought to life through the use of piano, bass, viola, cello, trombone and oboe, following a 4/4 meter. Despite its slow rhythm, the song's style is reflective of easy listening musical traditions, with its length determined by about 15 bars.", "pred_labels": {"R1": [0, 0, 1], "R3": [0, 0, 1, 0], "S2s1": [0, 0, 0, 0, 0, 0, 0, 0, 0, 0, 0, 0, 0, 0, 0, 0, 0, 1], "B1s1": [0, 0, 0, 1, 0], "TS1s1": [1, 0, 0, 0, 0, 0, 0, 0], "K1": [1, 0, 0], "T1s1": [1, 0, 0, 0], "P4": [0, 0, 0, 1, 0, 0, 0, 0, 0, 0, 0, 0, 0], "EM1": [0, 0, 0, 0, 1], "TM1": [0, 0, 0, 0, 1, 0], "I1s2": [[1, 0, 0], [0, 0, 1], [0, 0, 1], [0, 0, 1], [0, 0, 1], [1, 0, 0], [0, 0, 1], [1, 0, 0], [1, 0, 0], [0, 0, 1], [0, 0, 1], [0, 0, 1], [0, 0, 1], [1, 0, 0], [0, 0, 1], [0, 0, 1], [0, 0, 1], [0, 0, 1], [1, 0, 0], [0, 0, 1], [0, 0, 1], [0, 0, 1], [0, 0, 1], [0, 0, 1], [0, 0, 1], [0, 0, 1], [0, 0, 1], [0, 0, 1]], "S4": [[0, 0, 1], [0, 0, 1], [0, 0, 1], [0, 0, 1], [0, 0, 1], [1, 0, 0], [0, 0, 1], [0, 0, 1], [0, 0, 1], [0, 0, 1], [0, 0, 1], [0, 0, 1], [0, 0, 1], [0, 0, 1], [0, 0, 1], [0, 0, 1], [0, 0, 1], [0, 0, 1], [0, 0, 1], [0, 0, 1], [0, 0, 1], [0, 0, 1]]}, "pred_probs": {"R1": [4.250322490406688e-06, 4.071737748745363e-06, 0.9999916553497314], "R3": [5.896638981539581e-07, 2.420556256765849e-06, 0.9999967813491821, 2.9321080319277826e-07], "S2s1": [2.4079379272734514e-06, 2.839044327629381e-06, 5.003963906347053e-06, 3.238801127736224e-06, 3.6254523365641944e-06, 3.900638148479629e-06, 3.1592849154549185e-06, 2.9033976716164034e-06, 2.9813286346325185e-06, 2.8021709113090765e-06, 4.943803560308879e-06, 4.486769284994807e-06, 4.0492468542652205e-06, 1.1989245649601799e-06, 4.253813131072093e-06, 1.0367949471401516e-05, 1.775542727955326e-06, 0.9999362230300903], "B1s1": [1.0010891173806158e-06, 1.0526078995098942e-06, 7.46642115245777e-07, 0.9999966621398926, 6.024591243658506e-07], "TS1s1": [0.9999974966049194, 3.6505110756479553e-07, 7.603944709444477e-07, 1.42588717721992e-07, 3.254895375448541e-07, 1.5894303828645207e-07, 3.436376800891594e-07, 4.184569206699962e-07], "K1": [0.9999996423721313, 1.1553908052519546e-07, 2.3879599098108883e-07], "T1s1": [0.9999966621398926, 5.230033934822131e-07, 1.8710976519287215e-06, 9.997075949286227e-07], "P4": [2.1152906981569686e-07, 1.2640521163120866e-07, 7.958610837022206e-08, 0.9999978542327881, 2.0001078837594832e-07, 1.6296824867367832e-07, 2.633164513099473e-07, 1.7499272075838235e-07, 2.03468786708072e-07, 8.262413331294738e-08, 1.2871555554738734e-07, 3.260395544657513e-07, 3.2380356174144254e-07], "EM1": [2.171006599382963e-06, 2.2579201868211385e-06, 4.387858552945545e-06, 8.57234226714354e-06, 0.9999825954437256], "TM1": [2.2879913785800454e-07, 1.5628181415650033e-07, 2.631245195061638e-07, 1.623276943973906e-07, 0.9999991655349731, 3.4347063859740956e-08], "I1s2": [[0.9999939203262329, 2.7559858608583454e-06, 3.384177489351714e-06], [1.8985839744800614e-07, 3.463629241196031e-07, 0.9999995231628418], [3.2992829801514745e-07, 3.4743140986392973e-07, 0.9999992847442627], [5.818977228955191e-07, 4.566716597764753e-06, 0.9999948740005493], [4.787269176631526e-07, 1.462764203097322e-06, 0.9999980926513672], [0.999991774559021, 3.6635356082115322e-06, 4.52347012469545e-06], [3.2749306910773157e-07, 6.335149578262644e-07, 0.9999990463256836], [0.9999911785125732, 5.319562660588417e-06, 3.4179781778220786e-06], [0.9999940395355225, 2.7612506983132334e-06, 3.1599015528627206e-06], [1.9064202660956653e-07, 2.4796705133667274e-07, 0.9999995231628418], [3.1404488254338503e-07, 1.4464246760326205e-06, 0.9999982118606567], [4.663562549467315e-07, 7.493965767935151e-07, 0.9999988079071045], [4.5720872776655597e-07, 1.8448105265633785e-06, 0.9999977350234985], [0.9999946355819702, 2.646586381160887e-06, 2.7055343707615975e-06], [2.972849699744984e-07, 4.7317902840404713e-07, 0.9999992847442627], [1.7391805329225463e-07, 3.7842016809008783e-07, 0.9999994039535522], [5.038930339651415e-07, 1.0563235264271498e-06, 0.9999984502792358], [2.4441266077701584e-07, 3.1981682013793034e-07, 0.9999994039535522], [0.9999946355819702, 4.05534592573531e-06, 1.2576506378536578e-06], [1.4336988840568665e-07, 4.084009788130061e-07, 0.9999994039535522], [2.440771424971899e-07, 8.179330848179234e-07, 0.999998927116394], [6.441059099415725e-07, 3.774868275741028e-07, 0.999998927116394], [2.0692482394224498e-07, 8.708944960744702e-07, 0.999998927116394], [1.6451087958557764e-07, 1.9555497487999673e-07, 0.9999996423721313], [1.5938112483127043e-06, 2.6102603101207933e-07, 0.9999980926513672], [2.2923006781638833e-07, 4.49164815563563e-07, 0.9999992847442627], [4.1265627714892616e-07, 1.1752725868063862e-06, 0.9999984502792358], [1.3366627626965055e-07, 4.981412757842918e-07, 0.9999994039535522]], "S4": [[3.573218009478296e-06, 1.4698074437546893e-06, 0.9999949932098389], [5.139301606504887e-07, 6.081604055907519e-07, 0.999998927116394], [4.437521852196369e-07, 7.065083877932921e-07, 0.9999988079071045], [4.901627335129888e-07, 6.915533958817832e-07, 0.9999988079071045], [6.653735908912495e-07, 8.454110229649814e-07, 0.9999984502792358], [0.9999829530715942, 9.212471013597678e-06, 7.81599464971805e-06], [6.63548746615561e-07, 6.059602810637443e-07, 0.9999986886978149], [5.670083282893756e-07, 5.03765420489799e-07, 0.999998927116394], [6.018171347932366e-07, 7.257251581904711e-07, 0.9999986886978149], [5.342382110029575e-07, 6.329707389340911e-07, 0.9999988079071045], [5.333857870937209e-07, 9.958896498574177e-07, 0.9999984502792358], [1.2659564845307614e-06, 8.803790478850715e-07, 0.9999978542327881], [6.462267378992692e-07, 1.3622048982142587e-06, 0.9999979734420776], [5.58614317469619e-07, 7.370749131041521e-07, 0.9999986886978149], [4.305483400912635e-07, 7.24743870250677e-07, 0.9999988079071045], [1.0800364407259622e-06, 6.48771049327479e-07, 0.9999982118606567], [7.858878916522372e-07, 9.640771168051288e-07, 0.9999982118606567], [2.0630776020880148e-07, 5.622812295769108e-07, 0.9999992847442627], [7.40443681479519e-07, 1.0100396821144386e-06, 0.9999982118606567], [5.553682171921537e-07, 7.354838089668192e-07, 0.9999986886978149], [6.630649522776366e-07, 1.3552141808759188e-06, 0.9999979734420776], [7.622783755323326e-07, 1.0432473800392472e-06, 0.9999982118606567]]}, "infer_command_tokens": ["I1s2_0_0", "I1s2_1_2", "I1s2_2_2", "I1s2_3_2", "I1s2_4_2", "I1s2_5_0", "I1s2_6_2", "I1s2_7_0", "I1s2_8_0", "I1s2_9_2", "I1s2_10_2", "I1s2_11_2", "I1s2_12_2", "I1s2_13_0", "I1s2_14_2", "I1s2_15_2", "I1s2_16_2", "I1s2_17_2", "I1s2_18_0", "I1s2_19_2", "I1s2_20_2", "I1s2_21_2", "I1s2_22_2", "I1s2_23_2", "I1s2_24_2", "I1s2_25_2", "I1s2_26_2", "I1s2_27_2", "I4_28", "C1_4", "R1_2", "R3_2", "S2s1_17", "S4_0_2", "S4_1_2", "S4_2_2", "S4_3_2", "S4_4_2", "S4_5_0", "S4_6_2", "S4_7_2", "S4_8_2", "S4_9_2", "S4_10_2", "S4_11_2", "S4_12_2", "S4_13_2", "S4_14_2", "S4_15_2", "S4_16_2", "S4_17_2", "S4_18_2", "S4_19_2", "S4_20_2", "S4_21_2", "B1s1_3", "TS1s1_0", "K1_0", "T1s1_0", "P4_3", "ST1_14", "EM1_4", "TM1_4"]}