{"text": "The music's limited pitch range of 3 octaves allows for a greater emphasis on the nuances of tone and phrasing, while its use of major key creates a distinct atmosphere. This about 40-second song incorporates a gentle and relaxing rhythm, complemented by the sound of synth. It follows a 4/4 meter and maintains a balanced beat throughout. Filled with sadness, the music evokes a unique emotional experience.", "pred_labels": {"R1": [0, 0, 1], "R3": [1, 0, 0, 0], "S2s1": [0, 0, 0, 0, 0, 0, 0, 0, 0, 0, 0, 0, 0, 0, 0, 0, 0, 1], "B1s1": [0, 0, 0, 0, 1], "TS1s1": [1, 0, 0, 0, 0, 0, 0, 0], "K1": [1, 0, 0], "T1s1": [0, 1, 0, 0], "P4": [0, 0, 0, 1, 0, 0, 0, 0, 0, 0, 0, 0, 0], "EM1": [0, 0, 1, 0, 0], "TM1": [0, 0, 1, 0, 0, 0], "I1s2": [[0, 0, 1], [0, 0, 1], [0, 0, 1], [0, 0, 1], [0, 0, 1], [0, 0, 1], [0, 0, 1], [0, 0, 1], [0, 0, 1], [0, 0, 1], [0, 0, 1], [0, 0, 1], [0, 0, 1], [0, 0, 1], [0, 0, 1], [0, 0, 1], [0, 0, 1], [0, 0, 1], [0, 0, 1], [0, 0, 1], [0, 0, 1], [0, 0, 1], [0, 0, 1], [0, 0, 1], [1, 0, 0], [0, 0, 1], [0, 0, 1], [0, 0, 1]], "S4": [[0, 0, 1], [0, 0, 1], [0, 0, 1], [0, 0, 1], [0, 0, 1], [0, 0, 1], [0, 0, 1], [0, 0, 1], [0, 0, 1], [0, 0, 1], [0, 0, 1], [0, 0, 1], [0, 0, 1], [0, 0, 1], [0, 0, 1], [0, 0, 1], [0, 0, 1], [0, 0, 1], [0, 0, 1], [0, 0, 1], [0, 0, 1], [0, 0, 1]]}, "pred_probs": {"R1": [4.476519734453177e-06, 4.1450462049397174e-06, 0.9999914169311523], "R3": [0.9999984502792358, 4.406684013247286e-07, 6.865157615720818e-07, 4.0351326902055007e-07], "S2s1": [2.3092006813385524e-06, 2.658890025486471e-06, 4.466510745260166e-06, 3.1210574888973497e-06, 3.5399384614720475e-06, 4.018408617412206e-06, 3.235672920709476e-06, 2.6492618871998275e-06, 2.41589123106678e-06, 3.136998202535324e-06, 4.523044935922371e-06, 5.678403795172926e-06, 3.77851870325685e-06, 1.365405637443473e-06, 3.4394781778246397e-06, 7.941469448269345e-06, 1.954145545823849e-06, 0.9999397993087769], "B1s1": [5.72741191717796e-06, 6.2215308389568236e-06, 9.010216672322713e-06, 2.0101942936889827e-06, 0.9999769926071167], "TS1s1": [0.9999974966049194, 3.5093532346763823e-07, 8.194332963284978e-07, 1.4995490005276224e-07, 3.217932373900112e-07, 1.441862877982203e-07, 3.4361602274657344e-07, 4.071752073286916e-07], "K1": [0.9999996423721313, 1.1372893737870982e-07, 2.4406799070675333e-07], "T1s1": [1.22292749438202e-06, 0.9999967813491821, 7.317980816878844e-07, 1.36892958835233e-06], "P4": [1.9460563294160238e-07, 1.2269947546883486e-07, 6.773918670432977e-08, 0.9999978542327881, 1.9774128645622113e-07, 1.2780854774518957e-07, 2.258806404142888e-07, 1.96376731764758e-07, 1.6897006105409673e-07, 8.060461453851531e-08, 1.322716940421742e-07, 2.584003198080609e-07, 3.7981772038619965e-07], "EM1": [2.102573262163787e-06, 1.5289662087525357e-06, 0.9999895095825195, 3.2152486255654367e-06, 3.716889068527962e-06], "TM1": [5.966063554296852e-07, 4.7319878149210126e-07, 0.9999980926513672, 3.4319864994358795e-07, 2.7717211992239754e-07, 2.787515143154451e-07], "I1s2": [[4.190470974663185e-07, 2.690337055355485e-07, 0.9999992847442627], [2.558698497523437e-07, 2.1151510054551181e-07, 0.9999995231628418], [3.7428011978590803e-07, 3.0643758464066195e-07, 0.9999992847442627], [3.038649651898595e-07, 6.580675631084887e-07, 0.9999990463256836], [2.1969623276163475e-07, 3.258535627992387e-07, 0.9999994039535522], [4.953427605869365e-07, 4.672801310334762e-07, 0.9999990463256836], [3.091999758453312e-07, 4.6210016080294736e-07, 0.9999992847442627], [2.5012383275679895e-07, 2.812942057062173e-07, 0.9999995231628418], [1.202019177526381e-07, 2.0218631391344388e-07, 0.9999996423721313], [2.0493477848049224e-07, 1.1495448148934884e-07, 0.9999996423721313], [2.876064399970346e-07, 2.7217879505769815e-07, 0.9999994039535522], [3.062907012463256e-07, 2.745574363416381e-07, 0.9999994039535522], [2.3332478349402663e-07, 2.7571067562348617e-07, 0.9999995231628418], [3.6771456279893755e-07, 4.786900262843119e-07, 0.9999991655349731], [2.2055257886677282e-07, 1.8360670139827562e-07, 0.9999996423721313], [1.347788156635943e-07, 9.58546308993391e-08, 0.9999997615814209], [3.3023584933289385e-07, 3.316504262329545e-07, 0.9999992847442627], [2.804996768190904e-07, 1.6069567720933264e-07, 0.9999995231628418], [4.565147833091032e-07, 5.586011297964433e-07, 0.999998927116394], [1.9956087271566503e-07, 3.518730125051661e-07, 0.9999994039535522], [1.8614750274537073e-07, 3.1590766980116314e-07, 0.9999995231628418], [7.123064733605133e-07, 3.1001300726529735e-07, 0.999998927116394], [2.1065383748464228e-07, 5.927391839577467e-07, 0.9999991655349731], [1.2613175215392403e-07, 8.677154283986965e-08, 0.9999997615814209], [0.9999918937683105, 3.302433015051065e-06, 4.814952262677252e-06], [2.1148524353975517e-07, 2.406888484074443e-07, 0.9999995231628418], [3.4404885695948906e-07, 2.853878697806067e-07, 0.9999994039535522], [1.3356996930724563e-07, 2.92908083565635e-07, 0.9999995231628418]], "S4": [[4.176121819909895e-06, 1.553338734083809e-06, 0.9999942779541016], [5.743588644691044e-07, 5.301869236973289e-07, 0.999998927116394], [4.3073561073470046e-07, 7.739951115581789e-07, 0.9999988079071045], [4.4092502093917574e-07, 6.846095743640035e-07, 0.999998927116394], [7.832945811969694e-07, 9.260385809284344e-07, 0.9999983310699463], [5.519045203072892e-07, 1.0161867294300464e-06, 0.9999984502792358], [5.357055101740116e-07, 6.037671482772566e-07, 0.9999988079071045], [6.182773404361797e-07, 4.267307929239905e-07, 0.999998927116394], [6.29651424333133e-07, 7.092153850862815e-07, 0.9999986886978149], [5.162157208360441e-07, 6.221076205292775e-07, 0.9999988079071045], [5.141186534274311e-07, 1.0855529808395659e-06, 0.9999984502792358], [1.0269086487824097e-06, 8.931820616453479e-07, 0.9999980926513672], [6.623218382628693e-07, 1.192247509607114e-06, 0.9999980926513672], [5.449433047033381e-07, 9.288824571740406e-07, 0.9999985694885254], [8.002157869668736e-07, 1.1382441016394296e-06, 0.9999980926513672], [7.880587986619503e-07, 4.414458487644879e-07, 0.9999988079071045], [5.103642024550936e-07, 5.903740998292051e-07, 0.999998927116394], [2.359908961580004e-07, 5.076412321614043e-07, 0.9999992847442627], [8.75878072292835e-07, 9.396521818416659e-07, 0.9999982118606567], [5.158573799235455e-07, 7.741529088889365e-07, 0.9999986886978149], [5.657165047523449e-07, 1.1900007166332216e-06, 0.9999982118606567], [7.41141604976292e-07, 1.1967642876697937e-06, 0.9999980926513672]]}, "infer_command_tokens": ["I1s2_0_2", "I1s2_1_2", "I1s2_2_2", "I1s2_3_2", "I1s2_4_2", "I1s2_5_2", "I1s2_6_2", "I1s2_7_2", "I1s2_8_2", "I1s2_9_2", "I1s2_10_2", "I1s2_11_2", "I1s2_12_2", "I1s2_13_2", "I1s2_14_2", "I1s2_15_2", "I1s2_16_2", "I1s2_17_2", "I1s2_18_2", "I1s2_19_2", "I1s2_20_2", "I1s2_21_2", "I1s2_22_2", "I1s2_23_2", "I1s2_24_0", "I1s2_25_2", "I1s2_26_2", "I1s2_27_2", "I4_28", "C1_4", "R1_2", "R3_0", "S2s1_17", "S4_0_2", "S4_1_2", "S4_2_2", "S4_3_2", "S4_4_2", "S4_5_2", "S4_6_2", "S4_7_2", "S4_8_2", "S4_9_2", "S4_10_2", "S4_11_2", "S4_12_2", "S4_13_2", "S4_14_2", "S4_15_2", "S4_16_2", "S4_17_2", "S4_18_2", "S4_19_2", "S4_20_2", "S4_21_2", "B1s1_4", "TS1s1_0", "K1_0", "T1s1_1", "P4_3", "ST1_14", "EM1_2", "TM1_2"]}