{"text": "This music is a prime example of easy listening and pop style, featuring a diverse and dynamic listening experience with a pitch range spanning 3 octaves. The captivating and memorable experience is further enhanced by the choice of major key. The song lasts 46 ~ 60 seconds and is performed at a moderate speed, with a very fast-paced tempo. The use of grand piano, organ and bass is vital to the music, and it is composed in 4/4 meter. Overall, this music is a must-listen for anyone looking for a unique and engaging musical experience.", "pred_labels": {"R1": [0, 0, 1], "R3": [0, 0, 1, 0], "S2s1": [0, 0, 0, 0, 0, 0, 0, 0, 0, 0, 0, 0, 0, 0, 0, 0, 0, 1], "B1s1": [0, 0, 0, 0, 1], "TS1s1": [1, 0, 0, 0, 0, 0, 0, 0], "K1": [1, 0, 0], "T1s1": [0, 1, 0, 0], "P4": [0, 0, 0, 1, 0, 0, 0, 0, 0, 0, 0, 0, 0], "EM1": [0, 0, 0, 0, 1], "TM1": [0, 0, 0, 1, 0, 0], "I1s2": [[1, 0, 0], [0, 0, 1], [0, 0, 1], [1, 0, 0], [0, 0, 1], [1, 0, 0], [0, 0, 1], [0, 0, 1], [0, 0, 1], [0, 0, 1], [0, 0, 1], [0, 0, 1], [0, 0, 1], [0, 0, 1], [0, 0, 1], [0, 0, 1], [0, 0, 1], [0, 0, 1], [0, 0, 1], [0, 0, 1], [0, 0, 1], [0, 0, 1], [0, 0, 1], [0, 0, 1], [0, 0, 1], [0, 0, 1], [0, 0, 1], [0, 0, 1]], "S4": [[0, 0, 1], [0, 0, 1], [0, 0, 1], [0, 0, 1], [0, 0, 1], [1, 0, 0], [0, 0, 1], [0, 0, 1], [0, 0, 1], [0, 0, 1], [0, 0, 1], [0, 0, 1], [0, 0, 1], [1, 0, 0], [0, 0, 1], [0, 0, 1], [0, 0, 1], [0, 0, 1], [0, 0, 1], [0, 0, 1], [0, 0, 1], [0, 0, 1]]}, "pred_probs": {"R1": [4.34639105151291e-06, 4.2165811464656144e-06, 0.9999914169311523], "R3": [8.603485071034811e-07, 1.6968666614047834e-06, 0.9999969005584717, 6.085629706831241e-07], "S2s1": [2.570258175182971e-06, 2.876428652598406e-06, 4.260339665052015e-06, 3.098254182987148e-06, 3.5747073070524493e-06, 4.219785751047311e-06, 3.388711775187403e-06, 2.7339492589817382e-06, 3.0263158805610146e-06, 2.970083642139798e-06, 5.082733423478203e-06, 4.559697117656469e-06, 3.847560037684161e-06, 1.2928742307849461e-06, 3.8745947676943615e-06, 9.316740943177138e-06, 1.7520401343062986e-06, 0.9999376535415649], "B1s1": [8.145242645696271e-06, 4.659081241698004e-06, 8.553922270948533e-06, 2.4107825993269216e-06, 0.9999762773513794], "TS1s1": [0.999997615814209, 4.0745570117906027e-07, 7.596784143970581e-07, 1.3757684769188927e-07, 3.143925937365566e-07, 1.521415526894998e-07, 3.424272847496468e-07, 4.1426946495448647e-07], "K1": [0.9999996423721313, 1.2778416191849828e-07, 2.1668455474355142e-07], "T1s1": [8.348455935447419e-07, 0.9999974966049194, 7.878218752921384e-07, 8.802746265246242e-07], "P4": [2.046260618726592e-07, 1.200738495299447e-07, 6.811283981278393e-08, 0.9999979734420776, 1.6435863869901368e-07, 1.2082740852292773e-07, 2.3763901424445066e-07, 1.626347767569314e-07, 1.6943093328336545e-07, 7.738891838471318e-08, 1.2716358810394013e-07, 2.720284442148113e-07, 3.771593526380457e-07], "EM1": [1.8388705029792618e-06, 2.0360846519906772e-06, 5.064483502792427e-06, 8.376752703043167e-06, 0.9999827146530151], "TM1": [4.1048909338314843e-07, 3.51877559978675e-07, 9.913890153256943e-07, 0.9999979734420776, 1.4884237486967322e-07, 1.2609363864157785e-07], "I1s2": [[0.9999939203262329, 2.7142909857502673e-06, 3.332174628667417e-06], [2.5885040599860076e-07, 2.602094753001438e-07, 0.9999995231628418], [4.513900080382882e-07, 3.456391937106673e-07, 0.9999991655349731], [0.9999911785125732, 3.5095069961244008e-06, 5.411212896433426e-06], [5.019276159146102e-07, 8.826966677588644e-07, 0.9999985694885254], [0.9999924898147583, 3.287110985183972e-06, 4.128012733417563e-06], [3.0388471827791363e-07, 5.004729928259621e-07, 0.9999991655349731], [2.484300125615846e-07, 3.083143269577704e-07, 0.9999994039535522], [1.696187013067174e-07, 4.933289119435358e-07, 0.9999992847442627], [1.8676186641641834e-07, 1.7862936374513083e-07, 0.9999996423721313], [3.5137088616465917e-07, 6.546417239405855e-07, 0.9999990463256836], [5.258091846371826e-07, 5.319585625329637e-07, 0.999998927116394], [3.8565397630918596e-07, 1.0723190371209057e-06, 0.9999985694885254], [1.381174115522299e-06, 2.442176764816395e-06, 0.9999961853027344], [3.850416305795079e-07, 3.595680198031914e-07, 0.9999992847442627], [2.3233066315242468e-07, 3.5662668551594834e-07, 0.9999994039535522], [5.491210117725132e-07, 8.133365554385819e-07, 0.9999986886978149], [2.837419401657826e-07, 2.8902439908051747e-07, 0.9999994039535522], [4.6037956735744956e-07, 8.18501689536788e-07, 0.9999986886978149], [1.5692975807723997e-07, 3.6323282870398543e-07, 0.9999995231628418], [2.3726636300125392e-07, 4.407313838328264e-07, 0.9999992847442627], [6.882874004077166e-07, 3.281605245319952e-07, 0.999998927116394], [2.8488685188676754e-07, 6.317152951851313e-07, 0.9999990463256836], [1.7979358801767376e-07, 1.4654801816504914e-07, 0.9999996423721313], [2.115991492246394e-06, 2.205796789667147e-07, 0.999997615814209], [2.468413242695533e-07, 3.749746610992588e-07, 0.9999994039535522], [4.856233317696024e-07, 8.706293783689034e-07, 0.9999986886978149], [1.8411779478810786e-07, 3.5915954299525765e-07, 0.9999994039535522]], "S4": [[3.82237158191856e-06, 1.4869013966745115e-06, 0.9999946355819702], [5.529452096197929e-07, 6.403110432984249e-07, 0.9999988079071045], [4.355524936272559e-07, 7.119742235772719e-07, 0.9999988079071045], [5.944253871348337e-07, 6.327341566247924e-07, 0.9999988079071045], [7.140785101000802e-07, 9.381176369060995e-07, 0.9999983310699463], [0.9999840259552002, 7.82463303039549e-06, 8.0606650953996e-06], [6.649030979133386e-07, 6.894841817484121e-07, 0.9999986886978149], [5.88309774229856e-07, 4.6037442302804266e-07, 0.999998927116394], [5.663996489602141e-07, 8.169824354808952e-07, 0.9999985694885254], [5.270572387416905e-07, 6.652227853010118e-07, 0.9999988079071045], [4.953887469127949e-07, 1.0324807817596593e-06, 0.9999984502792358], [1.1067055538660497e-06, 8.803019113656774e-07, 0.9999979734420776], [6.590504426640109e-07, 1.2717786148641608e-06, 0.9999980926513672], [0.9999768733978271, 1.87699497473659e-05, 4.380019618110964e-06], [4.0483737961949373e-07, 9.005279366647301e-07, 0.9999986886978149], [1.0493422450963408e-06, 6.773214522581839e-07, 0.9999983310699463], [6.518648092423973e-07, 8.271371711998654e-07, 0.9999985694885254], [2.0515798837550392e-07, 5.859888574377692e-07, 0.9999991655349731], [7.829367518752406e-07, 9.886578027362702e-07, 0.9999982118606567], [4.970328859599249e-07, 8.351141786988592e-07, 0.9999986886978149], [7.803054131727549e-07, 1.949929355760105e-06, 0.9999972581863403], [8.119077961055154e-07, 1.0869056268347776e-06, 0.9999980926513672]]}, "infer_command_tokens": ["I1s2_0_0", "I1s2_1_2", "I1s2_2_2", "I1s2_3_0", "I1s2_4_2", "I1s2_5_0", "I1s2_6_2", "I1s2_7_2", "I1s2_8_2", "I1s2_9_2", "I1s2_10_2", "I1s2_11_2", "I1s2_12_2", "I1s2_13_2", "I1s2_14_2", "I1s2_15_2", "I1s2_16_2", "I1s2_17_2", "I1s2_18_2", "I1s2_19_2", "I1s2_20_2", "I1s2_21_2", "I1s2_22_2", "I1s2_23_2", "I1s2_24_2", "I1s2_25_2", "I1s2_26_2", "I1s2_27_2", "I4_28", "C1_4", "R1_2", "R3_2", "S2s1_17", "S4_0_2", "S4_1_2", "S4_2_2", "S4_3_2", "S4_4_2", "S4_5_0", "S4_6_2", "S4_7_2", "S4_8_2", "S4_9_2", "S4_10_2", "S4_11_2", "S4_12_2", "S4_13_0", "S4_14_2", "S4_15_2", "S4_16_2", "S4_17_2", "S4_18_2", "S4_19_2", "S4_20_2", "S4_21_2", "B1s1_4", "TS1s1_0", "K1_0", "T1s1_1", "P4_3", "ST1_14", "EM1_4", "TM1_3"]}