{"text": "The pitch range of 5 octaves adds a distinctive character to the music, emphasizing its emotional depth, while the major key adds a unique flavor. Lasting for about 20 seconds, the track showcases a very fast and lively rhythm, brought to life through the use of piano, guitar, bass, voice, trombone and drum. Played at a rapid pace, this song is a quintessential example of the country sound.", "pred_labels": {"R1": [0, 0, 1], "R3": [0, 0, 1, 0], "S2s1": [0, 0, 0, 0, 0, 0, 0, 0, 0, 0, 0, 0, 0, 0, 0, 0, 0, 1], "B1s1": [0, 0, 0, 0, 1], "TS1s1": [0, 0, 0, 0, 0, 0, 0, 1], "K1": [1, 0, 0], "T1s1": [0, 0, 1, 0], "P4": [0, 0, 0, 0, 0, 1, 0, 0, 0, 0, 0, 0, 0], "EM1": [0, 0, 0, 0, 1], "TM1": [0, 1, 0, 0, 0, 0], "I1s2": [[1, 0, 0], [0, 0, 1], [0, 0, 1], [0, 0, 1], [1, 0, 0], [1, 0, 0], [0, 0, 1], [0, 0, 1], [0, 0, 1], [0, 0, 1], [0, 0, 1], [1, 0, 0], [0, 0, 1], [1, 0, 0], [0, 0, 1], [0, 0, 1], [0, 0, 1], [0, 0, 1], [0, 0, 1], [0, 0, 1], [0, 0, 1], [0, 0, 1], [0, 0, 1], [0, 0, 1], [0, 0, 1], [0, 0, 1], [0, 0, 1], [1, 0, 0]], "S4": [[0, 0, 1], [0, 0, 1], [0, 0, 1], [0, 0, 1], [0, 0, 1], [0, 0, 1], [0, 0, 1], [0, 0, 1], [0, 0, 1], [0, 0, 1], [0, 0, 1], [0, 0, 1], [0, 0, 1], [0, 0, 1], [0, 0, 1], [0, 0, 1], [0, 0, 1], [0, 0, 1], [0, 0, 1], [0, 0, 1], [1, 0, 0], [0, 0, 1]]}, "pred_probs": {"R1": [4.323179837228963e-06, 4.036316113342764e-06, 0.9999916553497314], "R3": [8.465577820970793e-07, 1.442842176402337e-06, 0.9999969005584717, 7.861926860641688e-07], "S2s1": [2.8021806883771205e-06, 3.013207106050686e-06, 5.201506155572133e-06, 3.306578037154395e-06, 4.097906639799476e-06, 4.514550710155163e-06, 3.4311988201807253e-06, 3.501056198729202e-06, 3.317026084914687e-06, 2.96618600259535e-06, 5.428036274679471e-06, 4.420354343892541e-06, 3.993792688561371e-06, 1.1430323638705886e-06, 4.72172041554586e-06, 1.1505452675919514e-05, 1.6503267943335231e-06, 0.9999310970306396], "B1s1": [7.085567631293088e-06, 4.953287771058967e-06, 1.1412074854888488e-05, 2.358190613449551e-06, 0.9999741315841675], "TS1s1": [6.983872822274861e-07, 1.3524872883863281e-06, 9.211206588588539e-07, 2.0119778127991594e-06, 9.009524433167826e-07, 1.9403455553401727e-06, 5.153923120815307e-05, 0.9999406337738037], "K1": [0.9999996423721313, 1.1456224058292719e-07, 2.1437813302327413e-07], "T1s1": [1.717474106044392e-06, 1.0530716281209607e-06, 0.999996542930603, 7.147714882194123e-07], "P4": [1.1157062829170172e-07, 2.899739968142967e-07, 2.626608761602256e-07, 3.06801837268722e-07, 7.890488973316678e-08, 0.9999979734420776, 1.9032708564736822e-07, 1.414595800497409e-07, 8.161980957765991e-08, 1.320769627000118e-07, 2.611096476812236e-07, 9.828005431700149e-08, 1.0278250783812837e-07], "EM1": [2.369607045693556e-06, 2.242501977889333e-06, 4.367882411315804e-06, 5.362394858821062e-06, 0.9999856948852539], "TM1": [2.0173970938230923e-07, 0.999998927116394, 2.834588883615652e-07, 2.104144556369647e-07, 1.6801705271518586e-07, 1.9092428260591987e-07], "I1s2": [[0.9999922513961792, 2.9486352559615625e-06, 4.785710189025849e-06], [2.0591762961430504e-07, 3.0617769652963034e-07, 0.9999995231628418], [4.1258024907619983e-07, 4.450203618944215e-07, 0.9999991655349731], [5.293639446790621e-07, 3.2745044791226974e-06, 0.9999961853027344], [0.9999915361404419, 3.687246817207779e-06, 4.7398680180776864e-06], [0.9999920129776001, 3.999936780019198e-06, 3.957126864406746e-06], [4.964767299497908e-07, 7.760644962218066e-07, 0.9999986886978149], [2.954253091047576e-07, 3.509062196371815e-07, 0.9999994039535522], [2.3437945628757006e-07, 1.04766570530046e-06, 0.9999986886978149], [3.29336330651131e-07, 4.4144945832158555e-07, 0.9999992847442627], [3.41624314614819e-07, 7.427448736052611e-07, 0.999998927116394], [0.999990701675415, 2.684796982066473e-06, 6.52186417937628e-06], [3.872540332849894e-07, 1.5789909184604767e-06, 0.9999980926513672], [0.9999938011169434, 2.6885591069003567e-06, 3.4184438391093863e-06], [2.7789556611423905e-07, 4.099313741789956e-07, 0.9999992847442627], [1.9219457669805706e-07, 3.829878778560669e-07, 0.9999994039535522], [6.569613901774574e-07, 1.3316077911440516e-06, 0.9999979734420776], [2.9576756332971854e-07, 3.484966839550907e-07, 0.9999994039535522], [5.221272090238926e-07, 9.793396884560934e-07, 0.9999984502792358], [1.5599681546518696e-07, 5.340127700037556e-07, 0.9999992847442627], [3.1938103006723395e-07, 1.094277990887349e-06, 0.9999985694885254], [7.52368407574977e-07, 4.378288451789558e-07, 0.9999988079071045], [2.67920455598869e-07, 1.3009391750529176e-06, 0.9999984502792358], [2.2564223911558656e-07, 2.664078522229829e-07, 0.9999995231628418], [2.805641088343691e-06, 3.244149695547094e-07, 0.9999969005584717], [3.153783723064407e-07, 5.298797418618051e-07, 0.9999991655349731], [5.104528781885165e-07, 1.391353862345568e-06, 0.9999980926513672], [0.9999934434890747, 2.7796299946203362e-06, 3.7899635572102852e-06]], "S4": [[7.144599749153713e-06, 2.606559746709536e-06, 0.9999902248382568], [5.586953193414956e-07, 7.405972723972809e-07, 0.9999986886978149], [4.711794474587805e-07, 7.484894695153343e-07, 0.9999988079071045], [5.013905024497944e-07, 7.257778520397551e-07, 0.9999988079071045], [7.410666853502335e-07, 1.1102619055236573e-06, 0.9999980926513672], [7.229338621073111e-07, 1.4753222785657272e-06, 0.9999978542327881], [7.22592517377052e-07, 6.771175549147301e-07, 0.9999985694885254], [5.818490080855554e-07, 4.95151425639051e-07, 0.999998927116394], [6.830806000834855e-07, 8.828320687825908e-07, 0.9999984502792358], [5.137355856277281e-07, 6.223509103620017e-07, 0.9999988079071045], [4.896915015706327e-07, 1.2166152600912028e-06, 0.9999983310699463], [1.0930729104074999e-06, 8.499985710841429e-07, 0.9999980926513672], [7.078341468513827e-07, 1.708168383629527e-06, 0.999997615814209], [5.540423444472253e-07, 1.0691501302062534e-06, 0.9999983310699463], [3.8375068811546953e-07, 8.439186558462097e-07, 0.9999988079071045], [1.2124010027037002e-06, 8.892458254194935e-07, 0.9999978542327881], [8.731365142011782e-07, 1.1016005601049983e-06, 0.9999979734420776], [2.1218700396730128e-07, 5.709206902793085e-07, 0.9999991655349731], [8.377802487302688e-07, 1.175881948256574e-06, 0.9999979734420776], [5.072789122095855e-07, 8.010783290046675e-07, 0.9999986886978149], [0.9999868869781494, 8.028297997952905e-06, 5.164033609617036e-06], [7.543147262367711e-07, 1.2155710464867298e-06, 0.9999979734420776]]}, "infer_command_tokens": ["I1s2_0_0", "I1s2_1_2", "I1s2_2_2", "I1s2_3_2", "I1s2_4_0", "I1s2_5_0", "I1s2_6_2", "I1s2_7_2", "I1s2_8_2", "I1s2_9_2", "I1s2_10_2", "I1s2_11_0", "I1s2_12_2", "I1s2_13_0", "I1s2_14_2", "I1s2_15_2", "I1s2_16_2", "I1s2_17_2", "I1s2_18_2", "I1s2_19_2", "I1s2_20_2", "I1s2_21_2", "I1s2_22_2", "I1s2_23_2", "I1s2_24_2", "I1s2_25_2", "I1s2_26_2", "I1s2_27_0", "I4_28", "C1_4", "R1_2", "R3_2", "S2s1_17", "S4_0_2", "S4_1_2", "S4_2_2", "S4_3_2", "S4_4_2", "S4_5_2", "S4_6_2", "S4_7_2", "S4_8_2", "S4_9_2", "S4_10_2", "S4_11_2", "S4_12_2", "S4_13_2", "S4_14_2", "S4_15_2", "S4_16_2", "S4_17_2", "S4_18_2", "S4_19_2", "S4_20_0", "S4_21_2", "B1s1_4", "TS1s1_7", "K1_0", "T1s1_2", "P4_5", "ST1_14", "EM1_4", "TM1_1"]}