{"text": "The music's limited pitch range of 4 octaves allows for a greater emphasis on the nuances of tone and phrasing, while the minor key provides a powerful and memorable sound. With a running time of 16 ~ 30 seconds, the song's tempo is carefully balanced\u2014not too fast or too slow. The distinct sound of this music is brought to life through the skilled use of brass, sax, drum and bass, and it follows a 4/4 time signature. With its quick beat, this song epitomizes the quintessential sound of international.", "pred_labels": {"R1": [0, 0, 1], "R3": [0, 1, 0, 0], "S2s1": [0, 0, 0, 0, 0, 0, 0, 0, 0, 0, 0, 0, 0, 0, 0, 0, 0, 1], "B1s1": [0, 0, 0, 0, 1], "TS1s1": [1, 0, 0, 0, 0, 0, 0, 0], "K1": [0, 1, 0], "T1s1": [0, 0, 1, 0], "P4": [0, 0, 0, 0, 1, 0, 0, 0, 0, 0, 0, 0, 0], "EM1": [0, 0, 0, 0, 1], "TM1": [0, 1, 0, 0, 0, 0], "I1s2": [[0, 0, 1], [0, 0, 1], [0, 0, 1], [0, 0, 1], [0, 0, 1], [1, 0, 0], [0, 0, 1], [0, 0, 1], [0, 0, 1], [0, 0, 1], [0, 0, 1], [0, 0, 1], [0, 0, 1], [0, 0, 1], [0, 0, 1], [0, 0, 1], [1, 0, 0], [1, 0, 0], [0, 0, 1], [0, 0, 1], [0, 0, 1], [0, 0, 1], [0, 0, 1], [0, 0, 1], [0, 0, 1], [0, 0, 1], [0, 0, 1], [1, 0, 0]], "S4": [[0, 0, 1], [0, 0, 1], [0, 0, 1], [0, 0, 1], [1, 0, 0], [0, 0, 1], [0, 0, 1], [0, 0, 1], [0, 0, 1], [0, 0, 1], [0, 0, 1], [0, 0, 1], [0, 0, 1], [0, 0, 1], [0, 0, 1], [0, 0, 1], [0, 0, 1], [0, 0, 1], [0, 0, 1], [0, 0, 1], [0, 0, 1], [0, 0, 1]]}, "pred_probs": {"R1": [4.248688583174953e-06, 4.196747795504052e-06, 0.9999915361404419], "R3": [1.9049864476983203e-06, 0.9999963045120239, 6.540963681800349e-07, 1.1836601743198116e-06], "S2s1": [2.474639359206776e-06, 2.7679461709340103e-06, 4.468161023396533e-06, 3.27900215779664e-06, 3.424319402256515e-06, 4.228219950164203e-06, 3.1238485007634154e-06, 3.1386330192617606e-06, 3.0536828035110375e-06, 2.806514658004744e-06, 4.838713266508421e-06, 4.89484909849125e-06, 3.7169004372117342e-06, 1.3471533293341054e-06, 4.152366273046937e-06, 9.177991159958765e-06, 1.7567527947903727e-06, 0.9999372959136963], "B1s1": [6.468997526098974e-06, 4.942571194987977e-06, 8.602217349107377e-06, 2.1946357264823746e-06, 0.9999778270721436], "TS1s1": [0.9999977350234985, 3.081532611304283e-07, 5.835031515744049e-07, 1.4640582435276883e-07, 3.2696806329113315e-07, 1.5506435602219426e-07, 3.580679504011641e-07, 3.739523322110472e-07], "K1": [3.1017873425298603e-07, 0.9999992847442627, 3.630540561516682e-07], "T1s1": [2.263660235257703e-06, 8.8437894874005e-07, 0.9999961853027344, 7.705073130637174e-07], "P4": [1.9864640421474178e-07, 8.086181679800575e-08, 7.184156913808692e-08, 6.755536219316127e-08, 0.9999984502792358, 8.099085846424714e-08, 1.1729094495649406e-07, 1.5361905525423936e-07, 1.1451295023334751e-07, 1.9049623745104327e-07, 1.4906191836416838e-07, 1.058851495372437e-07, 2.2022297230250842e-07], "EM1": [2.199944901803974e-06, 2.1633916276186937e-06, 4.725209691969212e-06, 6.717702490277588e-06, 0.9999841451644897], "TM1": [1.9395859851556452e-07, 0.9999986886978149, 3.0585115950998443e-07, 2.018709182038947e-07, 1.9971571418864187e-07, 1.9706392606622103e-07], "I1s2": [[3.329840296828479e-07, 3.9198226886583143e-07, 0.9999992847442627], [1.9364438230695669e-07, 2.865152453068731e-07, 0.9999995231628418], [4.745048443055566e-07, 4.1862048760776815e-07, 0.9999991655349731], [4.6849530122017313e-07, 3.0618741675425554e-06, 0.9999964237213135], [4.985141686120187e-07, 1.31688545934594e-06, 0.9999982118606567], [0.999992847442627, 3.234952828279347e-06, 3.981121153628919e-06], [3.8160484905347403e-07, 6.559772032233013e-07, 0.999998927116394], [2.3353581468654738e-07, 3.003954418545618e-07, 0.9999995231628418], [1.7199116086885624e-07, 6.189559940139588e-07, 0.9999991655349731], [1.9515478300036193e-07, 2.1848464371032605e-07, 0.9999996423721313], [3.541057935763092e-07, 6.411947879314539e-07, 0.9999990463256836], [3.9180727640086843e-07, 5.148568789081764e-07, 0.9999990463256836], [4.045983246214746e-07, 1.266295157620334e-06, 0.9999983310699463], [1.0560324881225824e-06, 2.3129398414312163e-06, 0.9999966621398926], [3.152304657305649e-07, 3.650117434972344e-07, 0.9999992847442627], [2.3334436605182418e-07, 2.923011663824582e-07, 0.9999995231628418], [0.9999947547912598, 1.8324047914575203e-06, 3.482334477666882e-06], [0.9999929666519165, 2.619545057314099e-06, 4.384925887279678e-06], [5.463592742671608e-07, 7.810071451785916e-07, 0.9999986886978149], [1.628516628215948e-07, 3.8767873888900795e-07, 0.9999994039535522], [2.302490571537419e-07, 6.462929036388232e-07, 0.9999991655349731], [6.15184944763314e-07, 3.1249339826899813e-07, 0.9999990463256836], [2.2464328708338144e-07, 7.003649784564914e-07, 0.9999990463256836], [1.7479021607869072e-07, 1.3631148476633825e-07, 0.9999996423721313], [1.3851794165020692e-06, 2.219965580252392e-07, 0.9999984502792358], [2.47541009912311e-07, 3.740992156053835e-07, 0.9999994039535522], [5.53979987216735e-07, 1.2787450032192282e-06, 0.9999982118606567], [0.9999939203262329, 2.495145508873975e-06, 3.6100730085308896e-06]], "S4": [[7.189995358203305e-06, 2.243956942038494e-06, 0.9999905824661255], [5.776932994194794e-07, 5.930878614890389e-07, 0.9999988079071045], [4.629659144939069e-07, 6.449793659157876e-07, 0.999998927116394], [4.560717741242115e-07, 6.325598178591463e-07, 0.999998927116394], [0.999984622001648, 7.940478099044412e-06, 7.39790266379714e-06], [5.690595799023868e-07, 9.74448653323634e-07, 0.9999984502792358], [6.719583893755043e-07, 7.325800766011525e-07, 0.9999985694885254], [5.72951762478624e-07, 4.581559949201619e-07, 0.999998927116394], [5.996876097924542e-07, 7.209047794276557e-07, 0.9999986886978149], [5.627888981507567e-07, 7.110222099981911e-07, 0.9999986886978149], [5.263257207843708e-07, 9.685053328212234e-07, 0.9999984502792358], [1.1625539855231182e-06, 7.951773568493081e-07, 0.9999980926513672], [7.092615987858153e-07, 1.167540403912426e-06, 0.9999980926513672], [5.206892979003896e-07, 7.949557243591698e-07, 0.9999986886978149], [4.579977428420534e-07, 8.055092735048675e-07, 0.9999986886978149], [1.1458856761237257e-06, 7.483191097890085e-07, 0.9999980926513672], [6.66535242999089e-07, 8.005947620404186e-07, 0.9999985694885254], [2.1277203643421672e-07, 5.427730798146513e-07, 0.9999992847442627], [7.524985221607494e-07, 9.856095175564406e-07, 0.9999982118606567], [5.279939045976789e-07, 7.607449106217246e-07, 0.9999986886978149], [6.627185484830989e-07, 1.3108607390677207e-06, 0.9999979734420776], [8.379192877328023e-07, 1.1484214610391064e-06, 0.9999979734420776]]}, "infer_command_tokens": ["I1s2_0_2", "I1s2_1_2", "I1s2_2_2", "I1s2_3_2", "I1s2_4_2", "I1s2_5_0", "I1s2_6_2", "I1s2_7_2", "I1s2_8_2", "I1s2_9_2", "I1s2_10_2", "I1s2_11_2", "I1s2_12_2", "I1s2_13_2", "I1s2_14_2", "I1s2_15_2", "I1s2_16_0", "I1s2_17_0", "I1s2_18_2", "I1s2_19_2", "I1s2_20_2", "I1s2_21_2", "I1s2_22_2", "I1s2_23_2", "I1s2_24_2", "I1s2_25_2", "I1s2_26_2", "I1s2_27_0", "I4_28", "C1_4", "R1_2", "R3_1", "S2s1_17", "S4_0_2", "S4_1_2", "S4_2_2", "S4_3_2", "S4_4_0", "S4_5_2", "S4_6_2", "S4_7_2", "S4_8_2", "S4_9_2", "S4_10_2", "S4_11_2", "S4_12_2", "S4_13_2", "S4_14_2", "S4_15_2", "S4_16_2", "S4_17_2", "S4_18_2", "S4_19_2", "S4_20_2", "S4_21_2", "B1s1_4", "TS1s1_0", "K1_1", "T1s1_2", "P4_4", "ST1_14", "EM1_4", "TM1_1"]}