{"text": "In creating a cohesive and unified sound throughout the musical piece, a specific pitch range of 3 octaves is utilized. The sound of this music is given by the grand piano, drum and bass used, which also imbue it with unease. The music is characterized by its rapid tempo, and the song itself is made up of about 14 bars. With a duration of 16 ~ 30 seconds, the music is a complete expression of its emotional content, conveyed through its carefully crafted musical elements. This music is composed in the major key.", "pred_labels": {"R1": [0, 0, 1], "R3": [0, 0, 0, 1], "S2s1": [0, 0, 0, 0, 0, 0, 0, 0, 0, 0, 0, 0, 0, 0, 0, 0, 0, 1], "B1s1": [0, 0, 0, 1, 0], "TS1s1": [0, 0, 0, 0, 0, 0, 0, 1], "K1": [1, 0, 0], "T1s1": [0, 0, 1, 0], "P4": [0, 0, 0, 1, 0, 0, 0, 0, 0, 0, 0, 0, 0], "EM1": [0, 1, 0, 0, 0], "TM1": [0, 1, 0, 0, 0, 0], "I1s2": [[1, 0, 0], [0, 0, 1], [0, 0, 1], [0, 0, 1], [0, 0, 1], [1, 0, 0], [0, 0, 1], [0, 0, 1], [0, 0, 1], [0, 0, 1], [0, 0, 1], [0, 0, 1], [0, 0, 1], [0, 0, 1], [0, 0, 1], [0, 0, 1], [0, 0, 1], [0, 0, 1], [0, 0, 1], [0, 0, 1], [0, 0, 1], [0, 0, 1], [0, 0, 1], [0, 0, 1], [0, 0, 1], [0, 0, 1], [0, 0, 1], [1, 0, 0]], "S4": [[0, 0, 1], [0, 0, 1], [0, 0, 1], [0, 0, 1], [0, 0, 1], [0, 0, 1], [0, 0, 1], [0, 0, 1], [0, 0, 1], [0, 0, 1], [0, 0, 1], [0, 0, 1], [0, 0, 1], [0, 0, 1], [0, 0, 1], [0, 0, 1], [0, 0, 1], [0, 0, 1], [0, 0, 1], [0, 0, 1], [0, 0, 1], [0, 0, 1]]}, "pred_probs": {"R1": [4.227716544846771e-06, 3.985649073001696e-06, 0.999991774559021], "R3": [1.268756477657007e-06, 1.4436124047279009e-06, 2.6413013074488845e-06, 0.9999946355819702], "S2s1": [2.3205618617794244e-06, 2.5084414119191933e-06, 4.617290414898889e-06, 3.095792862950475e-06, 3.8626026253041346e-06, 3.766471081689815e-06, 3.106561052845791e-06, 2.8532892883958993e-06, 2.7229052648181096e-06, 2.9689044822589494e-06, 4.704224920715205e-06, 4.820197773369728e-06, 3.7863117086089915e-06, 1.3133638958606753e-06, 4.224745225656079e-06, 9.252684321836568e-06, 1.721563648970914e-06, 0.9999382495880127], "B1s1": [9.59227918428951e-07, 1.0079567118737032e-06, 9.005020729091484e-07, 0.9999966621398926, 5.088875241199275e-07], "TS1s1": [7.180441912169044e-07, 1.4149171647659387e-06, 9.189724892166851e-07, 2.0621682779164985e-06, 9.604827937437221e-07, 1.9055377151744324e-06, 5.167835843167268e-05, 0.9999403953552246], "K1": [0.9999996423721313, 1.2114281844333163e-07, 2.2000553201451112e-07], "T1s1": [1.956014557435992e-06, 8.314417527799378e-07, 0.999996542930603, 7.21873334441625e-07], "P4": [2.266686891516656e-07, 1.1475643901803778e-07, 8.49761150334416e-08, 0.9999977350234985, 1.993330442928709e-07, 1.370535613887114e-07, 2.599636843569897e-07, 1.7981210476136766e-07, 1.9412662766171707e-07, 9.355863284099541e-08, 1.530892461687472e-07, 2.8155756126579945e-07, 3.533854169290862e-07], "EM1": [1.8429482224746607e-05, 0.9999628067016602, 4.802155672223307e-06, 7.436057330778567e-06, 6.605137059523258e-06], "TM1": [1.9409034734962916e-07, 0.9999986886978149, 3.1783841336618934e-07, 2.0657795118950162e-07, 2.0761048347139877e-07, 2.155698837214004e-07], "I1s2": [[0.9999932050704956, 2.8207000468682963e-06, 3.918185939255636e-06], [1.8880049879044236e-07, 2.4615587790322024e-07, 0.9999995231628418], [3.676672974961548e-07, 2.7695583071363217e-07, 0.9999994039535522], [5.86085320719576e-07, 3.5568405110097956e-06, 0.9999958276748657], [5.949980845798564e-07, 1.6651398482281365e-06, 0.9999977350234985], [0.9999922513961792, 3.468107706794399e-06, 4.333225206210045e-06], [3.495323710467346e-07, 5.659862836182583e-07, 0.9999990463256836], [2.421688236609043e-07, 3.0858728905514e-07, 0.9999994039535522], [1.73600184893985e-07, 5.026661824558687e-07, 0.9999992847442627], [2.502660549907887e-07, 2.4312524260494683e-07, 0.9999995231628418], [3.2835092156346946e-07, 5.645556484523695e-07, 0.9999991655349731], [4.996202278562123e-07, 5.655297172779683e-07, 0.999998927116394], [3.4008854754574713e-07, 1.2069335753039923e-06, 0.9999984502792358], [1.1356659115335788e-06, 2.481350747984834e-06, 0.9999964237213135], [2.3837864659981278e-07, 3.1554029078506574e-07, 0.9999994039535522], [1.9654285665637872e-07, 3.6063335073777125e-07, 0.9999994039535522], [4.7062209773685026e-07, 8.843550176607096e-07, 0.9999986886978149], [3.0769629688620626e-07, 2.3911954372124455e-07, 0.9999994039535522], [3.94896034094927e-07, 6.754511900908255e-07, 0.999998927116394], [1.409590879575262e-07, 3.980264580150106e-07, 0.9999994039535522], [1.8636006871020072e-07, 5.753524305873725e-07, 0.9999992847442627], [7.634852181581664e-07, 3.1050123538989283e-07, 0.999998927116394], [2.1403482719506428e-07, 5.620109959636466e-07, 0.9999991655349731], [1.36409298079343e-07, 1.35603045237076e-07, 0.9999997615814209], [2.043355607384001e-06, 2.0912467846301297e-07, 0.9999977350234985], [2.4093017714221787e-07, 3.89933177302737e-07, 0.9999994039535522], [4.74107338277463e-07, 1.025548613142746e-06, 0.9999984502792358], [0.9999927282333374, 2.5942656520783203e-06, 4.675591753766639e-06]], "S4": [[7.286191703315126e-06, 2.0409613625815837e-06, 0.999990701675415], [5.85588736612408e-07, 5.634398689835507e-07, 0.9999988079071045], [4.567421001411276e-07, 6.257623113015143e-07, 0.999998927116394], [4.872679824075021e-07, 5.829949145663704e-07, 0.999998927116394], [8.536160294170259e-07, 9.903450290948967e-07, 0.9999982118606567], [5.37243295184453e-07, 9.210352232003061e-07, 0.9999985694885254], [6.161276928651205e-07, 5.630348596241674e-07, 0.9999988079071045], [5.352633820621122e-07, 4.709558538706915e-07, 0.9999990463256836], [6.064927333682135e-07, 6.913977017575235e-07, 0.9999986886978149], [5.098630708744167e-07, 7.013005074441025e-07, 0.9999988079071045], [4.965505127074721e-07, 9.113176702157944e-07, 0.9999985694885254], [1.1564490023374674e-06, 7.834946131879406e-07, 0.9999980926513672], [6.768293587811058e-07, 1.119646640290739e-06, 0.9999982118606567], [5.305418540046958e-07, 8.92508978722617e-07, 0.9999985694885254], [4.2482838580326643e-07, 7.338318823713053e-07, 0.9999988079071045], [1.2433725942173623e-06, 7.3962979740827e-07, 0.9999979734420776], [5.611821620732371e-07, 6.961256531212712e-07, 0.9999986886978149], [2.1944636330317735e-07, 5.635008051285695e-07, 0.9999991655349731], [7.698376407461183e-07, 8.945914373725827e-07, 0.9999983310699463], [5.144140118318319e-07, 7.571715627818776e-07, 0.9999986886978149], [5.436331775854342e-07, 8.62739227613929e-07, 0.9999985694885254], [7.219695135063375e-07, 1.1216377515665954e-06, 0.9999982118606567]]}, "infer_command_tokens": ["I1s2_0_0", "I1s2_1_2", "I1s2_2_2", "I1s2_3_2", "I1s2_4_2", "I1s2_5_0", "I1s2_6_2", "I1s2_7_2", "I1s2_8_2", "I1s2_9_2", "I1s2_10_2", "I1s2_11_2", "I1s2_12_2", "I1s2_13_2", "I1s2_14_2", "I1s2_15_2", "I1s2_16_2", "I1s2_17_2", "I1s2_18_2", "I1s2_19_2", "I1s2_20_2", "I1s2_21_2", "I1s2_22_2", "I1s2_23_2", "I1s2_24_2", "I1s2_25_2", "I1s2_26_2", "I1s2_27_0", "I4_28", "C1_4", "R1_2", "R3_3", "S2s1_17", "S4_0_2", "S4_1_2", "S4_2_2", "S4_3_2", "S4_4_2", "S4_5_2", "S4_6_2", "S4_7_2", "S4_8_2", "S4_9_2", "S4_10_2", "S4_11_2", "S4_12_2", "S4_13_2", "S4_14_2", "S4_15_2", "S4_16_2", "S4_17_2", "S4_18_2", "S4_19_2", "S4_20_2", "S4_21_2", "B1s1_3", "TS1s1_7", "K1_0", "T1s1_2", "P4_3", "ST1_14", "EM1_1", "TM1_1"]}