{"text": "The rhythm in this music is truly electrifying, with about 14 bars of progression, and it's the major key that adds a unique flavor to the song.", "pred_labels": {"R1": [0, 0, 1], "R3": [0, 0, 1, 0], "S2s1": [0, 0, 0, 0, 0, 0, 0, 0, 0, 0, 0, 0, 0, 0, 0, 0, 0, 1], "B1s1": [0, 0, 0, 1, 0], "TS1s1": [0, 0, 0, 0, 0, 0, 0, 1], "K1": [1, 0, 0], "T1s1": [0, 0, 0, 1], "P4": [0, 0, 0, 0, 0, 0, 0, 0, 0, 0, 0, 0, 1], "EM1": [0, 0, 0, 0, 1], "TM1": [0, 0, 0, 0, 0, 1], "I1s2": [[0, 0, 1], [0, 0, 1], [0, 0, 1], [0, 0, 1], [0, 0, 1], [0, 0, 1], [0, 0, 1], [0, 0, 1], [0, 0, 1], [0, 0, 1], [0, 0, 1], [0, 0, 1], [0, 0, 1], [0, 0, 1], [0, 0, 1], [0, 0, 1], [0, 0, 1], [0, 0, 1], [0, 0, 1], [0, 0, 1], [0, 0, 1], [0, 0, 1], [0, 0, 1], [0, 0, 1], [0, 0, 1], [0, 0, 1], [0, 0, 1], [0, 0, 1]], "S4": [[0, 0, 1], [0, 0, 1], [0, 0, 1], [0, 0, 1], [0, 0, 1], [0, 0, 1], [0, 0, 1], [0, 0, 1], [0, 0, 1], [0, 0, 1], [0, 0, 1], [0, 0, 1], [0, 0, 1], [0, 0, 1], [0, 0, 1], [0, 0, 1], [0, 0, 1], [0, 0, 1], [0, 0, 1], [0, 0, 1], [0, 0, 1], [0, 0, 1]]}, "pred_probs": {"R1": [4.248386630933965e-06, 4.660420927393716e-06, 0.9999910593032837], "R3": [1.2770636885761633e-06, 1.5015405097074108e-06, 0.9999966621398926, 5.838504648636444e-07], "S2s1": [2.6393597636342747e-06, 2.691601366677787e-06, 5.402820988820167e-06, 3.337844646011945e-06, 4.217234618408838e-06, 5.121404683450237e-06, 3.2292562082147924e-06, 2.7186581519345054e-06, 2.5041035769390874e-06, 3.4208990200568223e-06, 4.470586645766161e-06, 6.4559662860119715e-06, 4.297242867323803e-06, 1.3488066770150908e-06, 4.300005912227789e-06, 8.293530299852137e-06, 2.1001551431254484e-06, 0.9999336004257202], "B1s1": [1.0331173143640626e-06, 8.670960482959345e-07, 8.280740075861104e-07, 0.9999966621398926, 6.1096676517991e-07], "TS1s1": [8.004378742043627e-07, 1.5215216535580112e-06, 1.222245941789879e-06, 2.1786499928566627e-06, 9.756961389939534e-07, 1.7919667243404547e-06, 4.10567045037169e-05, 0.9999504089355469], "K1": [0.9999996423721313, 1.1587862047690578e-07, 2.536248189244361e-07], "T1s1": [2.5224619548680494e-06, 1.3087609431750025e-06, 1.976580733753508e-06, 0.999994158744812], "P4": [4.548008121219027e-07, 4.2919626253024035e-07, 3.8650267697448726e-07, 4.618738955741719e-07, 7.430223831761396e-07, 2.3530397186277696e-07, 5.88274247093068e-07, 2.785433537155768e-07, 4.3093359636259265e-07, 5.218814180807385e-07, 2.8956964115423034e-07, 4.0552484392719634e-07, 0.9999948740005493], "EM1": [2.620089844640461e-06, 2.4420035060757073e-06, 4.648405138141243e-06, 5.917998805671232e-06, 0.9999843835830688], "TM1": [4.194517373434792e-07, 7.494670057894837e-07, 5.76410741359723e-07, 8.025538136280375e-07, 9.93317641473368e-08, 0.9999973773956299], "I1s2": [[3.357608591159078e-07, 2.515756989396323e-07, 0.9999994039535522], [2.912487673256692e-07, 2.282763489347417e-07, 0.9999995231628418], [3.3958460221583664e-07, 2.405384975645575e-07, 0.9999994039535522], [5.114195573696634e-07, 5.417495003712247e-07, 0.999998927116394], [2.2423863299536606e-07, 2.9664667522411037e-07, 0.9999995231628418], [5.373834142119449e-07, 4.661593777655071e-07, 0.9999990463256836], [4.7536173042317387e-07, 4.812459337699693e-07, 0.9999990463256836], [2.9607940632558893e-07, 2.925582407442562e-07, 0.9999994039535522], [1.7164600762953341e-07, 1.841410153247125e-07, 0.9999996423721313], [2.514646837425971e-07, 1.234627831081525e-07, 0.9999996423721313], [4.0373919318881235e-07, 2.6937439656649076e-07, 0.9999992847442627], [4.0265567236019706e-07, 2.2246472042297682e-07, 0.9999994039535522], [2.3489272393817373e-07, 3.3892135320456873e-07, 0.9999994039535522], [4.804782633982541e-07, 4.2572480651870137e-07, 0.9999990463256836], [2.491700854534429e-07, 2.1487815615728323e-07, 0.9999995231628418], [1.6086927701053355e-07, 9.104044806917955e-08, 0.9999997615814209], [3.6916790691066126e-07, 3.181995111845026e-07, 0.9999992847442627], [3.357275772941648e-07, 1.324501539556877e-07, 0.9999995231628418], [5.903503961235401e-07, 6.185049414852983e-07, 0.9999988079071045], [1.8963163483931567e-07, 3.6420019000615866e-07, 0.9999994039535522], [2.3978410013114626e-07, 2.799208402848308e-07, 0.9999995231628418], [7.890034225965792e-07, 3.1056194416123617e-07, 0.999998927116394], [2.1971231944917236e-07, 5.874504154235183e-07, 0.9999991655349731], [1.248447745183512e-07, 8.897271897012615e-08, 0.9999997615814209], [1.1676548865580116e-06, 1.5140470566166186e-07, 0.9999986886978149], [2.6862073809752474e-07, 2.4459970404677733e-07, 0.9999995231628418], [4.657977115130052e-07, 3.3941552146643517e-07, 0.9999991655349731], [1.671095049005089e-07, 2.405569148322684e-07, 0.9999996423721313]], "S4": [[3.988789558206918e-06, 1.4342151644086698e-06, 0.9999946355819702], [6.889445671731664e-07, 6.94652669608331e-07, 0.9999985694885254], [5.024684242016519e-07, 8.438332770310808e-07, 0.9999986886978149], [5.024027700528677e-07, 7.540297701780219e-07, 0.9999986886978149], [9.317421358900901e-07, 1.26031159197737e-06, 0.9999978542327881], [6.247410055948421e-07, 1.1264841077718302e-06, 0.9999982118606567], [5.635644697576936e-07, 7.189631219262083e-07, 0.9999986886978149], [6.29667795237765e-07, 5.148965556145413e-07, 0.9999988079071045], [6.441216555685969e-07, 7.529704930675507e-07, 0.9999985694885254], [4.7588761731276463e-07, 1.0714744576034718e-06, 0.9999984502792358], [6.109443688728788e-07, 1.2904392860946245e-06, 0.9999980926513672], [1.132887632593338e-06, 1.0682801985240076e-06, 0.9999978542327881], [7.536688713116746e-07, 1.5268295783243957e-06, 0.9999977350234985], [5.741744075749011e-07, 1.1831939445983153e-06, 0.9999982118606567], [5.134507432558166e-07, 1.0979878197758808e-06, 0.9999983310699463], [7.243092454700673e-07, 4.912910753773758e-07, 0.9999988079071045], [5.235514208834502e-07, 7.734784048807342e-07, 0.9999986886978149], [2.7200437102692376e-07, 5.889588123864087e-07, 0.9999991655349731], [1.192825720863766e-06, 1.2558000435092254e-06, 0.9999974966049194], [5.251510515336122e-07, 8.581529868934012e-07, 0.9999985694885254], [5.51265884496388e-07, 1.059337705555663e-06, 0.9999983310699463], [7.377227007054898e-07, 1.3650735581904883e-06, 0.9999978542327881]]}, "infer_command_tokens": ["I1s2_0_2", "I1s2_1_2", "I1s2_2_2", "I1s2_3_2", "I1s2_4_2", "I1s2_5_2", "I1s2_6_2", "I1s2_7_2", "I1s2_8_2", "I1s2_9_2", "I1s2_10_2", "I1s2_11_2", "I1s2_12_2", "I1s2_13_2", "I1s2_14_2", "I1s2_15_2", "I1s2_16_2", "I1s2_17_2", "I1s2_18_2", "I1s2_19_2", "I1s2_20_2", "I1s2_21_2", "I1s2_22_2", "I1s2_23_2", "I1s2_24_2", "I1s2_25_2", "I1s2_26_2", "I1s2_27_2", "I4_28", "C1_4", "R1_2", "R3_2", "S2s1_17", "S4_0_2", "S4_1_2", "S4_2_2", "S4_3_2", "S4_4_2", "S4_5_2", "S4_6_2", "S4_7_2", "S4_8_2", "S4_9_2", "S4_10_2", "S4_11_2", "S4_12_2", "S4_13_2", "S4_14_2", "S4_15_2", "S4_16_2", "S4_17_2", "S4_18_2", "S4_19_2", "S4_20_2", "S4_21_2", "B1s1_3", "TS1s1_7", "K1_0", "T1s1_3", "P4_12", "ST1_14", "EM1_4", "TM1_5"]}