{"text": "This music is a prime example of rap style, featuring a diverse and dynamic listening experience with a pitch range spanning 4 octaves. The captivating and memorable experience is further enhanced by the choice of major key. The song lasts about 40 seconds and is performed at a moderate speed, with a very fast-paced tempo. The use of ethnic instrument, drum and bass is vital to the music, and it is composed in 4/4 meter. Overall, this music is a must-listen for anyone looking for a unique and engaging musical experience.", "pred_labels": {"R1": [0, 0, 1], "R3": [0, 0, 1, 0], "S2s1": [0, 0, 0, 0, 0, 0, 0, 0, 0, 0, 0, 0, 0, 0, 0, 0, 0, 1], "B1s1": [0, 0, 0, 0, 1], "TS1s1": [1, 0, 0, 0, 0, 0, 0, 0], "K1": [1, 0, 0], "T1s1": [0, 1, 0, 0], "P4": [0, 0, 0, 0, 1, 0, 0, 0, 0, 0, 0, 0, 0], "EM1": [0, 0, 0, 0, 1], "TM1": [0, 0, 1, 0, 0, 0], "I1s2": [[0, 0, 1], [0, 0, 1], [0, 0, 1], [0, 0, 1], [0, 0, 1], [1, 0, 0], [0, 0, 1], [0, 0, 1], [0, 0, 1], [0, 0, 1], [0, 0, 1], [0, 0, 1], [0, 0, 1], [0, 0, 1], [0, 0, 1], [0, 0, 1], [0, 0, 1], [0, 0, 1], [0, 0, 1], [0, 0, 1], [0, 0, 1], [0, 0, 1], [0, 0, 1], [0, 0, 1], [0, 0, 1], [1, 0, 0], [0, 0, 1], [1, 0, 0]], "S4": [[0, 0, 1], [0, 0, 1], [1, 0, 0], [0, 0, 1], [0, 0, 1], [0, 0, 1], [0, 0, 1], [0, 0, 1], [0, 0, 1], [0, 0, 1], [0, 0, 1], [0, 0, 1], [0, 0, 1], [0, 0, 1], [0, 0, 1], [0, 0, 1], [0, 0, 1], [0, 0, 1], [0, 0, 1], [0, 0, 1], [0, 0, 1], [0, 0, 1]]}, "pred_probs": {"R1": [4.234720108797774e-06, 4.3698364606825635e-06, 0.9999914169311523], "R3": [9.406307412973547e-07, 1.6619047755739302e-06, 0.9999966621398926, 7.690167080909305e-07], "S2s1": [2.597156708361581e-06, 2.7393691652832786e-06, 4.383009127195692e-06, 3.2527927942282986e-06, 3.755001671379432e-06, 4.500788236327935e-06, 3.306034159322735e-06, 2.792932264128467e-06, 3.008749217769946e-06, 2.88318665297993e-06, 5.118293756822823e-06, 4.8130686991498806e-06, 3.738062105185236e-06, 1.3274863022161298e-06, 4.044106844958151e-06, 9.508234143140726e-06, 1.7740383100317558e-06, 0.9999363422393799], "B1s1": [7.097452908055857e-06, 5.003009846404893e-06, 9.202031833410729e-06, 2.3214495286083547e-06, 0.999976396560669], "TS1s1": [0.9999974966049194, 4.105718858227192e-07, 7.784868216731411e-07, 1.3873217596938048e-07, 3.147429481487052e-07, 1.5228249594656518e-07, 3.2062581567515736e-07, 4.1170895315190137e-07], "K1": [0.9999996423721313, 1.218404293013009e-07, 2.20025896169318e-07], "T1s1": [7.602234290970955e-07, 0.999997615814209, 7.322622082028829e-07, 9.719243507788633e-07], "P4": [1.8593544837131049e-07, 8.248120764164923e-08, 7.694343651110103e-08, 6.852437905990882e-08, 0.9999984502792358, 9.776818643558727e-08, 1.10642062622901e-07, 1.7708040900288324e-07, 1.1382710596308243e-07, 1.760008672135882e-07, 1.6503315691807074e-07, 1.0194885646797047e-07, 2.464165618221159e-07], "EM1": [2.2493957203550963e-06, 2.7909227355848998e-06, 4.902937234874116e-06, 1.0504152669454925e-05, 0.9999794960021973], "TM1": [6.266371315177821e-07, 4.190497122635861e-07, 0.9999978542327881, 3.4794089742717915e-07, 2.991770031712804e-07, 3.069136198519118e-07], "I1s2": [[2.760210691121756e-07, 3.2971442465168366e-07, 0.9999994039535522], [2.1019998541760287e-07, 2.7001820512850827e-07, 0.9999995231628418], [4.6476293391606305e-07, 3.7002715203016123e-07, 0.9999991655349731], [5.66903224807902e-07, 2.860487938960432e-06, 0.999996542930603], [4.966043434251333e-07, 1.1678737337206258e-06, 0.9999983310699463], [0.9999924898147583, 3.1475324249186087e-06, 4.3994878069497645e-06], [4.1620927504482097e-07, 5.675677812178037e-07, 0.9999990463256836], [2.420141242964746e-07, 3.126818910459406e-07, 0.9999994039535522], [1.7166134114177112e-07, 3.77622740188599e-07, 0.9999994039535522], [2.5702050265863363e-07, 2.882204057641502e-07, 0.9999994039535522], [3.4932980952362414e-07, 5.175754722586134e-07, 0.9999991655349731], [4.544853311472252e-07, 5.301586725181551e-07, 0.9999990463256836], [3.737743838883034e-07, 1.01929470019968e-06, 0.9999985694885254], [1.1498292451506131e-06, 2.1335415567591554e-06, 0.9999966621398926], [3.584730734473851e-07, 3.7331653857108904e-07, 0.9999992847442627], [2.2186216597219754e-07, 3.422219094773027e-07, 0.9999994039535522], [5.664677473760094e-07, 8.030119147406367e-07, 0.9999986886978149], [3.1951714163369616e-07, 2.535614100906969e-07, 0.9999994039535522], [4.674507465551869e-07, 7.525879937020363e-07, 0.9999988079071045], [1.6685245896042034e-07, 3.380382054274378e-07, 0.9999995231628418], [2.0827593516514753e-07, 4.835490585719526e-07, 0.9999992847442627], [7.386922220575798e-07, 3.1720077231511823e-07, 0.999998927116394], [2.283707800643242e-07, 6.546180770783394e-07, 0.9999991655349731], [1.959625137715193e-07, 1.4654577285000414e-07, 0.9999996423721313], [1.719879492156906e-06, 2.1080676049223257e-07, 0.9999980926513672], [0.9999949932098389, 1.3983144526719116e-06, 3.622033091232879e-06], [4.6962446731413365e-07, 9.424921358913707e-07, 0.9999985694885254], [0.9999935626983643, 2.5097453999478603e-06, 3.885591013386147e-06]], "S4": [[4.709841505246004e-06, 1.5939455124680535e-06, 0.9999936819076538], [5.43268981800793e-07, 5.892210310776136e-07, 0.9999988079071045], [0.9999860525131226, 6.456748451455496e-06, 7.469429874618072e-06], [5.186514613342297e-07, 6.473017606367648e-07, 0.9999988079071045], [8.0864623441812e-07, 8.797281907391152e-07, 0.9999983310699463], [5.511428753379732e-07, 1.1478590522528975e-06, 0.9999983310699463], [6.36228435269004e-07, 6.601605377909436e-07, 0.9999986886978149], [5.699326948160888e-07, 4.355820522050635e-07, 0.9999990463256836], [5.772162126049807e-07, 7.941667945488007e-07, 0.9999985694885254], [5.191235459278687e-07, 6.576294708793284e-07, 0.9999988079071045], [5.180423272577173e-07, 9.277864023715665e-07, 0.9999985694885254], [1.0305759587936336e-06, 8.415094612246321e-07, 0.9999980926513672], [6.588537644347525e-07, 1.234438173014496e-06, 0.9999980926513672], [5.008264452044386e-07, 9.751273637448321e-07, 0.9999985694885254], [4.026826161407371e-07, 8.844587569001305e-07, 0.9999986886978149], [1.024897301249439e-06, 6.715354174957611e-07, 0.9999983310699463], [6.815039910179621e-07, 9.241039720109256e-07, 0.9999984502792358], [2.128572731407985e-07, 5.532646127903718e-07, 0.9999992847442627], [8.424675002061122e-07, 9.3249809651752e-07, 0.9999982118606567], [4.7500535060862603e-07, 8.278009318019031e-07, 0.9999986886978149], [5.524868242900993e-07, 1.2521308008217602e-06, 0.9999982118606567], [7.96532845015463e-07, 1.170558334706584e-06, 0.9999979734420776]]}, "infer_command_tokens": ["I1s2_0_2", "I1s2_1_2", "I1s2_2_2", "I1s2_3_2", "I1s2_4_2", "I1s2_5_0", "I1s2_6_2", "I1s2_7_2", "I1s2_8_2", "I1s2_9_2", "I1s2_10_2", "I1s2_11_2", "I1s2_12_2", "I1s2_13_2", "I1s2_14_2", "I1s2_15_2", "I1s2_16_2", "I1s2_17_2", "I1s2_18_2", "I1s2_19_2", "I1s2_20_2", "I1s2_21_2", "I1s2_22_2", "I1s2_23_2", "I1s2_24_2", "I1s2_25_0", "I1s2_26_2", "I1s2_27_0", "I4_28", "C1_4", "R1_2", "R3_2", "S2s1_17", "S4_0_2", "S4_1_2", "S4_2_0", "S4_3_2", "S4_4_2", "S4_5_2", "S4_6_2", "S4_7_2", "S4_8_2", "S4_9_2", "S4_10_2", "S4_11_2", "S4_12_2", "S4_13_2", "S4_14_2", "S4_15_2", "S4_16_2", "S4_17_2", "S4_18_2", "S4_19_2", "S4_20_2", "S4_21_2", "B1s1_4", "TS1s1_0", "K1_0", "T1s1_1", "P4_4", "ST1_14", "EM1_4", "TM1_2"]}