{"text": "The music in question is a quintessential example of the classical genre, progressing over 13 ~ 16 bars. What adds a unique flavor to this music is the minor key used throughout the song. This song has a fast-paced rhythm that is very easy on the ears. The time signature of this song is not commonly used.", "pred_labels": {"R1": [0, 0, 1], "R3": [1, 0, 0, 0], "S2s1": [0, 0, 0, 0, 0, 0, 0, 0, 0, 0, 0, 0, 0, 0, 0, 0, 0, 1], "B1s1": [0, 0, 0, 1, 0], "TS1s1": [0, 0, 0, 0, 0, 0, 1, 0], "K1": [0, 1, 0], "T1s1": [0, 0, 1, 0], "P4": [0, 0, 0, 0, 0, 0, 0, 0, 0, 0, 0, 0, 1], "EM1": [0, 0, 0, 0, 1], "TM1": [0, 0, 0, 0, 0, 1], "I1s2": [[0, 0, 1], [0, 0, 1], [0, 0, 1], [0, 0, 1], [0, 0, 1], [0, 0, 1], [0, 0, 1], [0, 0, 1], [0, 0, 1], [0, 0, 1], [0, 0, 1], [0, 0, 1], [0, 0, 1], [0, 0, 1], [0, 0, 1], [0, 0, 1], [0, 0, 1], [0, 0, 1], [0, 0, 1], [0, 0, 1], [0, 0, 1], [0, 0, 1], [0, 0, 1], [0, 0, 1], [0, 0, 1], [0, 0, 1], [0, 0, 1], [0, 0, 1]], "S4": [[0, 0, 1], [0, 0, 1], [0, 0, 1], [0, 0, 1], [0, 0, 1], [0, 0, 1], [0, 0, 1], [0, 0, 1], [0, 0, 1], [0, 0, 1], [0, 0, 1], [1, 0, 0], [0, 0, 1], [0, 0, 1], [0, 0, 1], [0, 0, 1], [0, 0, 1], [0, 0, 1], [0, 0, 1], [0, 0, 1], [0, 0, 1], [0, 0, 1]]}, "pred_probs": {"R1": [4.1659695853013545e-06, 4.64021650259383e-06, 0.9999911785125732], "R3": [0.9999977350234985, 6.633956672885688e-07, 8.353428029295173e-07, 6.960233918107406e-07], "S2s1": [2.406869270998868e-06, 2.725098966038786e-06, 4.6041313908062875e-06, 3.0628273179900134e-06, 3.2697382721380563e-06, 4.539746441878378e-06, 3.1395923087984556e-06, 2.915543973358581e-06, 2.539756678743288e-06, 3.234706582588842e-06, 4.053545126225799e-06, 6.6127545323979575e-06, 3.8621219573542476e-06, 1.4003762771608308e-06, 3.938689587812405e-06, 6.820681846875232e-06, 2.2139056454761885e-06, 0.9999386072158813], "B1s1": [1.0617673069646116e-06, 9.485751206739224e-07, 1.016054966385127e-06, 0.999996542930603, 4.717696810985217e-07], "TS1s1": [1.096611072171072e-06, 1.2242052207511733e-06, 1.116106773224601e-06, 1.8199563101006788e-06, 1.5143842801990104e-06, 1.5882829984548152e-06, 0.999982476234436, 9.208672054228373e-06], "K1": [3.599083697736205e-07, 0.9999992847442627, 4.0186304772760195e-07], "T1s1": [1.6426587308160379e-06, 9.334325454801728e-07, 0.999996542930603, 8.251689678218099e-07], "P4": [4.477182926621026e-07, 3.8057376627875783e-07, 3.8044785810598114e-07, 4.712042311894038e-07, 6.875807798678579e-07, 2.616471022065525e-07, 5.435939556264202e-07, 2.4476733528899786e-07, 3.682886529077223e-07, 4.786082286045712e-07, 2.532997598336806e-07, 3.6552748383655853e-07, 0.9999951124191284], "EM1": [2.023426077357726e-06, 1.9920025806641206e-06, 4.6738841774640605e-06, 5.282937308948021e-06, 0.9999860525131226], "TM1": [3.3294949730588996e-07, 7.385314688690414e-07, 4.362291861070844e-07, 6.952134299353929e-07, 6.767912452687597e-08, 0.9999977350234985], "I1s2": [[3.584354999475181e-07, 2.239492573608004e-07, 0.9999994039535522], [2.4308999968525313e-07, 2.1690139817565068e-07, 0.9999995231628418], [3.70444610098275e-07, 2.6559956722849165e-07, 0.9999994039535522], [4.032135052511876e-07, 4.862264404437155e-07, 0.9999991655349731], [2.7397416602070734e-07, 3.3610686500651354e-07, 0.9999994039535522], [5.066659696240094e-07, 4.4223142481314426e-07, 0.9999990463256836], [4.3748926259468135e-07, 4.4660237108473666e-07, 0.9999991655349731], [2.7470909458315873e-07, 2.798498144329642e-07, 0.9999994039535522], [1.3141945487404882e-07, 1.6628412424779526e-07, 0.9999997615814209], [2.3695845641213964e-07, 9.923862620553336e-08, 0.9999996423721313], [3.432979838180472e-07, 2.514039749712538e-07, 0.9999994039535522], [3.3822746559053485e-07, 2.2564888979559328e-07, 0.9999994039535522], [2.0443324899588333e-07, 3.587963135487371e-07, 0.9999994039535522], [3.824622183401516e-07, 4.0144087165572273e-07, 0.9999991655349731], [2.2088261175667867e-07, 2.002821446467351e-07, 0.9999995231628418], [1.3554512179325684e-07, 9.45449230016493e-08, 0.9999997615814209], [3.0756456226299633e-07, 2.922186297382723e-07, 0.9999994039535522], [3.5478234394759056e-07, 1.319071145644557e-07, 0.9999995231628418], [5.628588155559555e-07, 5.665175990543503e-07, 0.999998927116394], [1.8161702541874547e-07, 3.2924188531069376e-07, 0.9999995231628418], [4.222439144996315e-07, 3.181758359005471e-07, 0.9999992847442627], [7.90993965438247e-07, 3.103392884895584e-07, 0.999998927116394], [1.8708625759700226e-07, 5.044262252340559e-07, 0.9999992847442627], [1.0839049480182439e-07, 8.562366105024921e-08, 0.9999997615814209], [1.3724717291552224e-06, 1.4708606954627612e-07, 0.9999984502792358], [2.450638874051947e-07, 2.2886206352268346e-07, 0.9999995231628418], [3.9987472177926975e-07, 3.4697777095971105e-07, 0.9999992847442627], [1.499377617619757e-07, 2.3639553603516106e-07, 0.9999996423721313]], "S4": [[4.767727659782395e-06, 1.5297908930733684e-06, 0.9999936819076538], [6.187858048178896e-07, 5.942451366536261e-07, 0.9999988079071045], [4.652291920592688e-07, 9.118957677856088e-07, 0.9999985694885254], [4.424772441780078e-07, 7.605883638461819e-07, 0.9999988079071045], [8.708413474778354e-07, 1.1631426559688407e-06, 0.9999979734420776], [5.77677155888523e-07, 9.053111966750294e-07, 0.9999985694885254], [5.224959522820427e-07, 7.305582698791113e-07, 0.9999986886978149], [6.058460257918341e-07, 4.3009862338294624e-07, 0.999998927116394], [5.751678031629126e-07, 7.798646493029082e-07, 0.9999986886978149], [4.641470638944156e-07, 8.836872780193517e-07, 0.9999986886978149], [5.314922191246296e-07, 1.1170008065164438e-06, 0.9999983310699463], [0.9999818801879883, 1.4840201401966624e-05, 3.372943410795415e-06], [7.620151336595882e-07, 1.1900652907570475e-06, 0.9999980926513672], [5.26222322605463e-07, 1.021831963043951e-06, 0.9999984502792358], [3.794914391619386e-07, 9.012186978907266e-07, 0.9999986886978149], [7.453695047843212e-07, 4.969533051735198e-07, 0.9999988079071045], [4.830584998671839e-07, 6.285542895057006e-07, 0.999998927116394], [2.35612390042661e-07, 5.619236276288575e-07, 0.9999991655349731], [9.300342185269983e-07, 1.1540404329934972e-06, 0.9999979734420776], [4.977263756700268e-07, 8.679417078383267e-07, 0.9999986886978149], [5.654623578266182e-07, 1.4028493069417891e-06, 0.9999979734420776], [8.274309948319569e-07, 1.1906373629244626e-06, 0.9999979734420776]]}, "infer_command_tokens": ["I1s2_0_2", "I1s2_1_2", "I1s2_2_2", "I1s2_3_2", "I1s2_4_2", "I1s2_5_2", "I1s2_6_2", "I1s2_7_2", "I1s2_8_2", "I1s2_9_2", "I1s2_10_2", "I1s2_11_2", "I1s2_12_2", "I1s2_13_2", "I1s2_14_2", "I1s2_15_2", "I1s2_16_2", "I1s2_17_2", "I1s2_18_2", "I1s2_19_2", "I1s2_20_2", "I1s2_21_2", "I1s2_22_2", "I1s2_23_2", "I1s2_24_2", "I1s2_25_2", "I1s2_26_2", "I1s2_27_2", "I4_28", "C1_4", "R1_2", "R3_0", "S2s1_17", "S4_0_2", "S4_1_2", "S4_2_2", "S4_3_2", "S4_4_2", "S4_5_2", "S4_6_2", "S4_7_2", "S4_8_2", "S4_9_2", "S4_10_2", "S4_11_0", "S4_12_2", "S4_13_2", "S4_14_2", "S4_15_2", "S4_16_2", "S4_17_2", "S4_18_2", "S4_19_2", "S4_20_2", "S4_21_2", "B1s1_3", "TS1s1_6", "K1_1", "T1s1_2", "P4_12", "ST1_14", "EM1_4", "TM1_5"]}