{"text": "The compact pitch range of 4 octaves results in a focused and impactful musical performance, while the choice of minor key adds to the captivating and memorable experience. With a duration of about 50 seconds, the rapid tempo of this song combined with the distinct sound of grand piano, strings and drum creates its unique musical identity. The meter of the music follows 4/4, and it is played at a moderate tempo, further enhancing its overall effect. The song's style is defined by its rap and pop influences, culminating in a compelling musical composition. The song spans approximately 13 ~ 16 bars.", "pred_labels": {"R1": [0, 0, 1], "R3": [0, 0, 1, 0], "S2s1": [0, 0, 0, 0, 0, 0, 0, 0, 0, 0, 0, 0, 0, 0, 0, 0, 0, 1], "B1s1": [0, 0, 0, 1, 0], "TS1s1": [1, 0, 0, 0, 0, 0, 0, 0], "K1": [0, 1, 0], "T1s1": [0, 1, 0, 0], "P4": [0, 0, 0, 0, 1, 0, 0, 0, 0, 0, 0, 0, 0], "EM1": [0, 0, 0, 0, 1], "TM1": [0, 0, 0, 1, 0, 0], "I1s2": [[1, 0, 0], [0, 0, 1], [0, 0, 1], [0, 0, 1], [0, 0, 1], [0, 0, 1], [0, 0, 1], [0, 0, 1], [0, 0, 1], [0, 0, 1], [1, 0, 0], [0, 0, 1], [0, 0, 1], [0, 0, 1], [0, 0, 1], [0, 0, 1], [0, 0, 1], [0, 0, 1], [0, 0, 1], [0, 0, 1], [0, 0, 1], [0, 0, 1], [0, 0, 1], [0, 0, 1], [0, 0, 1], [0, 0, 1], [0, 0, 1], [1, 0, 0]], "S4": [[0, 0, 1], [0, 0, 1], [1, 0, 0], [0, 0, 1], [0, 0, 1], [0, 0, 1], [0, 0, 1], [0, 0, 1], [0, 0, 1], [0, 0, 1], [0, 0, 1], [0, 0, 1], [0, 0, 1], [1, 0, 0], [0, 0, 1], [0, 0, 1], [0, 0, 1], [0, 0, 1], [0, 0, 1], [0, 0, 1], [0, 0, 1], [0, 0, 1]]}, "pred_probs": {"R1": [4.054768851347035e-06, 4.4641778913501184e-06, 0.9999915361404419], "R3": [1.0440575124448515e-06, 1.9029890836463892e-06, 0.9999963045120239, 7.03511318533856e-07], "S2s1": [2.65673497779062e-06, 2.6237853489874396e-06, 4.5857227632950526e-06, 3.191479891029303e-06, 3.311339469291852e-06, 3.9249694054888096e-06, 3.3024682579707587e-06, 3.2994744287861977e-06, 3.079192993027391e-06, 2.8194997412356315e-06, 5.244026851869421e-06, 4.882668235950405e-06, 3.680790996440919e-06, 1.3266197811390157e-06, 4.274424554751022e-06, 1.0091674084833357e-05, 1.83758322691574e-06, 0.9999357461929321], "B1s1": [1.0264232059853384e-06, 1.076968374036369e-06, 1.1165650448674569e-06, 0.9999963045120239, 4.2868634864134947e-07], "TS1s1": [0.999997615814209, 3.3782453101594e-07, 6.959490406188706e-07, 1.2983704777980165e-07, 3.1364930919153267e-07, 1.4610088783229003e-07, 3.25077934348883e-07, 3.9841006582719274e-07], "K1": [3.3457399695180357e-07, 0.9999992847442627, 3.5692161759470764e-07], "T1s1": [9.215576142196369e-07, 0.9999971389770508, 7.985576644387038e-07, 1.071796987162088e-06], "P4": [1.9266676076767908e-07, 8.845702836879354e-08, 8.279187113657827e-08, 6.893851178801924e-08, 0.9999984502792358, 8.369082138415251e-08, 1.0922671833668574e-07, 1.5907512818102987e-07, 1.1160750545968767e-07, 1.7884221392705513e-07, 1.4870892073304276e-07, 1.0816091133847294e-07, 2.0795383193217276e-07], "EM1": [3.38745599037793e-06, 3.132565097985207e-06, 6.936127192602726e-06, 2.6569045076030307e-05, 0.9999599456787109], "TM1": [4.4235574137019285e-07, 4.666988502322056e-07, 9.6069197752513e-07, 0.9999978542327881, 1.619034009081588e-07, 1.2637352142519376e-07], "I1s2": [[0.9999921321868896, 3.1024651434563566e-06, 4.7800808715692256e-06], [2.1449160669817502e-07, 2.5897904265548277e-07, 0.9999995231628418], [2.8592344847311324e-07, 2.9727988248851034e-07, 0.9999994039535522], [2.748579106537363e-07, 1.4052372989681317e-06, 0.9999983310699463], [3.007877751315391e-07, 5.420731099547993e-07, 0.9999991655349731], [4.113182399123616e-07, 6.268852530411095e-07, 0.999998927116394], [3.5350080906937364e-07, 5.908968887524679e-07, 0.9999990463256836], [2.1054967191957985e-07, 3.251452369568142e-07, 0.9999995231628418], [1.1814789502295753e-07, 2.4774465146037983e-07, 0.9999996423721313], [1.9005967999419227e-07, 1.6301035543619946e-07, 0.9999996423721313], [0.9999904632568359, 4.1275825424236245e-06, 5.4232514230534434e-06], [3.2225571544586273e-07, 3.0988726962277724e-07, 0.9999994039535522], [2.030780450468228e-07, 5.981873414384609e-07, 0.9999991655349731], [4.4005793142787297e-07, 7.509877377742669e-07, 0.9999988079071045], [1.7680957853372092e-07, 2.508290037894767e-07, 0.9999995231628418], [1.8292629988536646e-07, 1.181145492523683e-07, 0.9999996423721313], [2.9207259899521887e-07, 4.276055847185489e-07, 0.9999992847442627], [2.4351552951884514e-07, 3.2241032954516413e-07, 0.9999994039535522], [4.308001280151075e-07, 7.123729233171616e-07, 0.9999988079071045], [1.5568029709811526e-07, 3.2795171023281e-07, 0.9999995231628418], [2.05008589659883e-07, 5.581018740485888e-07, 0.9999992847442627], [6.791576083742257e-07, 2.969196657431894e-07, 0.9999990463256836], [1.9519715976912266e-07, 5.747771751885011e-07, 0.9999992847442627], [1.1330879345905487e-07, 1.0906198610882711e-07, 0.9999997615814209], [4.260313744453015e-06, 3.079821908613667e-07, 0.9999954700469971], [2.3341156918377237e-07, 2.5064105102501344e-07, 0.9999995231628418], [3.4215392474834516e-07, 4.4236432472644083e-07, 0.9999991655349731], [0.9999921321868896, 2.8641713925026124e-06, 5.061798219685443e-06]], "S4": [[5.545163276110543e-06, 1.7549763242641347e-06, 0.9999927282333374], [5.25350003499625e-07, 6.222986712600687e-07, 0.9999988079071045], [0.9999877214431763, 5.16995578436763e-06, 7.129913683456834e-06], [5.162728484719992e-07, 7.146640541577653e-07, 0.9999988079071045], [7.430498953908682e-07, 8.062177130341297e-07, 0.9999984502792358], [5.195761900722573e-07, 8.251282110904867e-07, 0.9999986886978149], [6.600101301046379e-07, 5.768927735516627e-07, 0.9999988079071045], [5.405676688496897e-07, 4.73759996566514e-07, 0.999998927116394], [5.896920924897131e-07, 6.611472258555295e-07, 0.9999988079071045], [4.887898512606625e-07, 6.788285418224405e-07, 0.9999988079071045], [4.920219680570881e-07, 8.720070923118328e-07, 0.9999986886978149], [1.0870465985135525e-06, 7.871944944781717e-07, 0.9999980926513672], [6.411368076442159e-07, 1.1170953939654282e-06, 0.9999982118606567], [0.9999818801879883, 1.2960368621861562e-05, 5.145190243638353e-06], [3.814562887782813e-07, 9.557243174640462e-07, 0.9999986886978149], [8.285354624604224e-07, 5.196416168473661e-07, 0.9999986886978149], [4.3889204448532837e-07, 5.46674868928676e-07, 0.9999990463256836], [2.0665669353547855e-07, 5.281291919345676e-07, 0.9999992847442627], [7.483492936444236e-07, 9.614357168175047e-07, 0.9999983310699463], [5.446243562801101e-07, 7.519307700931677e-07, 0.9999986886978149], [6.153144909148978e-07, 1.4332943010231247e-06, 0.9999979734420776], [8.100554964585172e-07, 1.053127448358282e-06, 0.9999980926513672]]}, "infer_command_tokens": ["I1s2_0_0", "I1s2_1_2", "I1s2_2_2", "I1s2_3_2", "I1s2_4_2", "I1s2_5_2", "I1s2_6_2", "I1s2_7_2", "I1s2_8_2", "I1s2_9_2", "I1s2_10_0", "I1s2_11_2", "I1s2_12_2", "I1s2_13_2", "I1s2_14_2", "I1s2_15_2", "I1s2_16_2", "I1s2_17_2", "I1s2_18_2", "I1s2_19_2", "I1s2_20_2", "I1s2_21_2", "I1s2_22_2", "I1s2_23_2", "I1s2_24_2", "I1s2_25_2", "I1s2_26_2", "I1s2_27_0", "I4_28", "C1_4", "R1_2", "R3_2", "S2s1_17", "S4_0_2", "S4_1_2", "S4_2_0", "S4_3_2", "S4_4_2", "S4_5_2", "S4_6_2", "S4_7_2", "S4_8_2", "S4_9_2", "S4_10_2", "S4_11_2", "S4_12_2", "S4_13_0", "S4_14_2", "S4_15_2", "S4_16_2", "S4_17_2", "S4_18_2", "S4_19_2", "S4_20_2", "S4_21_2", "B1s1_3", "TS1s1_0", "K1_1", "T1s1_1", "P4_4", "ST1_14", "EM1_4", "TM1_3"]}