{"text": "The 31 ~ 45-second song with a limited pitch range of 3 octaves allows for a greater emphasis on the nuances of tone and phrasing, while the major key contributes to its special emotional quality. The rhythm of the song is just right, not too fast or too slow, and the synth, strings and drum play an important role in creating its overall sound. It is performed at a rapid pace, using the 4/4 time signature, and is characterized by its melancholy nature.", "pred_labels": {"R1": [0, 0, 1], "R3": [0, 1, 0, 0], "S2s1": [0, 0, 0, 0, 0, 0, 0, 0, 0, 0, 0, 0, 0, 0, 0, 0, 0, 1], "B1s1": [0, 0, 0, 0, 1], "TS1s1": [1, 0, 0, 0, 0, 0, 0, 0], "K1": [1, 0, 0], "T1s1": [0, 0, 1, 0], "P4": [0, 0, 0, 1, 0, 0, 0, 0, 0, 0, 0, 0, 0], "EM1": [0, 0, 1, 0, 0], "TM1": [0, 0, 1, 0, 0, 0], "I1s2": [[0, 0, 1], [0, 0, 1], [0, 0, 1], [0, 0, 1], [0, 0, 1], [0, 0, 1], [0, 0, 1], [0, 0, 1], [0, 0, 1], [0, 0, 1], [1, 0, 0], [0, 0, 1], [0, 0, 1], [0, 0, 1], [0, 0, 1], [0, 0, 1], [0, 0, 1], [0, 0, 1], [0, 0, 1], [0, 0, 1], [0, 0, 1], [0, 0, 1], [0, 0, 1], [0, 0, 1], [1, 0, 0], [0, 0, 1], [0, 0, 1], [1, 0, 0]], "S4": [[0, 0, 1], [0, 0, 1], [0, 0, 1], [0, 0, 1], [0, 0, 1], [0, 0, 1], [0, 0, 1], [0, 0, 1], [0, 0, 1], [0, 0, 1], [0, 0, 1], [0, 0, 1], [0, 0, 1], [0, 0, 1], [0, 0, 1], [0, 0, 1], [0, 0, 1], [0, 0, 1], [0, 0, 1], [0, 0, 1], [0, 0, 1], [0, 0, 1]]}, "pred_probs": {"R1": [4.62820207758341e-06, 3.728182491613552e-06, 0.9999916553497314], "R3": [2.896576233979431e-06, 0.9999958276748657, 5.20345281529444e-07, 8.771850730227015e-07], "S2s1": [2.3268019049282884e-06, 2.567718865975621e-06, 4.481539235712262e-06, 3.523475925248931e-06, 3.5685063721757615e-06, 3.7194388369243825e-06, 3.472116304692463e-06, 3.0925552891858388e-06, 2.6842437819141196e-06, 2.8228564588062e-06, 4.647450168704381e-06, 4.8556776164332405e-06, 3.723964255186729e-06, 1.3547635262511903e-06, 4.052561507705832e-06, 8.29210603114916e-06, 1.6868152670213021e-06, 0.9999390840530396], "B1s1": [5.787148438685108e-06, 5.321775461197831e-06, 8.907886694942135e-06, 2.034922090388136e-06, 0.9999779462814331], "TS1s1": [0.9999977350234985, 3.9657385286773206e-07, 6.172826942929532e-07, 1.4255597591272817e-07, 3.241875674575567e-07, 1.5213259985102923e-07, 3.4422058092786756e-07, 3.457178081589518e-07], "K1": [0.9999996423721313, 1.1595511750783771e-07, 2.4449641955470724e-07], "T1s1": [1.7510776615381474e-06, 9.417966566616087e-07, 0.999996542930603, 6.664010356871586e-07], "P4": [2.0292776525820955e-07, 1.1002394018078121e-07, 6.526813933760423e-08, 0.9999979734420776, 1.7793350082229153e-07, 1.498639079500208e-07, 2.0696488434168714e-07, 1.7627408510634268e-07, 1.8809500090810616e-07, 7.988846562057006e-08, 1.253110610832664e-07, 2.5501631739643926e-07, 3.596515796289168e-07], "EM1": [2.7138555651617935e-06, 1.4994767525422503e-06, 0.9999898672103882, 3.0659828098578146e-06, 2.8668127924902365e-06], "TM1": [6.538655270560412e-07, 5.310537858349562e-07, 0.9999979734420776, 3.283849991930765e-07, 2.4299924916704185e-07, 2.959700111659913e-07], "I1s2": [[3.4020925454569806e-07, 3.1017165724733786e-07, 0.9999994039535522], [2.1917371384461148e-07, 2.5393651981175935e-07, 0.9999995231628418], [3.7072024383633106e-07, 3.669040324894013e-07, 0.9999992847442627], [3.128295134047221e-07, 1.3326297221283312e-06, 0.9999983310699463], [2.743202003330225e-07, 7.582947318951483e-07, 0.999998927116394], [3.913934278898523e-07, 6.367202445289877e-07, 0.999998927116394], [3.881402221850294e-07, 6.449787406381802e-07, 0.999998927116394], [2.481020828781766e-07, 3.363762175467855e-07, 0.9999994039535522], [1.2612476041340415e-07, 2.564378291936009e-07, 0.9999996423721313], [2.4143577093127533e-07, 2.0216546658957668e-07, 0.9999995231628418], [0.9999922513961792, 4.061103027197532e-06, 3.7143936424399726e-06], [3.1666832001064904e-07, 3.4753614386318077e-07, 0.9999992847442627], [2.480163630025345e-07, 6.544925668094947e-07, 0.9999990463256836], [3.931134529011615e-07, 7.293777457562101e-07, 0.999998927116394], [2.3269323889962834e-07, 2.505975373878755e-07, 0.9999995231628418], [1.0521247872929962e-07, 1.497525801141819e-07, 0.9999997615814209], [2.871827007311367e-07, 4.677064850966417e-07, 0.9999992847442627], [2.641994854002405e-07, 3.9741536284054746e-07, 0.9999992847442627], [4.4737123516824795e-07, 7.902775109869253e-07, 0.9999988079071045], [1.5795011165664619e-07, 3.8115109646241763e-07, 0.9999994039535522], [1.7348351377677318e-07, 5.686276836058823e-07, 0.9999992847442627], [6.641578806920734e-07, 3.5511962437340117e-07, 0.999998927116394], [2.2359061802035285e-07, 8.640372470836155e-07, 0.999998927116394], [1.4054731423129851e-07, 1.0588326659899394e-07, 0.9999997615814209], [0.9999926090240479, 2.7159032924828352e-06, 4.592911864165217e-06], [1.8496275799861905e-07, 2.8906055149491294e-07, 0.9999995231628418], [3.3102537599916104e-07, 4.422277299909183e-07, 0.9999992847442627], [0.9999938011169434, 2.6230720777675742e-06, 3.565262431948213e-06]], "S4": [[6.891069006087491e-06, 2.5413837647647597e-06, 0.9999905824661255], [5.68504901821143e-07, 5.882502591703087e-07, 0.9999988079071045], [4.833067919207679e-07, 6.511311312351609e-07, 0.9999988079071045], [4.650199798561516e-07, 6.524421678477665e-07, 0.999998927116394], [7.947181757117505e-07, 9.286670206165581e-07, 0.9999983310699463], [5.903783630856196e-07, 1.0140395261259982e-06, 0.9999984502792358], [6.332979864964727e-07, 6.135770149739983e-07, 0.9999988079071045], [5.671478788826789e-07, 4.6362069383576454e-07, 0.999998927116394], [6.247914257073717e-07, 7.104907808752614e-07, 0.9999986886978149], [5.097007260701503e-07, 7.126637342480535e-07, 0.9999988079071045], [5.18017941431026e-07, 1.2166314036221593e-06, 0.9999982118606567], [1.0858736914087785e-06, 8.309484087476449e-07, 0.9999980926513672], [6.41163694581337e-07, 1.1932736470043892e-06, 0.9999982118606567], [5.497345796356967e-07, 8.543501053281943e-07, 0.9999985694885254], [7.612338777107652e-07, 9.286749786951987e-07, 0.9999983310699463], [1.0743331131379819e-06, 6.287050382525194e-07, 0.9999983310699463], [5.252889536677685e-07, 5.849920512446261e-07, 0.999998927116394], [2.2043012393169192e-07, 4.6070485382188053e-07, 0.9999992847442627], [7.795802048349287e-07, 1.0404980912426254e-06, 0.9999982118606567], [5.54340601865988e-07, 7.808604323145119e-07, 0.9999986886978149], [6.225399715731328e-07, 1.0952988986900891e-06, 0.9999983310699463], [7.772847538944916e-07, 1.1564027317945147e-06, 0.9999980926513672]]}, "infer_command_tokens": ["I1s2_0_2", "I1s2_1_2", "I1s2_2_2", "I1s2_3_2", "I1s2_4_2", "I1s2_5_2", "I1s2_6_2", "I1s2_7_2", "I1s2_8_2", "I1s2_9_2", "I1s2_10_0", "I1s2_11_2", "I1s2_12_2", "I1s2_13_2", "I1s2_14_2", "I1s2_15_2", "I1s2_16_2", "I1s2_17_2", "I1s2_18_2", "I1s2_19_2", "I1s2_20_2", "I1s2_21_2", "I1s2_22_2", "I1s2_23_2", "I1s2_24_0", "I1s2_25_2", "I1s2_26_2", "I1s2_27_0", "I4_28", "C1_4", "R1_2", "R3_1", "S2s1_17", "S4_0_2", "S4_1_2", "S4_2_2", "S4_3_2", "S4_4_2", "S4_5_2", "S4_6_2", "S4_7_2", "S4_8_2", "S4_9_2", "S4_10_2", "S4_11_2", "S4_12_2", "S4_13_2", "S4_14_2", "S4_15_2", "S4_16_2", "S4_17_2", "S4_18_2", "S4_19_2", "S4_20_2", "S4_21_2", "B1s1_4", "TS1s1_0", "K1_0", "T1s1_2", "P4_3", "ST1_14", "EM1_2", "TM1_2"]}