{"text": "This song is a vocal-style composition that is steeped in tradition and features piano, percussion, organ, guitar, bass, saxophone and drum. Its meter is 2/4, and it is about 14 bars in length, lasting a total of 16 ~ 30 seconds. The song's length is determined by the number of bars in the composition, which serves as a key structural component of the music. Overall, the song is a rich and intricate musical piece that showcases the unique characteristics of the vocal style. This music is composed in the minor key.", "pred_labels": {"R1": [0, 0, 1], "R3": [0, 0, 0, 1], "S2s1": [0, 0, 0, 0, 0, 0, 0, 0, 0, 0, 0, 0, 0, 0, 0, 0, 0, 1], "B1s1": [0, 0, 0, 1, 0], "TS1s1": [0, 1, 0, 0, 0, 0, 0, 0], "K1": [0, 1, 0], "T1s1": [0, 0, 0, 1], "P4": [0, 0, 0, 0, 0, 0, 0, 0, 0, 0, 0, 0, 1], "EM1": [0, 0, 0, 0, 1], "TM1": [0, 1, 0, 0, 0, 0], "I1s2": [[1, 0, 0], [0, 0, 1], [1, 0, 0], [1, 0, 0], [1, 0, 0], [1, 0, 0], [0, 0, 1], [0, 0, 1], [0, 0, 1], [0, 0, 1], [0, 0, 1], [0, 0, 1], [0, 0, 1], [0, 0, 1], [0, 0, 1], [0, 0, 1], [0, 0, 1], [1, 0, 0], [0, 0, 1], [0, 0, 1], [0, 0, 1], [0, 0, 1], [0, 0, 1], [0, 0, 1], [0, 0, 1], [0, 0, 1], [0, 0, 1], [1, 0, 0]], "S4": [[0, 0, 1], [0, 0, 1], [0, 0, 1], [0, 0, 1], [0, 0, 1], [0, 0, 1], [0, 0, 1], [0, 0, 1], [0, 0, 1], [0, 0, 1], [0, 0, 1], [0, 0, 1], [0, 0, 1], [0, 0, 1], [0, 0, 1], [0, 0, 1], [0, 0, 1], [0, 0, 1], [1, 0, 0], [0, 0, 1], [0, 0, 1], [0, 0, 1]]}, "pred_probs": {"R1": [4.288645413907943e-06, 3.959175501222489e-06, 0.999991774559021], "R3": [4.335984613135224e-06, 3.823994120466523e-06, 3.899244347849162e-06, 0.9999879598617554], "S2s1": [2.701120365600218e-06, 2.7882772428711178e-06, 4.552013251668541e-06, 3.051848125323886e-06, 3.5400471460889094e-06, 4.309533778723562e-06, 3.2364175694965525e-06, 3.689719960675575e-06, 3.0645817332697334e-06, 2.841156856447924e-06, 5.631126441585366e-06, 4.5009587665845174e-06, 3.561635139703867e-06, 1.2439327292668168e-06, 4.5393894652079325e-06, 9.798921382753178e-06, 1.7183731415570946e-06, 0.9999352693557739], "B1s1": [1.068487904376525e-06, 9.634138677938608e-07, 8.799264037406829e-07, 0.9999966621398926, 4.85842804209824e-07], "TS1s1": [2.3924761194393795e-07, 0.9999970197677612, 6.508140018013364e-07, 2.5142472281913797e-07, 5.37017058377387e-07, 6.523451361317711e-07, 3.7768666061310796e-07, 4.068931787060137e-07], "K1": [3.432550386150979e-07, 0.9999992847442627, 3.811997544289625e-07], "T1s1": [3.0483831778838066e-06, 5.70604811400699e-07, 2.175935833292897e-06, 0.999994158744812], "P4": [4.6391255636990536e-07, 4.410801750509563e-07, 3.955717886583443e-07, 5.122126935930282e-07, 7.747483437015035e-07, 2.3671795190693956e-07, 5.293385925142502e-07, 2.920195356637123e-07, 4.2392707655380946e-07, 4.7591998963980586e-07, 2.424591514227359e-07, 4.2064368699357146e-07, 0.9999949932098389], "EM1": [2.3079014681570698e-06, 2.3379764115816215e-06, 4.967479526385432e-06, 1.2483359569159802e-05, 0.9999779462814331], "TM1": [1.9033086573472247e-07, 0.9999988079071045, 3.068983858156571e-07, 1.9743490042856138e-07, 1.9595898947954993e-07, 1.6851979012244556e-07], "I1s2": [[0.9999927282333374, 2.8670533538388554e-06, 4.372288913145894e-06], [1.7716504885356699e-07, 3.199428704192542e-07, 0.9999995231628418], [0.9999935626983643, 2.837980900949333e-06, 3.604952553359908e-06], [0.9999932050704956, 3.633346523201908e-06, 3.239733359805541e-06], [0.9999926090240479, 3.4585966659506084e-06, 3.924870725313667e-06], [0.999991774559021, 4.069114311278099e-06, 4.1949160731746815e-06], [5.255659516478772e-07, 8.415493084612535e-07, 0.9999986886978149], [2.0611386730706727e-07, 3.686029401706037e-07, 0.9999994039535522], [3.4418263794577797e-07, 1.5303564850910334e-06, 0.9999980926513672], [2.758818595793855e-07, 3.330933111556078e-07, 0.9999994039535522], [3.987567254171154e-07, 1.0478504464117577e-06, 0.9999985694885254], [6.316869871625386e-07, 1.2335543715380481e-06, 0.9999980926513672], [4.154501596076443e-07, 1.7589128447070834e-06, 0.9999978542327881], [1.233780267284601e-06, 3.5488253615767462e-06, 0.999995231628418], [3.31678194243068e-07, 5.166966161596065e-07, 0.9999991655349731], [2.3509015534273203e-07, 3.645066612989467e-07, 0.9999994039535522], [6.554498668265296e-07, 1.6489892686877283e-06, 0.9999977350234985], [0.9999934434890747, 2.488433665348566e-06, 3.997204203187721e-06], [4.924256131744187e-07, 9.229115676134825e-07, 0.9999985694885254], [1.458569727219583e-07, 5.01554836773721e-07, 0.9999994039535522], [3.0307361953418877e-07, 9.674688499217154e-07, 0.9999986886978149], [7.109179591680004e-07, 3.369610510617349e-07, 0.999998927116394], [3.0383060334315815e-07, 1.224056745741109e-06, 0.9999984502792358], [2.0449937210287317e-07, 2.6266457098245155e-07, 0.9999995231628418], [2.2850579171063146e-06, 2.7130028001920437e-07, 0.9999974966049194], [3.134760504508449e-07, 5.675051397702191e-07, 0.9999991655349731], [5.268281029202626e-07, 1.5187322333076736e-06, 0.9999979734420776], [0.9999936819076538, 2.5381580144312466e-06, 3.784290356634301e-06]], "S4": [[3.769935801756219e-06, 1.6048697943915613e-06, 0.9999946355819702], [5.411757229012437e-07, 5.969783956061292e-07, 0.9999988079071045], [4.3696670104509394e-07, 6.064784088266606e-07, 0.999998927116394], [5.559506917052204e-07, 5.826574351885938e-07, 0.9999988079071045], [8.98104644875275e-07, 9.006872687677969e-07, 0.9999982118606567], [6.158676910672511e-07, 1.1132540294056525e-06, 0.9999982118606567], [6.972791197767947e-07, 6.431972678910824e-07, 0.9999986886978149], [6.003841690471745e-07, 4.555432155939343e-07, 0.999998927116394], [6.802411007811315e-07, 7.855225021557999e-07, 0.9999985694885254], [5.134799607731111e-07, 5.378294645197457e-07, 0.999998927116394], [5.058363967691548e-07, 7.903310006440734e-07, 0.9999986886978149], [1.1355920150890597e-06, 7.692899544053944e-07, 0.9999980926513672], [6.905253826516855e-07, 1.379804757561942e-06, 0.9999979734420776], [5.113558358971204e-07, 1.131462795456173e-06, 0.9999983310699463], [3.989843548879435e-07, 7.328835636144504e-07, 0.999998927116394], [1.4661237628388335e-06, 9.461322179049603e-07, 0.999997615814209], [1.135693196374632e-06, 1.419454179085733e-06, 0.9999974966049194], [2.3283742223156878e-07, 6.818431188548857e-07, 0.9999990463256836], [0.9999842643737793, 6.842069524282124e-06, 8.891154720913619e-06], [5.020986009185435e-07, 7.943812647681625e-07, 0.9999986886978149], [5.051088010077365e-07, 1.1428628567955457e-06, 0.9999983310699463], [8.000470188562758e-07, 1.248648572982347e-06, 0.9999979734420776]]}, "infer_command_tokens": ["I1s2_0_0", "I1s2_1_2", "I1s2_2_0", "I1s2_3_0", "I1s2_4_0", "I1s2_5_0", "I1s2_6_2", "I1s2_7_2", "I1s2_8_2", "I1s2_9_2", "I1s2_10_2", "I1s2_11_2", "I1s2_12_2", "I1s2_13_2", "I1s2_14_2", "I1s2_15_2", "I1s2_16_2", "I1s2_17_0", "I1s2_18_2", "I1s2_19_2", "I1s2_20_2", "I1s2_21_2", "I1s2_22_2", "I1s2_23_2", "I1s2_24_2", "I1s2_25_2", "I1s2_26_2", "I1s2_27_0", "I4_28", "C1_4", "R1_2", "R3_3", "S2s1_17", "S4_0_2", "S4_1_2", "S4_2_2", "S4_3_2", "S4_4_2", "S4_5_2", "S4_6_2", "S4_7_2", "S4_8_2", "S4_9_2", "S4_10_2", "S4_11_2", "S4_12_2", "S4_13_2", "S4_14_2", "S4_15_2", "S4_16_2", "S4_17_2", "S4_18_0", "S4_19_2", "S4_20_2", "S4_21_2", "B1s1_3", "TS1s1_1", "K1_1", "T1s1_3", "P4_12", "ST1_14", "EM1_4", "TM1_1"]}