{"text": "The song has a quick beat with a time signature of 4/4, setting a lively pace for the music. The song belongs to the electronic genre.", "pred_labels": {"R1": [0, 0, 1], "R3": [0, 0, 0, 1], "S2s1": [0, 0, 0, 0, 0, 0, 0, 0, 0, 0, 0, 0, 0, 0, 0, 0, 0, 1], "B1s1": [0, 0, 0, 0, 1], "TS1s1": [1, 0, 0, 0, 0, 0, 0, 0], "K1": [0, 0, 1], "T1s1": [0, 0, 1, 0], "P4": [0, 0, 0, 0, 0, 0, 0, 0, 0, 0, 0, 0, 1], "EM1": [0, 0, 0, 0, 1], "TM1": [0, 0, 0, 0, 0, 1], "I1s2": [[0, 0, 1], [0, 0, 1], [0, 0, 1], [0, 0, 1], [0, 0, 1], [0, 0, 1], [0, 0, 1], [0, 0, 1], [0, 0, 1], [0, 0, 1], [0, 0, 1], [0, 0, 1], [0, 0, 1], [0, 0, 1], [0, 0, 1], [0, 0, 1], [0, 0, 1], [0, 0, 1], [0, 0, 1], [0, 0, 1], [0, 0, 1], [0, 0, 1], [0, 0, 1], [0, 0, 1], [0, 0, 1], [0, 0, 1], [0, 0, 1], [0, 0, 1]], "S4": [[0, 0, 1], [1, 0, 0], [0, 0, 1], [0, 0, 1], [0, 0, 1], [0, 0, 1], [0, 0, 1], [0, 0, 1], [0, 0, 1], [0, 0, 1], [0, 0, 1], [0, 0, 1], [0, 0, 1], [0, 0, 1], [0, 0, 1], [0, 0, 1], [0, 0, 1], [0, 0, 1], [0, 0, 1], [0, 0, 1], [0, 0, 1], [0, 0, 1]]}, "pred_probs": {"R1": [4.210821771266637e-06, 4.555842224363005e-06, 0.9999911785125732], "R3": [1.410753156960709e-05, 8.628174691693857e-05, 1.7328977264696732e-05, 0.9998822212219238], "S2s1": [2.776193923637038e-06, 2.9675029509235173e-06, 5.900469659536611e-06, 3.38172071678855e-06, 4.384957264846889e-06, 5.567789230553899e-06, 3.448669076533406e-06, 3.148913492623251e-06, 2.8399376788001973e-06, 3.6662504498963244e-06, 5.1589481699920725e-06, 6.051252512406791e-06, 4.514767624641536e-06, 1.4841724578218418e-06, 5.184684141568141e-06, 9.460042747377884e-06, 2.3889670046628453e-06, 0.9999276399612427], "B1s1": [9.085661986318883e-06, 5.876083378097974e-06, 1.1452136277512182e-05, 2.8257038593437755e-06, 0.9999707937240601], "TS1s1": [0.9999969005584717, 5.885858058718441e-07, 1.091822355192562e-06, 1.594252410086483e-07, 3.7209858305686794e-07, 1.8857885208944936e-07, 4.0995459471560025e-07, 4.1697515484884207e-07], "K1": [1.3877066749046207e-06, 1.6524323882549652e-06, 0.9999969005584717], "T1s1": [1.957124595719506e-06, 6.993619763306924e-07, 0.9999964237213135, 9.277419508180174e-07], "P4": [4.53715415460465e-07, 4.465624101612775e-07, 4.0933872469395283e-07, 5.01636122862692e-07, 7.758888500575267e-07, 2.470492290740367e-07, 5.633493742607243e-07, 2.8940996799065033e-07, 4.43895885382517e-07, 5.878820275029284e-07, 2.9273851964717323e-07, 4.3836675445163564e-07, 0.9999945163726807], "EM1": [3.6394487779034534e-06, 2.832171276168083e-06, 8.218316907004919e-06, 2.1980020392220467e-05, 0.9999632835388184], "TM1": [4.788200840266654e-07, 8.427269904132118e-07, 5.674552312484593e-07, 7.963362236296234e-07, 1.1669855126683615e-07, 0.9999971389770508], "I1s2": [[3.7616271697515913e-07, 2.729448169702664e-07, 0.9999994039535522], [2.987595451031666e-07, 2.3362670731330581e-07, 0.9999995231628418], [3.614504180404765e-07, 2.7180320216757536e-07, 0.9999994039535522], [4.3304635255481116e-07, 6.039953177605639e-07, 0.999998927116394], [2.455916785493173e-07, 3.3081775541177194e-07, 0.9999994039535522], [5.257135171632399e-07, 4.798202439815213e-07, 0.9999990463256836], [6.127162350821891e-07, 5.249513606031542e-07, 0.9999988079071045], [3.1212596240948187e-07, 2.86440354102524e-07, 0.9999994039535522], [1.9674919826684345e-07, 1.8924632172456768e-07, 0.9999996423721313], [2.400623486664699e-07, 1.2256158754553326e-07, 0.9999996423721313], [4.177032906227396e-07, 2.836279975326761e-07, 0.9999992847442627], [4.304278320432786e-07, 2.390077895597642e-07, 0.9999992847442627], [2.681827595552022e-07, 3.3665961041151604e-07, 0.9999994039535522], [4.4446511537898914e-07, 4.826321173823089e-07, 0.9999990463256836], [2.935543079729541e-07, 2.5276756332459627e-07, 0.9999994039535522], [1.9096374614946399e-07, 1.2789180914296594e-07, 0.9999996423721313], [3.558130003966653e-07, 3.348153256865771e-07, 0.9999992847442627], [3.67956744184994e-07, 1.3993606273743353e-07, 0.9999995231628418], [7.083772288751788e-07, 6.317102361208526e-07, 0.9999986886978149], [2.5085932975343894e-07, 4.731957403691922e-07, 0.9999992847442627], [2.6516778461882495e-07, 2.98715065127908e-07, 0.9999994039535522], [8.057031095631828e-07, 3.208033660939691e-07, 0.999998927116394], [2.2318718606584298e-07, 5.848700084243319e-07, 0.9999991655349731], [1.517584564680874e-07, 9.791518351676132e-08, 0.9999997615814209], [1.5945123550409335e-06, 1.7739611735123617e-07, 0.9999982118606567], [2.4659243536007125e-07, 2.5066088937819586e-07, 0.9999995231628418], [5.142214831721503e-07, 3.767471241644671e-07, 0.9999991655349731], [2.116026678322669e-07, 2.4276752697005577e-07, 0.9999995231628418]], "S4": [[5.319708179740701e-06, 1.8319349237572169e-06, 0.999992847442627], [0.9999839067459106, 7.853773240640294e-06, 8.195460395654663e-06], [4.891791149930214e-07, 9.62141257332405e-07, 0.9999985694885254], [5.096632094137021e-07, 8.326028364535887e-07, 0.9999986886978149], [1.0909777756751282e-06, 1.4997268635852379e-06, 0.9999973773956299], [6.854607477180252e-07, 1.408635284860793e-06, 0.9999978542327881], [5.61640433716093e-07, 8.049333359849697e-07, 0.9999986886978149], [6.951902946639166e-07, 4.6829629241074144e-07, 0.9999988079071045], [6.467611228799797e-07, 8.367443911083683e-07, 0.9999985694885254], [6.037530511093792e-07, 1.0466477533555008e-06, 0.9999983310699463], [5.861374461346713e-07, 1.389070575896767e-06, 0.9999979734420776], [1.0953023092952208e-06, 1.245166345142934e-06, 0.999997615814209], [8.124225132633001e-07, 1.5972372011674452e-06, 0.999997615814209], [6.451276703955955e-07, 1.2804289326595608e-06, 0.9999980926513672], [5.364813091546239e-07, 1.0869970310523058e-06, 0.9999983310699463], [7.224424507512595e-07, 5.207007802709995e-07, 0.9999988079071045], [5.304730734678742e-07, 7.32656246782426e-07, 0.9999986886978149], [2.5782219381653704e-07, 6.114789243838459e-07, 0.9999991655349731], [1.2408797829266405e-06, 1.1569337630135124e-06, 0.999997615814209], [5.398121061261918e-07, 9.822862239161623e-07, 0.9999984502792358], [6.194928232616803e-07, 1.140689278145146e-06, 0.9999982118606567], [7.524063221353572e-07, 1.521451508779137e-06, 0.9999977350234985]]}, "infer_command_tokens": ["I1s2_0_2", "I1s2_1_2", "I1s2_2_2", "I1s2_3_2", "I1s2_4_2", "I1s2_5_2", "I1s2_6_2", "I1s2_7_2", "I1s2_8_2", "I1s2_9_2", "I1s2_10_2", "I1s2_11_2", "I1s2_12_2", "I1s2_13_2", "I1s2_14_2", "I1s2_15_2", "I1s2_16_2", "I1s2_17_2", "I1s2_18_2", "I1s2_19_2", "I1s2_20_2", "I1s2_21_2", "I1s2_22_2", "I1s2_23_2", "I1s2_24_2", "I1s2_25_2", "I1s2_26_2", "I1s2_27_2", "I4_28", "C1_4", "R1_2", "R3_3", "S2s1_17", "S4_0_2", "S4_1_0", "S4_2_2", "S4_3_2", "S4_4_2", "S4_5_2", "S4_6_2", "S4_7_2", "S4_8_2", "S4_9_2", "S4_10_2", "S4_11_2", "S4_12_2", "S4_13_2", "S4_14_2", "S4_15_2", "S4_16_2", "S4_17_2", "S4_18_2", "S4_19_2", "S4_20_2", "S4_21_2", "B1s1_4", "TS1s1_0", "K1_2", "T1s1_2", "P4_12", "ST1_14", "EM1_4", "TM1_5"]}