{"text": "This music, composed in the major key, is brought to life through the use of grand piano, strings and drum, and its pitch range of 5 octaves adds a distinctive character, emphasizing its emotional depth. The tempo of the song is moderate and enjoyable, with a brisk tempo in some sections, and plays for about 40 seconds over about 14 bars in 4/4. The music projects anxiety, creating a rich auditory experience for listeners.", "pred_labels": {"R1": [0, 0, 1], "R3": [0, 1, 0, 0], "S2s1": [0, 0, 0, 0, 0, 0, 0, 0, 0, 0, 0, 0, 0, 0, 0, 0, 0, 1], "B1s1": [0, 0, 0, 1, 0], "TS1s1": [1, 0, 0, 0, 0, 0, 0, 0], "K1": [1, 0, 0], "T1s1": [0, 0, 1, 0], "P4": [0, 0, 0, 0, 0, 1, 0, 0, 0, 0, 0, 0, 0], "EM1": [0, 1, 0, 0, 0], "TM1": [0, 0, 1, 0, 0, 0], "I1s2": [[1, 0, 0], [0, 0, 1], [0, 0, 1], [0, 0, 1], [0, 0, 1], [0, 0, 1], [0, 0, 1], [0, 0, 1], [0, 0, 1], [0, 0, 1], [1, 0, 0], [0, 0, 1], [0, 0, 1], [0, 0, 1], [0, 0, 1], [0, 0, 1], [0, 0, 1], [0, 0, 1], [0, 0, 1], [0, 0, 1], [0, 0, 1], [0, 0, 1], [0, 0, 1], [0, 0, 1], [0, 0, 1], [0, 0, 1], [0, 0, 1], [1, 0, 0]], "S4": [[0, 0, 1], [0, 0, 1], [0, 0, 1], [0, 0, 1], [0, 0, 1], [0, 0, 1], [0, 0, 1], [0, 0, 1], [0, 0, 1], [0, 0, 1], [0, 0, 1], [0, 0, 1], [0, 0, 1], [0, 0, 1], [0, 0, 1], [0, 0, 1], [0, 0, 1], [0, 0, 1], [0, 0, 1], [0, 0, 1], [0, 0, 1], [0, 0, 1]]}, "pred_probs": {"R1": [4.722779976873426e-06, 3.849587301374413e-06, 0.9999914169311523], "R3": [9.245359819942678e-07, 0.999997615814209, 5.878249567103921e-07, 8.699205409357091e-07], "S2s1": [2.4744153961364646e-06, 2.306637497895281e-06, 4.7848316171439365e-06, 3.1735357879369985e-06, 4.153792815486668e-06, 3.8877519727975596e-06, 3.3368801268807147e-06, 3.461883579802816e-06, 3.0025121304788627e-06, 3.019874384335708e-06, 4.789488684764365e-06, 5.061396223027259e-06, 4.0361933315580245e-06, 1.3495928214979358e-06, 4.642374733521137e-06, 1.0067592484119814e-05, 1.8209142353953212e-06, 0.9999345541000366], "B1s1": [1.0265574701406877e-06, 9.501985118731682e-07, 9.789512205315987e-07, 0.999996542930603, 5.006807555218984e-07], "TS1s1": [0.9999974966049194, 3.7467941638169577e-07, 7.640347234882938e-07, 1.3249776031898364e-07, 3.026697470431827e-07, 1.6000993241505057e-07, 3.5993721780869237e-07, 4.2397343236189045e-07], "K1": [0.9999996423721313, 1.1778833908238084e-07, 2.220760109139519e-07], "T1s1": [4.547793650999665e-06, 8.226360250773723e-07, 0.9999940395355225, 5.998684287078504e-07], "P4": [1.2129294191254303e-07, 2.4228589268204814e-07, 2.67623164518227e-07, 2.6802212005350157e-07, 8.047038591030287e-08, 0.9999982118606567, 1.6235989619417523e-07, 1.236736579812714e-07, 7.619160413696591e-08, 1.2076533550953172e-07, 2.366175806400861e-07, 9.500465125711344e-08, 9.619184737630349e-08], "EM1": [2.0020828742417507e-05, 0.9999614953994751, 4.945507953380002e-06, 7.255338459799532e-06, 6.263392606342677e-06], "TM1": [5.941318477198365e-07, 4.4955248768019374e-07, 0.9999979734420776, 3.700616844071192e-07, 2.555802041115385e-07, 3.097520675510168e-07], "I1s2": [[0.9999934434890747, 2.756820776994573e-06, 3.769780278162216e-06], [1.9438688525497128e-07, 2.8077559477424074e-07, 0.9999995231628418], [2.7857115014739975e-07, 2.890340624617238e-07, 0.9999994039535522], [3.481495127743983e-07, 1.312324684477062e-06, 0.9999983310699463], [2.727982177930244e-07, 6.793973739149806e-07, 0.9999990463256836], [4.208166615171649e-07, 6.890308554829971e-07, 0.999998927116394], [5.517641739061219e-07, 6.483854235739273e-07, 0.9999988079071045], [2.638978173763462e-07, 3.771987451273162e-07, 0.9999994039535522], [1.8345666319419252e-07, 3.6067839914721844e-07, 0.9999994039535522], [2.3796050641067268e-07, 2.104113718814915e-07, 0.9999995231628418], [0.9999909400939941, 3.986816864198772e-06, 5.1353931667108554e-06], [3.345634809193143e-07, 3.339766010412859e-07, 0.9999992847442627], [2.595866703813954e-07, 7.919041991044651e-07, 0.999998927116394], [4.635445520762005e-07, 7.936959036669577e-07, 0.9999986886978149], [2.3259894987859298e-07, 3.0132710548969044e-07, 0.9999995231628418], [1.023905724650831e-07, 1.7022679799083562e-07, 0.9999997615814209], [3.397179852981935e-07, 5.201654289521684e-07, 0.9999991655349731], [2.4139819743140833e-07, 3.4678893712225545e-07, 0.9999994039535522], [4.476874266856612e-07, 8.135460234370839e-07, 0.9999986886978149], [1.413732064747819e-07, 3.862034816393134e-07, 0.9999995231628418], [2.3137477001000661e-07, 5.433215051198204e-07, 0.9999992847442627], [7.820603968866635e-07, 3.5523711972018646e-07, 0.9999988079071045], [2.0657604693496978e-07, 6.981057367738686e-07, 0.9999990463256836], [1.2708657948223845e-07, 1.2910797408949293e-07, 0.9999997615814209], [1.700489178801945e-06, 2.3596226128574926e-07, 0.9999980926513672], [2.1470670219514432e-07, 2.880709359942557e-07, 0.9999995231628418], [3.3108594266195723e-07, 4.90849117795733e-07, 0.9999991655349731], [0.9999916553497314, 2.803994448186131e-06, 5.426217285275925e-06]], "S4": [[6.034421858203132e-06, 1.9353833522472996e-06, 0.9999920129776001], [5.409492018770834e-07, 6.160360612739169e-07, 0.9999988079071045], [4.3889784251405217e-07, 6.720175633745384e-07, 0.999998927116394], [4.324388669374457e-07, 5.955886877018202e-07, 0.999998927116394], [8.017864274734166e-07, 1.0035873856395483e-06, 0.9999982118606567], [6.15583530816366e-07, 1.026712084239989e-06, 0.9999983310699463], [6.866939656902105e-07, 5.667714617629827e-07, 0.9999986886978149], [5.51374512269831e-07, 5.453896392282331e-07, 0.999998927116394], [6.453760761360172e-07, 7.169460332079325e-07, 0.9999986886978149], [4.7206552267198276e-07, 6.887942731736985e-07, 0.9999988079071045], [5.11989810547675e-07, 1.0565179309196537e-06, 0.9999984502792358], [1.0311579217159306e-06, 8.535923257113609e-07, 0.9999980926513672], [6.404986265806656e-07, 1.351544824501616e-06, 0.9999979734420776], [5.524369726117584e-07, 8.882260544851306e-07, 0.9999985694885254], [4.2709717718025786e-07, 7.741176091258239e-07, 0.9999988079071045], [1.0435400099595427e-06, 6.649947295045422e-07, 0.9999983310699463], [5.412898076428974e-07, 6.168249342408672e-07, 0.9999988079071045], [2.1083373269448202e-07, 4.999425868845719e-07, 0.9999992847442627], [7.89696912306681e-07, 1.0592868875392014e-06, 0.9999980926513672], [6.211631671249052e-07, 7.341243417613441e-07, 0.9999986886978149], [5.922595960328181e-07, 9.887194210023154e-07, 0.9999984502792358], [7.573119660264638e-07, 1.1012667755494476e-06, 0.9999980926513672]]}, "infer_command_tokens": ["I1s2_0_0", "I1s2_1_2", "I1s2_2_2", "I1s2_3_2", "I1s2_4_2", "I1s2_5_2", "I1s2_6_2", "I1s2_7_2", "I1s2_8_2", "I1s2_9_2", "I1s2_10_0", "I1s2_11_2", "I1s2_12_2", "I1s2_13_2", "I1s2_14_2", "I1s2_15_2", "I1s2_16_2", "I1s2_17_2", "I1s2_18_2", "I1s2_19_2", "I1s2_20_2", "I1s2_21_2", "I1s2_22_2", "I1s2_23_2", "I1s2_24_2", "I1s2_25_2", "I1s2_26_2", "I1s2_27_0", "I4_28", "C1_4", "R1_2", "R3_1", "S2s1_17", "S4_0_2", "S4_1_2", "S4_2_2", "S4_3_2", "S4_4_2", "S4_5_2", "S4_6_2", "S4_7_2", "S4_8_2", "S4_9_2", "S4_10_2", "S4_11_2", "S4_12_2", "S4_13_2", "S4_14_2", "S4_15_2", "S4_16_2", "S4_17_2", "S4_18_2", "S4_19_2", "S4_20_2", "S4_21_2", "B1s1_3", "TS1s1_0", "K1_0", "T1s1_2", "P4_5", "ST1_14", "EM1_1", "TM1_2"]}