{"text": "The cohesive and unified sound of a musical piece is achieved through the use of a specific pitch range of 3 octaves. The rhythm of the song remains moderate and consistent, with the music following a 4/4 time signature. This sound is created through the use of ethnic instrument, drum and guitar, which give the music its unique tone. The song's beat is carefully balanced, resulting in a harmonious blend of sound. The song itself comprises about 14 bars, providing a structured framework for the musical arrangement. The song, which is about 40 seconds in length, features a sound heavily influenced by the reggae genre.", "pred_labels": {"R1": [0, 0, 1], "R3": [0, 1, 0, 0], "S2s1": [0, 0, 0, 0, 0, 0, 0, 0, 0, 0, 0, 0, 0, 0, 0, 0, 0, 1], "B1s1": [0, 0, 0, 1, 0], "TS1s1": [1, 0, 0, 0, 0, 0, 0, 0], "K1": [0, 0, 1], "T1s1": [0, 1, 0, 0], "P4": [0, 0, 0, 1, 0, 0, 0, 0, 0, 0, 0, 0, 0], "EM1": [0, 0, 0, 0, 1], "TM1": [0, 0, 1, 0, 0, 0], "I1s2": [[0, 0, 1], [0, 0, 1], [0, 0, 1], [0, 0, 1], [1, 0, 0], [0, 0, 1], [0, 0, 1], [0, 0, 1], [0, 0, 1], [0, 0, 1], [0, 0, 1], [0, 0, 1], [0, 0, 1], [0, 0, 1], [0, 0, 1], [0, 0, 1], [0, 0, 1], [0, 0, 1], [0, 0, 1], [0, 0, 1], [0, 0, 1], [0, 0, 1], [0, 0, 1], [0, 0, 1], [0, 0, 1], [1, 0, 0], [0, 0, 1], [1, 0, 0]], "S4": [[0, 0, 1], [0, 0, 1], [0, 0, 1], [0, 0, 1], [0, 0, 1], [0, 0, 1], [0, 0, 1], [0, 0, 1], [0, 0, 1], [0, 0, 1], [0, 0, 1], [0, 0, 1], [0, 0, 1], [0, 0, 1], [1, 0, 0], [0, 0, 1], [0, 0, 1], [0, 0, 1], [0, 0, 1], [0, 0, 1], [0, 0, 1], [0, 0, 1]]}, "pred_probs": {"R1": [4.203240678180009e-06, 4.229457317705965e-06, 0.9999915361404419], "R3": [7.245893698382133e-07, 0.9999954700469971, 1.2357353398328996e-06, 2.5721922156662913e-06], "S2s1": [2.4883611331460997e-06, 2.8397305413818685e-06, 4.85148621010012e-06, 3.174026915075956e-06, 3.6322060168458847e-06, 4.1139524000755046e-06, 3.210127715647104e-06, 2.8791978365916293e-06, 2.834205815815949e-06, 2.813859055095236e-06, 4.848738626606064e-06, 4.848294793191599e-06, 3.6219464618625352e-06, 1.3533914398067282e-06, 4.07066409024992e-06, 1.0052023753814865e-05, 1.7781956103135599e-06, 0.9999366998672485], "B1s1": [1.1685064009725465e-06, 1.0148964975087438e-06, 1.0462154023116454e-06, 0.9999963045120239, 5.288977718009846e-07], "TS1s1": [0.9999978542327881, 3.523254292758793e-07, 4.893920504400739e-07, 1.6666230351347622e-07, 3.0060357403272064e-07, 1.3465856341099425e-07, 3.6976459227844316e-07, 3.7095878724358045e-07], "K1": [5.361364969758142e-07, 1.2729046829917934e-06, 0.9999982118606567], "T1s1": [1.3981173196953023e-06, 0.9999960660934448, 8.144622825057013e-07, 1.6945413108260254e-06], "P4": [2.766665261333401e-07, 1.3104619256409933e-07, 8.992519440198521e-08, 0.9999974966049194, 2.0284466017983505e-07, 1.321981244473136e-07, 2.6814669240593503e-07, 2.328630444026203e-07, 1.9163013575962395e-07, 9.04060470929835e-08, 1.435795127235906e-07, 3.0946699780542986e-07, 3.9111864680307917e-07], "EM1": [5.0168955567642115e-06, 3.441091166678234e-06, 8.164018254319672e-06, 2.8628803192987107e-05, 0.9999547004699707], "TM1": [5.784789323115547e-07, 4.2783099729604146e-07, 0.9999979734420776, 4.39238306171319e-07, 2.837410022493714e-07, 3.2106748903970583e-07], "I1s2": [[2.975658048853802e-07, 2.999654498125892e-07, 0.9999994039535522], [2.0122870125760528e-07, 2.4533980536034505e-07, 0.9999995231628418], [3.419090432998928e-07, 2.7592554374678e-07, 0.9999994039535522], [3.5521466656973644e-07, 1.2060717153872247e-06, 0.9999984502792358], [0.9999938011169434, 2.9192856345616747e-06, 3.3013027405104367e-06], [5.361972057471576e-07, 6.358366704262153e-07, 0.9999988079071045], [3.850176710784581e-07, 5.985976372357982e-07, 0.9999990463256836], [2.3684002314894315e-07, 3.05374555864546e-07, 0.9999994039535522], [1.374546059196291e-07, 3.2239410074907937e-07, 0.9999995231628418], [2.285954963099357e-07, 2.1633742619542318e-07, 0.9999995231628418], [2.9446053417814255e-07, 3.58384909304732e-07, 0.9999994039535522], [3.5963105915470805e-07, 4.4291437006904744e-07, 0.9999991655349731], [2.22019821194408e-07, 5.420235424935527e-07, 0.9999992847442627], [6.878417480038479e-07, 1.4206883633960388e-06, 0.9999978542327881], [2.2803112642577616e-07, 2.8650268291130487e-07, 0.9999995231628418], [1.080227107763676e-07, 1.4463186914781545e-07, 0.9999997615814209], [2.961333223083784e-07, 4.402453726015665e-07, 0.9999992847442627], [2.7479794084683817e-07, 2.1897399449244404e-07, 0.9999995231628418], [4.282739496375143e-07, 6.156073482088686e-07, 0.999998927116394], [1.5802699238065543e-07, 3.476608583241614e-07, 0.9999995231628418], [1.917478584800847e-07, 4.4106488417128276e-07, 0.9999994039535522], [7.32931084712618e-07, 3.511069053274696e-07, 0.999998927116394], [1.9686639518567972e-07, 8.09430730441818e-07, 0.9999990463256836], [1.3093256256979657e-07, 1.4567548589639046e-07, 0.9999997615814209], [1.4614873862228706e-06, 2.1125921989550989e-07, 0.9999983310699463], [0.9999959468841553, 1.4737403262188309e-06, 2.606574753372115e-06], [3.4382412650302285e-07, 4.284489421024773e-07, 0.9999992847442627], [0.999993085861206, 2.6330806122132344e-06, 4.277430434740381e-06]], "S4": [[4.977904154657153e-06, 1.6382948615500936e-06, 0.9999933242797852], [5.740719188906951e-07, 5.303609214024618e-07, 0.999998927116394], [4.78849244700541e-07, 6.151414027044666e-07, 0.999998927116394], [5.607082016467757e-07, 6.591388910237583e-07, 0.9999988079071045], [9.64476384979207e-07, 7.281346938725619e-07, 0.9999983310699463], [5.284573489916511e-07, 9.597338248568121e-07, 0.9999985694885254], [5.746700253439485e-07, 6.212503080860188e-07, 0.9999988079071045], [5.84375413836824e-07, 3.799036676355172e-07, 0.9999990463256836], [5.783480787613371e-07, 6.89179159962805e-07, 0.9999986886978149], [4.965473294760159e-07, 6.659083169324731e-07, 0.9999988079071045], [4.787061698152684e-07, 9.623083769838559e-07, 0.9999985694885254], [1.1163945146108745e-06, 7.445036658282334e-07, 0.9999980926513672], [6.22225854840508e-07, 1.1807838973254547e-06, 0.9999982118606567], [4.5980476670592907e-07, 8.609582096141821e-07, 0.9999986886978149], [0.999991774559021, 6.434606802940834e-06, 1.7912207113113254e-06], [7.495002591895172e-07, 4.765422261243657e-07, 0.9999988079071045], [4.847660193263437e-07, 5.43380451745179e-07, 0.999998927116394], [2.1332549238195497e-07, 5.051545599599194e-07, 0.9999992847442627], [8.024251769711555e-07, 9.341064242107677e-07, 0.9999982118606567], [5.114760028845922e-07, 8.420695394306676e-07, 0.9999986886978149], [5.583249276241986e-07, 1.100233021134045e-06, 0.9999983310699463], [7.860579671614687e-07, 1.1054946753574768e-06, 0.9999980926513672]]}, "infer_command_tokens": ["I1s2_0_2", "I1s2_1_2", "I1s2_2_2", "I1s2_3_2", "I1s2_4_0", "I1s2_5_2", "I1s2_6_2", "I1s2_7_2", "I1s2_8_2", "I1s2_9_2", "I1s2_10_2", "I1s2_11_2", "I1s2_12_2", "I1s2_13_2", "I1s2_14_2", "I1s2_15_2", "I1s2_16_2", "I1s2_17_2", "I1s2_18_2", "I1s2_19_2", "I1s2_20_2", "I1s2_21_2", "I1s2_22_2", "I1s2_23_2", "I1s2_24_2", "I1s2_25_0", "I1s2_26_2", "I1s2_27_0", "I4_28", "C1_4", "R1_2", "R3_1", "S2s1_17", "S4_0_2", "S4_1_2", "S4_2_2", "S4_3_2", "S4_4_2", "S4_5_2", "S4_6_2", "S4_7_2", "S4_8_2", "S4_9_2", "S4_10_2", "S4_11_2", "S4_12_2", "S4_13_2", "S4_14_0", "S4_15_2", "S4_16_2", "S4_17_2", "S4_18_2", "S4_19_2", "S4_20_2", "S4_21_2", "B1s1_3", "TS1s1_0", "K1_2", "T1s1_1", "P4_3", "ST1_14", "EM1_4", "TM1_2"]}