{"text": "The song, belonging to the classical genre, runs for about 20 seconds. Bassoon and pipe should be included in the music.", "pred_labels": {"R1": [0, 0, 1], "R3": [0, 0, 0, 1], "S2s1": [0, 0, 0, 0, 0, 0, 0, 0, 0, 0, 0, 0, 0, 0, 0, 0, 0, 1], "B1s1": [0, 0, 0, 0, 1], "TS1s1": [0, 0, 0, 0, 0, 0, 0, 1], "K1": [0, 0, 1], "T1s1": [0, 0, 0, 1], "P4": [0, 0, 0, 0, 0, 0, 0, 0, 0, 0, 0, 0, 1], "EM1": [0, 0, 0, 0, 1], "TM1": [0, 1, 0, 0, 0, 0], "I1s2": [[0, 0, 1], [0, 0, 1], [0, 0, 1], [0, 0, 1], [0, 0, 1], [0, 0, 1], [0, 0, 1], [0, 0, 1], [0, 0, 1], [0, 0, 1], [0, 0, 1], [0, 0, 1], [0, 0, 1], [0, 0, 1], [0, 0, 1], [0, 0, 1], [0, 0, 1], [0, 0, 1], [0, 0, 1], [1, 0, 0], [0, 0, 1], [0, 0, 1], [0, 0, 1], [1, 0, 0], [0, 0, 1], [0, 0, 1], [0, 0, 1], [0, 0, 1]], "S4": [[0, 0, 1], [0, 0, 1], [0, 0, 1], [0, 0, 1], [0, 0, 1], [0, 0, 1], [0, 0, 1], [0, 0, 1], [0, 0, 1], [0, 0, 1], [0, 0, 1], [1, 0, 0], [0, 0, 1], [0, 0, 1], [0, 0, 1], [0, 0, 1], [0, 0, 1], [0, 0, 1], [0, 0, 1], [0, 0, 1], [0, 0, 1], [0, 0, 1]]}, "pred_probs": {"R1": [4.357297711976571e-06, 4.364271262602415e-06, 0.9999912977218628], "R3": [9.663116543379147e-06, 3.3867672755150124e-05, 4.9669390136841685e-05, 0.9999067783355713], "S2s1": [2.8959295832464704e-06, 3.2063455819297815e-06, 6.907916031195782e-06, 4.166616236034315e-06, 4.8495012379135005e-06, 5.5060691011021845e-06, 4.027723207400413e-06, 4.2936712816299405e-06, 3.126579485979164e-06, 3.79629886992916e-06, 5.239591700956225e-06, 6.4617938733135816e-06, 4.8090232667163946e-06, 1.4226458233679296e-06, 6.346640020638006e-06, 1.023761069518514e-05, 2.2695146526530152e-06, 0.9999203681945801], "B1s1": [9.371373380417936e-06, 5.783736469311407e-06, 1.1300412552373018e-05, 2.7807602691609645e-06, 0.9999707937240601], "TS1s1": [8.680638075020397e-07, 1.639962988519983e-06, 1.1401444908187841e-06, 2.04748221221962e-06, 9.849067055256455e-07, 2.021309910560376e-06, 4.458092007553205e-05, 0.9999467134475708], "K1": [1.97727172235318e-06, 2.6002271624747664e-06, 0.9999954700469971], "T1s1": [2.232053930129041e-06, 8.517140486219432e-07, 2.5173414996970678e-06, 0.9999943971633911], "P4": [5.579190087701136e-07, 5.934301157139998e-07, 4.325591760334646e-07, 4.7533208658023796e-07, 8.253855980910885e-07, 2.7750371600632207e-07, 5.634726107928145e-07, 4.0335180528927594e-07, 4.679672258589562e-07, 7.074036716403498e-07, 4.232394701375597e-07, 4.012783847429091e-07, 0.9999939203262329], "EM1": [2.5206372811226174e-06, 2.0952950308128493e-06, 5.198328835831489e-06, 5.387090823205654e-06, 0.9999847412109375], "TM1": [2.190828638504172e-07, 0.9999988079071045, 3.0857827937325055e-07, 2.1991033349877398e-07, 1.8328991302496433e-07, 1.7132271068476257e-07], "I1s2": [[4.1791685134739964e-07, 3.965354551382916e-07, 0.9999991655349731], [2.5860117602860555e-07, 3.0031006303943286e-07, 0.9999994039535522], [4.317433592859743e-07, 3.6238154166312597e-07, 0.9999991655349731], [4.470806516110315e-07, 9.487371812610945e-07, 0.9999985694885254], [3.377970188012114e-07, 4.6514338691849844e-07, 0.9999991655349731], [7.293622275028611e-07, 6.462006467700121e-07, 0.9999985694885254], [8.569301712668675e-07, 8.07688991244504e-07, 0.9999983310699463], [3.845142941827362e-07, 3.294641999218584e-07, 0.9999992847442627], [2.7834596494358266e-07, 2.8898884352202003e-07, 0.9999994039535522], [2.204066475997024e-07, 1.5567319167075766e-07, 0.9999996423721313], [3.94031303585507e-07, 3.0508604709211795e-07, 0.9999992847442627], [4.580027734846226e-07, 3.4460111919543124e-07, 0.9999991655349731], [3.047141206025117e-07, 5.335382979865244e-07, 0.9999991655349731], [5.863051342203107e-07, 5.424898290584679e-07, 0.999998927116394], [5.418477257990162e-07, 3.835773441096535e-07, 0.9999990463256836], [1.9421607078129455e-07, 1.3029416834342555e-07, 0.9999996423721313], [3.7775086525471124e-07, 4.44341424099548e-07, 0.9999991655349731], [3.264003964886797e-07, 1.7933618323695555e-07, 0.9999995231628418], [6.842908533144509e-07, 6.490485588983574e-07, 0.9999986886978149], [0.9999898672103882, 4.53492521046428e-06, 5.645915734930895e-06], [4.155386648108106e-07, 4.3442798869364196e-07, 0.9999991655349731], [7.183574552982464e-07, 3.550001110852463e-07, 0.999998927116394], [2.3209337030039023e-07, 1.0007094033426256e-06, 0.9999988079071045], [0.9999939203262329, 4.059572802361799e-06, 2.0218758436385542e-06], [1.4991420584919979e-06, 1.9937975537231978e-07, 0.9999983310699463], [2.893556256822194e-07, 2.797686988742498e-07, 0.9999994039535522], [5.891166097171663e-07, 4.11911457831593e-07, 0.9999990463256836], [2.156679386189353e-07, 3.195802946720505e-07, 0.9999995231628418]], "S4": [[3.675350171761238e-06, 1.592192575117224e-06, 0.9999947547912598], [6.970474828449369e-07, 9.44747114317579e-07, 0.9999983310699463], [4.92515312089381e-07, 8.901374144443253e-07, 0.9999985694885254], [4.992280651094916e-07, 8.318322102240927e-07, 0.9999986886978149], [9.490937031841895e-07, 1.4501821397061576e-06, 0.999997615814209], [7.301868549802748e-07, 1.608604179637041e-06, 0.999997615814209], [5.676270689036755e-07, 9.709976893645944e-07, 0.9999984502792358], [6.347830208142113e-07, 6.009643698234868e-07, 0.9999988079071045], [6.627378752455115e-07, 8.201330956580932e-07, 0.9999985694885254], [5.979277943879424e-07, 1.2713759360849508e-06, 0.9999980926513672], [5.828547955388785e-07, 1.4456837789111887e-06, 0.9999979734420776], [0.9999819993972778, 1.4649220247520134e-05, 3.393247197891469e-06], [8.470474881505652e-07, 1.8839764379663393e-06, 0.9999972581863403], [6.285237077463535e-07, 1.4474882163995062e-06, 0.9999979734420776], [5.48227546914859e-07, 1.3704519687962602e-06, 0.9999980926513672], [7.611251930939034e-07, 5.960123985460086e-07, 0.9999986886978149], [5.409830805547244e-07, 8.907896358323342e-07, 0.9999985694885254], [2.6365174221609777e-07, 6.103486498432176e-07, 0.9999991655349731], [1.238996901520295e-06, 1.3947578736406285e-06, 0.9999973773956299], [5.034866603637056e-07, 1.0070006055684644e-06, 0.9999984502792358], [5.530534394893039e-07, 1.403833152835432e-06, 0.9999980926513672], [8.077901156866574e-07, 1.6138593537107226e-06, 0.999997615814209]]}, "infer_command_tokens": ["I1s2_0_2", "I1s2_1_2", "I1s2_2_2", "I1s2_3_2", "I1s2_4_2", "I1s2_5_2", "I1s2_6_2", "I1s2_7_2", "I1s2_8_2", "I1s2_9_2", "I1s2_10_2", "I1s2_11_2", "I1s2_12_2", "I1s2_13_2", "I1s2_14_2", "I1s2_15_2", "I1s2_16_2", "I1s2_17_2", "I1s2_18_2", "I1s2_19_0", "I1s2_20_2", "I1s2_21_2", "I1s2_22_2", "I1s2_23_0", "I1s2_24_2", "I1s2_25_2", "I1s2_26_2", "I1s2_27_2", "I4_28", "C1_4", "R1_2", "R3_3", "S2s1_17", "S4_0_2", "S4_1_2", "S4_2_2", "S4_3_2", "S4_4_2", "S4_5_2", "S4_6_2", "S4_7_2", "S4_8_2", "S4_9_2", "S4_10_2", "S4_11_0", "S4_12_2", "S4_13_2", "S4_14_2", "S4_15_2", "S4_16_2", "S4_17_2", "S4_18_2", "S4_19_2", "S4_20_2", "S4_21_2", "B1s1_4", "TS1s1_7", "K1_2", "T1s1_3", "P4_12", "ST1_14", "EM1_4", "TM1_1"]}