{"text": "The music's limited pitch range of 5 octaves allows for a greater emphasis on the nuances of tone and phrasing, while its use of major key creates a distinct atmosphere. With a runtime of 31 ~ 45 seconds, this song showcases a highly vigorous rhythm and features grand piano, guitar, bass, violin, synthesizer and drum. It is played at a moderate speed, adhering to a 4/4 meter, and is characterized by its religious and pop sound.", "pred_labels": {"R1": [0, 0, 1], "R3": [0, 0, 1, 0], "S2s1": [0, 0, 0, 0, 0, 0, 0, 0, 0, 0, 0, 0, 0, 0, 0, 0, 0, 1], "B1s1": [0, 0, 0, 0, 1], "TS1s1": [1, 0, 0, 0, 0, 0, 0, 0], "K1": [1, 0, 0], "T1s1": [0, 1, 0, 0], "P4": [0, 0, 0, 0, 0, 1, 0, 0, 0, 0, 0, 0, 0], "EM1": [0, 0, 0, 0, 1], "TM1": [0, 0, 1, 0, 0, 0], "I1s2": [[1, 0, 0], [0, 0, 1], [0, 0, 1], [0, 0, 1], [1, 0, 0], [1, 0, 0], [1, 0, 0], [0, 0, 1], [0, 0, 1], [0, 0, 1], [0, 0, 1], [0, 0, 1], [0, 0, 1], [0, 0, 1], [0, 0, 1], [0, 0, 1], [0, 0, 1], [0, 0, 1], [0, 0, 1], [0, 0, 1], [0, 0, 1], [0, 0, 1], [0, 0, 1], [0, 0, 1], [1, 0, 0], [0, 0, 1], [0, 0, 1], [1, 0, 0]], "S4": [[0, 0, 1], [0, 0, 1], [0, 0, 1], [1, 0, 0], [0, 0, 1], [0, 0, 1], [0, 0, 1], [0, 0, 1], [0, 0, 1], [0, 0, 1], [0, 0, 1], [0, 0, 1], [0, 0, 1], [1, 0, 0], [0, 0, 1], [0, 0, 1], [0, 0, 1], [0, 0, 1], [0, 0, 1], [0, 0, 1], [0, 0, 1], [0, 0, 1]]}, "pred_probs": {"R1": [4.684957730205497e-06, 4.102551883988781e-06, 0.9999911785125732], "R3": [6.819871032348601e-07, 1.1436906106609968e-06, 0.999997615814209, 5.54722419110476e-07], "S2s1": [2.6038385385618312e-06, 2.7265125481790164e-06, 4.4732655624102335e-06, 3.157535957143409e-06, 3.476792699075304e-06, 4.147270374232903e-06, 3.286231276433682e-06, 3.2607820230623474e-06, 2.822337819452514e-06, 2.838113914549467e-06, 4.8195051931543276e-06, 4.988090040569659e-06, 3.6308408652985236e-06, 1.185704377348884e-06, 4.302172328607412e-06, 9.904847502184566e-06, 1.7530060176795814e-06, 0.999936580657959], "B1s1": [6.416262294806074e-06, 5.288595275487751e-06, 9.454078281123657e-06, 1.9185065411875257e-06, 0.9999768733978271], "TS1s1": [0.999997615814209, 3.1702765568297764e-07, 7.103138841557666e-07, 1.4261796366099588e-07, 3.1566463576382375e-07, 1.5556987875697814e-07, 3.357471314302529e-07, 3.9129363926804217e-07], "K1": [0.9999996423721313, 1.1646669406673027e-07, 2.391221016750933e-07], "T1s1": [1.3603365687231417e-06, 0.9999969005584717, 9.808748018258484e-07, 7.961484698171262e-07], "P4": [1.1844813485595296e-07, 3.0115771210148523e-07, 2.8744810265379783e-07, 3.935283245937171e-07, 7.388306499933606e-08, 0.9999979734420776, 1.5405692010972416e-07, 1.5819334464595158e-07, 7.81962370410838e-08, 1.257758412975818e-07, 2.563875227679091e-07, 1.0477393175278849e-07, 1.0740535572040244e-07], "EM1": [2.17804586100101e-06, 3.6376432035467587e-06, 6.860002486064332e-06, 1.967288517334964e-05, 0.9999676942825317], "TM1": [7.137827537917474e-07, 4.592220363974775e-07, 0.9999979734420776, 2.814834942910238e-07, 2.7536785296433663e-07, 3.1575055459143186e-07], "I1s2": [[0.9999942779541016, 3.0847991183691192e-06, 2.580161435616901e-06], [2.0608560191703873e-07, 2.877334850381885e-07, 0.9999995231628418], [3.363167877523665e-07, 4.4751519112651295e-07, 0.9999991655349731], [5.675900638379971e-07, 3.29544104715751e-06, 0.9999961853027344], [0.999993085861206, 3.3975625228777062e-06, 3.4267579849256435e-06], [0.9999927282333374, 3.6247997741156723e-06, 3.6818889839196345e-06], [0.9999943971633911, 4.2252486309735104e-06, 1.4728008181918995e-06], [2.226035178409802e-07, 3.67138568435621e-07, 0.9999994039535522], [1.9638534354271542e-07, 1.1271058610873297e-06, 0.9999986886978149], [2.645335541728855e-07, 3.581225200832705e-07, 0.9999994039535522], [3.74197441033175e-07, 8.840126497489109e-07, 0.9999986886978149], [5.439722485789389e-07, 9.98024120235641e-07, 0.9999984502792358], [4.2172374037363625e-07, 1.8539041093390551e-06, 0.9999977350234985], [1.2298146430111956e-06, 4.289368916943204e-06, 0.9999945163726807], [2.499315883142117e-07, 4.643385693725577e-07, 0.9999992847442627], [2.5036555939550453e-07, 3.0544941864718567e-07, 0.9999994039535522], [7.780437272231211e-07, 1.7022196061589057e-06, 0.9999974966049194], [2.985624121265573e-07, 3.253486511312076e-07, 0.9999994039535522], [4.74918778081701e-07, 9.754296570463339e-07, 0.9999985694885254], [1.3289562161844515e-07, 5.139299901202321e-07, 0.9999994039535522], [2.291191805170456e-07, 8.907389315027103e-07, 0.999998927116394], [5.426937832453405e-07, 3.587849164432555e-07, 0.9999990463256836], [2.392479530044511e-07, 1.347729266854003e-06, 0.9999984502792358], [1.938980886961872e-07, 2.3688883743488987e-07, 0.9999995231628418], [0.9999924898147583, 3.000041260747821e-06, 4.510576218308415e-06], [2.0097570541111054e-07, 4.853333166465745e-07, 0.9999992847442627], [5.36015306806803e-07, 1.4262614058679901e-06, 0.9999980926513672], [0.9999939203262329, 2.770294941001339e-06, 3.2880186608963413e-06]], "S4": [[4.0717645788390655e-06, 1.644623807806056e-06, 0.9999942779541016], [5.345546583157557e-07, 7.117278641999292e-07, 0.9999988079071045], [5.009846972825471e-07, 7.317597692235722e-07, 0.9999988079071045], [0.9999871253967285, 9.22894378163619e-06, 3.6402125260792673e-06], [6.936576824045915e-07, 7.597972171424772e-07, 0.9999985694885254], [6.354610491143831e-07, 1.1990458688160288e-06, 0.9999982118606567], [6.400607617251808e-07, 5.327850658431998e-07, 0.9999988079071045], [5.881835249965661e-07, 4.296837232686812e-07, 0.999998927116394], [6.876027214275382e-07, 8.201595846912824e-07, 0.9999984502792358], [4.945789555677038e-07, 6.164262913443963e-07, 0.999998927116394], [4.71818765390708e-07, 9.929689213095116e-07, 0.9999985694885254], [1.099436644835805e-06, 7.981068961271376e-07, 0.9999980926513672], [6.252719799704209e-07, 1.408675757375022e-06, 0.9999979734420776], [0.9999793767929077, 1.539913318993058e-05, 5.290984518069308e-06], [8.805102424958022e-07, 1.0476300076334155e-06, 0.9999980926513672], [1.2305708878557198e-06, 8.365459507331252e-07, 0.9999979734420776], [9.612691656002426e-07, 1.2689855566350161e-06, 0.9999977350234985], [2.1717808351695567e-07, 5.283800419420004e-07, 0.9999992847442627], [7.778491522003605e-07, 1.006688307825243e-06, 0.9999982118606567], [5.1601483619379e-07, 7.617888968525222e-07, 0.9999986886978149], [4.931196713187092e-07, 1.0624388551150332e-06, 0.9999984502792358], [7.67682706737105e-07, 1.1395410410841578e-06, 0.9999980926513672]]}, "infer_command_tokens": ["I1s2_0_0", "I1s2_1_2", "I1s2_2_2", "I1s2_3_2", "I1s2_4_0", "I1s2_5_0", "I1s2_6_0", "I1s2_7_2", "I1s2_8_2", "I1s2_9_2", "I1s2_10_2", "I1s2_11_2", "I1s2_12_2", "I1s2_13_2", "I1s2_14_2", "I1s2_15_2", "I1s2_16_2", "I1s2_17_2", "I1s2_18_2", "I1s2_19_2", "I1s2_20_2", "I1s2_21_2", "I1s2_22_2", "I1s2_23_2", "I1s2_24_0", "I1s2_25_2", "I1s2_26_2", "I1s2_27_0", "I4_28", "C1_4", "R1_2", "R3_2", "S2s1_17", "S4_0_2", "S4_1_2", "S4_2_2", "S4_3_0", "S4_4_2", "S4_5_2", "S4_6_2", "S4_7_2", "S4_8_2", "S4_9_2", "S4_10_2", "S4_11_2", "S4_12_2", "S4_13_0", "S4_14_2", "S4_15_2", "S4_16_2", "S4_17_2", "S4_18_2", "S4_19_2", "S4_20_2", "S4_21_2", "B1s1_4", "TS1s1_0", "K1_0", "T1s1_1", "P4_5", "ST1_14", "EM1_4", "TM1_2"]}