{"text": "The track is representative of the typical sound of electronic, with a pitch range of 3 octaves and a special emotional quality attributed to its major key. Its comfortably moderate rhythm is complemented by the vital use of synth, ethnic instrument, sound effect and strings. The music follows a 6/8 meter and has a slow tempo, with a duration of about 40 seconds. Overall, the track embodies the signature characteristics of electronic while showcasing a unique blend of musical elements that create a truly captivating listening experience.", "pred_labels": {"R1": [0, 0, 1], "R3": [0, 1, 0, 0], "S2s1": [0, 0, 0, 0, 0, 0, 0, 0, 0, 0, 0, 0, 0, 0, 0, 0, 0, 1], "B1s1": [0, 0, 0, 0, 1], "TS1s1": [0, 0, 0, 0, 1, 0, 0, 0], "K1": [1, 0, 0], "T1s1": [1, 0, 0, 0], "P4": [0, 0, 0, 1, 0, 0, 0, 0, 0, 0, 0, 0, 0], "EM1": [0, 0, 0, 0, 1], "TM1": [0, 0, 1, 0, 0, 0], "I1s2": [[0, 0, 1], [0, 0, 1], [0, 0, 1], [0, 0, 1], [0, 0, 1], [0, 0, 1], [0, 0, 1], [0, 0, 1], [0, 0, 1], [0, 0, 1], [1, 0, 0], [0, 0, 1], [0, 0, 1], [0, 0, 1], [0, 0, 1], [0, 0, 1], [0, 0, 1], [0, 0, 1], [0, 0, 1], [0, 0, 1], [0, 0, 1], [0, 0, 1], [0, 0, 1], [0, 0, 1], [1, 0, 0], [1, 0, 0], [1, 0, 0], [0, 0, 1]], "S4": [[0, 0, 1], [1, 0, 0], [0, 0, 1], [0, 0, 1], [0, 0, 1], [0, 0, 1], [0, 0, 1], [0, 0, 1], [0, 0, 1], [0, 0, 1], [0, 0, 1], [0, 0, 1], [0, 0, 1], [0, 0, 1], [0, 0, 1], [0, 0, 1], [0, 0, 1], [0, 0, 1], [0, 0, 1], [0, 0, 1], [0, 0, 1], [0, 0, 1]]}, "pred_probs": {"R1": [4.274727871234063e-06, 4.306340997572988e-06, 0.9999914169311523], "R3": [4.895485972156166e-07, 0.9999973773956299, 1.2849637869294384e-06, 7.931213303891127e-07], "S2s1": [2.46790841629263e-06, 2.6470077045814833e-06, 4.312975761422422e-06, 3.1598460736859124e-06, 3.506361053950968e-06, 4.0215581975644454e-06, 3.207608415323193e-06, 2.7771186523750657e-06, 2.9991638257342856e-06, 2.8835690955020254e-06, 4.7236103455361445e-06, 5.070420684205601e-06, 3.544882474670885e-06, 1.2562205711219576e-06, 4.012540102849016e-06, 9.418186891707592e-06, 1.6659383845762932e-06, 0.9999383687973022], "B1s1": [5.747971954406239e-06, 5.4433940022136085e-06, 8.080137376964558e-06, 2.365365162404487e-06, 0.9999783039093018], "TS1s1": [4.0048638538792147e-07, 2.1578942721589556e-07, 8.133492315209878e-07, 1.936350457754088e-07, 0.9999971389770508, 4.606964125741797e-07, 3.6999679764448956e-07, 3.16289145985138e-07], "K1": [0.9999996423721313, 1.187443174899272e-07, 2.2721711445683468e-07], "T1s1": [0.9999969005584717, 6.668107062068884e-07, 1.4412440805244842e-06, 9.878140190267004e-07], "P4": [2.1901536229052e-07, 1.1220527795785529e-07, 8.465984535632742e-08, 0.9999977350234985, 1.9938171647027048e-07, 1.4468646725163126e-07, 2.455214769270242e-07, 1.872901691513107e-07, 2.1127823401911883e-07, 8.463272394010346e-08, 1.3664389086898154e-07, 2.879495752949879e-07, 3.6446539297685376e-07], "EM1": [2.6830921342479996e-06, 3.0643479931313777e-06, 3.5998332350573037e-06, 4.8090396376210265e-06, 0.9999858140945435], "TM1": [6.092907369747991e-07, 3.9073449897841783e-07, 0.9999980926513672, 3.368476484411076e-07, 2.850983378266392e-07, 3.0823920837974583e-07], "I1s2": [[2.687078222152195e-07, 3.372740309259825e-07, 0.9999994039535522], [1.9390252248285833e-07, 2.5099507183767855e-07, 0.9999995231628418], [3.048542396300036e-07, 3.7035695754639164e-07, 0.9999992847442627], [3.2057428711596003e-07, 1.6503993265359895e-06, 0.9999979734420776], [1.7241110583654518e-07, 5.2509477654894e-07, 0.9999992847442627], [4.4364435325405793e-07, 6.677373107777385e-07, 0.999998927116394], [3.5405682297096064e-07, 5.780350988970895e-07, 0.9999990463256836], [2.3838477147819503e-07, 3.273654840540985e-07, 0.9999994039535522], [1.4248760749069334e-07, 2.727367416355264e-07, 0.9999996423721313], [1.9272947326953727e-07, 1.683103363347982e-07, 0.9999996423721313], [0.9999921321868896, 3.9543924685858656e-06, 3.942019702662947e-06], [3.4739562693175685e-07, 4.040985857045598e-07, 0.9999992847442627], [2.0338075046311133e-07, 7.035159796942025e-07, 0.9999990463256836], [3.971495630139543e-07, 7.95434289102559e-07, 0.9999988079071045], [3.176028826601396e-07, 3.5579265045271313e-07, 0.9999992847442627], [1.209937749990786e-07, 1.185496003586195e-07, 0.9999997615814209], [3.1753225471220503e-07, 4.6936057174207235e-07, 0.9999991655349731], [2.861981727164675e-07, 3.180751377840352e-07, 0.9999994039535522], [4.256033889760147e-07, 6.450439968830324e-07, 0.999998927116394], [1.6681202907875559e-07, 3.841463751541596e-07, 0.9999994039535522], [1.8750064612049755e-07, 5.867103709533694e-07, 0.9999992847442627], [6.771461471544171e-07, 3.676759092741122e-07, 0.999998927116394], [1.887849236936745e-07, 8.114812430903839e-07, 0.9999990463256836], [1.5745521864118928e-07, 1.2101178015200276e-07, 0.9999997615814209], [0.9999926090240479, 2.7182795747648925e-06, 4.629058366845129e-06], [0.9999967813491821, 1.410644927091198e-06, 1.8171173223890946e-06], [0.9999927282333374, 3.4466677334421547e-06, 3.7951690501358826e-06], [1.7745065861163312e-07, 3.422545660214382e-07, 0.9999995231628418]], "S4": [[3.7316699490475003e-06, 1.4414061979550752e-06, 0.9999948740005493], [0.9999836683273315, 9.599901204637717e-06, 6.7147980189474765e-06], [4.0147676827473333e-07, 6.764149134141917e-07, 0.999998927116394], [4.861215643359174e-07, 6.23578387148882e-07, 0.999998927116394], [7.479746955141309e-07, 8.687761123837845e-07, 0.9999983310699463], [5.103148055241036e-07, 1.0182939149672166e-06, 0.9999984502792358], [5.660034503307543e-07, 5.450672233564546e-07, 0.999998927116394], [5.400689246926049e-07, 4.287680894776713e-07, 0.9999990463256836], [5.844616453032359e-07, 7.035761200313573e-07, 0.9999986886978149], [4.910376674160943e-07, 6.753571142326109e-07, 0.9999988079071045], [4.82110181110329e-07, 1.1050166222048574e-06, 0.9999984502792358], [9.844522992352722e-07, 8.172930847649695e-07, 0.9999982118606567], [6.465634214691818e-07, 1.2796073178833467e-06, 0.9999980926513672], [5.013440045331663e-07, 9.416871762368828e-07, 0.9999985694885254], [5.927873871769407e-07, 9.91114347925759e-07, 0.9999984502792358], [6.932299356776639e-07, 4.757343958772253e-07, 0.9999988079071045], [4.644279272270069e-07, 5.282132065076439e-07, 0.9999990463256836], [2.0422024249455717e-07, 5.303782586452144e-07, 0.9999992847442627], [7.619520374646527e-07, 1.0016931355494307e-06, 0.9999982118606567], [4.897113399238151e-07, 7.527818297603517e-07, 0.9999988079071045], [5.271867848932743e-07, 1.0463962780704605e-06, 0.9999984502792358], [7.873220511100953e-07, 1.217483031723532e-06, 0.9999979734420776]]}, "infer_command_tokens": ["I1s2_0_2", "I1s2_1_2", "I1s2_2_2", "I1s2_3_2", "I1s2_4_2", "I1s2_5_2", "I1s2_6_2", "I1s2_7_2", "I1s2_8_2", "I1s2_9_2", "I1s2_10_0", "I1s2_11_2", "I1s2_12_2", "I1s2_13_2", "I1s2_14_2", "I1s2_15_2", "I1s2_16_2", "I1s2_17_2", "I1s2_18_2", "I1s2_19_2", "I1s2_20_2", "I1s2_21_2", "I1s2_22_2", "I1s2_23_2", "I1s2_24_0", "I1s2_25_0", "I1s2_26_0", "I1s2_27_2", "I4_28", "C1_4", "R1_2", "R3_1", "S2s1_17", "S4_0_2", "S4_1_0", "S4_2_2", "S4_3_2", "S4_4_2", "S4_5_2", "S4_6_2", "S4_7_2", "S4_8_2", "S4_9_2", "S4_10_2", "S4_11_2", "S4_12_2", "S4_13_2", "S4_14_2", "S4_15_2", "S4_16_2", "S4_17_2", "S4_18_2", "S4_19_2", "S4_20_2", "S4_21_2", "B1s1_4", "TS1s1_4", "K1_0", "T1s1_0", "P4_3", "ST1_14", "EM1_4", "TM1_2"]}