{"text": "The music's pitch range of 4 octaves offers a unique and memorable listening experience, while its use of major key creates a rich and dynamic sonic palette. The song runs for 31 ~ 45 seconds and has a very peaceful beat, yet the fast-paced rhythm, 4/4 time signature, and use of piano add to the musical composition's complexity. The music is also filled with despondency, making it an immersive and captivating experience for listeners.", "pred_labels": {"R1": [0, 0, 1], "R3": [1, 0, 0, 0], "S2s1": [0, 0, 0, 0, 0, 0, 0, 0, 0, 0, 0, 0, 0, 0, 0, 0, 0, 1], "B1s1": [0, 0, 0, 0, 1], "TS1s1": [1, 0, 0, 0, 0, 0, 0, 0], "K1": [1, 0, 0], "T1s1": [0, 0, 1, 0], "P4": [0, 0, 0, 0, 1, 0, 0, 0, 0, 0, 0, 0, 0], "EM1": [0, 0, 1, 0, 0], "TM1": [0, 0, 1, 0, 0, 0], "I1s2": [[1, 0, 0], [0, 0, 1], [0, 0, 1], [0, 0, 1], [0, 0, 1], [0, 0, 1], [0, 0, 1], [0, 0, 1], [0, 0, 1], [0, 0, 1], [0, 0, 1], [0, 0, 1], [0, 0, 1], [0, 0, 1], [0, 0, 1], [0, 0, 1], [0, 0, 1], [0, 0, 1], [0, 0, 1], [0, 0, 1], [0, 0, 1], [0, 0, 1], [0, 0, 1], [0, 0, 1], [0, 0, 1], [0, 0, 1], [0, 0, 1], [0, 0, 1]], "S4": [[0, 0, 1], [0, 0, 1], [0, 0, 1], [0, 0, 1], [0, 0, 1], [0, 0, 1], [0, 0, 1], [0, 0, 1], [0, 0, 1], [0, 0, 1], [0, 0, 1], [0, 0, 1], [0, 0, 1], [0, 0, 1], [0, 0, 1], [0, 0, 1], [0, 0, 1], [0, 0, 1], [0, 0, 1], [0, 0, 1], [0, 0, 1], [0, 0, 1]]}, "pred_probs": {"R1": [4.228638317727018e-06, 4.401530986797297e-06, 0.9999914169311523], "R3": [0.9999983310699463, 5.672698080161354e-07, 8.511473765793198e-07, 2.695262537599774e-07], "S2s1": [2.2981632810115116e-06, 2.824024477376952e-06, 4.2558172026474494e-06, 3.1495258099312196e-06, 3.6306003039499046e-06, 3.86241026717471e-06, 3.313678689664812e-06, 2.5972899493353907e-06, 2.5754020498425234e-06, 3.1700622002972523e-06, 4.806004199053859e-06, 5.515704742720118e-06, 3.85434123018058e-06, 1.3716758076043334e-06, 3.979153007094283e-06, 8.779332347330637e-06, 2.040838353423169e-06, 0.9999380111694336], "B1s1": [5.778269951406401e-06, 5.729138138121925e-06, 9.14705560717266e-06, 2.3146774310589535e-06, 0.9999769926071167], "TS1s1": [0.9999977350234985, 3.828309331765922e-07, 5.947008503426332e-07, 1.3775500917745376e-07, 3.095134104569297e-07, 1.3911164842284052e-07, 3.192607778146339e-07, 3.24632793535784e-07], "K1": [0.9999996423721313, 1.3127062459261651e-07, 2.230796098956489e-07], "T1s1": [1.0704445685405517e-06, 8.019133019843139e-07, 0.9999971389770508, 9.833870535658207e-07], "P4": [1.9122283845263155e-07, 7.875698315729096e-08, 7.251600919744305e-08, 6.315266887213511e-08, 0.9999984502792358, 9.161411185232282e-08, 1.1096562957391143e-07, 1.493214369929774e-07, 1.082127027984825e-07, 1.8045454908133252e-07, 1.4861194586046622e-07, 1.0588212262518937e-07, 2.1604235200811672e-07], "EM1": [3.951744929509005e-06, 1.4492834452539682e-06, 0.9999899864196777, 2.2211740997590823e-06, 2.428933839837555e-06], "TM1": [6.562605676663225e-07, 5.559294891099853e-07, 0.9999978542327881, 3.149652627598698e-07, 2.7818711600957613e-07, 3.523348652834102e-07], "I1s2": [[0.9999945163726807, 3.280647433712147e-06, 2.1537121028814e-06], [2.801419611841993e-07, 1.8929665657196892e-07, 0.9999995231628418], [2.932848701675539e-07, 2.2752368522560573e-07, 0.9999995231628418], [3.3308083402516786e-07, 5.565280503105896e-07, 0.9999991655349731], [1.9578109800022503e-07, 3.4929493608615303e-07, 0.9999994039535522], [4.450954236290272e-07, 4.6304057832458057e-07, 0.9999990463256836], [3.5934445463681186e-07, 4.627726752914896e-07, 0.9999991655349731], [2.638424803080852e-07, 2.7566829885472544e-07, 0.9999994039535522], [1.3623247241412173e-07, 2.0409103740348655e-07, 0.9999996423721313], [2.225725665994105e-07, 1.0600449940056933e-07, 0.9999996423721313], [2.8698340770461073e-07, 3.101953325312934e-07, 0.9999994039535522], [3.180676060310361e-07, 1.97617197272848e-07, 0.9999995231628418], [2.6252726570419327e-07, 3.132456924959115e-07, 0.9999994039535522], [3.9827048681218e-07, 4.4087764194955525e-07, 0.9999991655349731], [1.8735055107299559e-07, 1.790188690620198e-07, 0.9999996423721313], [1.367388193784791e-07, 1.1977533631579718e-07, 0.9999997615814209], [3.043581386918959e-07, 3.0699928288413503e-07, 0.9999994039535522], [3.518555899972853e-07, 1.4699521955208183e-07, 0.9999995231628418], [4.947167440150224e-07, 5.589752163359663e-07, 0.999998927116394], [1.7999529688950133e-07, 3.5652706742439477e-07, 0.9999994039535522], [2.0666620059728302e-07, 2.6917388140645926e-07, 0.9999995231628418], [6.568599815182097e-07, 2.872587572255725e-07, 0.9999990463256836], [2.7819200454359816e-07, 4.734327205824229e-07, 0.9999992847442627], [1.2129810045280465e-07, 8.734824774592198e-08, 0.9999997615814209], [1.390851480209676e-06, 1.386965919891736e-07, 0.9999984502792358], [2.128920471022866e-07, 2.2111339603725355e-07, 0.9999995231628418], [3.6305337403064186e-07, 3.2787380632726126e-07, 0.9999992847442627], [1.5735777481040714e-07, 2.4594939418420836e-07, 0.9999996423721313]], "S4": [[5.918982424191199e-06, 1.7969191503652837e-06, 0.9999922513961792], [6.00573059728049e-07, 6.022518164172652e-07, 0.9999988079071045], [4.790916818819824e-07, 8.009438943190617e-07, 0.9999986886978149], [4.3078907197013905e-07, 6.393055400621961e-07, 0.999998927116394], [7.677508051529003e-07, 1.0842397841770435e-06, 0.9999980926513672], [5.43814564935019e-07, 9.723005405248841e-07, 0.9999984502792358], [5.200938630878227e-07, 5.952724109192786e-07, 0.999998927116394], [6.015453095642442e-07, 5.009408141631866e-07, 0.999998927116394], [5.923286039433151e-07, 8.132092830237525e-07, 0.9999985694885254], [4.793508878719877e-07, 7.67939582146937e-07, 0.9999988079071045], [4.988581281395454e-07, 1.100924805541581e-06, 0.9999984502792358], [9.467455583944684e-07, 9.290458820032654e-07, 0.9999980926513672], [6.863231192255626e-07, 1.1520987754920498e-06, 0.9999982118606567], [5.082255256638746e-07, 9.407509651282453e-07, 0.9999985694885254], [4.3313048081472516e-07, 8.440940746368142e-07, 0.9999986886978149], [7.28650434211886e-07, 4.989231001673033e-07, 0.9999988079071045], [4.53801391131492e-07, 5.791391117782041e-07, 0.999998927116394], [2.346712477674373e-07, 4.991374566998275e-07, 0.9999992847442627], [7.932657126730192e-07, 9.675062528913259e-07, 0.9999982118606567], [5.117746582072868e-07, 7.306085194613843e-07, 0.9999988079071045], [5.331987154022499e-07, 9.376277034789382e-07, 0.9999985694885254], [7.428122330566111e-07, 1.209631818710477e-06, 0.9999980926513672]]}, "infer_command_tokens": ["I1s2_0_0", "I1s2_1_2", "I1s2_2_2", "I1s2_3_2", "I1s2_4_2", "I1s2_5_2", "I1s2_6_2", "I1s2_7_2", "I1s2_8_2", "I1s2_9_2", "I1s2_10_2", "I1s2_11_2", "I1s2_12_2", "I1s2_13_2", "I1s2_14_2", "I1s2_15_2", "I1s2_16_2", "I1s2_17_2", "I1s2_18_2", "I1s2_19_2", "I1s2_20_2", "I1s2_21_2", "I1s2_22_2", "I1s2_23_2", "I1s2_24_2", "I1s2_25_2", "I1s2_26_2", "I1s2_27_2", "I4_28", "C1_4", "R1_2", "R3_0", "S2s1_17", "S4_0_2", "S4_1_2", "S4_2_2", "S4_3_2", "S4_4_2", "S4_5_2", "S4_6_2", "S4_7_2", "S4_8_2", "S4_9_2", "S4_10_2", "S4_11_2", "S4_12_2", "S4_13_2", "S4_14_2", "S4_15_2", "S4_16_2", "S4_17_2", "S4_18_2", "S4_19_2", "S4_20_2", "S4_21_2", "B1s1_4", "TS1s1_0", "K1_0", "T1s1_2", "P4_4", "ST1_14", "EM1_2", "TM1_2"]}