{"text": "The song's gentle beat is complemented by its use of major key, which creates a rich and dynamic sonic palette. Additionally, the rhythm of the song is moderate and consistent, adding to its overall appeal. The song's sound is heavily influenced by the electronic genre, and the music covers about 14 bars.", "pred_labels": {"R1": [0, 0, 1], "R3": [0, 1, 0, 0], "S2s1": [0, 0, 0, 0, 0, 0, 0, 0, 0, 0, 0, 0, 0, 0, 0, 0, 0, 1], "B1s1": [0, 0, 0, 1, 0], "TS1s1": [0, 0, 0, 0, 0, 0, 0, 1], "K1": [1, 0, 0], "T1s1": [1, 0, 0, 0], "P4": [0, 0, 0, 0, 0, 0, 0, 0, 0, 0, 0, 0, 1], "EM1": [0, 0, 0, 0, 1], "TM1": [0, 0, 0, 0, 0, 1], "I1s2": [[0, 0, 1], [0, 0, 1], [0, 0, 1], [0, 0, 1], [0, 0, 1], [0, 0, 1], [0, 0, 1], [0, 0, 1], [0, 0, 1], [0, 0, 1], [0, 0, 1], [0, 0, 1], [0, 0, 1], [0, 0, 1], [0, 0, 1], [0, 0, 1], [0, 0, 1], [0, 0, 1], [0, 0, 1], [0, 0, 1], [0, 0, 1], [0, 0, 1], [0, 0, 1], [0, 0, 1], [0, 0, 1], [0, 0, 1], [0, 0, 1], [0, 0, 1]], "S4": [[0, 0, 1], [1, 0, 0], [0, 0, 1], [0, 0, 1], [0, 0, 1], [0, 0, 1], [0, 0, 1], [0, 0, 1], [0, 0, 1], [0, 0, 1], [0, 0, 1], [0, 0, 1], [0, 0, 1], [0, 0, 1], [0, 0, 1], [0, 0, 1], [0, 0, 1], [0, 0, 1], [0, 0, 1], [0, 0, 1], [0, 0, 1], [0, 0, 1]]}, "pred_probs": {"R1": [4.178364633844467e-06, 4.41642441728618e-06, 0.9999914169311523], "R3": [7.485771789106366e-07, 0.999997615814209, 7.625651505804854e-07, 9.33731826080475e-07], "S2s1": [2.3158008843893185e-06, 2.634919383126544e-06, 4.509288373810705e-06, 2.9582224669866264e-06, 3.414804950807593e-06, 4.599256499204785e-06, 3.0160390451783314e-06, 2.189614178860211e-06, 2.547706571931485e-06, 3.117389269391424e-06, 4.089056801603874e-06, 6.039921117917402e-06, 3.85589555662591e-06, 1.3181402209738735e-06, 3.611692136473721e-06, 8.126919965434354e-06, 1.8842775943994639e-06, 0.9999396800994873], "B1s1": [1.052415200319956e-06, 8.789351682025881e-07, 7.148412350943545e-07, 0.9999967813491821, 6.124813012320374e-07], "TS1s1": [6.646018277933763e-07, 1.2821143400287838e-06, 9.354688472740236e-07, 2.0924962882418185e-06, 9.98219320536009e-07, 1.8079916799251805e-06, 4.623471249942668e-05, 0.9999459981918335], "K1": [0.9999996423721313, 1.120639012697211e-07, 2.554539264565392e-07], "T1s1": [0.9999970197677612, 7.812516855665308e-07, 8.909632356335351e-07, 1.3245631862446317e-06], "P4": [4.1281040807916725e-07, 3.6980694062549446e-07, 3.9636978499402176e-07, 4.949257004227547e-07, 6.960221980989445e-07, 2.2826097278993984e-07, 5.477002105180873e-07, 2.3297600648675143e-07, 3.992153665421938e-07, 4.4044256242159463e-07, 2.3808090077181987e-07, 3.9317342270805966e-07, 0.9999951124191284], "EM1": [2.3161703666119138e-06, 2.426599394311779e-06, 4.49822573500569e-06, 4.903707122139167e-06, 0.9999858140945435], "TM1": [3.133052643988776e-07, 6.171226800688601e-07, 4.7189266183522705e-07, 6.744348297615943e-07, 7.690186976105906e-08, 0.9999978542327881], "I1s2": [[3.01393441759501e-07, 2.734886095367983e-07, 0.9999994039535522], [2.3812827976144035e-07, 2.271130910003194e-07, 0.9999995231628418], [3.301105380160152e-07, 2.5882124532472517e-07, 0.9999994039535522], [3.7810835351592686e-07, 5.582242010859773e-07, 0.9999990463256836], [1.9402536111101654e-07, 3.012331433183135e-07, 0.9999995231628418], [4.7072416009541485e-07, 4.508719371187908e-07, 0.9999990463256836], [3.7640521100001934e-07, 4.7276492409764614e-07, 0.9999991655349731], [2.5684457227725943e-07, 2.965306862279249e-07, 0.9999994039535522], [1.0813382544938577e-07, 1.8916568933491362e-07, 0.9999997615814209], [2.2523398968132824e-07, 1.0787137227907806e-07, 0.9999996423721313], [3.131707160264341e-07, 2.8728763368235377e-07, 0.9999994039535522], [2.981959426051617e-07, 2.2330776516810147e-07, 0.9999995231628418], [1.7863308698906621e-07, 3.3703935287121567e-07, 0.9999995231628418], [3.74620725551722e-07, 4.2452722937014187e-07, 0.9999991655349731], [1.8827476822025346e-07, 1.982673580869232e-07, 0.9999996423721313], [1.3507901996945293e-07, 8.357719138984976e-08, 0.9999997615814209], [3.0717353638465283e-07, 3.1743149975227425e-07, 0.9999994039535522], [2.8881584057671716e-07, 1.3756542216469825e-07, 0.9999995231628418], [4.549983145807346e-07, 5.623378456220962e-07, 0.999998927116394], [1.6079746956165764e-07, 3.400311925361166e-07, 0.9999995231628418], [2.3169411633716663e-07, 2.738279079039785e-07, 0.9999995231628418], [6.639806997554842e-07, 3.0172608944667445e-07, 0.9999990463256836], [1.7603508695174241e-07, 5.01806425745599e-07, 0.9999992847442627], [1.0078623802201037e-07, 9.015983692961527e-08, 0.9999997615814209], [1.4273815622800612e-06, 1.887133294076193e-07, 0.9999983310699463], [2.328961556941067e-07, 2.499650406662113e-07, 0.9999995231628418], [3.685357512495102e-07, 3.435700932641339e-07, 0.9999992847442627], [1.1345313311039718e-07, 2.5919084123415814e-07, 0.9999996423721313]], "S4": [[3.6800929592573084e-06, 1.3025498901697574e-06, 0.9999949932098389], [0.9999829530715942, 8.021639587241225e-06, 9.000256795843598e-06], [4.342269619428407e-07, 8.166687166522024e-07, 0.9999988079071045], [4.4491241624200484e-07, 6.934831731086888e-07, 0.9999988079071045], [8.129297839332139e-07, 9.91214392342954e-07, 0.9999982118606567], [5.542347594200692e-07, 9.418666877536452e-07, 0.9999984502792358], [5.358077146411233e-07, 6.274642032622069e-07, 0.9999988079071045], [6.013927986714407e-07, 4.110900704290543e-07, 0.9999990463256836], [6.259263614083466e-07, 6.986703056099941e-07, 0.9999986886978149], [4.6639939910164685e-07, 7.509848956033238e-07, 0.9999988079071045], [5.281034987092426e-07, 1.1598124274314614e-06, 0.9999983310699463], [1.0506606713533984e-06, 9.100301099351782e-07, 0.9999980926513672], [6.633212024098611e-07, 1.1925442322535673e-06, 0.9999980926513672], [5.204533977121173e-07, 9.247238494936028e-07, 0.9999985694885254], [3.9464973156100314e-07, 8.390858852180827e-07, 0.9999988079071045], [7.448394399034441e-07, 4.4649149799624865e-07, 0.9999988079071045], [5.170109602659068e-07, 6.057998120923003e-07, 0.999998927116394], [2.288340681388945e-07, 5.211009010963608e-07, 0.9999992847442627], [9.581932545188465e-07, 1.0182099003941403e-06, 0.9999979734420776], [5.014329644836835e-07, 7.926294074422913e-07, 0.9999986886978149], [5.292370133247459e-07, 1.000441784526629e-06, 0.9999984502792358], [7.21414721738256e-07, 1.1788249594246736e-06, 0.9999980926513672]]}, "infer_command_tokens": ["I1s2_0_2", "I1s2_1_2", "I1s2_2_2", "I1s2_3_2", "I1s2_4_2", "I1s2_5_2", "I1s2_6_2", "I1s2_7_2", "I1s2_8_2", "I1s2_9_2", "I1s2_10_2", "I1s2_11_2", "I1s2_12_2", "I1s2_13_2", "I1s2_14_2", "I1s2_15_2", "I1s2_16_2", "I1s2_17_2", "I1s2_18_2", "I1s2_19_2", "I1s2_20_2", "I1s2_21_2", "I1s2_22_2", "I1s2_23_2", "I1s2_24_2", "I1s2_25_2", "I1s2_26_2", "I1s2_27_2", "I4_28", "C1_4", "R1_2", "R3_1", "S2s1_17", "S4_0_2", "S4_1_0", "S4_2_2", "S4_3_2", "S4_4_2", "S4_5_2", "S4_6_2", "S4_7_2", "S4_8_2", "S4_9_2", "S4_10_2", "S4_11_2", "S4_12_2", "S4_13_2", "S4_14_2", "S4_15_2", "S4_16_2", "S4_17_2", "S4_18_2", "S4_19_2", "S4_20_2", "S4_21_2", "B1s1_3", "TS1s1_7", "K1_0", "T1s1_0", "P4_12", "ST1_14", "EM1_4", "TM1_5"]}