{"text": "The musical piece showcases a pitch range within 3 octaves and utilizes strings in the musical performance. Its use of the major key creates a rich and dynamic sonic palette, while the song's length spans 31 ~ 45 seconds. With a very peaceful beat, the music is based on a 4/4 time signature.", "pred_labels": {"R1": [0, 0, 1], "R3": [1, 0, 0, 0], "S2s1": [0, 0, 0, 0, 0, 0, 0, 0, 0, 0, 0, 0, 0, 0, 0, 0, 0, 1], "B1s1": [0, 0, 0, 0, 1], "TS1s1": [1, 0, 0, 0, 0, 0, 0, 0], "K1": [1, 0, 0], "T1s1": [0, 0, 0, 1], "P4": [0, 0, 0, 1, 0, 0, 0, 0, 0, 0, 0, 0, 0], "EM1": [0, 0, 0, 0, 1], "TM1": [0, 0, 1, 0, 0, 0], "I1s2": [[0, 0, 1], [0, 0, 1], [0, 0, 1], [0, 0, 1], [0, 0, 1], [0, 0, 1], [0, 0, 1], [0, 0, 1], [0, 0, 1], [0, 0, 1], [1, 0, 0], [0, 0, 1], [0, 0, 1], [0, 0, 1], [0, 0, 1], [0, 0, 1], [0, 0, 1], [0, 0, 1], [0, 0, 1], [0, 0, 1], [0, 0, 1], [0, 0, 1], [0, 0, 1], [0, 0, 1], [0, 0, 1], [0, 0, 1], [0, 0, 1], [0, 0, 1]], "S4": [[0, 0, 1], [0, 0, 1], [0, 0, 1], [0, 0, 1], [0, 0, 1], [0, 0, 1], [0, 0, 1], [0, 0, 1], [0, 0, 1], [0, 0, 1], [0, 0, 1], [0, 0, 1], [0, 0, 1], [0, 0, 1], [0, 0, 1], [0, 0, 1], [0, 0, 1], [0, 0, 1], [0, 0, 1], [0, 0, 1], [0, 0, 1], [0, 0, 1]]}, "pred_probs": {"R1": [4.387749413581332e-06, 4.500026079767849e-06, 0.9999910593032837], "R3": [0.9999983310699463, 5.94301525325136e-07, 6.406723400687042e-07, 4.661270622818847e-07], "S2s1": [2.4957730602181982e-06, 2.7665735160553595e-06, 4.651787548937136e-06, 3.263080088800052e-06, 3.9168990042526275e-06, 4.147130766796181e-06, 3.370799277035985e-06, 2.8559352358570322e-06, 2.558894266257994e-06, 3.341388946864754e-06, 4.482138137973379e-06, 6.096747711126227e-06, 3.997597559646238e-06, 1.3749922800343484e-06, 3.993493919551838e-06, 8.259180503955577e-06, 2.0730958567583002e-06, 0.9999363422393799], "B1s1": [6.218685484782327e-06, 5.575760496867588e-06, 1.0391876458015759e-05, 2.4179460069717607e-06, 0.9999754428863525], "TS1s1": [0.9999974966049194, 4.0156734826268803e-07, 7.852684689169109e-07, 1.4336976050799422e-07, 3.487147637315502e-07, 1.5973184019912878e-07, 3.446692176112265e-07, 3.656043645605678e-07], "K1": [0.9999996423721313, 1.2421129724771163e-07, 2.4503307827217213e-07], "T1s1": [3.3988317227340303e-06, 9.616596798878163e-07, 2.00382146431366e-06, 0.9999936819076538], "P4": [2.0748937856751581e-07, 1.0683408646627868e-07, 7.016942049631325e-08, 0.9999978542327881, 2.1378363612711837e-07, 1.2443990726751508e-07, 2.082879575482366e-07, 1.9400968653826567e-07, 1.5939362185690698e-07, 8.284253283363796e-08, 1.2578746577673883e-07, 2.4401333575951867e-07, 3.8012936443010403e-07], "EM1": [2.2974511466600234e-06, 2.1608507267956156e-06, 4.2720344026747625e-06, 7.4135059549007565e-06, 0.9999839067459106], "TM1": [6.698592756038124e-07, 4.931245030093123e-07, 0.9999978542327881, 3.135575639134913e-07, 2.859879089101014e-07, 3.324510942093184e-07], "I1s2": [[3.705806363996089e-07, 2.2408640631965682e-07, 0.9999994039535522], [2.409026365057798e-07, 2.4088677719191764e-07, 0.9999995231628418], [2.6048283530144545e-07, 2.343476950272816e-07, 0.9999995231628418], [3.0986382171249716e-07, 5.655951440530771e-07, 0.9999991655349731], [1.8727192241385637e-07, 3.5119447261422465e-07, 0.9999994039535522], [4.1398490679966926e-07, 5.090265631224611e-07, 0.9999990463256836], [3.2427368523713085e-07, 4.741836505672836e-07, 0.9999991655349731], [2.728003778429411e-07, 3.2121985782396223e-07, 0.9999994039535522], [1.5596533842199278e-07, 2.2716575642789394e-07, 0.9999996423721313], [2.5947969106709934e-07, 1.1611358274876693e-07, 0.9999996423721313], [0.999990701675415, 5.28046894032741e-06, 4.020123469672399e-06], [3.2017999274103204e-07, 2.4026178380154306e-07, 0.9999994039535522], [2.306002784280281e-07, 3.7728401025560743e-07, 0.9999994039535522], [3.731641413651232e-07, 4.939394671055197e-07, 0.9999991655349731], [2.1379381109909446e-07, 2.0310544357471372e-07, 0.9999996423721313], [1.2850104269546136e-07, 1.2373224933526217e-07, 0.9999997615814209], [3.0517719551426126e-07, 3.039276919025724e-07, 0.9999994039535522], [2.827419791628927e-07, 2.52592883498437e-07, 0.9999995231628418], [4.589099091845128e-07, 5.586319957728847e-07, 0.999998927116394], [1.8489535591470485e-07, 4.115224783163285e-07, 0.9999994039535522], [1.9357108271833567e-07, 2.6258490493091813e-07, 0.9999995231628418], [7.852037242628285e-07, 3.3030156032509694e-07, 0.999998927116394], [1.6923365819820901e-07, 5.596539267571643e-07, 0.9999992847442627], [1.1459645321565404e-07, 8.642648907652983e-08, 0.9999997615814209], [1.2544380751933204e-06, 1.3691585820652108e-07, 0.9999985694885254], [1.9525435845935135e-07, 2.5808677150962467e-07, 0.9999995231628418], [3.775866730393318e-07, 3.2146806461241795e-07, 0.9999992847442627], [1.2598901832916454e-07, 3.0740125112060923e-07, 0.9999995231628418]], "S4": [[4.232051196595421e-06, 1.5971342008924694e-06, 0.999994158744812], [5.956448489996546e-07, 6.48900083888293e-07, 0.9999988079071045], [4.705839842245041e-07, 7.221903501886118e-07, 0.9999988079071045], [4.525204531091731e-07, 6.610590617128764e-07, 0.999998927116394], [7.635691190444049e-07, 9.65142476161418e-07, 0.9999982118606567], [5.596592700385372e-07, 1.0935266345768468e-06, 0.9999983310699463], [5.188276190892793e-07, 5.716620421480911e-07, 0.999998927116394], [5.959267355137854e-07, 4.745961348362471e-07, 0.999998927116394], [6.156547556201986e-07, 7.625360467500286e-07, 0.9999985694885254], [4.677365836869285e-07, 7.552828265033895e-07, 0.9999988079071045], [5.31434466211067e-07, 1.1551552461241954e-06, 0.9999983310699463], [1.0140256563317962e-06, 9.423281426279573e-07, 0.9999980926513672], [7.526195986429229e-07, 1.376269437969313e-06, 0.9999978542327881], [5.408261927186686e-07, 1.0605438092170516e-06, 0.9999984502792358], [4.5077072741150914e-07, 8.115978289424675e-07, 0.9999986886978149], [7.383173965536116e-07, 5.26112046372873e-07, 0.9999986886978149], [5.194385153117764e-07, 6.410247124222224e-07, 0.9999988079071045], [2.4204294390983705e-07, 5.289573437039508e-07, 0.9999992847442627], [8.699466320649663e-07, 1.0860269412660273e-06, 0.9999980926513672], [4.960749038218637e-07, 8.486205160807003e-07, 0.9999986886978149], [5.45377872640529e-07, 1.059790633917146e-06, 0.9999984502792358], [7.239494834720972e-07, 1.295827246394765e-06, 0.9999979734420776]]}, "infer_command_tokens": ["I1s2_0_2", "I1s2_1_2", "I1s2_2_2", "I1s2_3_2", "I1s2_4_2", "I1s2_5_2", "I1s2_6_2", "I1s2_7_2", "I1s2_8_2", "I1s2_9_2", "I1s2_10_0", "I1s2_11_2", "I1s2_12_2", "I1s2_13_2", "I1s2_14_2", "I1s2_15_2", "I1s2_16_2", "I1s2_17_2", "I1s2_18_2", "I1s2_19_2", "I1s2_20_2", "I1s2_21_2", "I1s2_22_2", "I1s2_23_2", "I1s2_24_2", "I1s2_25_2", "I1s2_26_2", "I1s2_27_2", "I4_28", "C1_4", "R1_2", "R3_0", "S2s1_17", "S4_0_2", "S4_1_2", "S4_2_2", "S4_3_2", "S4_4_2", "S4_5_2", "S4_6_2", "S4_7_2", "S4_8_2", "S4_9_2", "S4_10_2", "S4_11_2", "S4_12_2", "S4_13_2", "S4_14_2", "S4_15_2", "S4_16_2", "S4_17_2", "S4_18_2", "S4_19_2", "S4_20_2", "S4_21_2", "B1s1_4", "TS1s1_0", "K1_0", "T1s1_3", "P4_3", "ST1_14", "EM1_4", "TM1_2"]}