{"text": "The use of a specific pitch range of 3 octaves creates a cohesive and unified sound throughout the musical piece, while the minor key adds a distinct atmosphere. With a runtime of 16 ~ 30 seconds, the song maintains a lively and upbeat tempo. The sound of the music is primarily generated by synthesizer, strings, drum and guitar, and it follows a time signature of 4/4. Played at a rapid pace, this music squarely falls within the electronic genre.", "pred_labels": {"R1": [0, 0, 1], "R3": [0, 0, 1, 0], "S2s1": [0, 0, 0, 0, 0, 0, 0, 0, 0, 0, 0, 0, 0, 0, 0, 0, 0, 1], "B1s1": [0, 0, 0, 0, 1], "TS1s1": [1, 0, 0, 0, 0, 0, 0, 0], "K1": [0, 1, 0], "T1s1": [0, 0, 1, 0], "P4": [0, 0, 0, 1, 0, 0, 0, 0, 0, 0, 0, 0, 0], "EM1": [0, 0, 0, 0, 1], "TM1": [0, 1, 0, 0, 0, 0], "I1s2": [[0, 0, 1], [0, 0, 1], [0, 0, 1], [0, 0, 1], [1, 0, 0], [0, 0, 1], [0, 0, 1], [0, 0, 1], [0, 0, 1], [0, 0, 1], [1, 0, 0], [0, 0, 1], [0, 0, 1], [0, 0, 1], [0, 0, 1], [0, 0, 1], [0, 0, 1], [0, 0, 1], [0, 0, 1], [0, 0, 1], [0, 0, 1], [0, 0, 1], [0, 0, 1], [0, 0, 1], [1, 0, 0], [0, 0, 1], [0, 0, 1], [1, 0, 0]], "S4": [[0, 0, 1], [1, 0, 0], [0, 0, 1], [0, 0, 1], [0, 0, 1], [0, 0, 1], [0, 0, 1], [0, 0, 1], [0, 0, 1], [0, 0, 1], [0, 0, 1], [0, 0, 1], [0, 0, 1], [0, 0, 1], [0, 0, 1], [0, 0, 1], [0, 0, 1], [0, 0, 1], [0, 0, 1], [0, 0, 1], [0, 0, 1], [0, 0, 1]]}, "pred_probs": {"R1": [4.247630840836791e-06, 4.334490313340211e-06, 0.9999914169311523], "R3": [4.391572758777329e-07, 2.5152282887574984e-06, 0.9999966621398926, 4.1718985244187934e-07], "S2s1": [2.5495514819340315e-06, 2.6300288027414354e-06, 4.552246082312195e-06, 3.145586788377841e-06, 3.622927806645748e-06, 4.067563622811576e-06, 3.1535823836748023e-06, 3.048275175387971e-06, 2.8531899260997307e-06, 2.9706873192481e-06, 5.098268957226537e-06, 4.960827482136665e-06, 3.867382019961951e-06, 1.2490354492911138e-06, 4.4193261601321865e-06, 9.9367725852062e-06, 1.9148396859236527e-06, 0.9999358654022217], "B1s1": [6.9250650085450616e-06, 5.547294676944148e-06, 9.709500773169566e-06, 2.263311444039573e-06, 0.9999755620956421], "TS1s1": [0.999997615814209, 3.495932219266251e-07, 6.826618914601568e-07, 1.3642200258345838e-07, 3.3381584785274754e-07, 1.495011190399964e-07, 3.324443582641834e-07, 3.6019793014929746e-07], "K1": [3.281647309449909e-07, 0.9999992847442627, 3.867233999699238e-07], "T1s1": [1.4345152976602549e-06, 1.0405582315797801e-06, 0.9999969005584717, 6.521322575281374e-07], "P4": [2.0889426366466068e-07, 1.286425117541512e-07, 7.76861597273637e-08, 0.9999977350234985, 1.937692815090486e-07, 1.3359138506530144e-07, 2.398891183474916e-07, 1.8380119115590787e-07, 1.7897448856274423e-07, 9.126332400910542e-08, 1.333282995119589e-07, 2.737062914093258e-07, 3.80505099428774e-07], "EM1": [2.1816965727339266e-06, 2.409709622952505e-06, 4.971277576260036e-06, 7.42244901630329e-06, 0.9999830722808838], "TM1": [2.0332404915279767e-07, 0.9999986886978149, 2.9815757329743064e-07, 2.0481206775002647e-07, 2.1953481166292477e-07, 1.9085777580585273e-07], "I1s2": [[2.7076885089627467e-07, 2.9691241820728465e-07, 0.9999994039535522], [2.2267064991865482e-07, 2.364692335277141e-07, 0.9999995231628418], [3.1777287290424283e-07, 3.2323512755283446e-07, 0.9999994039535522], [2.696357910281222e-07, 1.2633751111934544e-06, 0.9999984502792358], [0.9999936819076538, 3.0433679967245553e-06, 3.192504891558201e-06], [3.7290647014742717e-07, 6.495664592875983e-07, 0.999998927116394], [3.264422616666707e-07, 5.650479124597041e-07, 0.9999991655349731], [2.2021792744908453e-07, 3.2515416137357533e-07, 0.9999994039535522], [1.1769005681117051e-07, 4.217694993258192e-07, 0.9999994039535522], [2.052267831231802e-07, 1.8886642294546618e-07, 0.9999996423721313], [0.9999924898147583, 3.9639653550693765e-06, 3.603099685278721e-06], [3.3734858106981847e-07, 4.76796941484281e-07, 0.9999991655349731], [2.3734143894671433e-07, 6.594528372261266e-07, 0.9999990463256836], [6.576674422831275e-07, 1.985288690775633e-06, 0.9999973773956299], [1.819684456449977e-07, 2.4744804250076413e-07, 0.9999995231628418], [1.2518479763912183e-07, 9.681542678663391e-08, 0.9999997615814209], [2.802541416713211e-07, 4.060242702053074e-07, 0.9999992847442627], [2.7034826644012355e-07, 3.3316700864816085e-07, 0.9999994039535522], [4.2495040020185115e-07, 6.432569534808863e-07, 0.999998927116394], [1.6349638087831408e-07, 3.816974754045077e-07, 0.9999994039535522], [1.845240120701419e-07, 5.001605245524843e-07, 0.9999992847442627], [6.524011837427679e-07, 3.18296542900498e-07, 0.9999990463256836], [1.646011469347286e-07, 9.31296256112546e-07, 0.999998927116394], [1.353110974378069e-07, 1.3301892920480896e-07, 0.9999997615814209], [0.9999924898147583, 3.1016556931717787e-06, 4.387806257000193e-06], [1.9689933594690956e-07, 2.7116735168419837e-07, 0.9999995231628418], [2.9965943326715205e-07, 4.4736674453815795e-07, 0.9999992847442627], [0.999993085861206, 2.828096057783114e-06, 4.051717496622587e-06]], "S4": [[6.6144648371846415e-06, 2.2250417259783717e-06, 0.9999911785125732], [0.9999816417694092, 7.83328232500935e-06, 1.045336921379203e-05], [4.3816763195536623e-07, 6.783658932363323e-07, 0.999998927116394], [4.357910370345053e-07, 6.891754082971602e-07, 0.999998927116394], [7.776126267344807e-07, 8.971750844466442e-07, 0.9999983310699463], [5.568307983594423e-07, 1.0383234894106863e-06, 0.9999984502792358], [5.89331136779947e-07, 5.981723347758816e-07, 0.9999988079071045], [5.818629347231763e-07, 4.078411564023554e-07, 0.9999990463256836], [5.775593763246434e-07, 7.174760980888095e-07, 0.9999986886978149], [4.868127803092648e-07, 6.120108082541265e-07, 0.999998927116394], [4.6470330516967806e-07, 9.95016421256878e-07, 0.9999985694885254], [1.1136404509670683e-06, 8.125971930894593e-07, 0.9999980926513672], [7.081281410137308e-07, 1.1995100521744462e-06, 0.9999980926513672], [4.675835612033552e-07, 8.775364790380991e-07, 0.9999986886978149], [4.855524480262829e-07, 8.709017720320844e-07, 0.9999986886978149], [8.22144045287132e-07, 5.965121658846329e-07, 0.9999985694885254], [4.816146201847005e-07, 5.052397682447918e-07, 0.9999990463256836], [1.9751013269342366e-07, 5.530820885724097e-07, 0.9999992847442627], [7.717892458458664e-07, 9.589402907295153e-07, 0.9999982118606567], [5.031358796259155e-07, 8.40128336676571e-07, 0.9999986886978149], [5.126336759531114e-07, 1.1632939731498482e-06, 0.9999983310699463], [7.562163659713406e-07, 1.1469002174635534e-06, 0.9999980926513672]]}, "infer_command_tokens": ["I1s2_0_2", "I1s2_1_2", "I1s2_2_2", "I1s2_3_2", "I1s2_4_0", "I1s2_5_2", "I1s2_6_2", "I1s2_7_2", "I1s2_8_2", "I1s2_9_2", "I1s2_10_0", "I1s2_11_2", "I1s2_12_2", "I1s2_13_2", "I1s2_14_2", "I1s2_15_2", "I1s2_16_2", "I1s2_17_2", "I1s2_18_2", "I1s2_19_2", "I1s2_20_2", "I1s2_21_2", "I1s2_22_2", "I1s2_23_2", "I1s2_24_0", "I1s2_25_2", "I1s2_26_2", "I1s2_27_0", "I4_28", "C1_4", "R1_2", "R3_2", "S2s1_17", "S4_0_2", "S4_1_0", "S4_2_2", "S4_3_2", "S4_4_2", "S4_5_2", "S4_6_2", "S4_7_2", "S4_8_2", "S4_9_2", "S4_10_2", "S4_11_2", "S4_12_2", "S4_13_2", "S4_14_2", "S4_15_2", "S4_16_2", "S4_17_2", "S4_18_2", "S4_19_2", "S4_20_2", "S4_21_2", "B1s1_4", "TS1s1_0", "K1_1", "T1s1_2", "P4_3", "ST1_14", "EM1_4", "TM1_1"]}