{"text": "The music piece utilizes a specific pitch range of 4 octaves, resulting in a cohesive and unified sound. Additionally, it conveys a unique and resonant sound through the use of major key. With a running time of about 40 seconds, the rhythm in this song is invigorating and brought to life through the use of drum, guitar and bass. It follows a 4/4 meter and is performed at a moderate speed. Belonging to the rap and pop genre, the music showcases a delightful combination of pitch range, key, rhythm, instrumentation, meter, and tempo.", "pred_labels": {"R1": [0, 0, 1], "R3": [0, 0, 1, 0], "S2s1": [0, 0, 0, 0, 0, 0, 0, 0, 0, 0, 0, 0, 0, 0, 0, 0, 0, 1], "B1s1": [0, 0, 0, 0, 1], "TS1s1": [1, 0, 0, 0, 0, 0, 0, 0], "K1": [1, 0, 0], "T1s1": [0, 1, 0, 0], "P4": [0, 0, 0, 0, 1, 0, 0, 0, 0, 0, 0, 0, 0], "EM1": [0, 0, 0, 0, 1], "TM1": [0, 0, 1, 0, 0, 0], "I1s2": [[0, 0, 1], [0, 0, 1], [0, 0, 1], [0, 0, 1], [1, 0, 0], [1, 0, 0], [0, 0, 1], [0, 0, 1], [0, 0, 1], [0, 0, 1], [0, 0, 1], [0, 0, 1], [0, 0, 1], [0, 0, 1], [0, 0, 1], [0, 0, 1], [0, 0, 1], [0, 0, 1], [0, 0, 1], [0, 0, 1], [0, 0, 1], [0, 0, 1], [0, 0, 1], [0, 0, 1], [0, 0, 1], [0, 0, 1], [0, 0, 1], [1, 0, 0]], "S4": [[0, 0, 1], [0, 0, 1], [1, 0, 0], [0, 0, 1], [0, 0, 1], [0, 0, 1], [0, 0, 1], [0, 0, 1], [0, 0, 1], [0, 0, 1], [0, 0, 1], [0, 0, 1], [0, 0, 1], [1, 0, 0], [0, 0, 1], [0, 0, 1], [0, 0, 1], [0, 0, 1], [0, 0, 1], [0, 0, 1], [0, 0, 1], [0, 0, 1]]}, "pred_probs": {"R1": [4.336743131716503e-06, 4.325298050389392e-06, 0.9999912977218628], "R3": [6.138145636214176e-07, 1.219739715452306e-06, 0.9999977350234985, 4.408992992921412e-07], "S2s1": [2.6119080303033115e-06, 2.70822374659474e-06, 4.210341558064101e-06, 3.1746490094519686e-06, 3.3983674256887753e-06, 4.05994251195807e-06, 3.2526188533665845e-06, 3.0263518056017347e-06, 2.7687326564773684e-06, 2.842867161234608e-06, 4.8695196710468736e-06, 4.929072474624263e-06, 3.5738805763685377e-06, 1.297192511628964e-06, 4.07014567826991e-06, 9.415597560291644e-06, 1.7270640455535613e-06, 0.9999381303787231], "B1s1": [7.055624337226618e-06, 4.662175342673436e-06, 9.30570786294993e-06, 2.5801323317864444e-06, 0.999976396560669], "TS1s1": [0.9999972581863403, 3.9093430359571357e-07, 8.97241704933549e-07, 1.4286838734278717e-07, 3.122950147371739e-07, 1.4338995413254452e-07, 3.1770792929819436e-07, 4.2818462020477455e-07], "K1": [0.9999996423721313, 1.3943798649052042e-07, 2.0943164713571605e-07], "T1s1": [1.3808589756081346e-06, 0.9999969005584717, 9.86213763098931e-07, 7.656141747247602e-07], "P4": [1.9792760497239215e-07, 8.927194272700945e-08, 9.234479136921436e-08, 6.470962432558736e-08, 0.9999983310699463, 7.8365431477323e-08, 1.332001318132825e-07, 1.604408197408702e-07, 1.18710197227756e-07, 1.9474327928037383e-07, 1.6744748165820056e-07, 1.0456314925022525e-07, 2.228960056527285e-07], "EM1": [2.380898649789742e-06, 3.0620219604315935e-06, 6.079977538320236e-06, 1.6221314581343904e-05, 0.9999722242355347], "TM1": [6.096724973758683e-07, 4.2011896539406735e-07, 0.9999979734420776, 3.4544663662927633e-07, 2.8523291462079214e-07, 3.093193186032295e-07], "I1s2": [[2.8894200454487873e-07, 3.5267126463622844e-07, 0.9999994039535522], [2.1115232584634214e-07, 2.5818621907092165e-07, 0.9999995231628418], [3.895027020917041e-07, 3.9257179196283687e-07, 0.9999991655349731], [4.90050751977833e-07, 3.062288897126564e-06, 0.9999964237213135], [0.9999922513961792, 3.3695928323140834e-06, 4.373058345663594e-06], [0.9999922513961792, 3.475597395663499e-06, 4.255296971678035e-06], [4.542105500604521e-07, 6.500150675492478e-07, 0.999998927116394], [2.3592791364990262e-07, 3.4069074672515853e-07, 0.9999994039535522], [1.7342973990253086e-07, 6.181890626066888e-07, 0.9999991655349731], [2.2523266807183973e-07, 2.7636801291919255e-07, 0.9999995231628418], [3.1709075187791314e-07, 5.6533951919846e-07, 0.9999991655349731], [4.4921642938788864e-07, 6.946428356968681e-07, 0.9999988079071045], [2.843835034127551e-07, 1.0436259572088602e-06, 0.9999986886978149], [9.85325527835812e-07, 2.9074617486912757e-06, 0.9999960660934448], [2.3629044676454214e-07, 3.121083977930539e-07, 0.9999994039535522], [1.911200655513312e-07, 1.6796526836060366e-07, 0.9999996423721313], [4.440955478912656e-07, 7.320396662180428e-07, 0.9999988079071045], [2.8149221975581895e-07, 2.751377792264975e-07, 0.9999994039535522], [4.208394841498375e-07, 7.20975720014394e-07, 0.9999988079071045], [1.5493942839839292e-07, 3.764340874568006e-07, 0.9999995231628418], [2.0826878710522578e-07, 5.1955959179395e-07, 0.9999992847442627], [6.28733005214599e-07, 3.17554309958723e-07, 0.9999990463256836], [1.7988949707614665e-07, 9.600014436728088e-07, 0.9999988079071045], [1.5718229917638382e-07, 1.6823122450659866e-07, 0.9999996423721313], [3.1063277674547862e-06, 2.63123610011462e-07, 0.9999966621398926], [1.905729192230865e-07, 3.7375900774350157e-07, 0.9999994039535522], [4.438011842466949e-07, 9.95230834632821e-07, 0.9999985694885254], [0.999992847442627, 2.6845546017284505e-06, 4.392391929286532e-06]], "S4": [[4.960492333339062e-06, 1.7981276414502645e-06, 0.9999932050704956], [5.404377247941738e-07, 5.966943490420817e-07, 0.9999988079071045], [0.9999887943267822, 5.495308414538158e-06, 5.6857757044781465e-06], [5.264925562187273e-07, 6.718227041346836e-07, 0.9999988079071045], [7.384355171780044e-07, 8.071023671618605e-07, 0.9999984502792358], [5.678111278939468e-07, 1.007946138997795e-06, 0.9999984502792358], [6.258589451135776e-07, 6.026074856890773e-07, 0.9999988079071045], [6.207955038917135e-07, 4.174912930920982e-07, 0.999998927116394], [5.8290811466577e-07, 6.567407808688586e-07, 0.9999988079071045], [5.395385755946336e-07, 6.21888091245637e-07, 0.9999988079071045], [4.934508979204111e-07, 9.763957677932922e-07, 0.9999985694885254], [1.1056949915655423e-06, 8.07842127414915e-07, 0.9999980926513672], [6.269170853556716e-07, 1.219894897985796e-06, 0.9999982118606567], [0.9999812841415405, 1.3386516911850777e-05, 5.378391961130546e-06], [4.401343289828219e-07, 8.033505878302094e-07, 0.9999988079071045], [9.96793232843629e-07, 6.486876031885913e-07, 0.9999983310699463], [6.641981826760457e-07, 8.566132123632997e-07, 0.9999984502792358], [2.1333302413495403e-07, 5.252490495877282e-07, 0.9999992847442627], [8.308716701321828e-07, 9.316856335317425e-07, 0.9999982118606567], [5.025743234909896e-07, 7.915537025837693e-07, 0.9999986886978149], [5.706610295419523e-07, 1.2684222383541055e-06, 0.9999982118606567], [8.133685582834005e-07, 1.1695138937284355e-06, 0.9999979734420776]]}, "infer_command_tokens": ["I1s2_0_2", "I1s2_1_2", "I1s2_2_2", "I1s2_3_2", "I1s2_4_0", "I1s2_5_0", "I1s2_6_2", "I1s2_7_2", "I1s2_8_2", "I1s2_9_2", "I1s2_10_2", "I1s2_11_2", "I1s2_12_2", "I1s2_13_2", "I1s2_14_2", "I1s2_15_2", "I1s2_16_2", "I1s2_17_2", "I1s2_18_2", "I1s2_19_2", "I1s2_20_2", "I1s2_21_2", "I1s2_22_2", "I1s2_23_2", "I1s2_24_2", "I1s2_25_2", "I1s2_26_2", "I1s2_27_0", "I4_28", "C1_4", "R1_2", "R3_2", "S2s1_17", "S4_0_2", "S4_1_2", "S4_2_0", "S4_3_2", "S4_4_2", "S4_5_2", "S4_6_2", "S4_7_2", "S4_8_2", "S4_9_2", "S4_10_2", "S4_11_2", "S4_12_2", "S4_13_0", "S4_14_2", "S4_15_2", "S4_16_2", "S4_17_2", "S4_18_2", "S4_19_2", "S4_20_2", "S4_21_2", "B1s1_4", "TS1s1_0", "K1_0", "T1s1_1", "P4_4", "ST1_14", "EM1_4", "TM1_2"]}