{"text": "The music in question has a limited pitch range of 3 octaves, which allows for a greater emphasis on the nuances of tone and phrasing. Its use of the major key creates a distinct atmosphere that is further enhanced by the incredibly powerful rhythm. The music is in 4/4 and performed using piano and bass. Despite its technical limitations, the music is emotionally charged and evocative, conveying a sense of regret throughout its about 20-second runtime. The tempo of this song is rapid.", "pred_labels": {"R1": [0, 0, 1], "R3": [0, 0, 1, 0], "S2s1": [0, 0, 0, 0, 0, 0, 0, 0, 0, 0, 0, 0, 0, 0, 0, 0, 0, 1], "B1s1": [0, 0, 0, 0, 1], "TS1s1": [1, 0, 0, 0, 0, 0, 0, 0], "K1": [1, 0, 0], "T1s1": [0, 0, 1, 0], "P4": [0, 0, 0, 1, 0, 0, 0, 0, 0, 0, 0, 0, 0], "EM1": [0, 0, 1, 0, 0], "TM1": [0, 1, 0, 0, 0, 0], "I1s2": [[1, 0, 0], [0, 0, 1], [0, 0, 1], [0, 0, 1], [0, 0, 1], [1, 0, 0], [0, 0, 1], [0, 0, 1], [0, 0, 1], [0, 0, 1], [0, 0, 1], [0, 0, 1], [0, 0, 1], [0, 0, 1], [0, 0, 1], [0, 0, 1], [0, 0, 1], [0, 0, 1], [0, 0, 1], [0, 0, 1], [0, 0, 1], [0, 0, 1], [0, 0, 1], [0, 0, 1], [0, 0, 1], [0, 0, 1], [0, 0, 1], [0, 0, 1]], "S4": [[0, 0, 1], [0, 0, 1], [0, 0, 1], [0, 0, 1], [0, 0, 1], [0, 0, 1], [0, 0, 1], [0, 0, 1], [0, 0, 1], [0, 0, 1], [0, 0, 1], [0, 0, 1], [0, 0, 1], [0, 0, 1], [0, 0, 1], [0, 0, 1], [0, 0, 1], [0, 0, 1], [0, 0, 1], [0, 0, 1], [0, 0, 1], [0, 0, 1]]}, "pred_probs": {"R1": [4.234535481373314e-06, 3.958276920457138e-06, 0.999991774559021], "R3": [6.184022254274169e-07, 1.2132405800002743e-06, 0.9999977350234985, 4.872720751336601e-07], "S2s1": [2.42715123022208e-06, 2.7628334464679938e-06, 4.010276370536303e-06, 3.2979139632516308e-06, 3.5641885460790945e-06, 3.972383638028987e-06, 3.29173963109497e-06, 2.547963958932087e-06, 2.4637868136778707e-06, 2.9621717203554e-06, 4.825392352358904e-06, 4.881639142695349e-06, 3.681422867884976e-06, 1.324060349361389e-06, 3.8234588828345295e-06, 8.734957191336434e-06, 1.8286099248143728e-06, 0.9999395608901978], "B1s1": [6.624387424380984e-06, 4.591139258991461e-06, 1.0000628208217677e-05, 2.1956252567179035e-06, 0.999976634979248], "TS1s1": [0.9999971389770508, 4.3123964132973924e-07, 9.858905514192884e-07, 1.3873662396690634e-07, 3.073955383570137e-07, 1.531731044224216e-07, 3.331198570322158e-07, 4.576490653107612e-07], "K1": [0.9999996423721313, 1.3456740077799623e-07, 2.0988991877857188e-07], "T1s1": [1.249815795745235e-06, 1.1419818974900409e-06, 0.9999967813491821, 8.094481813714083e-07], "P4": [1.8283166980381793e-07, 1.1072667405187531e-07, 6.202147062595031e-08, 0.9999980926513672, 1.8499265763693984e-07, 1.4773944201351696e-07, 2.251571942224473e-07, 1.6045990491875273e-07, 1.6731783603063377e-07, 7.651431133126607e-08, 1.1795822985050108e-07, 2.4652129582136695e-07, 3.17363600288445e-07], "EM1": [2.5619908683438553e-06, 1.3550273934015422e-06, 0.9999898672103882, 3.385726131455158e-06, 2.8619992917811032e-06], "TM1": [1.917175893595413e-07, 0.9999988079071045, 2.954922138087568e-07, 2.036938013816325e-07, 2.0173487769170606e-07, 2.0887276264147658e-07], "I1s2": [[0.9999923706054688, 2.784662910926272e-06, 4.869913937000092e-06], [2.1881866985040688e-07, 2.535275882564747e-07, 0.9999995231628418], [4.4173324909024814e-07, 3.3662709597592766e-07, 0.9999991655349731], [5.92676599353581e-07, 2.8760164241248276e-06, 0.999996542930603], [5.245881311566336e-07, 1.3735293578065466e-06, 0.9999980926513672], [0.9999924898147583, 3.453434828770696e-06, 4.0310183067049365e-06], [3.605438507747749e-07, 5.001471095056331e-07, 0.9999991655349731], [2.4244707219622796e-07, 2.719598342082463e-07, 0.9999995231628418], [2.3175282137799513e-07, 5.501124746842834e-07, 0.9999991655349731], [2.239354159883078e-07, 1.8648707111879048e-07, 0.9999996423721313], [3.7089549209667894e-07, 6.424813818739494e-07, 0.999998927116394], [6.701091024297057e-07, 5.3575149649987e-07, 0.9999988079071045], [4.7128401092777494e-07, 1.1304147164992173e-06, 0.9999984502792358], [1.315937197432504e-06, 2.6671464183891658e-06, 0.9999960660934448], [3.3199344784407003e-07, 3.309379508209531e-07, 0.9999992847442627], [2.5862286179290095e-07, 3.767306679947069e-07, 0.9999994039535522], [5.880901312593778e-07, 9.087902412829862e-07, 0.9999984502792358], [3.2895246704356396e-07, 2.453224681175925e-07, 0.9999994039535522], [4.968623557033425e-07, 6.887456720505725e-07, 0.9999988079071045], [1.617970184497608e-07, 3.601467142289039e-07, 0.9999995231628418], [2.1217771006831754e-07, 5.017882926949824e-07, 0.9999992847442627], [7.347549058067671e-07, 3.2148909667739645e-07, 0.999998927116394], [2.8797711593142594e-07, 6.110649906077015e-07, 0.9999990463256836], [1.7553524855884461e-07, 1.389623491832026e-07, 0.9999996423721313], [1.505751697550295e-06, 1.7973816568428447e-07, 0.9999983310699463], [2.601469191176875e-07, 3.7347183479141677e-07, 0.9999994039535522], [4.87330510168249e-07, 1.0874222198253847e-06, 0.9999984502792358], [1.581415602913694e-07, 2.7883112352355965e-07, 0.9999995231628418]], "S4": [[5.503563897946151e-06, 1.7732536434778012e-06, 0.9999927282333374], [5.85538487030135e-07, 5.884516554033326e-07, 0.9999988079071045], [4.266839539468492e-07, 7.40718121505779e-07, 0.9999988079071045], [4.881326276517939e-07, 6.087220754125156e-07, 0.999998927116394], [8.100324180304597e-07, 1.0275514341628877e-06, 0.9999982118606567], [5.710367645406222e-07, 9.991183560487116e-07, 0.9999984502792358], [6.127968958935526e-07, 5.918741976529418e-07, 0.9999988079071045], [5.769687732026796e-07, 4.712738927992177e-07, 0.999998927116394], [6.036559625499649e-07, 7.366027148236753e-07, 0.9999986886978149], [5.01637771321839e-07, 7.047520398373308e-07, 0.9999988079071045], [5.078141498415789e-07, 9.734707191455527e-07, 0.9999985694885254], [1.1924486216230434e-06, 8.013069532353256e-07, 0.9999979734420776], [6.68223492539255e-07, 1.1862749715874088e-06, 0.9999980926513672], [5.434376930679718e-07, 9.710820449981838e-07, 0.9999984502792358], [4.1225521840715373e-07, 7.924510896373249e-07, 0.9999988079071045], [1.1320346402499126e-06, 7.224143701023422e-07, 0.9999980926513672], [6.461532393586822e-07, 8.116628009702254e-07, 0.9999985694885254], [2.2031453283943847e-07, 5.525211577150912e-07, 0.9999992847442627], [7.82921063091635e-07, 9.59181761572836e-07, 0.9999982118606567], [5.332557293513673e-07, 7.443834419973427e-07, 0.9999986886978149], [5.40901567092078e-07, 9.452790550312784e-07, 0.9999985694885254], [7.105784334271448e-07, 1.163293632089335e-06, 0.9999980926513672]]}, "infer_command_tokens": ["I1s2_0_0", "I1s2_1_2", "I1s2_2_2", "I1s2_3_2", "I1s2_4_2", "I1s2_5_0", "I1s2_6_2", "I1s2_7_2", "I1s2_8_2", "I1s2_9_2", "I1s2_10_2", "I1s2_11_2", "I1s2_12_2", "I1s2_13_2", "I1s2_14_2", "I1s2_15_2", "I1s2_16_2", "I1s2_17_2", "I1s2_18_2", "I1s2_19_2", "I1s2_20_2", "I1s2_21_2", "I1s2_22_2", "I1s2_23_2", "I1s2_24_2", "I1s2_25_2", "I1s2_26_2", "I1s2_27_2", "I4_28", "C1_4", "R1_2", "R3_2", "S2s1_17", "S4_0_2", "S4_1_2", "S4_2_2", "S4_3_2", "S4_4_2", "S4_5_2", "S4_6_2", "S4_7_2", "S4_8_2", "S4_9_2", "S4_10_2", "S4_11_2", "S4_12_2", "S4_13_2", "S4_14_2", "S4_15_2", "S4_16_2", "S4_17_2", "S4_18_2", "S4_19_2", "S4_20_2", "S4_21_2", "B1s1_4", "TS1s1_0", "K1_0", "T1s1_2", "P4_3", "ST1_14", "EM1_2", "TM1_1"]}