{"text": "The music composed in the major key with a compact pitch range of 5 octaves creates a focused and impactful musical performance. With a duration of about 20 seconds, this high-tempo song showcases the heavily influenced sound of country style. This song has a moderate beat. Piano, guitar, bass, voice, trombone and drum should be included in the music.", "pred_labels": {"R1": [0, 0, 1], "R3": [0, 1, 0, 0], "S2s1": [0, 0, 0, 0, 0, 0, 0, 0, 0, 0, 0, 0, 0, 0, 0, 0, 0, 1], "B1s1": [0, 0, 0, 0, 1], "TS1s1": [0, 0, 0, 0, 0, 0, 0, 1], "K1": [1, 0, 0], "T1s1": [0, 0, 1, 0], "P4": [0, 0, 0, 0, 0, 1, 0, 0, 0, 0, 0, 0, 0], "EM1": [0, 0, 0, 0, 1], "TM1": [0, 1, 0, 0, 0, 0], "I1s2": [[1, 0, 0], [0, 0, 1], [0, 0, 1], [0, 0, 1], [1, 0, 0], [1, 0, 0], [0, 0, 1], [0, 0, 1], [0, 0, 1], [0, 0, 1], [0, 0, 1], [1, 0, 0], [0, 0, 1], [1, 0, 0], [0, 0, 1], [0, 0, 1], [0, 0, 1], [0, 0, 1], [0, 0, 1], [0, 0, 1], [0, 0, 1], [0, 0, 1], [0, 0, 1], [0, 0, 1], [0, 0, 1], [0, 0, 1], [0, 0, 1], [1, 0, 0]], "S4": [[0, 0, 1], [0, 0, 1], [0, 0, 1], [0, 0, 1], [0, 0, 1], [0, 0, 1], [0, 0, 1], [0, 0, 1], [0, 0, 1], [0, 0, 1], [0, 0, 1], [0, 0, 1], [0, 0, 1], [0, 0, 1], [0, 0, 1], [0, 0, 1], [0, 0, 1], [0, 0, 1], [0, 0, 1], [0, 0, 1], [1, 0, 0], [0, 0, 1]]}, "pred_probs": {"R1": [4.18747686126153e-06, 4.105301741219591e-06, 0.9999916553497314], "R3": [1.1444610663602361e-06, 0.9999958276748657, 1.2426917237462476e-06, 1.7541334500492667e-06], "S2s1": [2.6974414595315466e-06, 2.8730250960506964e-06, 5.031469754612772e-06, 3.246643700549612e-06, 4.081040515302448e-06, 4.249859557603486e-06, 3.177405460519367e-06, 3.211014018233982e-06, 3.136702844130923e-06, 2.8601925805560313e-06, 5.226708708505612e-06, 4.424253347679041e-06, 3.7985537346685305e-06, 1.2094727708245046e-06, 4.650877144740662e-06, 1.1081237062171567e-05, 1.650912849981978e-06, 0.9999333620071411], "B1s1": [6.89731132297311e-06, 5.266624157229671e-06, 1.071056249202229e-05, 2.3478380626329454e-06, 0.9999747276306152], "TS1s1": [7.007216709098429e-07, 1.3618204093290842e-06, 8.721262361177651e-07, 2.1052676402177894e-06, 8.883398550096899e-07, 1.9762926513067214e-06, 5.6063719966914505e-05, 0.9999359846115112], "K1": [0.9999996423721313, 1.1369575503294982e-07, 2.337477411629152e-07], "T1s1": [4.016801085526822e-06, 7.910447834547085e-07, 0.9999945163726807, 7.287251264642691e-07], "P4": [1.1773031616257867e-07, 2.794776605696825e-07, 2.749108034549863e-07, 2.7661178592097713e-07, 8.229324066633126e-08, 0.9999980926513672, 1.597208267867245e-07, 1.2969283602615178e-07, 7.947069491365255e-08, 1.2564878204557317e-07, 2.6117120910384983e-07, 9.71817684103371e-08, 1.0256064086888728e-07], "EM1": [2.2187375634530326e-06, 1.9950259684264893e-06, 3.860347078443738e-06, 6.645560006290907e-06, 0.9999853372573853], "TM1": [1.8593922845866473e-07, 0.9999988079071045, 2.8823643560826895e-07, 2.0565606462241703e-07, 1.8584509575703123e-07, 1.9935853856622998e-07], "I1s2": [[0.9999939203262329, 2.7453618258732604e-06, 3.3082778827520087e-06], [1.9369018389170378e-07, 2.926219053733803e-07, 0.9999995231628418], [4.0312360738425923e-07, 3.7073826320010994e-07, 0.9999992847442627], [5.374358238441346e-07, 3.0975941172073362e-06, 0.9999964237213135], [0.999993085861206, 3.2995001220115228e-06, 3.592550910980208e-06], [0.9999922513961792, 3.839570581476437e-06, 3.886104877892649e-06], [4.1878163870023855e-07, 7.303270876946044e-07, 0.9999988079071045], [2.227691737743953e-07, 3.3513768471493677e-07, 0.9999994039535522], [2.3021928541311354e-07, 1.178325305772887e-06, 0.9999985694885254], [2.7446475314718555e-07, 3.7439616562551237e-07, 0.9999994039535522], [3.225107718662912e-07, 6.438824016186118e-07, 0.9999990463256836], [0.9999926090240479, 2.1513615138246678e-06, 5.302531462803017e-06], [3.972783702010929e-07, 1.7390708535458543e-06, 0.9999978542327881], [0.9999949932098389, 2.4693927116459236e-06, 2.514276957299444e-06], [3.076962400427874e-07, 4.4235679297344177e-07, 0.9999992847442627], [2.0997795502353256e-07, 3.611268653003208e-07, 0.9999994039535522], [6.061453632355551e-07, 1.390032707604405e-06, 0.9999979734420776], [2.8979195576539496e-07, 3.437723705701501e-07, 0.9999994039535522], [4.3998696241942525e-07, 9.052301379597338e-07, 0.9999986886978149], [1.525361170706674e-07, 5.487517569235933e-07, 0.9999992847442627], [2.2754370831989945e-07, 9.92272475741629e-07, 0.9999988079071045], [6.956320817153028e-07, 3.95556384091833e-07, 0.999998927116394], [2.697690035802225e-07, 1.4566618347089388e-06, 0.9999983310699463], [2.1467660360485752e-07, 2.447527833737695e-07, 0.9999995231628418], [1.6541970353500801e-06, 2.421216152015404e-07, 0.9999980926513672], [2.6924237772618653e-07, 4.983079975318105e-07, 0.9999992847442627], [5.409012828749837e-07, 1.4883463563819532e-06, 0.9999979734420776], [0.999994158744812, 2.539229399189935e-06, 3.3484664072602754e-06]], "S4": [[7.446187737514265e-06, 2.5320246095361654e-06, 0.9999899864196777], [5.801468319077685e-07, 6.309992954811605e-07, 0.9999988079071045], [4.5775726675856276e-07, 6.724098966515157e-07, 0.999998927116394], [4.777685944645782e-07, 6.655400852650928e-07, 0.9999988079071045], [7.413170806103153e-07, 9.249097274732776e-07, 0.9999983310699463], [6.49905530281103e-07, 1.0951692956950865e-06, 0.9999982118606567], [6.853201170997636e-07, 6.131253940111492e-07, 0.9999986886978149], [5.813082566419325e-07, 4.3198872390348697e-07, 0.999998927116394], [6.562998464687553e-07, 7.259452559083002e-07, 0.9999985694885254], [4.896062932857603e-07, 6.788751534259063e-07, 0.9999988079071045], [4.6204564796425984e-07, 9.655542498876457e-07, 0.9999985694885254], [1.101810994441621e-06, 8.22687184154347e-07, 0.9999980926513672], [6.787864208490646e-07, 1.487574195380148e-06, 0.9999978542327881], [5.436269248093595e-07, 8.702141940375441e-07, 0.9999985694885254], [4.161095716881391e-07, 7.786489391037321e-07, 0.9999988079071045], [9.946128329829662e-07, 7.464005307156185e-07, 0.9999982118606567], [8.121084533740941e-07, 9.48254694321804e-07, 0.9999982118606567], [2.1801726290959778e-07, 5.658158102050947e-07, 0.9999991655349731], [7.420214842568384e-07, 9.92449713521637e-07, 0.9999982118606567], [4.997763198844041e-07, 7.632826282133465e-07, 0.9999986886978149], [0.9999879598617554, 6.329786174319452e-06, 5.694349965779111e-06], [7.589720212308748e-07, 1.1055822142225225e-06, 0.9999980926513672]]}, "infer_command_tokens": ["I1s2_0_0", "I1s2_1_2", "I1s2_2_2", "I1s2_3_2", "I1s2_4_0", "I1s2_5_0", "I1s2_6_2", "I1s2_7_2", "I1s2_8_2", "I1s2_9_2", "I1s2_10_2", "I1s2_11_0", "I1s2_12_2", "I1s2_13_0", "I1s2_14_2", "I1s2_15_2", "I1s2_16_2", "I1s2_17_2", "I1s2_18_2", "I1s2_19_2", "I1s2_20_2", "I1s2_21_2", "I1s2_22_2", "I1s2_23_2", "I1s2_24_2", "I1s2_25_2", "I1s2_26_2", "I1s2_27_0", "I4_28", "C1_4", "R1_2", "R3_1", "S2s1_17", "S4_0_2", "S4_1_2", "S4_2_2", "S4_3_2", "S4_4_2", "S4_5_2", "S4_6_2", "S4_7_2", "S4_8_2", "S4_9_2", "S4_10_2", "S4_11_2", "S4_12_2", "S4_13_2", "S4_14_2", "S4_15_2", "S4_16_2", "S4_17_2", "S4_18_2", "S4_19_2", "S4_20_0", "S4_21_2", "B1s1_4", "TS1s1_7", "K1_0", "T1s1_2", "P4_5", "ST1_14", "EM1_4", "TM1_1"]}