{"text": "This music offers a diverse and dynamic listening experience with a pitch range spanning 5 octaves. The major key provides a powerful and memorable sound, complemented by the highly intense rhythm and the use of organ, guitar, bass, strings and drum in the musical composition. The 4/4 time signature is used in the song, which has a runtime of 31 ~ 45 seconds and is played at a moderate pace. The music is steeped in the traditions of pop and rnB style, making for a compelling and engaging musical experience.", "pred_labels": {"R1": [0, 0, 1], "R3": [0, 0, 1, 0], "S2s1": [0, 0, 0, 0, 0, 0, 0, 0, 0, 0, 0, 0, 0, 0, 0, 0, 0, 1], "B1s1": [0, 0, 0, 0, 1], "TS1s1": [1, 0, 0, 0, 0, 0, 0, 0], "K1": [1, 0, 0], "T1s1": [0, 1, 0, 0], "P4": [0, 0, 0, 0, 0, 1, 0, 0, 0, 0, 0, 0, 0], "EM1": [0, 0, 0, 0, 1], "TM1": [0, 0, 1, 0, 0, 0], "I1s2": [[0, 0, 1], [0, 0, 1], [0, 0, 1], [1, 0, 0], [1, 0, 0], [1, 0, 0], [0, 0, 1], [0, 0, 1], [0, 0, 1], [0, 0, 1], [1, 0, 0], [0, 0, 1], [0, 0, 1], [0, 0, 1], [0, 0, 1], [0, 0, 1], [0, 0, 1], [0, 0, 1], [0, 0, 1], [0, 0, 1], [0, 0, 1], [0, 0, 1], [0, 0, 1], [0, 0, 1], [0, 0, 1], [0, 0, 1], [0, 0, 1], [1, 0, 0]], "S4": [[0, 0, 1], [0, 0, 1], [0, 0, 1], [0, 0, 1], [0, 0, 1], [0, 0, 1], [0, 0, 1], [1, 0, 0], [0, 0, 1], [0, 0, 1], [0, 0, 1], [0, 0, 1], [0, 0, 1], [1, 0, 0], [0, 0, 1], [0, 0, 1], [0, 0, 1], [0, 0, 1], [0, 0, 1], [0, 0, 1], [0, 0, 1], [0, 0, 1]]}, "pred_probs": {"R1": [4.559077297017211e-06, 3.913444743375294e-06, 0.9999915361404419], "R3": [1.1239890227443539e-06, 1.19313688173861e-06, 0.9999970197677612, 7.722286454736604e-07], "S2s1": [2.824233888532035e-06, 2.748013230302604e-06, 4.620851996151032e-06, 3.2692739750928013e-06, 3.607943199313013e-06, 4.137675205129199e-06, 3.920421022485243e-06, 3.438615067352657e-06, 3.189523795299465e-06, 3.0515211619785987e-06, 5.288670763547998e-06, 4.571540557662956e-06, 3.7477193473023362e-06, 1.2909929409943288e-06, 4.254424311511684e-06, 1.0165918865823187e-05, 1.7504420384284458e-06, 0.9999339580535889], "B1s1": [7.1848585321276914e-06, 5.000055352866184e-06, 1.044830605678726e-05, 2.359020072617568e-06, 0.9999749660491943], "TS1s1": [0.9999977350234985, 2.959978644412331e-07, 6.094473974371795e-07, 1.6276523240321694e-07, 3.043210483610892e-07, 1.2820480321806826e-07, 3.537131476605282e-07, 4.1728500832505233e-07], "K1": [0.9999996423721313, 1.1645325770359705e-07, 2.2141367139738577e-07], "T1s1": [1.3218461845099228e-06, 0.9999969005584717, 8.978542496151931e-07, 8.615981528237171e-07], "P4": [1.0619532986311242e-07, 3.391911036487727e-07, 2.3592571096742176e-07, 4.140538578667474e-07, 8.06619624427185e-08, 0.9999977350234985, 2.0376684517486865e-07, 1.463799890188966e-07, 7.579442495853073e-08, 1.2517200786987814e-07, 2.582778506621253e-07, 1.0411213935412889e-07, 1.2102988478090992e-07], "EM1": [2.392206852164236e-06, 2.16975331568392e-06, 5.85956331633497e-06, 1.316790803684853e-05, 0.999976396560669], "TM1": [7.370919092863915e-07, 4.37703192801564e-07, 0.9999978542327881, 3.294146893040306e-07, 2.7142124281454016e-07, 3.683233558149368e-07], "I1s2": [[3.6978411799282185e-07, 4.6111620122246677e-07, 0.9999991655349731], [2.3629269207958714e-07, 3.0486768309856416e-07, 0.9999994039535522], [4.6516862539647263e-07, 4.364411267943069e-07, 0.9999990463256836], [0.999992847442627, 3.539862746038125e-06, 3.548708264133893e-06], [0.9999921321868896, 3.67264260603406e-06, 4.154693669988774e-06], [0.9999924898147583, 3.6266280858399114e-06, 3.946723154513165e-06], [5.623602419291274e-07, 7.839973932277644e-07, 0.9999986886978149], [2.7071462227468146e-07, 3.6274710168981983e-07, 0.9999994039535522], [3.073218408644607e-07, 9.784166650206316e-07, 0.9999986886978149], [3.0079962698437157e-07, 3.2095681490318384e-07, 0.9999994039535522], [0.9999912977218628, 4.10280290452647e-06, 4.707701464212732e-06], [6.412089419427502e-07, 1.1076837154178065e-06, 0.9999982118606567], [4.170329361841141e-07, 1.463647549826419e-06, 0.9999980926513672], [1.1876566077262396e-06, 2.9259863367769867e-06, 0.9999958276748657], [2.9353049058045144e-07, 4.2416263568156864e-07, 0.9999992847442627], [2.347792076307087e-07, 2.1363337054935982e-07, 0.9999995231628418], [7.264449095600867e-07, 1.1237435728617129e-06, 0.9999980926513672], [2.871941831017466e-07, 3.9686466379862395e-07, 0.9999992847442627], [4.993522679797024e-07, 9.69871507550124e-07, 0.9999985694885254], [1.6024632998323796e-07, 3.973358388975612e-07, 0.9999994039535522], [2.8964763032490737e-07, 6.971755510676303e-07, 0.9999990463256836], [8.423234021393e-07, 3.642889225830004e-07, 0.9999988079071045], [2.5295514660683693e-07, 1.2704613254754804e-06, 0.9999984502792358], [2.6055462853946665e-07, 1.9938302386890427e-07, 0.9999995231628418], [5.198101916903397e-06, 3.3445945746279904e-07, 0.9999945163726807], [2.416840345631499e-07, 4.47072892484357e-07, 0.9999992847442627], [5.31163323103101e-07, 1.2491037750805845e-06, 0.9999982118606567], [0.999992847442627, 2.700410277611809e-06, 4.380277459858917e-06]], "S4": [[5.741953373217257e-06, 2.0909171780658653e-06, 0.9999921321868896], [5.445860438157979e-07, 6.748388159394381e-07, 0.9999988079071045], [4.481065047912125e-07, 7.40822656553064e-07, 0.9999988079071045], [5.117830141898594e-07, 6.12463907145866e-07, 0.999998927116394], [7.953693739182199e-07, 9.688792488304898e-07, 0.9999982118606567], [7.076864676491823e-07, 1.4505061471936642e-06, 0.9999978542327881], [6.814352673245594e-07, 6.708520459142164e-07, 0.9999986886978149], [0.9999831914901733, 1.2490118024288677e-05, 4.332281150709605e-06], [6.574148869731289e-07, 8.115559921861859e-07, 0.9999985694885254], [5.145573709341988e-07, 6.22518257387128e-07, 0.9999988079071045], [5.019102218284388e-07, 1.2487893172874465e-06, 0.9999982118606567], [1.044887085299706e-06, 8.695286055626639e-07, 0.9999980926513672], [6.936955401215528e-07, 1.5050777619762812e-06, 0.9999978542327881], [0.9999698400497437, 2.3749798856442794e-05, 6.433066118916031e-06], [4.2827866764127975e-07, 9.570421752869152e-07, 0.9999985694885254], [1.1966352531089797e-06, 8.893069889381877e-07, 0.9999979734420776], [6.932812084414763e-07, 9.198535053656087e-07, 0.9999983310699463], [2.2029162494163756e-07, 5.4170732255443e-07, 0.9999992847442627], [9.132826335189748e-07, 1.0389273938926635e-06, 0.9999980926513672], [5.383336088016222e-07, 1.0205970966126188e-06, 0.9999984502792358], [5.882424147785059e-07, 1.4586352108381107e-06, 0.9999979734420776], [7.200503659987589e-07, 1.1890397217939608e-06, 0.9999980926513672]]}, "infer_command_tokens": ["I1s2_0_2", "I1s2_1_2", "I1s2_2_2", "I1s2_3_0", "I1s2_4_0", "I1s2_5_0", "I1s2_6_2", "I1s2_7_2", "I1s2_8_2", "I1s2_9_2", "I1s2_10_0", "I1s2_11_2", "I1s2_12_2", "I1s2_13_2", "I1s2_14_2", "I1s2_15_2", "I1s2_16_2", "I1s2_17_2", "I1s2_18_2", "I1s2_19_2", "I1s2_20_2", "I1s2_21_2", "I1s2_22_2", "I1s2_23_2", "I1s2_24_2", "I1s2_25_2", "I1s2_26_2", "I1s2_27_0", "I4_28", "C1_4", "R1_2", "R3_2", "S2s1_17", "S4_0_2", "S4_1_2", "S4_2_2", "S4_3_2", "S4_4_2", "S4_5_2", "S4_6_2", "S4_7_0", "S4_8_2", "S4_9_2", "S4_10_2", "S4_11_2", "S4_12_2", "S4_13_0", "S4_14_2", "S4_15_2", "S4_16_2", "S4_17_2", "S4_18_2", "S4_19_2", "S4_20_2", "S4_21_2", "B1s1_4", "TS1s1_0", "K1_0", "T1s1_1", "P4_5", "ST1_14", "EM1_4", "TM1_2"]}