{"text": "The musical piece is a unique composition that showcases a pitch range within 4 octaves. The choice of major key gives this music a special emotional quality, while its serene rhythm contributes to its overall tranquility. The music is further enriched by the use of synthesizer and grand piano, and its time signature of 4/4 gives it a distinct character. Despite its high-tempo, the music evokes a strong sense of relaxation, making it a truly captivating piece. With a running time of 16 ~ 30 seconds, this musical masterpiece is sure to leave a lasting impression on anyone who listens to it.", "pred_labels": {"R1": [0, 0, 1], "R3": [1, 0, 0, 0], "S2s1": [0, 0, 0, 0, 0, 0, 0, 0, 0, 0, 0, 0, 0, 0, 0, 0, 0, 1], "B1s1": [0, 0, 0, 0, 1], "TS1s1": [1, 0, 0, 0, 0, 0, 0, 0], "K1": [1, 0, 0], "T1s1": [0, 0, 1, 0], "P4": [0, 0, 0, 0, 1, 0, 0, 0, 0, 0, 0, 0, 0], "EM1": [0, 0, 0, 1, 0], "TM1": [0, 1, 0, 0, 0, 0], "I1s2": [[1, 0, 0], [0, 0, 1], [0, 0, 1], [0, 0, 1], [0, 0, 1], [0, 0, 1], [0, 0, 1], [0, 0, 1], [0, 0, 1], [0, 0, 1], [0, 0, 1], [0, 0, 1], [0, 0, 1], [0, 0, 1], [0, 0, 1], [0, 0, 1], [0, 0, 1], [0, 0, 1], [0, 0, 1], [0, 0, 1], [0, 0, 1], [0, 0, 1], [0, 0, 1], [0, 0, 1], [1, 0, 0], [0, 0, 1], [0, 0, 1], [0, 0, 1]], "S4": [[0, 0, 1], [0, 0, 1], [0, 0, 1], [0, 0, 1], [0, 0, 1], [0, 0, 1], [0, 0, 1], [0, 0, 1], [0, 0, 1], [0, 0, 1], [0, 0, 1], [0, 0, 1], [0, 0, 1], [0, 0, 1], [0, 0, 1], [0, 0, 1], [0, 0, 1], [0, 0, 1], [0, 0, 1], [0, 0, 1], [0, 0, 1], [0, 0, 1]]}, "pred_probs": {"R1": [4.388730758364545e-06, 4.058192189404508e-06, 0.9999915361404419], "R3": [0.9999984502792358, 6.620606427532039e-07, 4.5575939111586194e-07, 3.915373554264079e-07], "S2s1": [2.3297018287848914e-06, 2.566871899034595e-06, 4.311482371122111e-06, 3.116760353805148e-06, 4.05389937441214e-06, 4.156094746576855e-06, 3.238684257667046e-06, 3.04038235299231e-06, 2.8636482056754176e-06, 3.337526095492649e-06, 4.675421678257408e-06, 5.733348643843783e-06, 3.6729841212945757e-06, 1.3684735904462286e-06, 4.330314368417021e-06, 8.105344022624195e-06, 1.8023980601356016e-06, 0.9999372959136963], "B1s1": [6.138605840533273e-06, 5.442555448098574e-06, 9.382214557263069e-06, 2.149211240976001e-06, 0.9999768733978271], "TS1s1": [0.9999978542327881, 3.7541565234278096e-07, 5.536375056180987e-07, 1.434851100157175e-07, 2.7443633143775514e-07, 1.363009545229943e-07, 3.294128134712082e-07, 3.4664657277971855e-07], "K1": [0.9999996423721313, 1.3083605665542564e-07, 2.1502597746803076e-07], "T1s1": [1.2398625131027075e-06, 1.2379259715089574e-06, 0.9999966621398926, 8.567734539610683e-07], "P4": [1.9614739699136408e-07, 8.087877745310834e-08, 7.465882845281158e-08, 6.438362731842062e-08, 0.9999984502792358, 8.286549757485773e-08, 1.2287520689824305e-07, 1.4269357961893547e-07, 1.1438874025770929e-07, 1.806191534114987e-07, 1.4868311382087995e-07, 1.0695342211874959e-07, 2.1462766142121836e-07], "EM1": [6.922311513335444e-06, 1.665260128902446e-06, 1.9956323740188964e-06, 0.9999850988388062, 4.236898803355871e-06], "TM1": [2.2515624209518137e-07, 0.9999986886978149, 3.3219436090803356e-07, 2.4495315642525384e-07, 2.3348550826085557e-07, 2.575743565103039e-07], "I1s2": [[0.999992847442627, 2.7105504614155507e-06, 4.4032044570485596e-06], [2.637167426655651e-07, 2.247683283940205e-07, 0.9999995231628418], [3.8601777418989514e-07, 2.8725170864163374e-07, 0.9999992847442627], [2.804719372306863e-07, 7.38518963316892e-07, 0.999998927116394], [1.988989026813215e-07, 4.0891893604566576e-07, 0.9999994039535522], [4.77007858989964e-07, 5.391621016315185e-07, 0.999998927116394], [3.161076733704249e-07, 4.822544497073977e-07, 0.9999991655349731], [2.779933936380985e-07, 3.0145295681904827e-07, 0.9999994039535522], [1.1526976351206031e-07, 2.2121317044820898e-07, 0.9999996423721313], [2.0866190197921242e-07, 1.1313903769405442e-07, 0.9999996423721313], [2.6972813316206157e-07, 3.1391198263008846e-07, 0.9999994039535522], [3.7056898349874245e-07, 2.3529224790763692e-07, 0.9999994039535522], [2.6211921522190096e-07, 4.0805991829984123e-07, 0.9999992847442627], [5.152203357283724e-07, 5.08387074660277e-07, 0.999998927116394], [2.3524808057118207e-07, 2.362016999768457e-07, 0.9999995231628418], [1.197827543819585e-07, 1.2478311361974193e-07, 0.9999997615814209], [3.081967179241474e-07, 3.1989247872843407e-07, 0.9999994039535522], [2.756373191914463e-07, 1.8260610090692353e-07, 0.9999995231628418], [3.836234157006402e-07, 5.271805321171996e-07, 0.9999990463256836], [1.6742501429689582e-07, 3.520073050822248e-07, 0.9999995231628418], [2.1286562912337104e-07, 3.513954993650259e-07, 0.9999994039535522], [6.245986128305958e-07, 3.158969548167079e-07, 0.9999990463256836], [3.177124483499938e-07, 6.482878802671621e-07, 0.9999990463256836], [1.3562140566136804e-07, 1.0518117932178939e-07, 0.9999997615814209], [0.9999923706054688, 2.5025460672623012e-06, 5.097181201563217e-06], [2.4010492438719666e-07, 2.3433852902599028e-07, 0.9999995231628418], [3.6791385582546354e-07, 3.5260796948932693e-07, 0.9999992847442627], [1.7273470120926504e-07, 2.757017227850156e-07, 0.9999995231628418]], "S4": [[5.791333478555316e-06, 1.9289529973320896e-06, 0.9999922513961792], [5.77229570808413e-07, 5.687326165570994e-07, 0.9999988079071045], [4.443217562766222e-07, 7.139535114220052e-07, 0.9999988079071045], [4.359253011898545e-07, 6.378859325195663e-07, 0.999998927116394], [7.914566708677739e-07, 1.0085497024192591e-06, 0.9999982118606567], [5.47630463643145e-07, 1.0265721357427537e-06, 0.9999984502792358], [6.019779448251938e-07, 6.210868264133751e-07, 0.9999988079071045], [5.673718419529905e-07, 5.228958457337285e-07, 0.999998927116394], [5.942143843640224e-07, 7.64855087709293e-07, 0.9999986886978149], [4.740821850646171e-07, 7.173277367655828e-07, 0.9999988079071045], [5.102675686430302e-07, 1.1079341675213072e-06, 0.9999983310699463], [1.1038805496355053e-06, 8.816714398562908e-07, 0.9999979734420776], [7.022985641924606e-07, 1.292838760491577e-06, 0.9999979734420776], [5.049263336331933e-07, 8.769699775257322e-07, 0.9999985694885254], [6.774196208425565e-07, 1.0010840014729183e-06, 0.9999983310699463], [8.535660072084283e-07, 4.683828933593759e-07, 0.9999986886978149], [4.604210062097991e-07, 5.512473535418394e-07, 0.9999990463256836], [2.2422747747441463e-07, 5.065903110335057e-07, 0.9999992847442627], [7.786343871885038e-07, 9.888624390441692e-07, 0.9999982118606567], [5.230603505879117e-07, 7.81334904331743e-07, 0.9999986886978149], [5.25571351772669e-07, 9.939673191183829e-07, 0.9999984502792358], [7.927225738058041e-07, 1.2376902986943605e-06, 0.9999979734420776]]}, "infer_command_tokens": ["I1s2_0_0", "I1s2_1_2", "I1s2_2_2", "I1s2_3_2", "I1s2_4_2", "I1s2_5_2", "I1s2_6_2", "I1s2_7_2", "I1s2_8_2", "I1s2_9_2", "I1s2_10_2", "I1s2_11_2", "I1s2_12_2", "I1s2_13_2", "I1s2_14_2", "I1s2_15_2", "I1s2_16_2", "I1s2_17_2", "I1s2_18_2", "I1s2_19_2", "I1s2_20_2", "I1s2_21_2", "I1s2_22_2", "I1s2_23_2", "I1s2_24_0", "I1s2_25_2", "I1s2_26_2", "I1s2_27_2", "I4_28", "C1_4", "R1_2", "R3_0", "S2s1_17", "S4_0_2", "S4_1_2", "S4_2_2", "S4_3_2", "S4_4_2", "S4_5_2", "S4_6_2", "S4_7_2", "S4_8_2", "S4_9_2", "S4_10_2", "S4_11_2", "S4_12_2", "S4_13_2", "S4_14_2", "S4_15_2", "S4_16_2", "S4_17_2", "S4_18_2", "S4_19_2", "S4_20_2", "S4_21_2", "B1s1_4", "TS1s1_0", "K1_0", "T1s1_2", "P4_4", "ST1_14", "EM1_3", "TM1_1"]}