{"text": "The music being discussed here has a limited pitch range of 7 octaves, which allows for a greater emphasis on the nuances of tone and phrasing. Additionally, the choice of major key results in a captivating and memorable experience for the listener. The song itself has a duration of about 20 seconds and is composed with a dynamic rhythm. The use of piano, strings and drum adds to the overall musical composition, while the time signature of the music is 4/4. This song is performed at a moderate pace and is known for its verve nature. Finally, it is worth noting that the song has a duration of 9 ~ 12 bars, making it a complete and well-rounded musical experience.", "pred_labels": {"R1": [0, 0, 1], "R3": [0, 0, 1, 0], "S2s1": [0, 0, 0, 0, 0, 0, 0, 0, 0, 0, 0, 0, 0, 0, 0, 0, 0, 1], "B1s1": [0, 0, 1, 0, 0], "TS1s1": [1, 0, 0, 0, 0, 0, 0, 0], "K1": [1, 0, 0], "T1s1": [0, 1, 0, 0], "P4": [0, 0, 0, 0, 0, 0, 0, 1, 0, 0, 0, 0, 0], "EM1": [1, 0, 0, 0, 0], "TM1": [0, 1, 0, 0, 0, 0], "I1s2": [[1, 0, 0], [0, 0, 1], [0, 0, 1], [0, 0, 1], [0, 0, 1], [0, 0, 1], [0, 0, 1], [0, 0, 1], [0, 0, 1], [0, 0, 1], [1, 0, 0], [0, 0, 1], [0, 0, 1], [0, 0, 1], [0, 0, 1], [0, 0, 1], [0, 0, 1], [0, 0, 1], [0, 0, 1], [0, 0, 1], [0, 0, 1], [0, 0, 1], [0, 0, 1], [0, 0, 1], [0, 0, 1], [0, 0, 1], [0, 0, 1], [1, 0, 0]], "S4": [[0, 0, 1], [0, 0, 1], [0, 0, 1], [0, 0, 1], [0, 0, 1], [0, 0, 1], [0, 0, 1], [0, 0, 1], [0, 0, 1], [0, 0, 1], [0, 0, 1], [0, 0, 1], [0, 0, 1], [0, 0, 1], [0, 0, 1], [0, 0, 1], [0, 0, 1], [0, 0, 1], [0, 0, 1], [0, 0, 1], [0, 0, 1], [0, 0, 1]]}, "pred_probs": {"R1": [4.497522695601219e-06, 3.8787084122304805e-06, 0.9999916553497314], "R3": [6.757545065738668e-07, 1.0430577503939276e-06, 0.9999977350234985, 5.888254577257612e-07], "S2s1": [2.322566388102132e-06, 2.2964227355259936e-06, 4.457203431229573e-06, 3.506278289933107e-06, 3.711942326845019e-06, 3.9478959479311015e-06, 3.3532526231283555e-06, 2.8517479222500697e-06, 2.8955432753718924e-06, 2.7293308448861353e-06, 4.831558271689573e-06, 5.148147465661168e-06, 3.679075007312349e-06, 1.3401842124949326e-06, 4.041467491333606e-06, 9.425898497283924e-06, 1.775218493094144e-06, 0.9999376535415649], "B1s1": [1.2341791943981661e-06, 1.0467831543792272e-06, 0.9999961853027344, 7.251422289300535e-07, 8.50397498197708e-07], "TS1s1": [0.999997615814209, 3.520119946642808e-07, 6.744217557752563e-07, 1.2962746609446185e-07, 3.4008630223070213e-07, 1.6217967413467704e-07, 3.5968471934211266e-07, 4.039603425098903e-07], "K1": [0.9999996423721313, 1.2099006596599793e-07, 2.190136854096636e-07], "T1s1": [7.198737534963584e-07, 0.9999970197677612, 7.425118724313506e-07, 1.5743610219942639e-06], "P4": [2.0163111003057566e-07, 1.967564458027482e-07, 1.4481922505638067e-07, 1.44724651818251e-07, 1.6616658626844583e-07, 1.5315956147787801e-07, 5.6884381649524585e-08, 0.9999983310699463, 1.2980397912087938e-07, 1.4770257905638573e-07, 1.3803955312141625e-07, 1.2182354680589924e-07, 6.07274159847293e-08], "EM1": [0.9999681711196899, 1.7846421542344615e-05, 3.4614981814229395e-06, 6.718569238728378e-06, 3.7911293020442827e-06], "TM1": [1.9494183334245463e-07, 0.9999988079071045, 2.617211976030376e-07, 2.1992271115323092e-07, 2.0677212830833014e-07, 2.0067126627054677e-07], "I1s2": [[0.9999935626983643, 2.5929668936441885e-06, 3.85356634069467e-06], [1.9621738545083645e-07, 2.5349444854327885e-07, 0.9999995231628418], [4.090948095836211e-07, 3.049129873033962e-07, 0.9999992847442627], [2.750824990016554e-07, 9.090436492442677e-07, 0.9999988079071045], [2.3769483448177198e-07, 6.063663704480859e-07, 0.9999991655349731], [4.2238923469994916e-07, 5.852281788065739e-07, 0.9999990463256836], [4.2135198441428656e-07, 6.236206218090956e-07, 0.999998927116394], [2.236581480019595e-07, 3.0740125112060923e-07, 0.9999995231628418], [1.18015691441542e-07, 2.3929388248689065e-07, 0.9999996423721313], [1.958195952056485e-07, 1.4477576826266159e-07, 0.9999996423721313], [0.999991774559021, 4.05632090405561e-06, 4.1372477426193655e-06], [3.803725689977e-07, 2.3804264515092655e-07, 0.9999994039535522], [2.705148176573857e-07, 5.870493851034553e-07, 0.9999991655349731], [5.275269927551562e-07, 5.034417540628056e-07, 0.999998927116394], [2.023116820737414e-07, 2.1377056214078038e-07, 0.9999996423721313], [1.0357657487247707e-07, 1.6578597694660857e-07, 0.9999997615814209], [3.544156754742289e-07, 3.525171905494062e-07, 0.9999992847442627], [2.641098149069876e-07, 3.1495400776293536e-07, 0.9999994039535522], [4.148741084009089e-07, 6.664649276899581e-07, 0.999998927116394], [1.5289559485154314e-07, 3.4714733487817284e-07, 0.9999995231628418], [1.8499801512916747e-07, 4.1911590642484953e-07, 0.9999994039535522], [6.64246670112334e-07, 2.9727212336183584e-07, 0.9999990463256836], [2.567903436556662e-07, 5.536503522307612e-07, 0.9999991655349731], [1.7217507775058039e-07, 9.903801867494622e-08, 0.9999997615814209], [1.6750950635469053e-06, 1.814448609138708e-07, 0.9999980926513672], [2.1763987945178087e-07, 2.467340323164535e-07, 0.9999995231628418], [3.150164786802634e-07, 4.050465634009015e-07, 0.9999992847442627], [0.9999934434890747, 2.519368536013644e-06, 4.0152494875655975e-06]], "S4": [[5.979815796308685e-06, 1.8655870235306793e-06, 0.9999921321868896], [5.577940100920387e-07, 5.798061124551168e-07, 0.9999988079071045], [4.65167659058352e-07, 6.095294793340145e-07, 0.999998927116394], [4.7457254481741984e-07, 6.869260005260003e-07, 0.9999988079071045], [8.080187399173155e-07, 8.59562419464055e-07, 0.9999983310699463], [5.340872917258821e-07, 8.596962288720533e-07, 0.9999985694885254], [6.848902103229193e-07, 6.287951350714138e-07, 0.9999986886978149], [5.086810119792062e-07, 5.464777359520667e-07, 0.999998927116394], [5.917408998357132e-07, 7.162339556998631e-07, 0.9999986886978149], [5.408945185081393e-07, 6.925301363480685e-07, 0.9999988079071045], [5.209852815823979e-07, 9.547740091875312e-07, 0.9999985694885254], [1.3154727867004112e-06, 7.757767548355332e-07, 0.9999978542327881], [6.367380365190911e-07, 1.175974261968804e-06, 0.9999982118606567], [4.959296688866743e-07, 7.891914037827519e-07, 0.9999986886978149], [3.585693377772259e-07, 7.872475862313877e-07, 0.9999988079071045], [1.0552531648500008e-06, 5.629008796859125e-07, 0.9999983310699463], [4.6959334554230736e-07, 5.298624614624714e-07, 0.9999990463256836], [2.0660586130816228e-07, 5.168366215002607e-07, 0.9999992847442627], [7.966781367940712e-07, 9.370132829644717e-07, 0.9999982118606567], [5.654012511513429e-07, 7.379583735200868e-07, 0.9999986886978149], [5.341942710401781e-07, 9.039385986397974e-07, 0.9999985694885254], [7.38998835458915e-07, 1.1357328730809968e-06, 0.9999980926513672]]}, "infer_command_tokens": ["I1s2_0_0", "I1s2_1_2", "I1s2_2_2", "I1s2_3_2", "I1s2_4_2", "I1s2_5_2", "I1s2_6_2", "I1s2_7_2", "I1s2_8_2", "I1s2_9_2", "I1s2_10_0", "I1s2_11_2", "I1s2_12_2", "I1s2_13_2", "I1s2_14_2", "I1s2_15_2", "I1s2_16_2", "I1s2_17_2", "I1s2_18_2", "I1s2_19_2", "I1s2_20_2", "I1s2_21_2", "I1s2_22_2", "I1s2_23_2", "I1s2_24_2", "I1s2_25_2", "I1s2_26_2", "I1s2_27_0", "I4_28", "C1_4", "R1_2", "R3_2", "S2s1_17", "S4_0_2", "S4_1_2", "S4_2_2", "S4_3_2", "S4_4_2", "S4_5_2", "S4_6_2", "S4_7_2", "S4_8_2", "S4_9_2", "S4_10_2", "S4_11_2", "S4_12_2", "S4_13_2", "S4_14_2", "S4_15_2", "S4_16_2", "S4_17_2", "S4_18_2", "S4_19_2", "S4_20_2", "S4_21_2", "B1s1_2", "TS1s1_0", "K1_0", "T1s1_1", "P4_7", "ST1_14", "EM1_0", "TM1_1"]}