{"text": "The minor key adds a unique flavor to this music, while the track is about 20 seconds in length. The rhythm in this song is very pronounced, and the 2/4 time signature is used in the music. Additionally, the grand piano, percussion, organ, guitar, bass, sax and drum add to the musical composition, and the song's length is around about 15 bars. The song is rooted in the conventions of vocal music and moves gently, creating a soothing and immersive musical experience. The incorporation of traditional elements of vocal music into the composition lends a sense of authenticity to the piece, while the gentle melody and arrangement create a peaceful and serene atmosphere. Overall, the combination of traditional and contemporary elements in the song makes for a beautiful and captivating musical journey.", "pred_labels": {"R1": [0, 0, 1], "R3": [0, 0, 1, 0], "S2s1": [0, 0, 0, 0, 0, 0, 0, 0, 0, 0, 0, 0, 0, 0, 0, 0, 0, 1], "B1s1": [0, 0, 0, 1, 0], "TS1s1": [0, 1, 0, 0, 0, 0, 0, 0], "K1": [0, 1, 0], "T1s1": [1, 0, 0, 0], "P4": [0, 0, 0, 0, 0, 0, 0, 0, 0, 0, 0, 0, 1], "EM1": [0, 0, 0, 0, 1], "TM1": [0, 1, 0, 0, 0, 0], "I1s2": [[1, 0, 0], [0, 0, 1], [1, 0, 0], [1, 0, 0], [1, 0, 0], [1, 0, 0], [0, 0, 1], [0, 0, 1], [0, 0, 1], [0, 0, 1], [0, 0, 1], [0, 0, 1], [0, 0, 1], [0, 0, 1], [0, 0, 1], [0, 0, 1], [0, 0, 1], [1, 0, 0], [0, 0, 1], [0, 0, 1], [0, 0, 1], [0, 0, 1], [0, 0, 1], [0, 0, 1], [0, 0, 1], [0, 0, 1], [0, 0, 1], [1, 0, 0]], "S4": [[0, 0, 1], [0, 0, 1], [0, 0, 1], [0, 0, 1], [0, 0, 1], [0, 0, 1], [0, 0, 1], [0, 0, 1], [0, 0, 1], [0, 0, 1], [0, 0, 1], [0, 0, 1], [0, 0, 1], [0, 0, 1], [0, 0, 1], [0, 0, 1], [0, 0, 1], [0, 0, 1], [1, 0, 0], [0, 0, 1], [0, 0, 1], [0, 0, 1]]}, "pred_probs": {"R1": [4.20306150772376e-06, 3.918360562238377e-06, 0.9999918937683105], "R3": [9.68229869613424e-07, 1.1857796380354557e-06, 0.9999972581863403, 6.452416414504114e-07], "S2s1": [2.581656190159265e-06, 2.891982376240776e-06, 4.423402060638182e-06, 3.431920958973933e-06, 3.390999836483388e-06, 4.164184701949125e-06, 3.545379513525404e-06, 3.4542952107585734e-06, 3.137301973765716e-06, 2.657890036061872e-06, 5.600675649475306e-06, 4.641803570848424e-06, 3.6351018479763297e-06, 1.22842925520672e-06, 4.8774782044347376e-06, 1.0820868737937417e-05, 1.7696720533422194e-06, 0.9999336004257202], "B1s1": [1.086240672520944e-06, 1.0030221346823964e-06, 7.865974112064578e-07, 0.999996542930603, 5.64209130970994e-07], "TS1s1": [2.8664587148341525e-07, 0.9999974966049194, 5.205481556913583e-07, 2.362541522415995e-07, 3.6132632885710336e-07, 4.6776497697464947e-07, 3.44606121416291e-07, 3.8377359601327043e-07], "K1": [3.7778983141834033e-07, 0.9999992847442627, 3.3145499855891103e-07], "T1s1": [0.9999966621398926, 5.564050979955937e-07, 1.6532420659132185e-06, 1.021737602968642e-06], "P4": [4.564301718801289e-07, 4.240345390371658e-07, 3.804502455295733e-07, 4.629410454981553e-07, 8.017836421458924e-07, 2.4112583218993677e-07, 5.628709800475917e-07, 2.617113921132841e-07, 4.3490902612575155e-07, 4.6771197048656177e-07, 3.274554387644457e-07, 4.2495713614698616e-07, 0.9999947547912598], "EM1": [2.9111165531503502e-06, 2.3171273824118543e-06, 5.875140232092235e-06, 1.354281175736105e-05, 0.999975323677063], "TM1": [1.8623168784870359e-07, 0.9999988079071045, 2.8060301815457933e-07, 2.398337812792306e-07, 2.0714752224648691e-07, 2.2275671085481008e-07], "I1s2": [[0.999994158744812, 2.9129460017429665e-06, 3.018223196704639e-06], [2.0966982106074283e-07, 3.0568114084417175e-07, 0.9999995231628418], [0.9999938011169434, 2.850637883966556e-06, 3.3382939363946207e-06], [0.999992847442627, 3.2975235626508947e-06, 3.7964910006849095e-06], [0.9999922513961792, 3.3754240575945005e-06, 4.405003437568666e-06], [0.9999923706054688, 3.639631131591159e-06, 3.967043085140176e-06], [6.528184144372062e-07, 9.012829309540393e-07, 0.9999984502792358], [2.403942573891982e-07, 3.1883743645266804e-07, 0.9999994039535522], [2.857591709926055e-07, 9.100377269533055e-07, 0.9999988079071045], [2.5094504962908104e-07, 2.8168292942609696e-07, 0.9999995231628418], [3.9850391431173193e-07, 9.789905561774503e-07, 0.9999985694885254], [6.357497568387771e-07, 9.670350209489698e-07, 0.9999984502792358], [3.84755310278706e-07, 1.3058851209279965e-06, 0.9999983310699463], [1.5119074987524073e-06, 3.0057290132390335e-06, 0.9999954700469971], [3.81752698785931e-07, 4.61851186628337e-07, 0.9999991655349731], [2.584133085292706e-07, 3.2436099672850105e-07, 0.9999994039535522], [6.133121246421069e-07, 1.2465748113754671e-06, 0.9999980926513672], [0.9999933242797852, 2.3763598164805444e-06, 4.294234258850338e-06], [5.474163913277152e-07, 1.0277985893480945e-06, 0.9999984502792358], [1.515661836037907e-07, 4.4526501596919843e-07, 0.9999994039535522], [2.848370854735549e-07, 9.429859915144334e-07, 0.9999988079071045], [8.265467954515771e-07, 3.5635991935123457e-07, 0.9999988079071045], [3.019795826730842e-07, 1.0220476269751089e-06, 0.9999986886978149], [2.284586315681736e-07, 2.3444850683063123e-07, 0.9999995231628418], [2.142008270311635e-06, 2.4526306674488296e-07, 0.999997615814209], [3.22317674772421e-07, 5.832012561768352e-07, 0.9999990463256836], [4.760718468332925e-07, 1.2287279105294147e-06, 0.9999983310699463], [0.9999939203262329, 2.3643624444957823e-06, 3.688764309117687e-06]], "S4": [[5.622147909889463e-06, 2.097180185955949e-06, 0.9999922513961792], [5.3850436643188e-07, 5.834665444126585e-07, 0.999998927116394], [4.675582374602527e-07, 6.462705641752109e-07, 0.999998927116394], [6.456137384702743e-07, 5.803869953524554e-07, 0.9999988079071045], [8.662964887662383e-07, 9.671657608123496e-07, 0.9999982118606567], [6.292243597272318e-07, 1.1292916042293655e-06, 0.9999982118606567], [7.424145564982609e-07, 6.472059794759843e-07, 0.9999985694885254], [5.910140430387401e-07, 4.7578163275829866e-07, 0.999998927116394], [7.041269896035374e-07, 8.158106084010797e-07, 0.9999984502792358], [4.817261469725054e-07, 6.639805292252277e-07, 0.9999988079071045], [5.157859845894563e-07, 8.793265919848636e-07, 0.9999985694885254], [1.2764966186296078e-06, 7.798997785357642e-07, 0.9999979734420776], [6.99196334608132e-07, 1.3260040532259154e-06, 0.9999979734420776], [4.878694426224683e-07, 1.082036760635674e-06, 0.9999984502792358], [3.957162846290885e-07, 9.073676210391568e-07, 0.9999986886978149], [1.3132715821484453e-06, 9.038766393132391e-07, 0.9999977350234985], [9.524942470306996e-07, 1.141600819209998e-06, 0.9999978542327881], [2.1411386796899023e-07, 5.567027301367489e-07, 0.9999992847442627], [0.9999845027923584, 6.215830580913462e-06, 9.296506505052093e-06], [5.292916398502712e-07, 7.999286140147888e-07, 0.9999986886978149], [6.011818527440482e-07, 1.1682858485073666e-06, 0.9999982118606567], [8.009785119611479e-07, 1.163180513685802e-06, 0.9999980926513672]]}, "infer_command_tokens": ["I1s2_0_0", "I1s2_1_2", "I1s2_2_0", "I1s2_3_0", "I1s2_4_0", "I1s2_5_0", "I1s2_6_2", "I1s2_7_2", "I1s2_8_2", "I1s2_9_2", "I1s2_10_2", "I1s2_11_2", "I1s2_12_2", "I1s2_13_2", "I1s2_14_2", "I1s2_15_2", "I1s2_16_2", "I1s2_17_0", "I1s2_18_2", "I1s2_19_2", "I1s2_20_2", "I1s2_21_2", "I1s2_22_2", "I1s2_23_2", "I1s2_24_2", "I1s2_25_2", "I1s2_26_2", "I1s2_27_0", "I4_28", "C1_4", "R1_2", "R3_2", "S2s1_17", "S4_0_2", "S4_1_2", "S4_2_2", "S4_3_2", "S4_4_2", "S4_5_2", "S4_6_2", "S4_7_2", "S4_8_2", "S4_9_2", "S4_10_2", "S4_11_2", "S4_12_2", "S4_13_2", "S4_14_2", "S4_15_2", "S4_16_2", "S4_17_2", "S4_18_0", "S4_19_2", "S4_20_2", "S4_21_2", "B1s1_3", "TS1s1_1", "K1_1", "T1s1_0", "P4_12", "ST1_14", "EM1_4", "TM1_1"]}