{"text": "The use of a specific pitch range of 4 octaves creates a cohesive and unified sound throughout the musical piece, while the minor key adds a distinct atmosphere. With a runtime of 16 ~ 30 seconds, the song maintains a lively and upbeat tempo. The sound of the music is primarily generated by guitar, bass, flute, pipe and drum, and it follows a time signature of 4/4. Played at a rapid pace, this music squarely falls within the jazz genre.", "pred_labels": {"R1": [0, 0, 1], "R3": [0, 0, 1, 0], "S2s1": [0, 0, 0, 0, 0, 0, 0, 0, 0, 0, 0, 0, 0, 0, 0, 0, 0, 1], "B1s1": [0, 0, 0, 0, 1], "TS1s1": [1, 0, 0, 0, 0, 0, 0, 0], "K1": [0, 1, 0], "T1s1": [0, 0, 1, 0], "P4": [0, 0, 0, 0, 1, 0, 0, 0, 0, 0, 0, 0, 0], "EM1": [0, 0, 0, 0, 1], "TM1": [0, 1, 0, 0, 0, 0], "I1s2": [[0, 0, 1], [0, 0, 1], [0, 0, 1], [0, 0, 1], [1, 0, 0], [1, 0, 0], [0, 0, 1], [0, 0, 1], [0, 0, 1], [0, 0, 1], [0, 0, 1], [0, 0, 1], [0, 0, 1], [0, 0, 1], [0, 0, 1], [0, 0, 1], [0, 0, 1], [0, 0, 1], [0, 0, 1], [0, 0, 1], [0, 0, 1], [0, 0, 1], [1, 0, 0], [1, 0, 0], [0, 0, 1], [0, 0, 1], [0, 0, 1], [1, 0, 0]], "S4": [[0, 0, 1], [0, 0, 1], [0, 0, 1], [0, 0, 1], [0, 0, 1], [0, 0, 1], [0, 0, 1], [0, 0, 1], [0, 0, 1], [0, 0, 1], [1, 0, 0], [0, 0, 1], [0, 0, 1], [0, 0, 1], [0, 0, 1], [0, 0, 1], [0, 0, 1], [0, 0, 1], [0, 0, 1], [0, 0, 1], [0, 0, 1], [0, 0, 1]]}, "pred_probs": {"R1": [4.245063792041037e-06, 4.202807758701965e-06, 0.9999915361404419], "R3": [3.848611243029154e-07, 2.409234639344504e-06, 0.9999967813491821, 4.3591560938693874e-07], "S2s1": [2.661703092599055e-06, 2.9428190373437246e-06, 4.784203156305011e-06, 3.2884261145227356e-06, 3.7364845866250107e-06, 4.348557922639884e-06, 3.2101459055411397e-06, 3.232076323911315e-06, 2.8631932309508557e-06, 2.9970144623803208e-06, 5.475373654917348e-06, 4.668263500207104e-06, 3.966209987993352e-06, 1.3178622566556442e-06, 4.611303211277118e-06, 1.0775159353215713e-05, 1.943365759871085e-06, 0.9999328851699829], "B1s1": [6.635948921029922e-06, 4.772106876771431e-06, 8.765736311033834e-06, 2.7249129743722733e-06, 0.9999771118164062], "TS1s1": [0.999997615814209, 3.7506592320823984e-07, 6.88346858623845e-07, 1.4091433797602804e-07, 3.2376766512243194e-07, 1.6251735246441967e-07, 3.306913072265161e-07, 4.0316791682926123e-07], "K1": [3.375333506028255e-07, 0.9999992847442627, 3.780197630476323e-07], "T1s1": [1.4703304032082087e-06, 9.936720744008198e-07, 0.9999969005584717, 6.520439796986466e-07], "P4": [2.2834858270925906e-07, 8.617551827683201e-08, 8.581629629134113e-08, 7.509125055094046e-08, 0.9999983310699463, 8.407463525372805e-08, 1.367601356605519e-07, 1.585433437867323e-07, 1.1541613531562689e-07, 2.1017787332766602e-07, 1.551483279627064e-07, 1.146810220120642e-07, 2.7840383154398296e-07], "EM1": [2.0686300103989197e-06, 2.513879508114769e-06, 5.011551820643945e-06, 8.4914745457354e-06, 0.9999818801879883], "TM1": [2.0074034523531736e-07, 0.9999986886978149, 3.003052597705391e-07, 1.9303151077565417e-07, 2.1198928834564867e-07, 1.940940421718551e-07], "I1s2": [[3.07207159266909e-07, 3.662956942207529e-07, 0.9999992847442627], [2.0885120477487362e-07, 2.6042320655506046e-07, 0.9999995231628418], [3.820648544206051e-07, 3.7087298210281006e-07, 0.9999992847442627], [5.897558139622561e-07, 3.136188297503395e-06, 0.9999963045120239], [0.9999927282333374, 3.0886831154930405e-06, 4.198113856546115e-06], [0.9999923706054688, 3.608646011343808e-06, 4.082336545252474e-06], [4.537070026344736e-07, 6.815653250669129e-07, 0.9999988079071045], [2.2687410705657385e-07, 3.043189735763008e-07, 0.9999995231628418], [1.9905102988104773e-07, 7.46603291190695e-07, 0.9999990463256836], [2.3042224484015605e-07, 2.580611635494279e-07, 0.9999995231628418], [4.525858798842819e-07, 1.0253492064293823e-06, 0.9999985694885254], [5.562115461543726e-07, 7.897274940660282e-07, 0.9999986886978149], [5.190711931390979e-07, 1.4203499176801415e-06, 0.9999980926513672], [1.208990283885214e-06, 2.836066414602101e-06, 0.9999959468841553], [3.2138405003934167e-07, 3.965385531046195e-07, 0.9999992847442627], [2.168343939956685e-07, 3.113738387128251e-07, 0.9999995231628418], [6.168223194435996e-07, 1.0677052841856494e-06, 0.9999983310699463], [3.1543737577521824e-07, 2.434365740100475e-07, 0.9999994039535522], [4.7573712436133064e-07, 7.175207201726153e-07, 0.9999988079071045], [1.5707736622516677e-07, 4.0902074260884547e-07, 0.9999994039535522], [2.5314596996395267e-07, 7.233919632199104e-07, 0.9999990463256836], [6.445779376917926e-07, 3.286096443844144e-07, 0.9999990463256836], [0.9999933242797852, 2.9475445444404613e-06, 3.68078895007784e-06], [0.9999935626983643, 4.116470790904714e-06, 2.239918558188947e-06], [2.008865749303368e-06, 2.480671241755772e-07, 0.9999977350234985], [2.448631732931972e-07, 4.0736782125350146e-07, 0.9999994039535522], [5.412931614046101e-07, 1.1632429277597112e-06, 0.9999983310699463], [0.9999933242797852, 2.688870608835714e-06, 3.985449438914657e-06]], "S4": [[7.98267046775436e-06, 2.6944685487251263e-06, 0.9999892711639404], [5.990486329210398e-07, 6.272236987570068e-07, 0.9999988079071045], [4.6369763140319264e-07, 6.446018119277142e-07, 0.999998927116394], [4.397626298668911e-07, 6.686103120046027e-07, 0.999998927116394], [8.399020430260862e-07, 8.905573736228689e-07, 0.9999982118606567], [6.078416276977805e-07, 1.2349092912700144e-06, 0.9999982118606567], [6.105218517404865e-07, 6.962610541449976e-07, 0.9999986886978149], [5.935400508860766e-07, 4.5686581984227814e-07, 0.999998927116394], [6.005030286360125e-07, 7.784735203131277e-07, 0.9999985694885254], [4.957311716680124e-07, 6.25836321432871e-07, 0.999998927116394], [0.99998939037323, 5.9258054534439e-06, 4.643873580789659e-06], [1.1412854519221582e-06, 7.99823567376734e-07, 0.9999980926513672], [7.26599978406739e-07, 1.26215581985889e-06, 0.9999979734420776], [4.928766657030792e-07, 9.418865261068277e-07, 0.9999985694885254], [4.859221576225536e-07, 7.423021770591731e-07, 0.9999988079071045], [1.0941606660708203e-06, 7.972997195793141e-07, 0.9999980926513672], [9.389451633978751e-07, 1.1628719676082255e-06, 0.9999978542327881], [2.1600872912586055e-07, 6.261612384150794e-07, 0.9999991655349731], [7.756128184155386e-07, 9.712864539324073e-07, 0.9999982118606567], [5.188131808608887e-07, 8.117007723740244e-07, 0.9999986886978149], [5.279077299746859e-07, 1.0153158882530988e-06, 0.9999984502792358], [7.567314810330572e-07, 1.1390824283807888e-06, 0.9999980926513672]]}, "infer_command_tokens": ["I1s2_0_2", "I1s2_1_2", "I1s2_2_2", "I1s2_3_2", "I1s2_4_0", "I1s2_5_0", "I1s2_6_2", "I1s2_7_2", "I1s2_8_2", "I1s2_9_2", "I1s2_10_2", "I1s2_11_2", "I1s2_12_2", "I1s2_13_2", "I1s2_14_2", "I1s2_15_2", "I1s2_16_2", "I1s2_17_2", "I1s2_18_2", "I1s2_19_2", "I1s2_20_2", "I1s2_21_2", "I1s2_22_0", "I1s2_23_0", "I1s2_24_2", "I1s2_25_2", "I1s2_26_2", "I1s2_27_0", "I4_28", "C1_4", "R1_2", "R3_2", "S2s1_17", "S4_0_2", "S4_1_2", "S4_2_2", "S4_3_2", "S4_4_2", "S4_5_2", "S4_6_2", "S4_7_2", "S4_8_2", "S4_9_2", "S4_10_0", "S4_11_2", "S4_12_2", "S4_13_2", "S4_14_2", "S4_15_2", "S4_16_2", "S4_17_2", "S4_18_2", "S4_19_2", "S4_20_2", "S4_21_2", "B1s1_4", "TS1s1_0", "K1_1", "T1s1_2", "P4_4", "ST1_14", "EM1_4", "TM1_1"]}