{"text": "The music played at a moderate speed gains a unique flavor from the major key. This music is not suitable for dancing.", "pred_labels": {"R1": [0, 1, 0], "R3": [0, 0, 0, 1], "S2s1": [0, 0, 0, 0, 0, 0, 0, 0, 0, 0, 0, 0, 0, 0, 0, 0, 0, 1], "B1s1": [0, 0, 0, 0, 1], "TS1s1": [0, 0, 0, 0, 0, 0, 0, 1], "K1": [1, 0, 0], "T1s1": [0, 1, 0, 0], "P4": [0, 0, 0, 0, 0, 0, 0, 0, 0, 0, 0, 0, 1], "EM1": [0, 0, 0, 0, 1], "TM1": [0, 0, 0, 0, 0, 1], "I1s2": [[0, 0, 1], [0, 0, 1], [0, 0, 1], [0, 0, 1], [0, 0, 1], [0, 0, 1], [0, 0, 1], [0, 0, 1], [0, 0, 1], [0, 0, 1], [0, 0, 1], [0, 0, 1], [0, 0, 1], [0, 0, 1], [0, 0, 1], [0, 0, 1], [0, 0, 1], [0, 0, 1], [0, 0, 1], [0, 0, 1], [0, 0, 1], [0, 0, 1], [0, 0, 1], [0, 0, 1], [0, 0, 1], [0, 0, 1], [0, 0, 1], [0, 0, 1]], "S4": [[0, 0, 1], [0, 0, 1], [0, 0, 1], [0, 0, 1], [0, 0, 1], [0, 0, 1], [0, 0, 1], [0, 0, 1], [0, 0, 1], [0, 0, 1], [0, 0, 1], [0, 0, 1], [0, 0, 1], [0, 0, 1], [0, 0, 1], [0, 0, 1], [0, 0, 1], [0, 0, 1], [0, 0, 1], [0, 0, 1], [0, 0, 1], [0, 0, 1]]}, "pred_probs": {"R1": [3.066347744606901e-06, 0.9999934434890747, 3.43669535141089e-06], "R3": [2.8267722882446833e-06, 1.2717551953755901e-06, 4.753119810629869e-06, 0.9999911785125732], "S2s1": [3.2283537620969582e-06, 3.160520918754628e-06, 6.801413746870821e-06, 3.585474360079388e-06, 5.360765044315485e-06, 6.054716322978493e-06, 3.6500355236057658e-06, 3.780603492486989e-06, 2.8440226742532104e-06, 4.498646831052611e-06, 5.2676127779704984e-06, 7.012644346104935e-06, 5.028822215535911e-06, 1.6470445416416624e-06, 5.548881290451391e-06, 9.65405342867598e-06, 2.7778653475252213e-06, 0.999920129776001], "B1s1": [8.715154763194732e-06, 6.90198476149817e-06, 1.286606948269764e-05, 3.1762408525537467e-06, 0.9999682903289795], "TS1s1": [9.090225034924515e-07, 1.8511952930566622e-06, 1.39880353344779e-06, 2.392761416558642e-06, 1.005401941256423e-06, 2.1933856260147877e-06, 4.039815394207835e-05, 0.9999498128890991], "K1": [0.9999995231628418, 1.322396343539367e-07, 3.0789709626333206e-07], "T1s1": [2.076023292829632e-06, 0.9999961853027344, 1.0133885552932043e-06, 7.220768907245656e-07], "P4": [5.441254984361876e-07, 4.835985691897804e-07, 4.758296370255266e-07, 4.5228173917166714e-07, 8.286800152745855e-07, 2.7286344561616716e-07, 6.75312548992224e-07, 3.36893833718932e-07, 4.5874395482314867e-07, 6.858248866592476e-07, 3.804430548370874e-07, 4.351231552846002e-07, 0.9999939203262329], "EM1": [2.318206043128157e-06, 2.47973025579995e-06, 4.0874056139728054e-06, 7.993194230948575e-06, 0.9999830722808838], "TM1": [5.355748271540506e-07, 7.986071750565316e-07, 6.474228939623572e-07, 7.968239401634492e-07, 1.0660684068852788e-07, 0.9999971389770508], "I1s2": [[3.4988369179700385e-07, 2.510347769657528e-07, 0.9999994039535522], [3.4413383787068597e-07, 2.4139981746884587e-07, 0.9999994039535522], [3.687780463224044e-07, 2.766166176115803e-07, 0.9999994039535522], [5.244870067144802e-07, 6.14749581018259e-07, 0.9999988079071045], [2.7396265522838803e-07, 3.183683077168098e-07, 0.9999994039535522], [5.807291927339975e-07, 4.850490427088516e-07, 0.999998927116394], [5.540469487641531e-07, 4.988222599422443e-07, 0.999998927116394], [3.67995966144008e-07, 3.0660072525279247e-07, 0.9999992847442627], [2.070987079605402e-07, 1.971789771459953e-07, 0.9999996423721313], [2.7232582056058163e-07, 1.2699982221420214e-07, 0.9999996423721313], [4.22774604658116e-07, 2.633899214288249e-07, 0.9999992847442627], [5.048386242378911e-07, 2.354331911647023e-07, 0.9999992847442627], [2.8340633662082837e-07, 3.3205807881131477e-07, 0.9999994039535522], [5.77419029923476e-07, 4.560021977795259e-07, 0.999998927116394], [3.194626003732992e-07, 2.304828683463711e-07, 0.9999994039535522], [1.7714195621465478e-07, 1.0485828028095057e-07, 0.9999997615814209], [3.8818774328319705e-07, 3.101796437476878e-07, 0.9999992847442627], [3.5927368458033015e-07, 1.3823823508118949e-07, 0.9999995231628418], [6.331023314487538e-07, 5.904191198169428e-07, 0.9999988079071045], [2.192000039258346e-07, 5.032528065385122e-07, 0.9999992847442627], [2.728930326156842e-07, 2.684562900867604e-07, 0.9999994039535522], [9.338308473161305e-07, 3.1561714308736555e-07, 0.9999988079071045], [2.527012270547857e-07, 6.094331865824643e-07, 0.9999991655349731], [1.510852314368094e-07, 9.591827421218113e-08, 0.9999997615814209], [1.2295910210013972e-06, 1.7227013415777037e-07, 0.9999985694885254], [2.954627973394963e-07, 2.713525475428469e-07, 0.9999994039535522], [5.613579219243547e-07, 3.3964667522923264e-07, 0.9999990463256836], [1.9782254412348266e-07, 2.416029758478544e-07, 0.9999995231628418]], "S4": [[4.806913239008281e-06, 1.5704748648204259e-06, 0.9999936819076538], [8.589691447014047e-07, 8.41086830405402e-07, 0.9999983310699463], [5.739369726143195e-07, 9.422709581485833e-07, 0.9999984502792358], [5.65529035156942e-07, 9.203179160977015e-07, 0.9999985694885254], [9.333658681498491e-07, 1.4258948795031756e-06, 0.999997615814209], [7.260920824592176e-07, 1.5394622323583462e-06, 0.9999977350234985], [5.270857741379587e-07, 8.682396241965762e-07, 0.9999985694885254], [7.106100383680314e-07, 5.916906502534403e-07, 0.9999986886978149], [7.165849638113286e-07, 8.765994152781786e-07, 0.9999984502792358], [5.224494543654146e-07, 1.1254984428887838e-06, 0.9999983310699463], [6.634646751990658e-07, 1.4795690503888181e-06, 0.9999978542327881], [1.2365464954200434e-06, 1.3067236750430311e-06, 0.9999974966049194], [1.0773769645311404e-06, 1.9107192201772705e-06, 0.9999970197677612], [6.51828202080651e-07, 1.455713913856016e-06, 0.9999978542327881], [5.709929951080994e-07, 1.4010805671205162e-06, 0.9999979734420776], [7.530057359872444e-07, 5.814672476844862e-07, 0.9999986886978149], [5.719448950003425e-07, 8.69661676006217e-07, 0.9999985694885254], [2.997651336045237e-07, 6.878950671307393e-07, 0.9999990463256836], [1.1743035202016472e-06, 1.2942518878844567e-06, 0.9999974966049194], [5.129393798597448e-07, 1.0559135716903256e-06, 0.9999984502792358], [5.466827701638977e-07, 1.0742010090325493e-06, 0.9999983310699463], [8.060385994212993e-07, 1.6566463045819546e-06, 0.9999974966049194]]}, "infer_command_tokens": ["I1s2_0_2", "I1s2_1_2", "I1s2_2_2", "I1s2_3_2", "I1s2_4_2", "I1s2_5_2", "I1s2_6_2", "I1s2_7_2", "I1s2_8_2", "I1s2_9_2", "I1s2_10_2", "I1s2_11_2", "I1s2_12_2", "I1s2_13_2", "I1s2_14_2", "I1s2_15_2", "I1s2_16_2", "I1s2_17_2", "I1s2_18_2", "I1s2_19_2", "I1s2_20_2", "I1s2_21_2", "I1s2_22_2", "I1s2_23_2", "I1s2_24_2", "I1s2_25_2", "I1s2_26_2", "I1s2_27_2", "I4_28", "C1_4", "R1_1", "R3_3", "S2s1_17", "S4_0_2", "S4_1_2", "S4_2_2", "S4_3_2", "S4_4_2", "S4_5_2", "S4_6_2", "S4_7_2", "S4_8_2", "S4_9_2", "S4_10_2", "S4_11_2", "S4_12_2", "S4_13_2", "S4_14_2", "S4_15_2", "S4_16_2", "S4_17_2", "S4_18_2", "S4_19_2", "S4_20_2", "S4_21_2", "B1s1_4", "TS1s1_7", "K1_0", "T1s1_1", "P4_12", "ST1_14", "EM1_4", "TM1_5"]}