{"text": "This music is characterized by its pitch range, which falls within 5 octaves. It employs the major key, lending a unique and resonant sound. The meter of the music is defined by the 4/4, while the use of piano, organ, guitar, bass, voice and drum brings the composition to life. The style of this song is reflective of country, pop, easy listening and latin musical traditions. The music in this song is played at a leisurely pace, with a pronounced rhythm that is hard to miss. The combination of the two creates a unique and pleasant listening experience, as the relaxed tempo allows the listener to fully appreciate the pronounced rhythm and its intricate details. Overall, this song's musical elements work together to create a beautiful and engaging piece that can be enjoyed by anyone who appreciates good music.", "pred_labels": {"R1": [0, 0, 1], "R3": [0, 0, 1, 0], "S2s1": [0, 0, 0, 0, 0, 0, 0, 0, 0, 0, 0, 0, 0, 0, 0, 0, 0, 1], "B1s1": [0, 0, 0, 0, 1], "TS1s1": [1, 0, 0, 0, 0, 0, 0, 0], "K1": [1, 0, 0], "T1s1": [1, 0, 0, 0], "P4": [0, 0, 0, 0, 0, 1, 0, 0, 0, 0, 0, 0, 0], "EM1": [0, 0, 0, 0, 1], "TM1": [0, 0, 0, 0, 0, 1], "I1s2": [[1, 0, 0], [0, 0, 1], [0, 0, 1], [1, 0, 0], [1, 0, 0], [1, 0, 0], [0, 0, 1], [0, 0, 1], [0, 0, 1], [0, 0, 1], [0, 0, 1], [1, 0, 0], [0, 0, 1], [0, 0, 1], [0, 0, 1], [0, 0, 1], [0, 0, 1], [0, 0, 1], [0, 0, 1], [0, 0, 1], [0, 0, 1], [0, 0, 1], [0, 0, 1], [0, 0, 1], [0, 0, 1], [0, 0, 1], [0, 0, 1], [1, 0, 0]], "S4": [[0, 0, 1], [0, 0, 1], [0, 0, 1], [0, 0, 1], [0, 0, 1], [1, 0, 0], [0, 0, 1], [0, 0, 1], [1, 0, 0], [0, 0, 1], [0, 0, 1], [0, 0, 1], [0, 0, 1], [1, 0, 0], [0, 0, 1], [0, 0, 1], [0, 0, 1], [0, 0, 1], [0, 0, 1], [0, 0, 1], [1, 0, 0], [0, 0, 1]]}, "pred_probs": {"R1": [4.2532578845566604e-06, 4.043482022098033e-06, 0.9999916553497314], "R3": [7.175452196861443e-07, 3.248410621381481e-06, 0.9999958276748657, 2.31648641602078e-07], "S2s1": [3.1106026199267944e-06, 3.1899915029498516e-06, 4.6712243602087256e-06, 3.0639253054687288e-06, 3.298539468232775e-06, 4.2041401684400626e-06, 3.576691369744367e-06, 2.682156718947226e-06, 2.813134187817923e-06, 3.092612359978375e-06, 5.386949396779528e-06, 4.123858616367215e-06, 3.51898415829055e-06, 1.2351971463431255e-06, 4.514717602432938e-06, 1.0166827451030258e-05, 1.7282327462453395e-06, 0.9999356269836426], "B1s1": [8.304286893690005e-06, 4.52719450549921e-06, 8.608066309534479e-06, 3.034427436432452e-06, 0.9999755620956421], "TS1s1": [0.999997615814209, 3.334372422614251e-07, 7.072254675222212e-07, 1.5104616579719732e-07, 2.67778744955649e-07, 1.509437765889743e-07, 3.3301202506663685e-07, 4.7064852992662054e-07], "K1": [0.9999996423721313, 1.2510780322827486e-07, 2.238024023881735e-07], "T1s1": [0.999996542930603, 7.788165135025338e-07, 1.6219396457017865e-06, 9.055779059963243e-07], "P4": [1.1261652588245852e-07, 2.7277968683847575e-07, 2.4565335365878127e-07, 3.317805692404363e-07, 8.344849078412153e-08, 0.9999978542327881, 2.205446207881323e-07, 1.399309041971719e-07, 8.192096601078447e-08, 1.1990699988473352e-07, 2.7628612997432356e-07, 1.1112631170817622e-07, 1.1166556390662663e-07], "EM1": [4.547762273432454e-06, 3.3500075460324297e-06, 9.239035534847062e-06, 5.690265243174508e-05, 0.999925971031189], "TM1": [4.5315925945033086e-07, 8.492726806252904e-07, 5.251008019513392e-07, 7.887485935498262e-07, 9.048745397421953e-08, 0.9999972581863403], "I1s2": [[0.9999924898147583, 2.833491180354031e-06, 4.6814179768261965e-06], [1.9763302816500072e-07, 2.7422984771874326e-07, 0.9999995231628418], [4.7392137503265985e-07, 4.3865478005500336e-07, 0.9999990463256836], [0.999991774559021, 3.3481869650131557e-06, 4.86380304209888e-06], [0.9999920129776001, 3.319911684229737e-06, 4.67423296868219e-06], [0.9999924898147583, 3.429390972087276e-06, 4.018455911136698e-06], [4.6631845407318906e-07, 7.814945206519042e-07, 0.9999988079071045], [2.7153686232850305e-07, 3.25694173852753e-07, 0.9999994039535522], [2.3206770549677458e-07, 8.72418240760453e-07, 0.999998927116394], [2.4957651589829766e-07, 2.6046021162073885e-07, 0.9999995231628418], [3.864839470679726e-07, 8.625477221357869e-07, 0.9999988079071045], [0.999990701675415, 2.4140749701473396e-06, 6.959850452403771e-06], [3.889406627877179e-07, 1.4886219332765904e-06, 0.9999980926513672], [1.3338309372556978e-06, 3.4155091270804405e-06, 0.999995231628418], [2.9850232863282145e-07, 3.497579257327743e-07, 0.9999994039535522], [2.163138788091601e-07, 3.6748957654708647e-07, 0.9999994039535522], [6.490272426162846e-07, 1.1356614777469076e-06, 0.9999982118606567], [3.2592873822068213e-07, 3.3054809023269627e-07, 0.9999992847442627], [3.672126069886872e-07, 8.243834486165724e-07, 0.9999988079071045], [1.4519967805881606e-07, 4.148861876274168e-07, 0.9999994039535522], [2.579330384833156e-07, 9.206876825373911e-07, 0.9999988079071045], [8.436724101557047e-07, 3.9329341916527483e-07, 0.9999988079071045], [2.7738303742808057e-07, 1.0403189207863761e-06, 0.9999986886978149], [2.0679277668023133e-07, 2.3708456353688234e-07, 0.9999995231628418], [3.69484223483596e-06, 2.504688438875746e-07, 0.9999960660934448], [3.513383717290708e-07, 6.199318249855423e-07, 0.9999990463256836], [4.280508107967762e-07, 9.4442572162734e-07, 0.9999985694885254], [0.9999923706054688, 2.5765862119442318e-06, 5.00603482578299e-06]], "S4": [[8.390888069698121e-06, 2.2326216821966227e-06, 0.99998939037323], [6.034056809767208e-07, 6.441316031668975e-07, 0.9999988079071045], [4.699292333043559e-07, 6.685904736514203e-07, 0.9999988079071045], [6.850416980341834e-07, 7.401812922580575e-07, 0.9999985694885254], [8.772908586252015e-07, 9.419185289516463e-07, 0.9999982118606567], [0.9999825954437256, 6.727847903675865e-06, 1.0753654350992292e-05], [8.072934178926516e-07, 6.289558314165333e-07, 0.9999985694885254], [6.331579243123997e-07, 4.251007794664474e-07, 0.999998927116394], [0.9999681711196899, 2.703321115404833e-05, 4.743274985230528e-06], [5.873707209502754e-07, 5.378299192670966e-07, 0.999998927116394], [5.188362592889462e-07, 1.130587975239905e-06, 0.9999983310699463], [1.3691372942048474e-06, 8.580745429753733e-07, 0.9999977350234985], [7.031669611023972e-07, 1.3909263998357346e-06, 0.9999978542327881], [0.9999707937240601, 2.202160430897493e-05, 7.157472737162607e-06], [4.328054785673885e-07, 9.7994711723004e-07, 0.9999985694885254], [1.3105283187542227e-06, 6.192729529175267e-07, 0.9999980926513672], [7.149835141717631e-07, 7.894185500845197e-07, 0.9999984502792358], [2.1483813839040522e-07, 5.587590408140386e-07, 0.9999992847442627], [8.310935868394154e-07, 9.41228904594027e-07, 0.9999982118606567], [6.212431458152423e-07, 7.290298640327819e-07, 0.9999986886978149], [0.9999821186065674, 1.2239427633176092e-05, 5.631879503198434e-06], [9.122544497586205e-07, 1.1371242862878717e-06, 0.9999979734420776]]}, "infer_command_tokens": ["I1s2_0_0", "I1s2_1_2", "I1s2_2_2", "I1s2_3_0", "I1s2_4_0", "I1s2_5_0", "I1s2_6_2", "I1s2_7_2", "I1s2_8_2", "I1s2_9_2", "I1s2_10_2", "I1s2_11_0", "I1s2_12_2", "I1s2_13_2", "I1s2_14_2", "I1s2_15_2", "I1s2_16_2", "I1s2_17_2", "I1s2_18_2", "I1s2_19_2", "I1s2_20_2", "I1s2_21_2", "I1s2_22_2", "I1s2_23_2", "I1s2_24_2", "I1s2_25_2", "I1s2_26_2", "I1s2_27_0", "I4_28", "C1_4", "R1_2", "R3_2", "S2s1_17", "S4_0_2", "S4_1_2", "S4_2_2", "S4_3_2", "S4_4_2", "S4_5_0", "S4_6_2", "S4_7_2", "S4_8_0", "S4_9_2", "S4_10_2", "S4_11_2", "S4_12_2", "S4_13_0", "S4_14_2", "S4_15_2", "S4_16_2", "S4_17_2", "S4_18_2", "S4_19_2", "S4_20_0", "S4_21_2", "B1s1_4", "TS1s1_0", "K1_0", "T1s1_0", "P4_5", "ST1_14", "EM1_4", "TM1_5"]}